filename,steering_angle
img_05668.jpg,-0.0277999993413686
img_02458.jpg,-0.2424000054597854
img_04041_mirrored.jpg,0.0346000008285045
img_06240.jpg,-0.0063000000081956
img_14023.jpg,-0.2293000072240829
img_00193_mirrored.jpg,-0.1958000063896179
img_01655.jpg,0.0156999994069337
img_10909_mirrored.jpg,-0.0256999991834163
img_07718_mirrored.jpg,0.0063000000081956
img_04890.jpg,-0.0775000005960464
img_01434_mirrored.jpg,0.3142000138759613
img_14903.jpg,-0.5235999822616577
img_08559.jpg,0.096900001168251
img_09774_mirrored.jpg,0.0988000035285949
img_03398.jpg,-0.1546999961137771
img_06441.jpg,-0.2921999990940094
img_01528_mirrored.jpg,-0.0564999990165233
img_09145_mirrored.jpg,0.0948000028729438
img_14101.jpg,-0.3142000138759613
img_00768_mirrored.jpg,0.0423999987542629
img_04516_mirrored.jpg,0.19480000436306
img_09666_mirrored.jpg,0.0031000000890344
img_06546_mirrored.jpg,0.0256999991834163
img_09062.jpg,-0.0403000004589557
img_00460.jpg,-0.3142000138759613
img_02619_mirrored.jpg,-0.2034000009298324
img_06386.jpg,-0.3142000138759613
img_05899.jpg,-0.2791000008583069
img_11419_mirrored.jpg,-0.1041999980807304
img_11030_mirrored.jpg,-0.0601000003516674
img_04500.jpg,-0.3142000138759613
img_11886_mirrored.jpg,0.0037000000011175
img_05844.jpg,-0.1806000024080276
img_13530_mirrored.jpg,0.3142000138759613
img_08871.jpg,-0.2669000029563904
img_06292.jpg,0.0639000013470649
img_01620_mirrored.jpg,-0.131400004029274
img_09608.jpg,-0.0434999987483024
img_12452.jpg,-0.1859000027179718
img_11979_mirrored.jpg,0.0456000007688999
img_14150.jpg,0.2608000040054321
img_00874_mirrored.jpg,0.3142000138759613
img_11983_mirrored.jpg,0.0910999998450279
img_13900_mirrored.jpg,0.0926999971270561
img_00393.jpg,-0.3142000138759613
img_12975_mirrored.jpg,-0.0821999981999397
img_03388.jpg,-0.2293000072240829
img_11313_mirrored.jpg,-0.0262000001966953
img_09880_mirrored.jpg,0.2942999899387359
img_05656_mirrored.jpg,-0.176499992609024
img_14029_mirrored.jpg,0.3142000138759613
img_09476.jpg,-0.006800000090152
img_15090.jpg,0.5235999822616577
img_02389_mirrored.jpg,0.1413999944925308
img_01134.jpg,-0.1010999977588653
img_04672.jpg,0.0957999974489212
img_04259.jpg,0.0083999997004866
img_13097.jpg,-0.3142000138759613
img_05282_mirrored.jpg,0.0141000002622604
img_11814.jpg,-0.0073000001721084
img_04027_mirrored.jpg,-0.0256999991834163
img_07243.jpg,-0.0450000017881393
img_11509.jpg,0.1348000019788742
img_12502.jpg,-0.0346000008285045
img_13439_mirrored.jpg,0.0313999988138675
img_07902.jpg,-0.3000000119209289
img_01310.jpg,-0.05180000141263
img_07527.jpg,-0.0109999999403953
img_05196_mirrored.jpg,0.0215000007301569
img_12056.jpg,-0.0785000026226043
img_14983.jpg,0.5235999822616577
img_01525_mirrored.jpg,-0.008899999782443
img_12201.jpg,-0.2194000035524368
img_06937.jpg,-0.1334999948740005
img_10993_mirrored.jpg,0.0167999994009733
img_06800.jpg,-0.1926999986171722
img_12946.jpg,-0.0465999990701675
img_05449_mirrored.jpg,0.2197999954223632
img_14169_mirrored.jpg,0.002600000007078
img_13228.jpg,-0.032999999821186
img_04167.jpg,-0.0812000036239624
img_08664.jpg,-0.1140000000596046
img_13109_mirrored.jpg,0.120399996638298
img_06484.jpg,-0.3142000138759613
img_00711.jpg,-0.0741000026464462
img_15081_mirrored.jpg,-0.5235999822616577
img_03369.jpg,-0.1449999958276748
img_12688.jpg,-0.1020999997854232
img_10118_mirrored.jpg,0.05180000141263
img_09852.jpg,-0.2737999856472015
img_07127_mirrored.jpg,0.0575999990105629
img_07454_mirrored.jpg,0.3142000138759613
img_07818_mirrored.jpg,-0.0283000003546476
img_05923.jpg,-0.3142000138759613
img_15017.jpg,0.5235999822616577
img_11441.jpg,0.1685999929904937
img_00364_mirrored.jpg,0.1058000028133392
img_08055_mirrored.jpg,0.0037000000011175
img_08752_mirrored.jpg,0.1580999940633773
img_01397_mirrored.jpg,0.2424000054597854
img_00135.jpg,0.0471000000834465
img_03772.jpg,-0.0037000000011175
img_06776.jpg,-0.0403000004589557
img_05121_mirrored.jpg,0.006800000090152
img_00488_mirrored.jpg,-0.0167999994009733
img_06809_mirrored.jpg,0.1439999938011169
img_03167_mirrored.jpg,-0.0313999988138675
img_04396.jpg,-0.1360999941825866
img_12994_mirrored.jpg,0.1010999977588653
img_01664_mirrored.jpg,-0.1093999966979026
img_00531_mirrored.jpg,-0.0983999967575073
img_06510_mirrored.jpg,0.0847999975085258
img_04306_mirrored.jpg,-0.0680999979376792
img_04376_mirrored.jpg,0.153899997472763
img_12843.jpg,-0.093199998140335
img_10414_mirrored.jpg,-0.2418999969959259
img_08411.jpg,-0.3142000138759613
img_05392_mirrored.jpg,0.2398000061511993
img_10251.jpg,-0.3142000138759613
img_02166.jpg,0.0283000003546476
img_13256_mirrored.jpg,0.1340000033378601
img_03168.jpg,0.0471000000834465
img_08803.jpg,-0.1360000073909759
img_03910.jpg,-0.2366999983787536
img_12125.jpg,-0.2800999879837036
img_11262.jpg,-0.2985000014305115
img_13745_mirrored.jpg,0.0037000000011175
img_13706.jpg,0.0083999997004866
img_14317.jpg,-0.0763999968767166
img_10691.jpg,-0.1387999951839447
img_09261_mirrored.jpg,0.1482000052928924
img_12889_mirrored.jpg,0.0821999981999397
img_12609_mirrored.jpg,0.1659999936819076
img_03992_mirrored.jpg,0.3142000138759613
img_01107_mirrored.jpg,0.0037000000011175
img_08114_mirrored.jpg,-0.0236000008881092
img_01756_mirrored.jpg,-0.0098999999463558
img_01918.jpg,-0.289000004529953
img_12355.jpg,0.1031000018119812
img_08306_mirrored.jpg,0.2198999971151352
img_08573.jpg,-0.0204000007361173
img_02202.jpg,-0.0592000000178813
img_00668.jpg,-0.0104999998584389
img_07663.jpg,-0.0308999996632337
img_04579.jpg,-0.0093999998643994
img_08642_mirrored.jpg,-0.0063000000081956
img_01241.jpg,-0.0513000003993511
img_07730.jpg,-0.024100000038743
img_09891_mirrored.jpg,0.0236000008881092
img_08194.jpg,-0.0381999984383583
img_04973.jpg,-0.2732999920845032
img_00200_mirrored.jpg,0.0324999988079071
img_08523_mirrored.jpg,0.093699999153614
img_14319_mirrored.jpg,0.1439999938011169
img_07445_mirrored.jpg,0.3142000138759613
img_10966_mirrored.jpg,0.0403000004589557
img_11196.jpg,-0.0983999967575073
img_04689.jpg,0.1115000024437904
img_14187_mirrored.jpg,0.1067999973893165
img_04383_mirrored.jpg,0.290800005197525
img_10341_mirrored.jpg,0.1037999987602233
img_06037.jpg,-0.0366999991238117
img_05794.jpg,-0.0313999988138675
img_14495.jpg,-0.2533999979496002
img_07829.jpg,-0.1237000003457069
img_12769.jpg,-0.0098999999463558
img_03160_mirrored.jpg,0.1058000028133392
img_10831.jpg,-0.1959999948740005
img_05586.jpg,0.1491000056266784
img_02472_mirrored.jpg,0.2998000085353851
img_06016.jpg,0.0109999999403953
img_12858_mirrored.jpg,-0.0251000002026557
img_13976.jpg,-0.1482000052928924
img_06615.jpg,0.137700006365776
img_11798_mirrored.jpg,0.1272000074386596
img_05457.jpg,-0.3142000138759613
img_14936.jpg,-0.5235999822616577
img_03470.jpg,-0.1266999989748001
img_04103_mirrored.jpg,-0.0198999997228384
img_01628.jpg,0.0544999986886978
img_14483_mirrored.jpg,0.2820000052452087
img_12405.jpg,-0.0208999998867511
img_05132.jpg,-0.0031000000890344
img_06587_mirrored.jpg,-0.0859000012278556
img_14617.jpg,0.006800000090152
img_05574_mirrored.jpg,0.0167999994009733
img_04525.jpg,0.0187999997287988
img_13320.jpg,-0.032999999821186
img_12658.jpg,-0.1895000040531158
img_05121.jpg,-0.006800000090152
img_12047.jpg,0.1084000021219253
img_01004_mirrored.jpg,0.0073000001721084
img_00457.jpg,-0.3142000138759613
img_13726.jpg,-0.0078999996185302
img_01754_mirrored.jpg,-0.0041999998502433
img_02235_mirrored.jpg,0.0173000004142522
img_10091_mirrored.jpg,0.0617999993264675
img_02651.jpg,0.1233000010251998
img_02647.jpg,-0.0120000001043081
img_13121.jpg,-0.3142000138759613
img_13174_mirrored.jpg,0.2492000013589859
img_09379_mirrored.jpg,0.0375000014901161
img_13830_mirrored.jpg,-0.0362999998033046
img_04332_mirrored.jpg,0.0680999979376792
img_06443_mirrored.jpg,0.2675999999046325
img_11575.jpg,-0.0372000001370906
img_12985.jpg,-0.0685999989509582
img_13943.jpg,-0.0838000029325485
img_01565_mirrored.jpg,-0.1203000023961067
img_01289.jpg,-0.0564999990165233
img_09236.jpg,-0.0445000007748603
img_04405.jpg,-0.2223999947309494
img_06229.jpg,-0.0304000005125999
img_13578.jpg,-0.2067999988794326
img_12044_mirrored.jpg,-0.0775000005960464
img_03214.jpg,-0.048200000077486
img_03724.jpg,0.0052000000141561
img_04024.jpg,0.0297999996691942
img_11839.jpg,-0.0147000001743435
img_12460_mirrored.jpg,0.0833000019192695
img_03790.jpg,-0.1072999984025955
img_07681_mirrored.jpg,-0.1367000043392181
img_14389_mirrored.jpg,0.0806000009179115
img_06379_mirrored.jpg,0.1481000036001205
img_09183.jpg,0.0052000000141561
img_13398.jpg,-0.024100000038743
img_09999_mirrored.jpg,0.0037000000011175
img_04512.jpg,-0.3142000138759613
img_11884_mirrored.jpg,0.0037000000011175
img_08144.jpg,-0.0780000016093254
img_05082_mirrored.jpg,-0.1141000017523765
img_13227_mirrored.jpg,0.0366999991238117
img_01249_mirrored.jpg,0.0313999988138675
img_13617.jpg,-0.289000004529953
img_03205.jpg,-0.0555000007152557
img_11836.jpg,-0.0262000001966953
img_09490_mirrored.jpg,-0.1330000013113021
img_12548_mirrored.jpg,0.1889999955892563
img_09977_mirrored.jpg,-0.024100000038743
img_13553.jpg,-0.3142000138759613
img_12501.jpg,-0.0419000014662742
img_06074.jpg,0.006800000090152
img_00149_mirrored.jpg,0.017799999564886
img_04769.jpg,-0.0057999999262392
img_08719_mirrored.jpg,0.0381999984383583
img_00962.jpg,-0.3142000138759613
img_11447_mirrored.jpg,-0.1774999946355819
img_03199.jpg,-0.0414000004529953
img_04097.jpg,0.0256999991834163
img_06551.jpg,-0.0126000000163912
img_00493.jpg,0.0098999999463558
img_01760_mirrored.jpg,-0.017799999564886
img_04819_mirrored.jpg,0.0187999997287988
img_01344.jpg,-0.1722999960184097
img_10634.jpg,-0.0361000001430511
img_08092_mirrored.jpg,0.0706999972462654
img_09496.jpg,-0.0674000009894371
img_13242.jpg,0.1528999954462051
img_04327_mirrored.jpg,0.1015999987721443
img_08320.jpg,-0.1853999942541122
img_10952_mirrored.jpg,0.0031000000890344
img_14261_mirrored.jpg,-0.0885000005364418
img_02088.jpg,0.0162000004202127
img_08587_mirrored.jpg,-0.1879999935626983
img_06948_mirrored.jpg,-0.0098999999463558
img_11340.jpg,0.0366999991238117
img_10000.jpg,-0.0037000000011175
img_06802_mirrored.jpg,0.1655000001192093
img_10279.jpg,-0.2989999949932098
img_11616.jpg,-0.1843000054359436
img_03088.jpg,0.0204000007361173
img_06599.jpg,0.1492000073194503
img_07917.jpg,-0.066500000655651
img_04704_mirrored.jpg,0.008899999782443
img_09741.jpg,-0.1853999942541122
img_03826.jpg,-0.2016000002622604
img_11950_mirrored.jpg,0.0256999991834163
img_03071.jpg,0.0873999968171119
img_02429.jpg,-0.1330000013113021
img_06040_mirrored.jpg,-0.0152000002562999
img_13679.jpg,-0.006800000090152
img_13794.jpg,-0.0204000007361173
img_09542_mirrored.jpg,-0.1156999990344047
img_03636.jpg,0.0962999984622001
img_14541.jpg,-0.0141000002622604
img_01773_mirrored.jpg,0.1036999970674514
img_05990_mirrored.jpg,0.0983999967575073
img_08390_mirrored.jpg,0.3052999973297119
img_06737.jpg,-0.0052000000141561
img_00524_mirrored.jpg,-0.2973999977111816
img_03310.jpg,-0.0386999994516372
img_09371_mirrored.jpg,0.1937000006437301
img_05720_mirrored.jpg,-0.0037000000011175
img_13926.jpg,-0.0995000004768371
img_14293_mirrored.jpg,0.0297999996691942
img_04355_mirrored.jpg,0.1591999977827072
img_06580.jpg,-0.1052000001072883
img_09676_mirrored.jpg,0.0198999997228384
img_00658.jpg,0.1020999997854232
img_08779_mirrored.jpg,0.1345999985933303
img_05689_mirrored.jpg,0.0141000002622604
img_03533_mirrored.jpg,0.0763999968767166
img_12333_mirrored.jpg,-0.1439000070095062
img_07443.jpg,-0.3142000138759613
img_12391_mirrored.jpg,-0.0366999991238117
img_10560_mirrored.jpg,-0.0078999996185302
img_11742.jpg,-0.0795999988913536
img_10060_mirrored.jpg,0.0215000007301569
img_00199_mirrored.jpg,0.0324999988079071
img_13019.jpg,-0.1524000018835067
img_03288_mirrored.jpg,0.0916000008583068
img_04767.jpg,-0.0093999998643994
img_06726_mirrored.jpg,0.0465999990701675
img_00274_mirrored.jpg,-0.0885000005364418
img_00098_mirrored.jpg,0.0015999999595806
img_07975_mirrored.jpg,0.0098999999463558
img_04005.jpg,-0.0456000007688999
img_12821_mirrored.jpg,0.0031000000890344
img_02248_mirrored.jpg,0.0340000018477439
img_06970.jpg,-0.0256999991834163
img_04098.jpg,0.0256999991834163
img_03746.jpg,-0.2128999978303909
img_11625.jpg,-0.1266999989748001
img_14211_mirrored.jpg,-0.1894000023603439
img_11280_mirrored.jpg,0.3142000138759613
img_02511.jpg,0.008899999782443
img_03535.jpg,-0.0533999986946582
img_01241_mirrored.jpg,0.0513000003993511
img_07542_mirrored.jpg,-0.1800999939441681
img_10506_mirrored.jpg,-0.1691000014543533
img_14444.jpg,-0.0465999990701675
img_13810.jpg,-0.0414000004529953
img_05609_mirrored.jpg,-0.0529000014066696
img_11969.jpg,0.1357000023126602
img_05930.jpg,-0.3142000138759613
img_10311.jpg,-0.2220000028610229
img_05153_mirrored.jpg,0.0031000000890344
img_13369_mirrored.jpg,0.0020999999251216
img_05462.jpg,-0.3142000138759613
img_02333_mirrored.jpg,0.1282999962568283
img_10545.jpg,-0.0304000005125999
img_08347.jpg,-0.2477000057697296
img_01993.jpg,-0.1406999975442886
img_12204_mirrored.jpg,0.1262000054121017
img_14706.jpg,-0.0842999964952468
img_14052.jpg,-0.3142000138759613
img_11212.jpg,-0.3142000138759613
img_08100.jpg,-0.0471000000834465
img_14745.jpg,-0.0419000014662742
img_04595_mirrored.jpg,-0.1371999979019165
img_07025_mirrored.jpg,0.006800000090152
img_09326_mirrored.jpg,0.3142000138759613
img_00009.jpg,-0.1826999932527542
img_10844.jpg,0.0287999995052814
img_00189_mirrored.jpg,-0.1442999988794326
img_04493.jpg,-0.3142000138759613
img_07378.jpg,-0.2815000116825104
img_11018_mirrored.jpg,0.0445000007748603
img_04654.jpg,-0.017799999564886
img_02325_mirrored.jpg,0.0895000025629997
img_03797_mirrored.jpg,0.0496999993920326
img_02442.jpg,-0.3142000138759613
img_00818_mirrored.jpg,0.1800999939441681
img_14829_mirrored.jpg,-0.0
img_00387.jpg,-0.2612999975681305
img_06360_mirrored.jpg,0.2998000085353851
img_03857_mirrored.jpg,0.1220000013709068
img_13355_mirrored.jpg,0.0575999990105629
img_03406.jpg,-0.3142000138759613
img_11258_mirrored.jpg,0.3142000138759613
img_02101_mirrored.jpg,0.0046999999321997
img_00829_mirrored.jpg,0.1141000017523765
img_13507_mirrored.jpg,0.0167999994009733
img_04182_mirrored.jpg,-0.0465999990701675
img_02882_mirrored.jpg,0.1464000046253204
img_03112.jpg,-0.0052000000141561
img_09422.jpg,0.0187999997287988
img_00766.jpg,-0.0606999993324279
img_09416.jpg,-0.0806000009179115
img_09372.jpg,-0.1601999998092651
img_15159.jpg,0.5235999822616577
img_08704.jpg,-0.0308999996632337
img_06734_mirrored.jpg,0.0046999999321997
img_13117.jpg,-0.3142000138759613
img_10710_mirrored.jpg,0.0749000012874603
img_07785_mirrored.jpg,0.1435000002384185
img_10820_mirrored.jpg,0.1456000059843063
img_15171.jpg,0.5235999822616577
img_11596.jpg,-0.2236000001430511
img_06472.jpg,-0.3142000138759613
img_12485.jpg,0.0162000004202127
img_09933_mirrored.jpg,0.0833000019192695
img_03905.jpg,-0.3142000138759613
img_10846.jpg,0.033500000834465
img_06157_mirrored.jpg,-0.0821999981999397
img_04731_mirrored.jpg,-0.0037000000011175
img_01745.jpg,-0.0057999999262392
img_12462.jpg,-0.0434999987483024
img_03915.jpg,-0.1387999951839447
img_14977.jpg,0.5235999822616577
img_11037_mirrored.jpg,-0.2131000012159347
img_03397_mirrored.jpg,0.1189000010490417
img_10361_mirrored.jpg,0.3142000138759613
img_00805_mirrored.jpg,0.1528999954462051
img_07642.jpg,-0.0141000002622604
img_04910_mirrored.jpg,0.3142000138759613
img_11264.jpg,-0.2732999920845032
img_05695.jpg,-0.0141000002622604
img_15025_mirrored.jpg,-0.5235999822616577
img_03486_mirrored.jpg,0.3142000138759613
img_01178_mirrored.jpg,0.0308999996632337
img_07906_mirrored.jpg,0.271699994802475
img_15180.jpg,0.0
img_01077.jpg,0.013600000180304
img_13317_mirrored.jpg,-0.0812000036239624
img_00053.jpg,0.0131000000983476
img_02366.jpg,-0.2366999983787536
img_10721_mirrored.jpg,0.3142000138759613
img_09907_mirrored.jpg,0.0754000023007392
img_07439_mirrored.jpg,0.3142000138759613
img_09580.jpg,0.1099999994039535
img_10749_mirrored.jpg,0.3142000138759613
img_00441_mirrored.jpg,0.0922000035643577
img_05802.jpg,-0.0419000014662742
img_02415_mirrored.jpg,0.3142000138759613
img_11539.jpg,-0.0083999997004866
img_11171.jpg,-0.1900999993085861
img_08219_mirrored.jpg,0.0873999968171119
img_09371.jpg,-0.1937000006437301
img_08990.jpg,-0.018300000578165
img_00803.jpg,-0.1623000055551529
img_02263.jpg,-0.013600000180304
img_00054.jpg,0.018300000578165
img_01803.jpg,-0.091899998486042
img_01238.jpg,-0.0439999997615814
img_12305.jpg,0.0507999993860721
img_05647.jpg,-0.0198999997228384
img_05029.jpg,-0.1079000011086463
img_12979.jpg,0.1136000007390976
img_06789.jpg,-0.0491999983787536
img_08372_mirrored.jpg,0.1544999927282333
img_09510_mirrored.jpg,-0.1115999966859817
img_04636.jpg,0.1497000008821487
img_00438_mirrored.jpg,0.1791000068187713
img_04663_mirrored.jpg,-0.1748999953269958
img_10669.jpg,-0.1334999948740005
img_07835_mirrored.jpg,0.304500013589859
img_03728.jpg,0.0230999998748302
img_07649_mirrored.jpg,0.018300000578165
img_14085.jpg,-0.3142000138759613
img_10924.jpg,-0.0093999998643994
img_09968.jpg,0.006800000090152
img_13368.jpg,0.0037000000011175
img_13635.jpg,-0.2811999917030334
img_07323.jpg,-0.1601999998092651
img_14753_mirrored.jpg,0.5235999822616577
img_04226.jpg,0.1234999969601631
img_07284.jpg,-0.0910999998450279
img_04565_mirrored.jpg,-0.1162000000476837
img_02273.jpg,-0.0763999968767166
img_06475.jpg,-0.3142000138759613
img_02218.jpg,0.1182999983429908
img_03687_mirrored.jpg,-0.1026000007987022
img_02369_mirrored.jpg,0.2998000085353851
img_07144_mirrored.jpg,0.0215000007301569
img_11820_mirrored.jpg,-0.0445000007748603
img_11671.jpg,-0.1722999960184097
img_12335.jpg,0.2046999931335449
img_09235.jpg,-0.0491999983787536
img_11753.jpg,-0.2125999927520752
img_02614.jpg,0.1130999997258186
img_07982_mirrored.jpg,0.1225000023841857
img_14438_mirrored.jpg,-0.0262000001966953
img_10947_mirrored.jpg,0.0037000000011175
img_10249.jpg,-0.3142000138759613
img_05701_mirrored.jpg,0.0496999993920326
img_13622.jpg,-0.1209999993443489
img_04933.jpg,-0.3142000138759613
img_11028_mirrored.jpg,-0.0215000007301569
img_10578.jpg,0.1141000017523765
img_14902.jpg,-0.5235999822616577
img_07660.jpg,-0.0476000010967254
img_10956.jpg,-0.0031000000890344
img_02476.jpg,-0.3142000138759613
img_00006.jpg,-0.1181000024080276
img_09452_mirrored.jpg,-0.2107000052928924
img_00090.jpg,-0.0010000000474974
img_11221.jpg,-0.2414000034332275
img_13798_mirrored.jpg,0.0208999998867511
img_13460_mirrored.jpg,0.217299997806549
img_06814.jpg,-0.157600000500679
img_14990.jpg,0.5235999822616577
img_09844_mirrored.jpg,0.2398000061511993
img_01229_mirrored.jpg,-0.0098999999463558
img_03251_mirrored.jpg,-0.0073000001721084
img_10364_mirrored.jpg,0.3142000138759613
img_11893_mirrored.jpg,0.0031000000890344
img_02441_mirrored.jpg,0.3086999952793121
img_07750.jpg,-0.0351000018417835
img_03520_mirrored.jpg,-0.0173000004142522
img_07061_mirrored.jpg,-0.0230000000447034
img_14337.jpg,-0.0020999999251216
img_01828.jpg,-0.1691000014543533
img_01350.jpg,-0.1695999950170517
img_02216.jpg,0.198400005698204
img_04507.jpg,-0.3142000138759613
img_03701_mirrored.jpg,0.0219999998807907
img_07290_mirrored.jpg,0.0450000017881393
img_10266.jpg,-0.1696999967098236
img_05589.jpg,0.1796000003814697
img_11257.jpg,-0.3142000138759613
img_10272.jpg,-0.3142000138759613
img_01562_mirrored.jpg,-0.0318999998271465
img_11832_mirrored.jpg,0.0230000000447034
img_02747.jpg,-0.1010999977588653
img_00641_mirrored.jpg,0.0215000007301569
img_03163_mirrored.jpg,0.0502999983727932
img_12380.jpg,0.1806000024080276
img_05522.jpg,0.017799999564886
img_06040.jpg,0.0152000002562999
img_11157.jpg,-0.157600000500679
img_07202.jpg,-0.0775000005960464
img_02705_mirrored.jpg,0.0524000003933906
img_12421_mirrored.jpg,0.0549999997019767
img_02092_mirrored.jpg,0.0041999998502433
img_11321_mirrored.jpg,0.0093999998643994
img_06694_mirrored.jpg,-0.0052000000141561
img_03343.jpg,-0.1278000026941299
img_04145_mirrored.jpg,0.0031000000890344
img_08432.jpg,-0.3142000138759613
img_08405.jpg,-0.0162000004202127
img_15034.jpg,0.5235999822616577
img_02068_mirrored.jpg,0.018300000578165
img_00697.jpg,0.0251000002026557
img_03731.jpg,0.1033999994397163
img_09106_mirrored.jpg,0.0414000004529953
img_07979_mirrored.jpg,0.0775000005960464
img_14933.jpg,-0.5235999822616577
img_05957_mirrored.jpg,0.2319999933242797
img_11117_mirrored.jpg,0.032999999821186
img_05816_mirrored.jpg,0.1238999962806701
img_12326_mirrored.jpg,0.100500002503395
img_05958.jpg,-0.198400005698204
img_14566.jpg,-0.1701000034809112
img_12584_mirrored.jpg,0.2502000033855438
img_01483.jpg,-0.3142000138759613
img_09441.jpg,-0.0230000000447034
img_02236_mirrored.jpg,0.0147000001743435
img_09158.jpg,0.0078999996185302
img_14012_mirrored.jpg,0.3142000138759613
img_02029.jpg,-0.1292999982833862
img_06225.jpg,-0.070200003683567
img_05679.jpg,0.1031000018119812
img_00675_mirrored.jpg,0.0507999993860721
img_12273_mirrored.jpg,-0.0318999998271465
img_09749_mirrored.jpg,0.1110000014305114
img_00032.jpg,0.0754000023007392
img_05276_mirrored.jpg,0.0496999993920326
img_14405.jpg,-0.1324999928474426
img_02704_mirrored.jpg,0.0571000017225742
img_13768.jpg,-0.0496999993920326
img_05251.jpg,-0.0538999997079372
img_13571_mirrored.jpg,0.3052999973297119
img_01165_mirrored.jpg,0.0098999999463558
img_13070.jpg,-0.3016000092029571
img_00745_mirrored.jpg,-0.0109999999403953
img_14944_mirrored.jpg,0.5235999822616577
img_01886_mirrored.jpg,0.3142000138759613
img_12843_mirrored.jpg,0.093199998140335
img_00690.jpg,0.0063000000081956
img_06135.jpg,-0.0104999998584389
img_01916.jpg,-0.3142000138759613
img_02633_mirrored.jpg,-0.1310999989509582
img_14146.jpg,0.2466000020503997
img_10338.jpg,-0.0277999993413686
img_11218.jpg,-0.2639000117778778
img_15106_mirrored.jpg,-0.5235999822616577
img_10401_mirrored.jpg,-0.0083999997004866
img_09675_mirrored.jpg,0.0104999998584389
img_02265_mirrored.jpg,-0.0046999999321997
img_03388_mirrored.jpg,0.2293000072240829
img_07563_mirrored.jpg,-0.0759999975562095
img_04736_mirrored.jpg,-0.0961000025272369
img_12053.jpg,-0.0434999987483024
img_01982_mirrored.jpg,0.1780000030994415
img_02590_mirrored.jpg,0.065700002014637
img_01228.jpg,0.0073000001721084
img_09604.jpg,-0.060199998319149
img_04532_mirrored.jpg,0.0395999997854232
img_02260_mirrored.jpg,0.0386999994516372
img_07893.jpg,-0.2037000060081482
img_11359_mirrored.jpg,0.0340000018477439
img_08229.jpg,0.0162000004202127
img_03677.jpg,0.0445000007748603
img_08892.jpg,-0.0377000011503696
img_01459_mirrored.jpg,0.1964000016450882
img_02927.jpg,-0.3142000138759613
img_01439.jpg,-0.3142000138759613
img_07615_mirrored.jpg,-0.1643999963998794
img_08191_mirrored.jpg,0.0147000001743435
img_14031_mirrored.jpg,0.3142000138759613
img_04413.jpg,-0.3136000037193298
img_06964.jpg,-0.1665000021457672
img_04745_mirrored.jpg,-0.0538999997079372
img_13740_mirrored.jpg,0.002600000007078
img_13052_mirrored.jpg,0.3142000138759613
img_09599_mirrored.jpg,0.0397999994456768
img_05285.jpg,0.0031000000890344
img_05307.jpg,0.0471000000834465
img_04357_mirrored.jpg,0.1580999940633773
img_07638_mirrored.jpg,-0.0744000002741813
img_05867_mirrored.jpg,-0.0308999996632337
img_11567.jpg,-0.05180000141263
img_07363.jpg,-0.3142000138759613
img_11597_mirrored.jpg,0.210999995470047
img_04308.jpg,0.1020999997854232
img_05734.jpg,0.0873999968171119
img_03893_mirrored.jpg,0.2998000085353851
img_00067_mirrored.jpg,-0.0152000002562999
img_00329.jpg,-0.1617999970912933
img_06447_mirrored.jpg,0.2161999940872192
img_05158.jpg,-0.0031000000890344
img_14895.jpg,-0.5235999822616577
img_02400_mirrored.jpg,0.3142000138759613
img_03777.jpg,0.0167999994009733
img_09886_mirrored.jpg,0.130400002002716
img_07008.jpg,-0.1230000033974647
img_01830.jpg,-0.1806000024080276
img_05221.jpg,-0.0763999968767166
img_08569.jpg,0.0957999974489212
img_04454_mirrored.jpg,0.3142000138759613
img_01355.jpg,-0.2551999986171722
img_05027.jpg,-0.1722999960184097
img_09697.jpg,-0.0377000011503696
img_12083_mirrored.jpg,0.1130999997258186
img_05429.jpg,-0.3142000138759613
img_02436_mirrored.jpg,0.2013999968767166
img_00092_mirrored.jpg,0.0010000000474974
img_08713_mirrored.jpg,0.1000000014901161
img_09210_mirrored.jpg,-0.0983999967575073
img_09596.jpg,-0.0173000004142522
img_12544.jpg,-0.1669999957084655
img_11962.jpg,-0.0355999991297721
img_14673_mirrored.jpg,0.0031000000890344
img_09753.jpg,-0.1413999944925308
img_13273_mirrored.jpg,-0.1256999969482422
img_08645_mirrored.jpg,-0.0041999998502433
img_03152.jpg,-0.0529000014066696
img_01785.jpg,-0.0351000018417835
img_09982_mirrored.jpg,-0.0194000005722045
img_06872_mirrored.jpg,0.3142000138759613
img_10278.jpg,-0.3131000101566314
img_07612_mirrored.jpg,-0.1978999972343444
img_04036_mirrored.jpg,0.0098999999463558
img_09691.jpg,-0.0419000014662742
img_03566.jpg,-0.0219999998807907
img_11851.jpg,0.0219999998807907
img_10473_mirrored.jpg,-0.1189000010490417
img_05831_mirrored.jpg,0.1387999951839447
img_10181.jpg,0.0361000001430511
img_06425_mirrored.jpg,0.1942999958992004
img_10185_mirrored.jpg,0.0869000032544136
img_03561.jpg,0.0957999974489212
img_03355_mirrored.jpg,0.1482000052928924
img_08997_mirrored.jpg,0.0126000000163912
img_04213_mirrored.jpg,0.0795999988913536
img_11537_mirrored.jpg,0.0041999998502433
img_06460_mirrored.jpg,0.3142000138759613
img_11025_mirrored.jpg,0.0769999995827674
img_02323_mirrored.jpg,0.0685999989509582
img_14852_mirrored.jpg,0.5235999822616577
img_01717.jpg,0.1356000006198883
img_13821_mirrored.jpg,0.0759000033140182
img_01392_mirrored.jpg,0.26910001039505
img_06503.jpg,0.006800000090152
img_02866.jpg,0.1000000014901161
img_14834.jpg,-0.5235999822616577
img_01390_mirrored.jpg,0.2948000133037567
img_12748.jpg,0.0131000000983476
img_05514.jpg,-0.2093999981880188
img_12430_mirrored.jpg,-0.0078999996185302
img_07693_mirrored.jpg,0.202000007033348
img_00935.jpg,-0.2800999879837036
img_09195_mirrored.jpg,0.093199998140335
img_05637.jpg,0.1215000003576278
img_08470_mirrored.jpg,-0.0078999996185302
img_05214_mirrored.jpg,0.0335999988019466
img_05628_mirrored.jpg,-0.2319999933242797
img_06921.jpg,-0.2164999991655349
img_07406_mirrored.jpg,0.3115000128746032
img_13621.jpg,-0.1597000062465667
img_07794.jpg,-0.1863999962806701
img_13999_mirrored.jpg,0.0983999967575073
img_02163.jpg,0.0852999985218048
img_02929_mirrored.jpg,0.3142000138759613
img_10104.jpg,0.1915999948978424
img_12086_mirrored.jpg,0.1340000033378601
img_09103.jpg,-0.0318999998271465
img_11786_mirrored.jpg,0.0063000000081956
img_03415_mirrored.jpg,0.2486999928951263
img_13120.jpg,-0.3142000138759613
img_14881_mirrored.jpg,0.5235999822616577
img_08667.jpg,-0.2287999987602234
img_14762_mirrored.jpg,0.5235999822616577
img_08477_mirrored.jpg,-0.1868000030517578
img_08988.jpg,0.0277999993413686
img_06150_mirrored.jpg,0.06700000166893
img_11434.jpg,-0.0251000002026557
img_14461.jpg,-0.3142000138759613
img_06745_mirrored.jpg,-0.0078999996185302
img_03480.jpg,-0.3142000138759613
img_09846.jpg,-0.2985000014305115
img_12089.jpg,-0.1534000039100647
img_13399.jpg,-0.0162000004202127
img_01840.jpg,-0.1156999990344047
img_03268.jpg,-0.0476000010967254
img_07394_mirrored.jpg,0.1419000029563903
img_15156.jpg,0.5235999822616577
img_07914.jpg,-0.1000000014901161
img_04749.jpg,-0.1454000025987625
img_07585_mirrored.jpg,-0.09740000218153
img_13625_mirrored.jpg,0.0351000018417835
img_10515_mirrored.jpg,-0.0732999965548515
img_05163.jpg,-0.0392999984323978
img_07226.jpg,-0.0507999993860721
img_14505_mirrored.jpg,0.3052999973297119
img_03477_mirrored.jpg,0.0979999974370002
img_06737_mirrored.jpg,0.0052000000141561
img_14264.jpg,0.1079000011086463
img_09440.jpg,-0.0272000003606081
img_09869_mirrored.jpg,-0.0098999999463558
img_05959_mirrored.jpg,0.1680999994277954
img_08811_mirrored.jpg,0.3142000138759613
img_06052.jpg,0.0219999998807907
img_12778.jpg,0.0256999991834163
img_08182_mirrored.jpg,0.013600000180304
img_10737_mirrored.jpg,0.1482000052928924
img_10572.jpg,0.1083000004291534
img_00502.jpg,-0.0842999964952468
img_09479_mirrored.jpg,-0.0187999997287988
img_08623_mirrored.jpg,0.0204000007361173
img_11644.jpg,-0.0538999997079372
img_06996_mirrored.jpg,0.006800000090152
img_13301.jpg,-0.0236000008881092
img_02129.jpg,-0.0031000000890344
img_10413_mirrored.jpg,-0.2712000012397766
img_11944.jpg,-0.0403000004589557
img_10771_mirrored.jpg,0.2770000100135803
img_06119.jpg,-0.0037000000011175
img_03746_mirrored.jpg,0.2128999978303909
img_13038_mirrored.jpg,0.1518000066280365
img_02279_mirrored.jpg,0.0885000005364418
img_03149.jpg,-0.0272000003606081
img_14034_mirrored.jpg,0.3142000138759613
img_09275.jpg,-0.1544999927282333
img_08050_mirrored.jpg,0.0057999999262392
img_09799_mirrored.jpg,0.1942999958992004
img_06954.jpg,-0.2533999979496002
img_01475.jpg,-0.3142000138759613
img_02782_mirrored.jpg,0.0745000019669532
img_05115.jpg,0.0073000001721084
img_07016_mirrored.jpg,-0.0141000002622604
img_14189_mirrored.jpg,0.1324999928474426
img_01449_mirrored.jpg,0.1905999928712844
img_04363_mirrored.jpg,0.1534000039100647
img_02567.jpg,-0.0104999998584389
img_02737.jpg,-0.0876000002026557
img_07791.jpg,-0.1748999953269958
img_13683.jpg,0.013600000180304
img_02682.jpg,0.0995000004768371
img_09915_mirrored.jpg,-0.0093999998643994
img_09894_mirrored.jpg,0.0830999985337257
img_10114_mirrored.jpg,0.0864000022411346
img_02614_mirrored.jpg,-0.1130999997258186
img_09789.jpg,-0.3142000138759613
img_02178_mirrored.jpg,0.0162000004202127
img_03509.jpg,-0.2915999889373779
img_10406_mirrored.jpg,-0.1115999966859817
img_01272.jpg,-0.0287999995052814
img_04820_mirrored.jpg,0.0194000005722045
img_11311.jpg,-0.0800999999046325
img_10850_mirrored.jpg,-0.0083999997004866
img_05406_mirrored.jpg,0.3142000138759613
img_01887_mirrored.jpg,0.3142000138759613
img_09352.jpg,-0.3142000138759613
img_10278_mirrored.jpg,0.3131000101566314
img_07319.jpg,-0.1606999933719635
img_10904_mirrored.jpg,-0.0073000001721084
img_09877.jpg,-0.3142000138759613
img_06144.jpg,-0.093699999153614
img_03869_mirrored.jpg,0.1591999977827072
img_00789_mirrored.jpg,0.0308999996632337
img_02857_mirrored.jpg,0.1407999992370605
img_03684.jpg,0.1115000024437904
img_05954_mirrored.jpg,0.274399995803833
img_05557.jpg,0.2712000012397766
img_00989_mirrored.jpg,0.1958000063896179
img_14198.jpg,0.0847999975085258
img_09002.jpg,0.0167999994009733
img_14628.jpg,0.0571000017225742
img_04173.jpg,0.0373999997973442
img_07330.jpg,-0.1655000001192093
img_00633_mirrored.jpg,-0.1974000036716461
img_03243_mirrored.jpg,0.0377000011503696
img_06838.jpg,0.100500002503395
img_06937_mirrored.jpg,0.1334999948740005
img_13871_mirrored.jpg,0.0366999991238117
img_00669.jpg,-0.0098999999463558
img_09040_mirrored.jpg,0.0037000000011175
img_09923_mirrored.jpg,0.0141000002622604
img_05215_mirrored.jpg,0.0533999986946582
img_07256_mirrored.jpg,-0.0198999997228384
img_12883.jpg,-0.0366999991238117
img_14532.jpg,-0.1000000014901161
img_01226.jpg,-0.0063000000081956
img_08317.jpg,-0.263399988412857
img_12389.jpg,0.0173000004142522
img_05088_mirrored.jpg,-0.0230000000447034
img_09129.jpg,0.0887999981641769
img_06965_mirrored.jpg,0.1334999948740005
img_10584.jpg,-0.1722999960184097
img_10948.jpg,-0.0037000000011175
img_09922.jpg,-0.0115000000223517
img_03347_mirrored.jpg,0.1508000046014785
img_14508.jpg,-0.2335000038146972
img_00595.jpg,0.191100001335144
img_03345_mirrored.jpg,0.1381999999284744
img_09817_mirrored.jpg,0.3142000138759613
img_12233_mirrored.jpg,0.3142000138759613
img_10711_mirrored.jpg,0.0957999974489212
img_11869.jpg,-0.0037000000011175
img_06185.jpg,-0.0423999987542629
img_04332.jpg,-0.0680999979376792
img_02774.jpg,0.018300000578165
img_04133.jpg,-0.0037000000011175
img_11007.jpg,-0.0361000001430511
img_08762_mirrored.jpg,0.1466999948024749
img_13709_mirrored.jpg,-0.0208999998867511
img_10981_mirrored.jpg,-0.0236000008881092
img_02543.jpg,0.1651999950408935
img_03572.jpg,-0.017799999564886
img_05948_mirrored.jpg,0.3134999871253967
img_11716_mirrored.jpg,0.3016000092029571
img_03248.jpg,-0.0131000000983476
img_07234.jpg,-0.0219999998807907
img_01746_mirrored.jpg,0.0052000000141561
img_13119.jpg,-0.3142000138759613
img_14464.jpg,-0.3142000138759613
img_10113.jpg,-0.0842999964952468
img_05888_mirrored.jpg,0.3142000138759613
img_09989.jpg,-0.0052000000141561
img_06617.jpg,0.1524000018835067
img_04739.jpg,0.1435000002384185
img_09802_mirrored.jpg,0.137700006365776
img_10177_mirrored.jpg,-0.1110000014305114
img_03558_mirrored.jpg,-0.1915999948978424
img_07779_mirrored.jpg,0.1534000039100647
img_07752_mirrored.jpg,0.0392999984323978
img_05273_mirrored.jpg,0.0524000003933906
img_00126_mirrored.jpg,0.1000000014901161
img_05697_mirrored.jpg,0.0230000000447034
img_13010_mirrored.jpg,0.1036999970674514
img_00913_mirrored.jpg,0.3142000138759613
img_07954.jpg,-0.2538999915122986
img_05868.jpg,0.0219999998807907
img_12485_mirrored.jpg,-0.0162000004202127
img_01921.jpg,-0.3142000138759613
img_10136.jpg,-0.0476000010967254
img_02445.jpg,-0.3142000138759613
img_00935_mirrored.jpg,0.2800999879837036
img_12194_mirrored.jpg,0.3131000101566314
img_15134_mirrored.jpg,-0.5235999822616577
img_11652_mirrored.jpg,0.2633000016212463
img_12295_mirrored.jpg,0.0304000005125999
img_11227.jpg,-0.3142000138759613
img_13336_mirrored.jpg,-0.0780000016093254
img_11632.jpg,-0.1633999943733215
img_14573.jpg,-0.1821999996900558
img_04915_mirrored.jpg,0.2969000041484833
img_11590_mirrored.jpg,0.1292999982833862
img_00253.jpg,-0.09009999781847
img_08210_mirrored.jpg,-0.0052000000141561
img_12865.jpg,-0.0162000004202127
img_03075_mirrored.jpg,0.0167999994009733
img_00601_mirrored.jpg,-0.1968999952077865
img_09603.jpg,-0.060199998319149
img_01454.jpg,-0.0439999997615814
img_12533.jpg,-0.1597000062465667
img_08992_mirrored.jpg,0.0236000008881092
img_11106.jpg,0.0392999984323978
img_10539.jpg,-0.024100000038743
img_05599.jpg,-0.1046999990940094
img_03734_mirrored.jpg,-0.1423999965190887
img_02625_mirrored.jpg,-0.1691000014543533
img_08379_mirrored.jpg,0.3109999895095825
img_04349_mirrored.jpg,0.130400002002716
img_03934_mirrored.jpg,0.3142000138759613
img_08089.jpg,-0.0538999997079372
img_11889_mirrored.jpg,0.0031000000890344
img_05212.jpg,-0.0277999993413686
img_13306.jpg,0.0920000001788139
img_03809.jpg,-0.0377000011503696
img_06088_mirrored.jpg,-0.0194000005722045
img_01554.jpg,-0.0152000002562999
img_01829.jpg,-0.1754000037908554
img_09260.jpg,-0.150299996137619
img_05493.jpg,-0.3142000138759613
img_01583_mirrored.jpg,0.1272000074386596
img_12540.jpg,-0.1381999999284744
img_05466_mirrored.jpg,0.2985000014305115
img_02640.jpg,0.0838000029325485
img_06739.jpg,-0.0083999997004866
img_06390.jpg,-0.3142000138759613
img_14394_mirrored.jpg,0.2093999981880188
img_14275.jpg,-0.0236000008881092
img_04880.jpg,0.0377000011503696
img_13637.jpg,-0.2266999930143356
img_12527_mirrored.jpg,0.224600002169609
img_04344_mirrored.jpg,0.1041999980807304
img_09466.jpg,-0.0277999993413686
img_03994_mirrored.jpg,0.3079000115394592
img_09694.jpg,-0.0308999996632337
img_11403_mirrored.jpg,-0.1869000047445297
img_10768_mirrored.jpg,0.3142000138759613
img_12399_mirrored.jpg,-0.1194000020623207
img_06327_mirrored.jpg,0.1334999948740005
img_13800_mirrored.jpg,0.0152000002562999
img_10905_mirrored.jpg,-0.0109999999403953
img_12226_mirrored.jpg,0.3142000138759613
img_11625_mirrored.jpg,0.1266999989748001
img_13820.jpg,-0.067500002682209
img_01222.jpg,-0.0236000008881092
img_07159.jpg,-0.0428999997675418
img_08128.jpg,-0.0308999996632337
img_09764.jpg,0.0386999994516372
img_05000_mirrored.jpg,0.3142000138759613
img_07114.jpg,-0.0340000018477439
img_07846.jpg,-0.3142000138759613
img_01827_mirrored.jpg,0.1613000035285949
img_00317.jpg,-0.1571000069379806
img_11918_mirrored.jpg,-0.0414000004529953
img_03449_mirrored.jpg,0.3142000138759613
img_06282.jpg,0.0272000003606081
img_01089_mirrored.jpg,0.0052000000141561
img_00212_mirrored.jpg,0.0198999997228384
img_08202_mirrored.jpg,0.0496999993920326
img_00610.jpg,0.1356000006198883
img_10646_mirrored.jpg,0.0204000007361173
img_12483_mirrored.jpg,-0.018300000578165
img_14771.jpg,-0.5235999822616577
img_08104_mirrored.jpg,-0.0377000011503696
img_09637.jpg,-0.0724000036716461
img_04152_mirrored.jpg,0.0031000000890344
img_10752.jpg,-0.3142000138759613
img_10973.jpg,-0.1079000011086463
img_11890_mirrored.jpg,0.0031000000890344
img_04317_mirrored.jpg,0.063400000333786
img_04449_mirrored.jpg,0.2585000097751617
img_13640_mirrored.jpg,0.1256999969482422
img_00872_mirrored.jpg,0.3142000138759613
img_07431.jpg,-0.032999999821186
img_12303_mirrored.jpg,-0.0115000000223517
img_09686.jpg,-0.0979000031948089
img_07213_mirrored.jpg,-0.0104999998584389
img_03102_mirrored.jpg,-0.0057999999262392
img_13340_mirrored.jpg,0.018300000578165
img_01090.jpg,-0.0046999999321997
img_00791.jpg,-0.0772999972105026
img_00815.jpg,-0.1571000069379806
img_12742_mirrored.jpg,-0.006800000090152
img_10709.jpg,-0.0560000017285347
img_10804.jpg,0.0104999998584389
img_03662_mirrored.jpg,-0.1994999945163726
img_12306_mirrored.jpg,-0.0790999978780746
img_06249_mirrored.jpg,0.05180000141263
img_10420.jpg,-0.0318999998271465
img_02848.jpg,-0.1685999929904937
img_00878.jpg,-0.3032000064849853
img_13196_mirrored.jpg,0.0627999976277351
img_06533_mirrored.jpg,-0.2775000035762787
img_07739.jpg,-0.1031000018119812
img_08002.jpg,0.008899999782443
img_13804_mirrored.jpg,0.0126000000163912
img_06451.jpg,-0.0890000015497207
img_12256_mirrored.jpg,0.0366999991238117
img_02493_mirrored.jpg,0.3142000138759613
img_14789_mirrored.jpg,0.5235999822616577
img_01980.jpg,-0.2335000038146972
img_08020_mirrored.jpg,0.0287999995052814
img_05077.jpg,0.0526000000536441
img_08313.jpg,-0.3142000138759613
img_12529_mirrored.jpg,0.2257000058889389
img_12358.jpg,0.1387999951839447
img_04232_mirrored.jpg,-0.2016000002622604
img_04337_mirrored.jpg,0.0538999997079372
img_00972_mirrored.jpg,0.120399996638298
img_04805_mirrored.jpg,0.0351000018417835
img_11325_mirrored.jpg,0.0744000002741813
img_03662.jpg,0.1994999945163726
img_13809.jpg,-0.0386999994516372
img_02407.jpg,-0.2508000135421753
img_08658_mirrored.jpg,-0.1360999941825866
img_10932_mirrored.jpg,0.0037000000011175
img_10537.jpg,-0.0187999997287988
img_11058_mirrored.jpg,0.0104999998584389
img_10184.jpg,-0.0754000023007392
img_10882.jpg,0.0162000004202127
img_01039_mirrored.jpg,-0.034800000488758
img_01849.jpg,-0.1580999940633773
img_01578.jpg,-0.0719999969005584
img_01973.jpg,-0.2964000105857849
img_05878_mirrored.jpg,0.1360000073909759
img_06772_mirrored.jpg,0.0318999998271465
img_13955.jpg,-0.1508000046014785
img_14678_mirrored.jpg,0.0031000000890344
img_10265.jpg,-0.1356000006198883
img_04058_mirrored.jpg,-0.0078999996185302
img_05096_mirrored.jpg,0.0141000002622604
img_06420.jpg,-0.1110000014305114
img_13917_mirrored.jpg,-0.0759000033140182
img_12174.jpg,-0.1015999987721443
img_09535_mirrored.jpg,-0.1046999990940094
img_00671_mirrored.jpg,0.0147000001743435
img_06467.jpg,-0.3142000138759613
img_12008_mirrored.jpg,0.0507999993860721
img_15135.jpg,0.5235999822616577
img_10300.jpg,-0.2293000072240829
img_01949_mirrored.jpg,0.26910001039505
img_00342.jpg,-0.2152000069618225
img_06462_mirrored.jpg,0.3142000138759613
img_10507.jpg,0.1882999986410141
img_12403.jpg,0.0549999997019767
img_02931.jpg,-0.2879999876022339
img_13442.jpg,-0.0381999984383583
img_10989.jpg,0.0879999995231628
img_03189.jpg,-0.0131000000983476
img_04035_mirrored.jpg,0.0093999998643994
img_09566.jpg,0.0496999993920326
img_10288_mirrored.jpg,0.2942999899387359
img_02394_mirrored.jpg,0.3142000138759613
img_13162_mirrored.jpg,0.3142000138759613
img_02813_mirrored.jpg,0.0304000005125999
img_12201_mirrored.jpg,0.2194000035524368
img_05156_mirrored.jpg,0.0031000000890344
img_09752_mirrored.jpg,0.1413999944925308
img_07843.jpg,-0.3142000138759613
img_01970.jpg,-0.1335999965667724
img_03097_mirrored.jpg,-0.0204000007361173
img_14632.jpg,-0.0313999988138675
img_11973.jpg,0.2057999968528747
img_03960.jpg,-0.3100999891757965
img_01522.jpg,-0.0198999997228384
img_01268.jpg,-0.0842999964952468
img_02316_mirrored.jpg,0.067500002682209
img_01465.jpg,-0.3142000138759613
img_06440_mirrored.jpg,0.3037000000476837
img_06008.jpg,-0.0926999971270561
img_12247.jpg,0.0215000007301569
img_05689.jpg,-0.0141000002622604
img_11830.jpg,0.0293000005185604
img_00384_mirrored.jpg,0.2466000020503997
img_04622_mirrored.jpg,-0.1497000008821487
img_07803_mirrored.jpg,0.1141000017523765
img_05043_mirrored.jpg,0.0098999999463558
img_14192.jpg,-0.1141000017523765
img_03260.jpg,-0.0403000004589557
img_04372.jpg,-0.1429000049829483
img_05258_mirrored.jpg,-0.0052000000141561
img_11202.jpg,-0.181099995970726
img_06176.jpg,-0.0141000002622604
img_03382.jpg,-0.3142000138759613
img_14486_mirrored.jpg,0.3142000138759613
img_10653_mirrored.jpg,0.06700000166893
img_10848.jpg,0.0225000008940696
img_09887.jpg,-0.0995000004768371
img_08135.jpg,-0.0392999984323978
img_07342_mirrored.jpg,0.3079000115394592
img_01397.jpg,-0.2424000054597854
img_09258.jpg,-0.157600000500679
img_04639_mirrored.jpg,-0.0948000028729438
img_05191.jpg,0.018300000578165
img_05803_mirrored.jpg,0.0377000011503696
img_06348_mirrored.jpg,0.176499992609024
img_05347.jpg,-0.1036999970674514
img_05756_mirrored.jpg,0.0057999999262392
img_00285.jpg,-0.0869000032544136
img_06666_mirrored.jpg,0.013600000180304
img_15070.jpg,0.5235999822616577
img_05044_mirrored.jpg,0.0098999999463558
img_02302.jpg,-0.0749000012874603
img_08698.jpg,0.0141000002622604
img_01027.jpg,0.0156999994069337
img_03727_mirrored.jpg,-0.0198999997228384
img_07084_mirrored.jpg,0.0031000000890344
img_13084.jpg,-0.2601999938488006
img_05603_mirrored.jpg,0.1052000001072883
img_12192.jpg,-0.3142000138759613
img_08510.jpg,0.121299996972084
img_06533.jpg,0.2775000035762787
img_12577.jpg,-0.0680999979376792
img_05500.jpg,-0.3142000138759613
img_03401_mirrored.jpg,0.3124000132083893
img_14908.jpg,-0.5235999822616577
img_13102.jpg,-0.2250999957323074
img_09889_mirrored.jpg,0.0749000012874603
img_13082.jpg,-0.2833000123500824
img_01566_mirrored.jpg,-0.1419000029563903
img_05236.jpg,0.2083999961614608
img_08430.jpg,-0.3142000138759613
img_05401_mirrored.jpg,0.1015999987721443
img_00488.jpg,0.0167999994009733
img_09304.jpg,-0.2391999959945678
img_12183_mirrored.jpg,0.2994999885559082
img_10749.jpg,-0.3142000138759613
img_03701.jpg,-0.0219999998807907
img_09865.jpg,-0.0571000017225742
img_03697.jpg,-0.0098999999463558
img_07217.jpg,-0.0109999999403953
img_06399.jpg,-0.2266999930143356
img_14014.jpg,-0.3142000138759613
img_04422.jpg,-0.2556999921798706
img_15125.jpg,0.5235999822616577
img_13779_mirrored.jpg,0.060199998319149
img_06522_mirrored.jpg,-0.0098999999463558
img_07701.jpg,-0.0711999982595443
img_05133_mirrored.jpg,0.0031000000890344
img_01582.jpg,-0.131400004029274
img_03035.jpg,-0.0342999994754791
img_08558.jpg,0.1026000007987022
img_03524.jpg,0.0115000000223517
img_05151_mirrored.jpg,0.0031000000890344
img_10421.jpg,-0.0277999993413686
img_11268.jpg,-0.2057999968528747
img_00229.jpg,-0.0507999993860721
img_04249.jpg,-0.0308999996632337
img_12150.jpg,-0.2833000123500824
img_07537.jpg,0.0953999981284141
img_08375.jpg,-0.2576000094413757
img_13596_mirrored.jpg,0.100500002503395
img_09715.jpg,-0.157600000500679
img_07135.jpg,0.1026000007987022
img_03286.jpg,-0.0879999995231628
img_00219.jpg,0.0109999999403953
img_13296.jpg,0.1093999966979026
img_01458.jpg,-0.0865999981760978
img_09786.jpg,-0.3142000138759613
img_11086_mirrored.jpg,0.002600000007078
img_15011.jpg,0.5235999822616577
img_14999.jpg,0.5235999822616577
img_09927.jpg,-0.0952999964356422
img_06680_mirrored.jpg,0.0606999993324279
img_03876_mirrored.jpg,-0.018300000578165
img_10909.jpg,0.0256999991834163
img_08208.jpg,-0.0126000000163912
img_09463.jpg,0.0555000007152557
img_04188.jpg,-0.0194000005722045
img_10952.jpg,-0.0031000000890344
img_09175.jpg,-0.0496999993920326
img_07212.jpg,0.0073000001721084
img_00998.jpg,0.024100000038743
img_14358.jpg,-0.0737999975681305
img_07795_mirrored.jpg,0.1847999989986419
img_12375_mirrored.jpg,-0.1744000017642974
img_05663.jpg,0.1397999972105026
img_03018_mirrored.jpg,0.0423999987542629
img_01997.jpg,-0.2657000124454498
img_00203_mirrored.jpg,0.0680999979376792
img_15040.jpg,0.5235999822616577
img_02661_mirrored.jpg,-0.1162000000476837
img_07972_mirrored.jpg,0.0093999998643994
img_14029.jpg,-0.3142000138759613
img_10636_mirrored.jpg,0.0297999996691942
img_08025_mirrored.jpg,-0.0115000000223517
img_03365_mirrored.jpg,0.1722999960184097
img_05208_mirrored.jpg,0.0456000007688999
img_14013.jpg,-0.3142000138759613
img_04748.jpg,-0.1114000007510185
img_02141.jpg,-0.0571000017225742
img_01939_mirrored.jpg,0.2442999929189682
img_14466_mirrored.jpg,0.3142000138759613
img_03064.jpg,0.0555000007152557
img_02522_mirrored.jpg,0.06700000166893
img_06485_mirrored.jpg,0.3142000138759613
img_13939.jpg,-0.0461000017821788
img_13574_mirrored.jpg,0.2408999949693679
img_07137.jpg,0.1072999984025955
img_07946.jpg,-0.0590000003576278
img_02381_mirrored.jpg,0.1518000066280365
img_09822_mirrored.jpg,0.3142000138759613
img_00260_mirrored.jpg,0.0617999993264675
img_00041_mirrored.jpg,-0.0366999991238117
img_13250_mirrored.jpg,0.0324999988079071
img_05781.jpg,-0.0816999971866607
img_11604_mirrored.jpg,0.1330000013113021
img_02955_mirrored.jpg,0.3142000138759613
img_08068_mirrored.jpg,0.0037000000011175
img_07560_mirrored.jpg,0.033500000834465
img_14037_mirrored.jpg,0.2576000094413757
img_03114.jpg,-0.0041999998502433
img_10648_mirrored.jpg,0.0194000005722045
img_11782.jpg,0.0297999996691942
img_12483.jpg,0.018300000578165
img_08134_mirrored.jpg,0.0423999987542629
img_00933.jpg,-0.3142000138759613
img_13688_mirrored.jpg,-0.0979000031948089
img_09714_mirrored.jpg,0.1280999928712844
img_14010_mirrored.jpg,0.3142000138759613
img_00774.jpg,-0.0372000001370906
img_13543.jpg,-0.1669999957084655
img_11573.jpg,-0.032999999821186
img_07661.jpg,-0.0423999987542629
img_01316.jpg,-0.1041999980807304
img_10017.jpg,-0.0031000000890344
img_11395.jpg,-0.0403000004589557
img_10730_mirrored.jpg,0.3142000138759613
img_05960_mirrored.jpg,0.1403000056743621
img_07243_mirrored.jpg,0.0450000017881393
img_05715_mirrored.jpg,-0.0063000000081956
img_00033.jpg,0.0838000029325485
img_13499_mirrored.jpg,-0.1010999977588653
img_00121.jpg,-0.0639000013470649
img_07597_mirrored.jpg,-0.0612999983131885
img_14166_mirrored.jpg,0.008899999782443
img_14832_mirrored.jpg,0.5235999822616577
img_02911.jpg,-0.1476999968290329
img_12950_mirrored.jpg,0.013600000180304
img_06894_mirrored.jpg,0.3142000138759613
img_04715.jpg,-0.0555000007152557
img_03447_mirrored.jpg,0.2926999926567077
img_13402_mirrored.jpg,0.0031000000890344
img_09738_mirrored.jpg,0.1784999966621399
img_13370_mirrored.jpg,-0.0141000002622604
img_07281.jpg,-0.100500002503395
img_09719.jpg,-0.2224999964237213
img_03489.jpg,-0.3142000138759613
img_04291.jpg,-0.0895000025629997
img_09559_mirrored.jpg,-0.197500005364418
img_12661_mirrored.jpg,0.1105000004172325
img_14628_mirrored.jpg,-0.0571000017225742
img_12347_mirrored.jpg,-0.2502999901771545
img_04450_mirrored.jpg,0.2804000079631805
img_08361.jpg,-0.3136000037193298
img_11638.jpg,0.0272000003606081
img_14127_mirrored.jpg,0.0873999968171119
img_03169.jpg,0.0631000027060508
img_06258_mirrored.jpg,0.0297999996691942
img_03686.jpg,0.1156999990344047
img_01590.jpg,-0.0065000001341104
img_00752.jpg,-0.0141000002622604
img_13294.jpg,0.1471000015735626
img_02568_mirrored.jpg,0.0104999998584389
img_12325_mirrored.jpg,0.1156999990344047
img_03041_mirrored.jpg,0.1292999982833862
img_08290.jpg,-0.1544999927282333
img_04481.jpg,-0.0474000014364719
img_05417_mirrored.jpg,0.2764999866485595
img_02734.jpg,0.0564999990165233
img_00215.jpg,-0.0093999998643994
img_14382.jpg,-0.0194000005722045
img_05553_mirrored.jpg,-0.2364999949932098
img_09868_mirrored.jpg,-0.0115000000223517
img_08777_mirrored.jpg,0.1162000000476837
img_03671_mirrored.jpg,0.0266999993473291
img_03518.jpg,0.0120000001043081
img_12804.jpg,-0.0031000000890344
img_13362.jpg,0.0078999996185302
img_00058.jpg,0.0318999998271465
img_01402.jpg,-0.3142000138759613
img_01859_mirrored.jpg,0.00179999996908
img_08909_mirrored.jpg,0.2398000061511993
img_07471.jpg,0.0277999993413686
img_06406_mirrored.jpg,0.3142000138759613
img_01987_mirrored.jpg,0.0502999983727932
img_07108.jpg,-0.0031000000890344
img_12321_mirrored.jpg,0.1251000016927719
img_09704.jpg,-0.0225000008940696
img_03649.jpg,-0.017799999564886
img_13525.jpg,-0.3142000138759613
img_09061_mirrored.jpg,0.0293000005185604
img_10281.jpg,-0.274399995803833
img_00641.jpg,-0.0215000007301569
img_08625.jpg,-0.0355999991297721
img_03740.jpg,-0.0439999997615814
img_00021_mirrored.jpg,-0.0147000001743435
img_03129_mirrored.jpg,0.0037000000011175
img_15162.jpg,0.0
img_14807.jpg,-0.5235999822616577
img_01244_mirrored.jpg,0.0502999983727932
img_12250_mirrored.jpg,-0.0230000000447034
img_04639.jpg,0.0948000028729438
img_12883_mirrored.jpg,0.0366999991238117
img_05919.jpg,-0.3142000138759613
img_09368_mirrored.jpg,0.2481999993324279
img_14638_mirrored.jpg,0.0109999999403953
img_10556_mirrored.jpg,0.0366999991238117
img_13487.jpg,-0.1381999999284744
img_10811_mirrored.jpg,0.3142000138759613
img_06587.jpg,0.0859000012278556
img_05749.jpg,-0.0775000005960464
img_11799_mirrored.jpg,0.1272000074386596
img_05896.jpg,-0.3142000138759613
img_00707_mirrored.jpg,-0.1215000003576278
img_09885_mirrored.jpg,0.1680999994277954
img_10210.jpg,-0.1062999963760376
img_06914_mirrored.jpg,0.2869000136852264
img_07343.jpg,-0.2896000146865845
img_07401_mirrored.jpg,0.1826000064611435
img_09518_mirrored.jpg,-0.1230000033974647
img_04864_mirrored.jpg,0.1156999990344047
img_14708.jpg,-0.1099999994039535
img_03678_mirrored.jpg,-0.0581000000238418
img_05824_mirrored.jpg,0.1937000006437301
img_10477_mirrored.jpg,-0.1853999942541122
img_01256_mirrored.jpg,0.0109999999403953
img_12228.jpg,-0.3142000138759613
img_14276_mirrored.jpg,0.0236000008881092
img_05110_mirrored.jpg,-0.0208999998867511
img_03952_mirrored.jpg,0.2313999980688095
img_01859.jpg,-0.00179999996908
img_09238.jpg,-0.0496999993920326
img_09876_mirrored.jpg,0.2985000014305115
img_03371_mirrored.jpg,0.1633999943733215
img_14715_mirrored.jpg,-0.018300000578165
img_10775.jpg,-0.2089000046253204
img_10486.jpg,0.0952999964356422
img_13917.jpg,0.0759000033140182
img_03555_mirrored.jpg,-0.2800999879837036
img_03904_mirrored.jpg,0.3142000138759613
img_06674.jpg,-0.0266999993473291
img_09896_mirrored.jpg,0.1738000065088272
img_04143_mirrored.jpg,0.0031000000890344
img_11370_mirrored.jpg,-0.0187999997287988
img_11529.jpg,-0.0445000007748603
img_01974_mirrored.jpg,0.3142000138759613
img_04692_mirrored.jpg,-0.1067999973893165
img_08234_mirrored.jpg,-0.067500002682209
img_11186.jpg,-0.3142000138759613
img_00379.jpg,-0.289000004529953
img_04012_mirrored.jpg,0.1882999986410141
img_13935_mirrored.jpg,0.0639000013470649
img_01135.jpg,-0.1099999994039535
img_09642_mirrored.jpg,0.2277999967336654
img_11141.jpg,-0.0838000029325485
img_13242_mirrored.jpg,-0.1528999954462051
img_03565_mirrored.jpg,-0.0266999993473291
img_10236.jpg,-0.1393000036478042
img_11993.jpg,-0.0115000000223517
img_13117_mirrored.jpg,0.3142000138759613
img_12524.jpg,-0.1544999927282333
img_10166.jpg,-0.0555000007152557
img_07099_mirrored.jpg,0.0031000000890344
img_13195.jpg,-0.0769999995827674
img_13988.jpg,-0.3142000138759613
img_11125.jpg,-0.1020999997854232
img_13095.jpg,-0.3142000138759613
img_10552.jpg,-0.0575999990105629
img_00885.jpg,-0.1393000036478042
img_08064.jpg,-0.0037000000011175
img_05205.jpg,-0.0408000014722347
img_03442_mirrored.jpg,0.1720000058412552
img_13766.jpg,-0.0313999988138675
img_05935.jpg,-0.3142000138759613
img_08494.jpg,-0.0297999996691942
img_09539.jpg,0.1534000039100647
img_00295.jpg,-0.0597000010311603
img_10203_mirrored.jpg,0.0575999990105629
img_14943_mirrored.jpg,0.5235999822616577
img_05661_mirrored.jpg,-0.191100001335144
img_06010_mirrored.jpg,-0.0324999988079071
img_05730_mirrored.jpg,-0.1429000049829483
img_03452.jpg,-0.3142000138759613
img_00709_mirrored.jpg,-0.0732999965548515
img_04690_mirrored.jpg,-0.1136000007390976
img_09792.jpg,-0.3142000138759613
img_02264_mirrored.jpg,-0.0073000001721084
img_07179.jpg,0.0381999984383583
img_05627.jpg,0.2529000043869018
img_06876.jpg,-0.2791000008583069
img_05921.jpg,-0.3142000138759613
img_01096_mirrored.jpg,0.0031000000890344
img_08934.jpg,-0.0450000017881393
img_08602_mirrored.jpg,-0.0716999992728233
img_00379_mirrored.jpg,0.289000004529953
img_01378.jpg,-0.2040999978780746
img_14739.jpg,-0.0245999991893768
img_06495.jpg,-0.0366999991238117
img_14109_mirrored.jpg,0.2398000061511993
img_11131.jpg,-0.0833000019192695
img_10282.jpg,-0.2581000030040741
img_10332.jpg,-0.218299999833107
img_09812_mirrored.jpg,0.2829999923706054
img_04980.jpg,-0.1215000003576278
img_03650_mirrored.jpg,0.0198999997228384
img_02840.jpg,-0.157600000500679
img_02233.jpg,-0.0272000003606081
img_06300_mirrored.jpg,0.0806000009179115
img_00272.jpg,0.1110000014305114
img_07049_mirrored.jpg,0.0131000000983476
img_01819_mirrored.jpg,0.1435000002384185
img_05476.jpg,-0.0728000029921531
img_13681.jpg,-0.0083999997004866
img_01142_mirrored.jpg,-0.018300000578165
img_14124_mirrored.jpg,0.048700001090765
img_14944.jpg,-0.5235999822616577
img_11706.jpg,-0.2863999903202057
img_14920_mirrored.jpg,0.5235999822616577
img_00378.jpg,-0.3073999881744385
img_04659.jpg,0.0540999993681907
img_12674_mirrored.jpg,0.0772999972105026
img_00466.jpg,-0.3142000138759613
img_05506_mirrored.jpg,0.3142000138759613
img_09334_mirrored.jpg,0.3142000138759613
img_14597.jpg,-0.1215000003576278
img_00306_mirrored.jpg,0.1031000018119812
img_11164_mirrored.jpg,0.1597000062465667
img_15013.jpg,0.5235999822616577
img_12337.jpg,0.1879999935626983
img_07318.jpg,-0.1571000069379806
img_11066_mirrored.jpg,0.0147000001743435
img_00852.jpg,-0.0491999983787536
img_06514_mirrored.jpg,0.048200000077486
img_10336_mirrored.jpg,0.0838000029325485
img_10200.jpg,-0.0456000007688999
img_12342_mirrored.jpg,-0.1272000074386596
img_05664_mirrored.jpg,-0.1020999997854232
img_00055.jpg,0.0225000008940696
img_03627.jpg,0.2517000138759613
img_07167.jpg,-0.0465999990701675
img_07795.jpg,-0.1847999989986419
img_08024.jpg,0.0078999996185302
img_13288_mirrored.jpg,-0.0948000028729438
img_14132_mirrored.jpg,0.0465999990701675
img_06020.jpg,-0.0104999998584389
img_09123.jpg,-0.0597000010311603
img_01396_mirrored.jpg,0.2418999969959259
img_01181.jpg,-0.0342000015079975
img_07420_mirrored.jpg,0.2854000031948089
img_07947.jpg,-0.0816999971866607
img_01031.jpg,-0.0041999998502433
img_12968.jpg,-0.048700001090765
img_02011_mirrored.jpg,-0.0204000007361173
img_05400.jpg,-0.0864000022411346
img_06823_mirrored.jpg,0.1587000042200088
img_03309.jpg,-0.0355999991297721
img_00534.jpg,0.0251000002026557
img_00623_mirrored.jpg,-0.0040000001899898
img_00717_mirrored.jpg,0.2224999964237213
img_08991.jpg,-0.0219999998807907
img_07216.jpg,-0.0078999996185302
img_11373_mirrored.jpg,-0.0857999995350837
img_03448_mirrored.jpg,0.3084000051021576
img_11882.jpg,-0.0037000000011175
img_00990_mirrored.jpg,0.1665000021457672
img_04886.jpg,-0.0236000008881092
img_11041_mirrored.jpg,-0.1110000014305114
img_12800_mirrored.jpg,0.0031000000890344
img_05516_mirrored.jpg,0.1146999970078468
img_10880_mirrored.jpg,0.0098999999463558
img_14494.jpg,-0.2973999977111816
img_10589.jpg,-0.1826999932527542
img_08018.jpg,-0.033500000834465
img_00259.jpg,-0.0617999993264675
img_11198.jpg,-0.0864000022411346
img_11424.jpg,0.1278000026941299
img_01230.jpg,0.0120000001043081
img_10010_mirrored.jpg,0.0037000000011175
img_08273_mirrored.jpg,0.1093999966979026
img_13939_mirrored.jpg,0.0461000017821788
img_09845.jpg,-0.2910000085830688
img_05945_mirrored.jpg,0.2222999930381775
img_03439.jpg,-0.123599998652935
img_10403_mirrored.jpg,-0.0210999995470047
img_04264.jpg,-0.0340000018477439
img_01620.jpg,0.131400004029274
img_11549.jpg,0.0162000004202127
img_02382.jpg,-0.1266999989748001
img_05420.jpg,-0.2524000108242035
img_10910_mirrored.jpg,-0.0266999993473291
img_03524_mirrored.jpg,-0.0115000000223517
img_09061.jpg,-0.0293000005185604
img_13867_mirrored.jpg,0.008899999782443
img_07096.jpg,-0.0037000000011175
img_13053.jpg,-0.3068000078201294
img_06243_mirrored.jpg,0.0283000003546476
img_12611_mirrored.jpg,0.2050999999046325
img_10617.jpg,0.0167999994009733
img_13806.jpg,-0.0236000008881092
img_03108.jpg,-0.006800000090152
img_07631_mirrored.jpg,-0.096900001168251
img_08690.jpg,-0.0083999997004866
img_13669_mirrored.jpg,0.0403000004589557
img_08977.jpg,0.0313999988138675
img_11919.jpg,0.0586000010371208
img_03852_mirrored.jpg,0.1732999980449676
img_13593.jpg,-0.1601999998092651
img_00904.jpg,-0.3142000138759613
img_03964_mirrored.jpg,0.2879999876022339
img_13280.jpg,0.2517000138759613
img_00599.jpg,0.2508000135421753
img_14264_mirrored.jpg,-0.1079000011086463
img_12831_mirrored.jpg,0.032600000500679
img_06405_mirrored.jpg,0.3142000138759613
img_04547.jpg,-0.0126000000163912
img_09691_mirrored.jpg,0.0419000014662742
img_03883.jpg,-0.048700001090765
img_08471_mirrored.jpg,-0.0141000002622604
img_12113_mirrored.jpg,0.185599997639656
img_00357_mirrored.jpg,0.183799996972084
img_11865_mirrored.jpg,0.0073000001721084
img_07203_mirrored.jpg,0.0644000023603439
img_13824.jpg,-0.0806000009179115
img_04114.jpg,-0.0083999997004866
img_04150.jpg,-0.0031000000890344
img_12224.jpg,-0.3142000138759613
img_14854_mirrored.jpg,0.5235999822616577
img_07750_mirrored.jpg,0.0351000018417835
img_02372_mirrored.jpg,0.3142000138759613
img_12251.jpg,0.0198999997228384
img_03253_mirrored.jpg,-0.0126000000163912
img_14001.jpg,-0.0864000022411346
img_07647_mirrored.jpg,0.0109999999403953
img_11761.jpg,-0.0297999996691942
img_12076_mirrored.jpg,0.0697999969124794
img_06014.jpg,0.024100000038743
img_14718_mirrored.jpg,-0.0469000004231929
img_00827_mirrored.jpg,0.1278000026941299
img_12517.jpg,-0.0236000008881092
img_10202_mirrored.jpg,0.048700001090765
img_09617.jpg,0.006800000090152
img_07469.jpg,-0.1334999948740005
img_00081_mirrored.jpg,0.0005000000237487
img_05563.jpg,0.0749000012874603
img_04165.jpg,-0.1115000024437904
img_07241.jpg,-0.0308999996632337
img_02526.jpg,-0.0780000016093254
img_07753_mirrored.jpg,0.0403000004589557
img_00717.jpg,-0.2224999964237213
img_01804.jpg,-0.1233000010251998
img_05084_mirrored.jpg,-0.0852999985218048
img_11988.jpg,-0.0502999983727932
img_10602_mirrored.jpg,0.0020999999251216
img_14523_mirrored.jpg,0.2723000049591064
img_02686.jpg,0.0225000008940696
img_03281.jpg,-0.0397999994456768
img_06702.jpg,0.0793000012636184
img_13864_mirrored.jpg,-0.0131000000983476
img_10536_mirrored.jpg,-0.024100000038743
img_12961_mirrored.jpg,0.0905999988317489
img_08399.jpg,-0.1738000065088272
img_08498_mirrored.jpg,0.0187999997287988
img_12670.jpg,0.0120000001043081
img_10386_mirrored.jpg,0.0351000018417835
img_10316_mirrored.jpg,0.3142000138759613
img_06728_mirrored.jpg,0.0293000005185604
img_10711.jpg,-0.0957999974489212
img_01676_mirrored.jpg,0.0141000002622604
img_07683_mirrored.jpg,-0.1456000059843063
img_12721_mirrored.jpg,0.0126000000163912
img_13441.jpg,-0.0361000001430511
img_10734_mirrored.jpg,0.2366999983787536
img_01356_mirrored.jpg,0.2883000075817108
img_14398.jpg,-0.2083999961614608
img_07899.jpg,-0.3142000138759613
img_12009_mirrored.jpg,0.0507999993860721
img_14754_mirrored.jpg,0.5235999822616577
img_02659.jpg,0.1717000007629394
img_01102.jpg,-0.0037000000011175
img_00291_mirrored.jpg,0.0957999974489212
img_04047.jpg,-0.1220000013709068
img_10222.jpg,-0.157600000500679
img_01498.jpg,-0.0187999997287988
img_06555.jpg,-0.0057999999262392
img_07902_mirrored.jpg,0.3000000119209289
img_01993_mirrored.jpg,0.1406999975442886
img_07687.jpg,0.0754000023007392
img_09406_mirrored.jpg,0.3142000138759613
img_13016.jpg,-0.1330000013113021
img_01549.jpg,-0.0283000003546476
img_10003_mirrored.jpg,0.0031000000890344
img_08903.jpg,-0.3142000138759613
img_11702_mirrored.jpg,0.3142000138759613
img_05416.jpg,-0.2885000109672546
img_10805_mirrored.jpg,-0.006800000090152
img_12061.jpg,-0.100500002503395
img_09205_mirrored.jpg,-0.0324999988079071
img_05042_mirrored.jpg,0.008899999782443
img_03567.jpg,-0.0256999991834163
img_12669.jpg,0.0141000002622604
img_14116_mirrored.jpg,-0.0266999993473291
img_13241.jpg,0.1324999928474426
img_14596.jpg,-0.1023000031709671
img_03805_mirrored.jpg,0.0392999984323978
img_13517.jpg,-0.2329999953508377
img_06510.jpg,-0.0847999975085258
img_09180_mirrored.jpg,0.0245999991893768
img_13634.jpg,-0.2885000109672546
img_12982_mirrored.jpg,0.0392999984323978
img_07519_mirrored.jpg,0.0236000008881092
img_14247_mirrored.jpg,-0.1796000003814697
img_10475.jpg,0.1534000039100647
img_04354_mirrored.jpg,0.1571000069379806
img_05602_mirrored.jpg,0.1120999976992607
img_01155.jpg,0.0219999998807907
img_00663_mirrored.jpg,0.0152000002562999
img_12054_mirrored.jpg,0.0597000010311603
img_14102.jpg,-0.3142000138759613
img_12542_mirrored.jpg,0.1435000002384185
img_11214_mirrored.jpg,0.2989999949932098
img_04917.jpg,-0.2120999991893768
img_10294.jpg,-0.3142000138759613
img_12754_mirrored.jpg,-0.1125999987125396
img_02475.jpg,-0.3142000138759613
img_14716.jpg,0.0204000007361173
img_09096_mirrored.jpg,0.0147000001743435
img_00271.jpg,0.1052000001072883
img_00633.jpg,0.1974000036716461
img_14372_mirrored.jpg,0.0297999996691942
img_14056_mirrored.jpg,0.3142000138759613
img_11698.jpg,-0.3142000138759613
img_00807_mirrored.jpg,0.1413999944925308
img_01647_mirrored.jpg,-0.123599998652935
img_02317.jpg,-0.060199998319149
img_08069.jpg,-0.0037000000011175
img_04668_mirrored.jpg,-0.1895000040531158
img_00191_mirrored.jpg,-0.1758999973535537
img_09585_mirrored.jpg,-0.0795999988913536
img_06724.jpg,-0.09009999781847
img_06516_mirrored.jpg,0.0397999994456768
img_11701_mirrored.jpg,0.3142000138759613
img_01013_mirrored.jpg,0.0789000019431114
img_06256_mirrored.jpg,0.0372000001370906
img_11852.jpg,0.0219999998807907
img_06259.jpg,-0.0120000001043081
img_06463.jpg,-0.3142000138759613
img_13282.jpg,0.2339999973773956
img_07104_mirrored.jpg,0.0031000000890344
img_11406_mirrored.jpg,-0.1308999955654144
img_13987_mirrored.jpg,0.3142000138759613
img_14644.jpg,0.0266999993473291
img_09362_mirrored.jpg,0.3136000037193298
img_13188_mirrored.jpg,0.0215000007301569
img_07821.jpg,-0.0131000000983476
img_08048_mirrored.jpg,0.006800000090152
img_04631_mirrored.jpg,-0.2330999970436096
img_07487_mirrored.jpg,0.0864000022411346
img_12180_mirrored.jpg,0.2198999971151352
img_11434_mirrored.jpg,0.0251000002026557
img_04850_mirrored.jpg,0.1486999988555908
img_14898_mirrored.jpg,0.5235999822616577
img_09381.jpg,-0.1931000053882599
img_03885.jpg,-0.0971999987959861
img_09218.jpg,-0.0549999997019767
img_03386.jpg,-0.257099986076355
img_13487_mirrored.jpg,0.1381999999284744
img_00528.jpg,0.1900999993085861
img_02803_mirrored.jpg,0.0414000004529953
img_01023.jpg,-0.0256999991834163
img_06551_mirrored.jpg,0.0126000000163912
img_12477_mirrored.jpg,0.0052000000141561
img_03034.jpg,-0.0215000007301569
img_08964.jpg,0.0147000001743435
img_12827_mirrored.jpg,0.0031000000890344
img_11612.jpg,-0.1639000028371811
img_02396_mirrored.jpg,0.3142000138759613
img_03298.jpg,0.0219999998807907
img_07151.jpg,-0.0083999997004866
img_00933_mirrored.jpg,0.3142000138759613
img_10354_mirrored.jpg,0.3142000138759613
img_10862_mirrored.jpg,0.1225000023841857
img_04960.jpg,-0.2125999927520752
img_10201_mirrored.jpg,0.0428999997675418
img_13678.jpg,-0.0041999998502433
img_11946_mirrored.jpg,0.0419000014662742
img_14782_mirrored.jpg,0.5235999822616577
img_02635.jpg,0.1560000032186508
img_05116_mirrored.jpg,0.0046999999321997
img_02802_mirrored.jpg,0.0414000004529953
img_00080.jpg,-0.0010000000474974
img_04634_mirrored.jpg,-0.2178000062704086
img_04341_mirrored.jpg,0.093199998140335
img_04593.jpg,0.1817000061273574
img_13850.jpg,-0.0879999995231628
img_03356.jpg,-0.1492000073194503
img_12033.jpg,-0.093199998140335
img_05655_mirrored.jpg,-0.1537999957799911
img_14730_mirrored.jpg,0.024100000038743
img_01644.jpg,0.1937000006437301
img_11783.jpg,0.0198999997228384
img_01426_mirrored.jpg,0.2775000035762787
img_04643_mirrored.jpg,-0.1246000006794929
img_07786_mirrored.jpg,0.1413999944925308
img_04300_mirrored.jpg,0.0236000008881092
img_12719.jpg,-0.0120000001043081
img_00146.jpg,-0.013600000180304
img_02527_mirrored.jpg,0.067500002682209
img_02369.jpg,-0.2998000085353851
img_01825_mirrored.jpg,0.1429000049829483
img_04678_mirrored.jpg,0.017799999564886
img_14885_mirrored.jpg,0.5235999822616577
img_02975.jpg,-0.0251000002026557
img_03206.jpg,-0.0650999993085861
img_00754.jpg,-0.0392999984323978
img_03734.jpg,0.1423999965190887
img_04708.jpg,-0.0324999988079071
img_08747.jpg,-0.2231000065803527
img_01321_mirrored.jpg,0.120399996638298
img_06412.jpg,-0.3032000064849853
img_02015_mirrored.jpg,0.0046999999321997
img_13628.jpg,-0.0225000008940696
img_10902_mirrored.jpg,0.0109999999403953
img_01156.jpg,-0.0141000002622604
img_14662.jpg,-0.006800000090152
img_15163_mirrored.jpg,-0.5235999822616577
img_08454_mirrored.jpg,0.0152000002562999
img_04946_mirrored.jpg,0.3142000138759613
img_01007_mirrored.jpg,0.0098999999463558
img_04042_mirrored.jpg,0.0672999992966651
img_11639.jpg,0.0147000001743435
img_03013_mirrored.jpg,0.2105000019073486
img_05523.jpg,0.017799999564886
img_08157_mirrored.jpg,-0.1405999958515167
img_14365_mirrored.jpg,0.0864000022411346
img_08343.jpg,-0.2727999985218048
img_00954_mirrored.jpg,-0.0093999998643994
img_13413_mirrored.jpg,-0.0063000000081956
img_12512_mirrored.jpg,0.0293000005185604
img_11000_mirrored.jpg,0.013600000180304
img_02956_mirrored.jpg,0.3142000138759613
img_06228_mirrored.jpg,0.0502999983727932
img_06285_mirrored.jpg,-0.070200003683567
img_03626.jpg,0.2286999970674514
img_00179_mirrored.jpg,0.0627999976277351
img_03933.jpg,-0.3142000138759613
img_06479.jpg,-0.3142000138759613
img_05723.jpg,0.0256999991834163
img_14383.jpg,-0.0194000005722045
img_03892_mirrored.jpg,0.2763000130653381
img_09805_mirrored.jpg,0.1524000018835067
img_01235.jpg,-0.024100000038743
img_12503.jpg,-0.0293000005185604
img_04242.jpg,-0.0838000029325485
img_02192_mirrored.jpg,0.0340000018477439
img_05452.jpg,-0.2985000014305115
img_04433.jpg,-0.3142000138759613
img_01481_mirrored.jpg,0.3142000138759613
img_11241.jpg,-0.1089000031352043
img_03010.jpg,-0.2644000053405761
img_01880_mirrored.jpg,0.3142000138759613
img_05136.jpg,-0.0031000000890344
img_02384_mirrored.jpg,0.1079000011086463
img_11228_mirrored.jpg,0.3142000138759613
img_07939_mirrored.jpg,0.1220000013709068
img_02997_mirrored.jpg,0.0775000005960464
img_01002_mirrored.jpg,0.0052000000141561
img_13373.jpg,0.0821999981999397
img_13044.jpg,-0.2026000022888183
img_01719_mirrored.jpg,-0.1046999990940094
img_13849_mirrored.jpg,0.0873999968171119
img_11082.jpg,-0.0147000001743435
img_09460_mirrored.jpg,-0.1439999938011169
img_13480_mirrored.jpg,0.1843000054359436
img_02867.jpg,0.0571000017225742
img_06581_mirrored.jpg,0.0952999964356422
img_14900_mirrored.jpg,0.5235999822616577
img_12017.jpg,-0.0262000001966953
img_06232.jpg,-0.0141000002622604
img_03646_mirrored.jpg,-0.0737999975681305
img_14793.jpg,-0.5235999822616577
img_01812.jpg,-0.2067999988794326
img_05713.jpg,-0.0098999999463558
img_09824_mirrored.jpg,0.2847999930381775
img_09543_mirrored.jpg,-0.0905999988317489
img_13844.jpg,0.0465999990701675
img_14398_mirrored.jpg,0.2083999961614608
img_10087_mirrored.jpg,0.0826999992132186
img_02646.jpg,-0.0152000002562999
img_05959.jpg,-0.1680999994277954
img_09944_mirrored.jpg,0.0126000000163912
img_04746_mirrored.jpg,-0.0379000008106231
img_07337_mirrored.jpg,0.3142000138759613
img_02809.jpg,-0.0194000005722045
img_13395_mirrored.jpg,0.0586000010371208
img_00568.jpg,-0.0920000001788139
img_09662.jpg,-0.0078999996185302
img_13412.jpg,0.0046999999321997
img_05243_mirrored.jpg,0.0529000014066696
img_05245_mirrored.jpg,0.0706999972462654
img_02015.jpg,-0.0046999999321997
img_13650_mirrored.jpg,0.006800000090152
img_10770.jpg,-0.2989999949932098
img_11151_mirrored.jpg,0.1393000036478042
img_12680.jpg,-0.3142000138759613
img_03363.jpg,-0.1560000032186508
img_10128.jpg,0.0131000000983476
img_00403_mirrored.jpg,0.1597000062465667
img_09016.jpg,0.0063000000081956
img_08110.jpg,0.0995000004768371
img_11212_mirrored.jpg,0.3142000138759613
img_11647_mirrored.jpg,0.1209999993443489
img_02207_mirrored.jpg,-0.0568000003695488
img_06000_mirrored.jpg,0.257099986076355
img_00931_mirrored.jpg,0.3142000138759613
img_03015.jpg,-0.120399996638298
img_00119.jpg,-0.0507999993860721
img_02150_mirrored.jpg,0.0816999971866607
img_13337_mirrored.jpg,-0.0780000016093254
img_11051_mirrored.jpg,0.0639000013470649
img_07985_mirrored.jpg,0.1010999977588653
img_15026.jpg,0.5235999822616577
img_10264_mirrored.jpg,0.1098000034689903
img_06083.jpg,0.0236000008881092
img_09664_mirrored.jpg,0.0073000001721084
img_07747.jpg,-0.0304000005125999
img_02917_mirrored.jpg,0.2231000065803527
img_02845_mirrored.jpg,0.1843000054359436
img_07551.jpg,-0.0833000019192695
img_06967.jpg,-0.0737999975681305
img_12926_mirrored.jpg,-0.0057999999262392
img_09107.jpg,-0.0423999987542629
img_15056_mirrored.jpg,-0.5235999822616577
img_09247.jpg,-0.1093999966979026
img_14940.jpg,-0.5235999822616577
img_05711_mirrored.jpg,0.0262000001966953
img_11374.jpg,0.1114000007510185
img_09325_mirrored.jpg,0.3142000138759613
img_12145_mirrored.jpg,0.3142000138759613
img_01082_mirrored.jpg,0.0063000000081956
img_00846.jpg,0.0208999998867511
img_07488.jpg,-0.0812000036239624
img_05466.jpg,-0.2985000014305115
img_01477.jpg,-0.3142000138759613
img_04401_mirrored.jpg,0.0958999991416931
img_08354_mirrored.jpg,0.3142000138759613
img_02689_mirrored.jpg,0.0208999998867511
img_02813.jpg,-0.0304000005125999
img_05320.jpg,-0.0754000023007392
img_06704.jpg,0.1266999989748001
img_01866.jpg,-0.0869000032544136
img_12160_mirrored.jpg,0.3142000138759613
img_02875.jpg,-0.0156999994069337
img_12365_mirrored.jpg,-0.0283000003546476
img_12244.jpg,-0.0833000019192695
img_11312_mirrored.jpg,0.0445000007748603
img_06490.jpg,-0.2502999901771545
img_01183.jpg,-0.0649000033736229
img_09298.jpg,-0.0890000015497207
img_08146.jpg,-0.0780000016093254
img_02275.jpg,-0.0890000015497207
img_03192_mirrored.jpg,0.0308999996632337
img_04619.jpg,0.1932000070810318
img_13331.jpg,0.1120999976992607
img_06594_mirrored.jpg,-0.1544999927282333
img_13296_mirrored.jpg,-0.1093999966979026
img_10295.jpg,-0.3142000138759613
img_08364_mirrored.jpg,0.2020999938249588
img_12505_mirrored.jpg,0.0293000005185604
img_12650_mirrored.jpg,0.3142000138759613
img_03024_mirrored.jpg,-0.0131000000983476
img_02017_mirrored.jpg,0.0083999997004866
img_13045.jpg,-0.2198999971151352
img_13451_mirrored.jpg,0.0245999991893768
img_03215_mirrored.jpg,0.0308999996632337
img_09692.jpg,-0.0366999991238117
img_06994_mirrored.jpg,-0.0156999994069337
img_11899_mirrored.jpg,0.0109999999403953
img_12482.jpg,0.0162000004202127
img_01023_mirrored.jpg,0.0256999991834163
img_05222_mirrored.jpg,0.0716999992728233
img_04358_mirrored.jpg,0.1550000011920929
img_06309.jpg,-0.0795999988913536
img_08127.jpg,-0.0251000002026557
img_00952.jpg,-0.018300000578165
img_06132_mirrored.jpg,0.0031000000890344
img_05666_mirrored.jpg,-0.0408000014722347
img_12462_mirrored.jpg,0.0434999987483024
img_12019_mirrored.jpg,-0.0083999997004866
img_06595.jpg,0.1340000033378601
img_03498.jpg,-0.3142000138759613
img_03516.jpg,-0.0251000002026557
img_05566_mirrored.jpg,0.0225000008940696
img_12782_mirrored.jpg,-0.0204000007361173
img_12773.jpg,0.0187999997287988
img_10731_mirrored.jpg,0.3142000138759613
img_14561.jpg,-0.0187999997287988
img_11543.jpg,-0.0098999999463558
img_00915_mirrored.jpg,0.3142000138759613
img_03369_mirrored.jpg,0.1449999958276748
img_04178.jpg,0.1079000011086463
img_14756_mirrored.jpg,0.5235999822616577
img_12445_mirrored.jpg,-0.130400002002716
img_09780_mirrored.jpg,0.2606000006198883
img_12814.jpg,-0.0037000000011175
img_14705.jpg,-0.0685999989509582
img_08140_mirrored.jpg,0.048700001090765
img_11767_mirrored.jpg,0.213699996471405
img_05541_mirrored.jpg,0.0245999991893768
img_01680.jpg,-0.0098999999463558
img_10435.jpg,0.0104999998584389
img_00306.jpg,-0.1031000018119812
img_02072_mirrored.jpg,0.0057999999262392
img_03779_mirrored.jpg,-0.0198999997228384
img_03708.jpg,-0.0606999993324279
img_06260_mirrored.jpg,-0.0073000001721084
img_12514.jpg,-0.0204000007361173
img_12972.jpg,0.0372000001370906
img_11956_mirrored.jpg,0.0821999981999397
img_02354_mirrored.jpg,0.1560000032186508
img_04674_mirrored.jpg,-0.0392999984323978
img_03476_mirrored.jpg,0.0423000007867813
img_05093_mirrored.jpg,0.0251000002026557
img_03760.jpg,-0.0126000000163912
img_08869.jpg,-0.224600002169609
img_13985_mirrored.jpg,0.2942999899387359
img_02067.jpg,-0.0204000007361173
img_06925_mirrored.jpg,0.3142000138759613
img_04674.jpg,0.0392999984323978
img_03499.jpg,-0.3142000138759613
img_06137_mirrored.jpg,0.0297999996691942
img_11731_mirrored.jpg,0.100500002503395
img_10246.jpg,-0.2730000019073486
img_00284.jpg,-0.0800999999046325
img_04768.jpg,-0.006800000090152
img_11586.jpg,-0.0308999996632337
img_10989_mirrored.jpg,-0.0879999995231628
img_02319_mirrored.jpg,0.0524000003933906
img_09040.jpg,-0.0037000000011175
img_13471.jpg,-0.1345999985933303
img_01308_mirrored.jpg,0.0456000007688999
img_06211.jpg,0.2037000060081482
img_07856_mirrored.jpg,0.1371999979019165
img_02488.jpg,-0.3142000138759613
img_08683.jpg,-0.0052000000141561
img_07441.jpg,-0.3142000138759613
img_14291_mirrored.jpg,0.0428999997675418
img_12344_mirrored.jpg,-0.1796000003814697
img_09925.jpg,-0.0513000003993511
img_11215_mirrored.jpg,0.2869000136852264
img_08822_mirrored.jpg,0.3142000138759613
img_14659.jpg,-0.006800000090152
img_12874_mirrored.jpg,0.0351000018417835
img_07069_mirrored.jpg,0.0041999998502433
img_14598_mirrored.jpg,0.1215000003576278
img_08932.jpg,-0.1058000028133392
img_11705.jpg,-0.3084000051021576
img_10758_mirrored.jpg,0.3142000138759613
img_13358.jpg,-0.0408000014722347
img_10322.jpg,-0.3142000138759613
img_13882_mirrored.jpg,0.0408000014722347
img_00900.jpg,-0.3142000138759613
img_05976.jpg,-0.1826999932527542
img_11205.jpg,-0.3142000138759613
img_03458.jpg,-0.3142000138759613
img_06622.jpg,0.0476000010967254
img_13817_mirrored.jpg,0.0304000005125999
img_08870.jpg,-0.2477000057697296
img_05871.jpg,-0.018300000578165
img_09647.jpg,-0.09740000218153
img_11876.jpg,-0.0031000000890344
img_01550_mirrored.jpg,0.0272000003606081
img_03277.jpg,0.0031000000890344
img_02943.jpg,-0.2732999920845032
img_09220.jpg,-0.0842999964952468
img_06505.jpg,-0.033500000834465
img_04087_mirrored.jpg,0.0173000004142522
img_06704_mirrored.jpg,-0.1266999989748001
img_11917.jpg,0.024100000038743
img_14018_mirrored.jpg,0.2811999917030334
img_00887.jpg,-0.1508000046014785
img_12260_mirrored.jpg,0.0890000015497207
img_10648.jpg,-0.0194000005722045
img_10101_mirrored.jpg,-0.1826999932527542
img_13006.jpg,-0.0744000002741813
img_04086_mirrored.jpg,0.0204000007361173
img_14563_mirrored.jpg,0.0357000008225441
img_10621.jpg,-0.0502999983727932
img_08447.jpg,0.0198999997228384
img_15073_mirrored.jpg,-0.5235999822616577
img_04380_mirrored.jpg,0.2158000022172927
img_02896.jpg,-0.3142000138759613
img_03785_mirrored.jpg,0.050500001758337
img_05613_mirrored.jpg,-0.1847999989986419
img_01150.jpg,0.1125999987125396
img_12202_mirrored.jpg,0.1942999958992004
img_00912.jpg,-0.3142000138759613
img_11397.jpg,0.0507999993860721
img_05853.jpg,-0.1256999969482422
img_01143_mirrored.jpg,-0.0204000007361173
img_01925_mirrored.jpg,0.3142000138759613
img_09087.jpg,0.0617999993264675
img_02135_mirrored.jpg,0.008899999782443
img_04451_mirrored.jpg,0.2915999889373779
img_12456_mirrored.jpg,0.2105000019073486
img_11181.jpg,-0.2811999917030334
img_01985.jpg,-0.0885000005364418
img_09996_mirrored.jpg,0.0046999999321997
img_10969.jpg,-0.0606999993324279
img_00911_mirrored.jpg,0.3142000138759613
img_10757_mirrored.jpg,0.3142000138759613
img_03931_mirrored.jpg,0.3142000138759613
img_09410_mirrored.jpg,0.3142000138759613
img_04240_mirrored.jpg,0.070200003683567
img_07873.jpg,-0.3142000138759613
img_10825_mirrored.jpg,0.0215000007301569
img_10105.jpg,0.1617999970912933
img_05361_mirrored.jpg,0.1497000008821487
img_12874.jpg,-0.0351000018417835
img_03605.jpg,-0.0885000005364418
img_12891_mirrored.jpg,0.0749000012874603
img_05587.jpg,0.1620000004768371
img_06419.jpg,-0.1209999993443489
img_14351.jpg,0.0208999998867511
img_06790.jpg,-0.0555999986827373
img_03757.jpg,-0.0318999998271465
img_09961.jpg,-0.0219999998807907
img_11132.jpg,-0.0749000012874603
img_14551.jpg,-0.289000004529953
img_12193_mirrored.jpg,0.3142000138759613
img_02623.jpg,0.2581000030040741
img_14173.jpg,0.0833000019192695
img_13575_mirrored.jpg,0.2257000058889389
img_06103_mirrored.jpg,0.0041999998502433
img_05534_mirrored.jpg,0.0847999975085258
img_06450.jpg,-0.1209999993443489
img_06319_mirrored.jpg,0.093199998140335
img_01392.jpg,-0.26910001039505
img_04349.jpg,-0.130400002002716
img_10984_mirrored.jpg,-0.0732999965548515
img_03915_mirrored.jpg,0.1387999951839447
img_12991.jpg,-0.0962999984622001
img_11463_mirrored.jpg,-0.1058000028133392
img_15069.jpg,0.5235999822616577
img_02571_mirrored.jpg,0.0057999999262392
img_07504.jpg,0.1527999937534332
img_03048.jpg,0.0167999994009733
img_11199_mirrored.jpg,0.0864000022411346
img_07442.jpg,-0.3142000138759613
img_08468.jpg,-0.0194000005722045
img_10359_mirrored.jpg,0.3142000138759613
img_07025.jpg,-0.006800000090152
img_01766_mirrored.jpg,0.0362999998033046
img_00093_mirrored.jpg,0.0015999999595806
img_01946_mirrored.jpg,0.2811999917030334
img_03899_mirrored.jpg,0.3142000138759613
img_10306.jpg,-0.1052000001072883
img_09379.jpg,-0.0375000014901161
img_12078.jpg,-0.094200000166893
img_08741.jpg,-0.1013000011444091
img_00806.jpg,-0.1429000049829483
img_05601.jpg,-0.1146999970078468
img_14491_mirrored.jpg,0.3142000138759613
img_14522.jpg,-0.2754000127315521
img_01768_mirrored.jpg,0.069300003349781
img_09911_mirrored.jpg,-0.0256999991834163
img_08049.jpg,-0.0063000000081956
img_01204_mirrored.jpg,-0.2031999975442886
img_13219.jpg,0.1445000022649765
img_00419_mirrored.jpg,0.3142000138759613
img_12730.jpg,-0.1251000016927719
img_04059_mirrored.jpg,-0.0046999999321997
img_08627_mirrored.jpg,0.0423999987542629
img_06171_mirrored.jpg,0.017799999564886
img_06321.jpg,-0.1041999980807304
img_12016.jpg,-0.0346000008285045
img_11588.jpg,-0.0680000036954879
img_12920_mirrored.jpg,0.0476000010967254
img_08357_mirrored.jpg,0.3142000138759613
img_06673_mirrored.jpg,0.0198999997228384
img_14001_mirrored.jpg,0.0864000022411346
img_09723_mirrored.jpg,0.1774999946355819
img_14850_mirrored.jpg,0.5235999822616577
img_11585.jpg,-0.0262000001966953
img_09499.jpg,-0.1251000016927719
img_02702.jpg,-0.0597000010311603
img_11861.jpg,-0.0073000001721084
img_08698_mirrored.jpg,-0.0141000002622604
img_05875_mirrored.jpg,0.0614000000059604
img_09987.jpg,-0.0041999998502433
img_00318_mirrored.jpg,0.1580999940633773
img_14999_mirrored.jpg,-0.5235999822616577
img_11743.jpg,-0.1712999939918518
img_11163.jpg,-0.1565999984741211
img_00342_mirrored.jpg,0.2152000069618225
img_09388.jpg,-0.3142000138759613
img_09410.jpg,-0.3142000138759613
img_03927_mirrored.jpg,0.3142000138759613
img_08156.jpg,0.1246000006794929
img_08180.jpg,-0.0204000007361173
img_14273_mirrored.jpg,0.017799999564886
img_05999_mirrored.jpg,0.2135999947786331
img_09156_mirrored.jpg,0.0078999996185302
img_11380.jpg,0.1476999968290329
img_01598_mirrored.jpg,-0.1685999929904937
img_14464_mirrored.jpg,0.3142000138759613
img_07997_mirrored.jpg,0.0052000000141561
img_07171_mirrored.jpg,0.0812000036239624
img_11928.jpg,0.0208999998867511
img_00565.jpg,-0.0304000005125999
img_07695.jpg,-0.2240999937057495
img_03617_mirrored.jpg,-0.1722999960184097
img_03681.jpg,0.0922000035643577
img_04151.jpg,-0.0031000000890344
img_06972_mirrored.jpg,0.0690999999642372
img_09940.jpg,0.0104999998584389
img_01129_mirrored.jpg,0.0549999997019767
img_00992_mirrored.jpg,0.1324999928474426
img_13049.jpg,-0.3142000138759613
img_06089.jpg,0.0162000004202127
img_09404_mirrored.jpg,0.3142000138759613
img_08714_mirrored.jpg,0.094200000166893
img_11573_mirrored.jpg,0.032999999821186
img_01472_mirrored.jpg,0.3142000138759613
img_06641.jpg,0.1089000031352043
img_05821_mirrored.jpg,0.221000000834465
img_10649_mirrored.jpg,0.0215000007301569
img_11232.jpg,-0.3142000138759613
img_03433.jpg,-0.1796000003814697
img_02226_mirrored.jpg,0.0842999964952468
img_01079_mirrored.jpg,-0.0052000000141561
img_12555.jpg,-0.1215000003576278
img_06138.jpg,-0.0408000014722347
img_04568.jpg,0.0381999984383583
img_02987.jpg,-0.3131000101566314
img_10800.jpg,-0.0386999994516372
img_13951.jpg,-0.1292999982833862
img_04172.jpg,0.0277999993413686
img_03539_mirrored.jpg,0.0256999991834163
img_05811.jpg,-0.0266999993473291
img_02425.jpg,-0.217299997806549
img_03661.jpg,0.198400005698204
img_05205_mirrored.jpg,0.0408000014722347
img_08915.jpg,-0.0513000003993511
img_12277_mirrored.jpg,-0.1790000051259994
img_12478.jpg,0.0041999998502433
img_03005_mirrored.jpg,0.1509000062942505
img_03387_mirrored.jpg,0.2293000072240829
img_09887_mirrored.jpg,0.0995000004768371
img_13830.jpg,0.0362999998033046
img_09003.jpg,0.0187999997287988
img_01058_mirrored.jpg,0.0162000004202127
img_06514.jpg,-0.048200000077486
img_11074.jpg,-0.0524000003933906
img_05960.jpg,-0.1403000056743621
img_00719_mirrored.jpg,0.1905999928712844
img_02036.jpg,0.0156999994069337
img_00726.jpg,-0.0428999997675418
img_11999_mirrored.jpg,-0.0104999998584389
img_00834_mirrored.jpg,0.150299996137619
img_02807_mirrored.jpg,0.0204000007361173
img_05049_mirrored.jpg,0.0564999990165233
img_00388.jpg,-0.2836999893188476
img_05752_mirrored.jpg,0.0277999993413686
img_03313_mirrored.jpg,0.0759000033140182
img_06941.jpg,-0.0989999994635582
img_05111.jpg,0.0198999997228384
img_06857.jpg,-0.1958000063896179
img_01592.jpg,0.0835999995470047
img_00925.jpg,-0.2004999965429306
img_05817_mirrored.jpg,0.157600000500679
img_10982_mirrored.jpg,-0.0366999991238117
img_09113.jpg,-0.0308999996632337
img_12381_mirrored.jpg,-0.1554999947547912
img_11022.jpg,-0.0833000019192695
img_14528.jpg,-0.1524000018835067
img_00628.jpg,0.13680000603199
img_00545.jpg,-0.0104999998584389
img_09037.jpg,-0.0031000000890344
img_13246_mirrored.jpg,-0.157600000500679
img_02932.jpg,-0.2912000119686126
img_13403.jpg,-0.0020999999251216
img_11286_mirrored.jpg,0.3142000138759613
img_10793_mirrored.jpg,0.1240999996662139
img_05461_mirrored.jpg,0.3142000138759613
img_13587.jpg,-0.2795999944210052
img_07657.jpg,-0.060199998319149
img_08739.jpg,-0.063400000333786
img_03997_mirrored.jpg,0.2680999934673309
img_08394.jpg,-0.2617999911308288
img_03838.jpg,-0.1429000049829483
img_13150.jpg,-0.3142000138759613
img_02753.jpg,-0.0262000001966953
img_00211_mirrored.jpg,0.0256999991834163
img_00474.jpg,-0.3142000138759613
img_05174_mirrored.jpg,0.09009999781847
img_07145_mirrored.jpg,0.0219999998807907
img_08963_mirrored.jpg,-0.0147000001743435
img_12364_mirrored.jpg,-0.0524000003933906
img_12789_mirrored.jpg,0.0063000000081956
img_07520.jpg,-0.0266999993473291
img_02659_mirrored.jpg,-0.1717000007629394
img_02670_mirrored.jpg,-0.0230000000447034
img_13216_mirrored.jpg,-0.2549999952316284
img_08745.jpg,-0.209999993443489
img_13569_mirrored.jpg,0.3142000138759613
img_11097.jpg,-0.0922000035643577
img_07330_mirrored.jpg,0.1655000001192093
img_04379.jpg,-0.2125999927520752
img_01531_mirrored.jpg,-0.1659000068902969
img_11769_mirrored.jpg,0.274399995803833
img_00233.jpg,-0.0544999986886978
img_02046_mirrored.jpg,0.0073000001721084
img_07387.jpg,-0.3142000138759613
img_15038_mirrored.jpg,-0.5235999822616577
img_14075.jpg,-0.0318999998271465
img_02366_mirrored.jpg,0.2366999983787536
img_12304_mirrored.jpg,-0.0266999993473291
img_09992_mirrored.jpg,0.0063000000081956
img_14790.jpg,-0.5235999822616577
img_13340.jpg,-0.018300000578165
img_11384.jpg,-0.048700001090765
img_00260.jpg,-0.0617999993264675
img_01092.jpg,-0.0041999998502433
img_02743_mirrored.jpg,0.2089000046253204
img_00243_mirrored.jpg,-0.0046999999321997
img_00134.jpg,0.0346000008285045
img_11358_mirrored.jpg,0.033500000834465
img_07061.jpg,0.0230000000447034
img_09332.jpg,-0.3142000138759613
img_14797_mirrored.jpg,0.5235999822616577
img_07575.jpg,0.1623000055551529
img_14172.jpg,0.0597000010311603
img_13315_mirrored.jpg,-0.1508000046014785
img_02499.jpg,-0.3142000138759613
img_01329_mirrored.jpg,0.1601999998092651
img_07268.jpg,0.0696000009775161
img_08848.jpg,-0.3142000138759613
img_03508.jpg,-0.3142000138759613
img_02160.jpg,0.1110000014305114
img_10682.jpg,-0.1774999946355819
img_10625.jpg,-0.1036999970674514
img_11651_mirrored.jpg,0.2408999949693679
img_08861.jpg,-0.3142000138759613
img_06343.jpg,-0.1623000055551529
img_09025_mirrored.jpg,0.0057999999262392
img_06403_mirrored.jpg,0.3136000037193298
img_14786.jpg,-0.5235999822616577
img_01140.jpg,-0.0685999989509582
img_14837_mirrored.jpg,0.5235999822616577
img_00778.jpg,-0.0423999987542629
img_09637_mirrored.jpg,0.0724000036716461
img_11093.jpg,-0.0847999975085258
img_08507.jpg,0.0564000010490417
img_13428.jpg,-0.1089000031352043
img_09990.jpg,-0.0063000000081956
img_08262.jpg,-0.0465999990701675
img_11124_mirrored.jpg,0.100500002503395
img_05594.jpg,-0.0355999991297721
img_07736.jpg,-0.1036999970674514
img_06988.jpg,-0.0297999996691942
img_13338_mirrored.jpg,-0.033500000834465
img_11038_mirrored.jpg,-0.2026000022888183
img_13308_mirrored.jpg,-0.1410000026226043
img_10827_mirrored.jpg,0.049600001424551
img_11368_mirrored.jpg,0.0031000000890344
img_01875.jpg,-0.3142000138759613
img_07238_mirrored.jpg,-0.0031000000890344
img_13881_mirrored.jpg,0.0471000000834465
img_12444.jpg,0.1445000022649765
img_05996.jpg,-0.0878000035881996
img_08539_mirrored.jpg,-0.1853999942541122
img_13217.jpg,0.2220000028610229
img_04296_mirrored.jpg,0.0806000009179115
img_08442_mirrored.jpg,0.0852999985218048
img_00320.jpg,-0.1554999947547912
img_08254_mirrored.jpg,0.1031000018119812
img_04925.jpg,-0.1659999936819076
img_03644.jpg,0.1256999969482422
img_07611_mirrored.jpg,-0.1958000063896179
img_02697.jpg,-0.0351000018417835
img_12751_mirrored.jpg,-0.0617999993264675
img_11135_mirrored.jpg,0.0491999983787536
img_05877.jpg,-0.1160999983549118
img_05446.jpg,-0.1465000063180923
img_12657_mirrored.jpg,0.2236000001430511
img_13361_mirrored.jpg,0.0147000001743435
img_01387_mirrored.jpg,0.3142000138759613
img_12402.jpg,0.0754000023007392
img_09000.jpg,0.0098999999463558
img_08534.jpg,-0.0089999996125698
img_04699_mirrored.jpg,0.0152000002562999
img_11033.jpg,0.1413999944925308
img_08827.jpg,-0.1623000055551529
img_05095_mirrored.jpg,0.018300000578165
img_14523.jpg,-0.2723000049591064
img_03776_mirrored.jpg,-0.0141000002622604
img_01140_mirrored.jpg,0.0685999989509582
img_08691.jpg,-0.0078999996185302
img_05545.jpg,0.0115000000223517
img_10581_mirrored.jpg,0.0627999976277351
img_11154_mirrored.jpg,0.1565999984741211
img_12043_mirrored.jpg,-0.0644000023603439
img_03629.jpg,0.2424000054597854
img_08831.jpg,-0.1482000052928924
img_13711.jpg,0.0236000008881092
img_02252_mirrored.jpg,0.0496999993920326
img_06177.jpg,-0.0187999997287988
img_01092_mirrored.jpg,0.0041999998502433
img_10242_mirrored.jpg,0.18019999563694
img_14699.jpg,-0.0215000007301569
img_05964_mirrored.jpg,0.0983999967575073
img_09900.jpg,-0.2748999893665313
img_01527_mirrored.jpg,-0.0308999996632337
img_04984_mirrored.jpg,0.0952999964356422
img_05143.jpg,-0.0037000000011175
img_08895_mirrored.jpg,-0.0115000000223517
img_10238.jpg,-0.1387999951839447
img_08124_mirrored.jpg,0.0109999999403953
img_07214_mirrored.jpg,-0.0126000000163912
img_11112.jpg,0.1141000017523765
img_04168_mirrored.jpg,0.0623000003397464
img_03800_mirrored.jpg,0.032999999821186
img_14142_mirrored.jpg,-0.0800999999046325
img_13735_mirrored.jpg,0.0037000000011175
img_01790_mirrored.jpg,0.0408000014722347
img_06621_mirrored.jpg,-0.0737999975681305
img_09544.jpg,0.0659999996423721
img_09343_mirrored.jpg,0.1141000017523765
img_07133_mirrored.jpg,-0.0680999979376792
img_06909.jpg,-0.3142000138759613
img_05108.jpg,0.0236000008881092
img_06044_mirrored.jpg,-0.0083999997004866
img_06457.jpg,-0.1330000013113021
img_08907.jpg,-0.2822000086307525
img_09278_mirrored.jpg,0.191100001335144
img_04765.jpg,-0.0230000000447034
img_10237_mirrored.jpg,0.1324999928474426
img_06120.jpg,-0.0037000000011175
img_00477_mirrored.jpg,0.3142000138759613
img_08087.jpg,-0.0386999994516372
img_05098_mirrored.jpg,-0.0083999997004866
img_10148_mirrored.jpg,0.0131000000983476
img_13938_mirrored.jpg,0.0445000007748603
img_08846_mirrored.jpg,0.3142000138759613
img_13953.jpg,-0.1381999999284744
img_01072_mirrored.jpg,-0.0230000000447034
img_11805_mirrored.jpg,-0.0194000005722045
img_11873_mirrored.jpg,0.002600000007078
img_10624_mirrored.jpg,0.0948000028729438
img_13489.jpg,-0.1110000014305114
img_14671.jpg,-0.0031000000890344
img_00445_mirrored.jpg,0.0215000007301569
img_13458_mirrored.jpg,0.1717000007629394
img_06153_mirrored.jpg,-0.0204000007361173
img_11612_mirrored.jpg,0.1639000028371811
img_09790.jpg,-0.3142000138759613
img_07553_mirrored.jpg,0.1189000010490417
img_13552.jpg,-0.3142000138759613
img_04414_mirrored.jpg,0.2926999926567077
img_08509_mirrored.jpg,-0.0971999987959861
img_04775.jpg,-0.0078999996185302
img_03501.jpg,-0.3142000138759613
img_05590.jpg,0.1643999963998794
img_13288.jpg,0.0948000028729438
img_11729_mirrored.jpg,0.1141000017523765
img_01497_mirrored.jpg,0.0293000005185604
img_01957_mirrored.jpg,0.1015999987721443
img_10792.jpg,-0.1565999984741211
img_09582.jpg,0.1172999963164329
img_12697_mirrored.jpg,0.1700000017881393
img_03712.jpg,-0.0456000007688999
img_09784.jpg,-0.3142000138759613
img_08940_mirrored.jpg,-0.0204000007361173
img_14081_mirrored.jpg,0.3142000138759613
img_10068_mirrored.jpg,0.0126000000163912
img_01659.jpg,0.0612999983131885
img_09774.jpg,-0.0988000035285949
img_02636_mirrored.jpg,-0.1597000062465667
img_14120_mirrored.jpg,-0.0173000004142522
img_01277.jpg,0.0542000010609626
img_07849_mirrored.jpg,0.3079000115394592
img_07784_mirrored.jpg,0.1403000056743621
img_04995_mirrored.jpg,0.1093000024557113
img_06652.jpg,0.0577999986708164
img_11166.jpg,-0.1597000062465667
img_08123_mirrored.jpg,0.008899999782443
img_02154.jpg,0.0194000005722045
img_10622.jpg,-0.066500000655651
img_10810_mirrored.jpg,0.3043999969959259
img_09239_mirrored.jpg,0.0612999983131885
img_03051_mirrored.jpg,-0.0167999994009733
img_11894.jpg,-0.0031000000890344
img_08785.jpg,-0.1597000062465667
img_05988.jpg,-0.1288000047206878
img_03526.jpg,-0.018300000578165
img_08455.jpg,-0.0480000004172325
img_09470.jpg,-0.0297999996691942
img_00052.jpg,0.0073000001721084
img_04846_mirrored.jpg,0.1449999958276748
img_04402_mirrored.jpg,0.1291999965906143
img_06420_mirrored.jpg,0.1110000014305114
img_01329.jpg,-0.1601999998092651
img_04116.jpg,-0.0073000001721084
img_01817.jpg,-0.1471000015735626
img_04758_mirrored.jpg,0.093699999153614
img_07496.jpg,-0.0194000005722045
img_05639.jpg,0.1482000052928924
img_03774_mirrored.jpg,-0.0073000001721084
img_10695.jpg,-0.1571000069379806
img_07771_mirrored.jpg,0.1987999975681305
img_09191.jpg,-0.0711999982595443
img_03228_mirrored.jpg,-0.1617999970912933
img_04444_mirrored.jpg,0.1240999996662139
img_14874.jpg,-0.5235999822616577
img_01368_mirrored.jpg,0.176499992609024
img_14846_mirrored.jpg,0.5235999822616577
img_14584.jpg,0.0156999994069337
img_10339.jpg,-0.0152000002562999
img_02782.jpg,-0.0745000019669532
img_12775_mirrored.jpg,-0.0245999991893768
img_08465_mirrored.jpg,0.032999999821186
img_11205_mirrored.jpg,0.3142000138759613
img_03846.jpg,-0.1680999994277954
img_00662.jpg,0.0297999996691942
img_03498_mirrored.jpg,0.3142000138759613
img_10787_mirrored.jpg,0.2727999985218048
img_07576_mirrored.jpg,-0.1958000063896179
img_08766.jpg,-0.1817000061273574
img_06590_mirrored.jpg,-0.1873999983072281
img_06483_mirrored.jpg,0.3142000138759613
img_05521_mirrored.jpg,-0.018300000578165
img_06408_mirrored.jpg,0.3142000138759613
img_14818.jpg,-0.5235999822616577
img_05237.jpg,0.1879999935626983
img_08625_mirrored.jpg,0.0355999991297721
img_03280.jpg,-0.0152000002562999
img_02448_mirrored.jpg,0.3142000138759613
img_11596_mirrored.jpg,0.2236000001430511
img_06477_mirrored.jpg,0.3142000138759613
img_03125_mirrored.jpg,0.0037000000011175
img_09636_mirrored.jpg,0.0659999996423721
img_08888_mirrored.jpg,0.0995000004768371
img_12963_mirrored.jpg,0.0952999964356422
img_02999_mirrored.jpg,0.0461000017821788
img_11140_mirrored.jpg,0.0728000029921531
img_02213_mirrored.jpg,-0.1922000050544738
img_05568_mirrored.jpg,0.0308999996632337
img_12417_mirrored.jpg,0.0538999997079372
img_05453.jpg,-0.3142000138759613
img_05153.jpg,-0.0031000000890344
img_06877_mirrored.jpg,0.2309000045061111
img_09453.jpg,0.2606000006198883
img_08493_mirrored.jpg,0.0283000003546476
img_07781.jpg,-0.1397999972105026
img_04536_mirrored.jpg,0.0859000012278556
img_00496_mirrored.jpg,0.0297999996691942
img_04540_mirrored.jpg,0.0524000003933906
img_04766_mirrored.jpg,0.0126000000163912
img_10200_mirrored.jpg,0.0456000007688999
img_01950_mirrored.jpg,0.244499996304512
img_14784.jpg,-0.5235999822616577
img_13304.jpg,0.0386999994516372
img_05695_mirrored.jpg,0.0141000002622604
img_06350.jpg,-0.1292999982833862
img_07422.jpg,-0.2524000108242035
img_05995.jpg,-0.0653999969363212
img_13350_mirrored.jpg,0.0456000007688999
img_01095.jpg,-0.0031000000890344
img_09588.jpg,0.0251000002026557
img_13979_mirrored.jpg,0.1833000034093856
img_13859.jpg,-0.0152000002562999
img_10717.jpg,-0.2754000127315521
img_08948_mirrored.jpg,0.0120000001043081
img_08087_mirrored.jpg,0.0386999994516372
img_04672_mirrored.jpg,-0.0957999974489212
img_11322_mirrored.jpg,0.0236000008881092
img_11207_mirrored.jpg,0.3142000138759613
img_10748_mirrored.jpg,0.2998999953269958
img_01900.jpg,-0.1659999936819076
img_10910.jpg,0.0266999993473291
img_03589_mirrored.jpg,-0.1744000017642974
img_01944.jpg,-0.3142000138759613
img_08132.jpg,-0.0423999987542629
img_06480_mirrored.jpg,0.3142000138759613
img_09130.jpg,0.1203000023961067
img_08736.jpg,-0.0256999991834163
img_08565_mirrored.jpg,-0.1518000066280365
img_09825_mirrored.jpg,0.3039999902248382
img_11099_mirrored.jpg,0.0800999999046325
img_11483.jpg,-0.048200000077486
img_09528_mirrored.jpg,-0.2146999984979629
img_05614.jpg,0.191100001335144
img_00113_mirrored.jpg,0.0126000000163912
img_05953_mirrored.jpg,0.2885000109672546
img_02549_mirrored.jpg,-0.263399988412857
img_09188_mirrored.jpg,0.0308999996632337
img_11888_mirrored.jpg,0.0031000000890344
img_02965_mirrored.jpg,0.1659999936819076
img_02353_mirrored.jpg,0.1544999927282333
img_05782.jpg,-0.093699999153614
img_08816_mirrored.jpg,0.3142000138759613
img_03247_mirrored.jpg,0.017799999564886
img_00190_mirrored.jpg,-0.1633999943733215
img_06843.jpg,0.0297999996691942
img_04275.jpg,-0.0445000007748603
img_05333.jpg,-0.0744000002741813
img_08000.jpg,-0.0083999997004866
img_06648_mirrored.jpg,-0.0152000002562999
img_05004.jpg,-0.2664999961853027
img_05567.jpg,-0.0262000001966953
img_12709_mirrored.jpg,-0.0272000003606081
img_15071_mirrored.jpg,-0.5235999822616577
img_07418_mirrored.jpg,0.2989999949932098
img_10756_mirrored.jpg,0.3142000138759613
img_04577_mirrored.jpg,0.013600000180304
img_14447_mirrored.jpg,0.1041999980807304
img_09407.jpg,-0.3142000138759613
img_03929_mirrored.jpg,0.3142000138759613
img_05673_mirrored.jpg,-0.0313999988138675
img_09020_mirrored.jpg,0.006800000090152
img_13954_mirrored.jpg,0.1449999958276748
img_05478.jpg,-0.0266999993473291
img_04821.jpg,-0.0215000007301569
img_06224.jpg,-0.0800999999046325
img_03427.jpg,-0.3142000138759613
img_09443.jpg,-0.0147000001743435
img_01025_mirrored.jpg,-0.0147000001743435
img_06177_mirrored.jpg,0.0187999997287988
img_01414.jpg,-0.1702000051736831
img_08236_mirrored.jpg,-0.093199998140335
img_09321_mirrored.jpg,0.2293000072240829
img_02639.jpg,0.1089000031352043
img_00170.jpg,-0.0346000008285045
img_03564_mirrored.jpg,-0.0266999993473291
img_09267.jpg,-0.1613000035285949
img_03745.jpg,-0.1685999929904937
img_15029_mirrored.jpg,-0.5235999822616577
img_04577.jpg,-0.013600000180304
img_04776.jpg,-0.006800000090152
img_12936.jpg,-0.0351000018417835
img_06536_mirrored.jpg,-0.1784999966621399
img_02982_mirrored.jpg,0.1466999948024749
img_00349.jpg,-0.3142000138759613
img_03316.jpg,-0.0879999995231628
img_02648.jpg,0.0310999993234872
img_08139_mirrored.jpg,0.0283000003546476
img_02578.jpg,0.121799997985363
img_07113.jpg,-0.0225000008940696
img_14754.jpg,-0.5235999822616577
img_09776_mirrored.jpg,0.1560000032186508
img_11627_mirrored.jpg,0.1439999938011169
img_10602.jpg,-0.0020999999251216
img_08391_mirrored.jpg,0.2942999899387359
img_06387.jpg,-0.3142000138759613
img_02078_mirrored.jpg,-0.0236000008881092
img_06896.jpg,-0.3142000138759613
img_15147_mirrored.jpg,-0.5235999822616577
img_01953.jpg,-0.1565999984741211
img_14937_mirrored.jpg,0.5235999822616577
img_04290.jpg,-0.0842999964952468
img_08498.jpg,-0.0187999997287988
img_08574.jpg,-0.0230000000447034
img_05916.jpg,-0.3142000138759613
img_04926.jpg,-0.1788000017404556
img_10476_mirrored.jpg,-0.1853999942541122
img_03513_mirrored.jpg,0.1571000069379806
img_08599_mirrored.jpg,-0.0258000008761882
img_09118.jpg,-0.0816999971866607
img_05386_mirrored.jpg,0.3142000138759613
img_00575.jpg,-0.09740000218153
img_03391.jpg,-0.130400002002716
img_14768_mirrored.jpg,0.5235999822616577
img_10790.jpg,-0.2204000055789947
img_02133_mirrored.jpg,0.0031000000890344
img_11365.jpg,-0.008899999782443
img_10887.jpg,0.1026000007987022
img_11050.jpg,-0.0769999995827674
img_03834.jpg,-0.1534000039100647
img_14321_mirrored.jpg,0.2125999927520752
img_08054.jpg,-0.0037000000011175
img_08317_mirrored.jpg,0.263399988412857
img_10758.jpg,-0.3142000138759613
img_09283_mirrored.jpg,0.3142000138759613
img_14572.jpg,-0.2450000047683715
img_05787_mirrored.jpg,0.0983999967575073
img_01314.jpg,-0.093699999153614
img_07962.jpg,0.0262000001966953
img_09958_mirrored.jpg,-0.0397999994456768
img_08608_mirrored.jpg,-0.1172999963164329
img_13808.jpg,-0.0346000008285045
img_05681.jpg,0.1141000017523765
img_08436_mirrored.jpg,0.3142000138759613
img_07181_mirrored.jpg,-0.0851999968290329
img_06993_mirrored.jpg,-0.0219999998807907
img_00997_mirrored.jpg,-0.0245999991893768
img_13127_mirrored.jpg,0.3120999932289123
img_02909_mirrored.jpg,0.1356000006198883
img_10272_mirrored.jpg,0.3142000138759613
img_06486_mirrored.jpg,0.3142000138759613
img_03224_mirrored.jpg,-0.1918999999761581
img_09821.jpg,-0.3142000138759613
img_11486.jpg,-0.0597000010311603
img_09796_mirrored.jpg,0.3142000138759613
img_01511.jpg,-0.0790999978780746
img_06436.jpg,-0.3142000138759613
img_13787_mirrored.jpg,-0.1086999997496604
img_05172_mirrored.jpg,0.1115000024437904
img_01917_mirrored.jpg,0.3142000138759613
img_08404_mirrored.jpg,0.024100000038743
img_06287.jpg,0.0957999974489212
img_04873_mirrored.jpg,0.1550000011920929
img_08023.jpg,-0.0120000001043081
img_12217_mirrored.jpg,0.3142000138759613
img_13732.jpg,-0.0057999999262392
img_00960_mirrored.jpg,0.2563999891281128
img_14542_mirrored.jpg,0.0269000008702278
img_08756.jpg,-0.1371999979019165
img_04858.jpg,-0.1780000030994415
img_07083_mirrored.jpg,0.0031000000890344
img_11515_mirrored.jpg,-0.0659999996423721
img_12372_mirrored.jpg,-0.096900001168251
img_00560.jpg,0.1811999976634979
img_02303_mirrored.jpg,0.0812000036239624
img_06100_mirrored.jpg,0.0063000000081956
img_01777.jpg,-0.067500002682209
img_02096_mirrored.jpg,0.0057999999262392
img_04852.jpg,-0.1643999963998794
img_06662.jpg,0.0775000005960464
img_10287.jpg,-0.2601999938488006
img_13326.jpg,0.0533999986946582
img_07659.jpg,-0.0524000003933906
img_02028.jpg,-0.123599998652935
img_03464.jpg,-0.2538999915122986
img_03555.jpg,0.2800999879837036
img_08914_mirrored.jpg,0.0744000002741813
img_01304_mirrored.jpg,0.0826999992132186
img_13239.jpg,0.0790999978780746
img_04351_mirrored.jpg,0.1413999944925308
img_11167.jpg,-0.1560000032186508
img_04570_mirrored.jpg,0.0219999998807907
img_11568_mirrored.jpg,0.0419000014662742
img_08282_mirrored.jpg,0.1601999998092651
img_14519_mirrored.jpg,0.3142000138759613
img_01338_mirrored.jpg,0.1606999933719635
img_13911_mirrored.jpg,-0.0806000009179115
img_06095.jpg,-0.0073000001721084
img_11097_mirrored.jpg,0.0922000035643577
img_08645.jpg,0.0041999998502433
img_10125_mirrored.jpg,-0.006800000090152
img_05472_mirrored.jpg,0.2020999938249588
img_06912.jpg,-0.3142000138759613
img_00568_mirrored.jpg,0.0920000001788139
img_14014_mirrored.jpg,0.3142000138759613
img_08632_mirrored.jpg,0.0555000007152557
img_02857.jpg,-0.1407999992370605
img_08218_mirrored.jpg,0.0800999999046325
img_10153_mirrored.jpg,0.0126000000163912
img_13455.jpg,-0.0895000025629997
img_05226.jpg,0.0230000000447034
img_03387.jpg,-0.2293000072240829
img_06136_mirrored.jpg,0.0204000007361173
img_08265.jpg,-0.0606999993324279
img_10782.jpg,-0.3142000138759613
img_05998.jpg,-0.1844000071287155
img_10515.jpg,0.0732999965548515
img_04827.jpg,-0.0825999975204467
img_15172_mirrored.jpg,-0.5235999822616577
img_01966_mirrored.jpg,-0.008899999782443
img_07891_mirrored.jpg,0.228300005197525
img_05018.jpg,-0.1333999931812286
img_13711_mirrored.jpg,-0.0236000008881092
img_07082_mirrored.jpg,0.0037000000011175
img_00219_mirrored.jpg,-0.0109999999403953
img_10738.jpg,-0.1419000029563903
img_07010.jpg,-0.1151999980211258
img_07474.jpg,0.0131000000983476
img_07981_mirrored.jpg,0.1115000024437904
img_14353_mirrored.jpg,0.0109999999403953
img_04564.jpg,0.176499992609024
img_03689.jpg,0.0864000022411346
img_04074_mirrored.jpg,-0.1182999983429908
img_04785.jpg,0.0187999997287988
img_01377.jpg,-0.1695999950170517
img_00884.jpg,-0.1429000049829483
img_12676.jpg,-0.228300005197525
img_01214.jpg,-0.0885000005364418
img_08584_mirrored.jpg,-0.1905999928712844
img_05140.jpg,-0.0037000000011175
img_06913_mirrored.jpg,0.3088999986648559
img_02446.jpg,-0.3142000138759613
img_00409_mirrored.jpg,0.1240999996662139
img_13146_mirrored.jpg,0.3142000138759613
img_00770_mirrored.jpg,0.0324999988079071
img_15114.jpg,0.5235999822616577
img_08653.jpg,0.1115000024437904
img_09165.jpg,-0.0215000007301569
img_07481.jpg,-0.0194000005722045
img_08810_mirrored.jpg,0.3142000138759613
img_09077_mirrored.jpg,-0.0225000008940696
img_07283_mirrored.jpg,0.0983999967575073
img_12751.jpg,0.0617999993264675
img_14811_mirrored.jpg,0.5235999822616577
img_01584.jpg,-0.1272000074386596
img_08881_mirrored.jpg,0.2351000010967254
img_07247_mirrored.jpg,0.0922000035643577
img_09741_mirrored.jpg,0.1853999942541122
img_04452_mirrored.jpg,0.3010999858379364
img_05454.jpg,-0.3142000138759613
img_11845.jpg,0.024100000038743
img_04289_mirrored.jpg,0.0763999968767166
img_05577_mirrored.jpg,0.0078999996185302
img_11966.jpg,0.0571000017225742
img_04696.jpg,0.0304000005125999
img_04261.jpg,-0.0115000000223517
img_01552.jpg,-0.0225000008940696
img_14086_mirrored.jpg,0.3142000138759613
img_12299_mirrored.jpg,0.0109999999403953
img_03208_mirrored.jpg,0.0795999988913536
img_06565_mirrored.jpg,-0.1806000024080276
img_09186_mirrored.jpg,0.0048000002279877
img_14514.jpg,-0.2414000034332275
img_05442.jpg,-0.1194000020623207
img_05296.jpg,-0.0926999971270561
img_08349.jpg,-0.2470999956130981
img_05843.jpg,-0.1847999989986419
img_10490_mirrored.jpg,-0.1360999941825866
img_04714.jpg,-0.0592000000178813
img_02653_mirrored.jpg,-0.1712000072002411
img_02161_mirrored.jpg,-0.1089000031352043
img_01362_mirrored.jpg,0.3073999881744385
img_07449_mirrored.jpg,0.3142000138759613
img_12564.jpg,-0.1633999943733215
img_01810.jpg,-0.2120999991893768
img_01474_mirrored.jpg,0.3142000138759613
img_04307.jpg,0.0881000012159347
img_02095_mirrored.jpg,0.0057999999262392
img_10388_mirrored.jpg,0.0680999979376792
img_07680.jpg,0.1246000006794929
img_02457_mirrored.jpg,0.2538999915122986
img_08486.jpg,0.1449999958276748
img_14058_mirrored.jpg,0.3142000138759613
img_07788_mirrored.jpg,0.1429000049829483
img_10013_mirrored.jpg,0.0037000000011175
img_08149.jpg,-0.0549999997019767
img_06069.jpg,-0.0225000008940696
img_05033_mirrored.jpg,-0.0198999997228384
img_06020_mirrored.jpg,0.0104999998584389
img_07096_mirrored.jpg,0.0037000000011175
img_12118.jpg,-0.2973999977111816
img_03254.jpg,0.0093999998643994
img_09935.jpg,-0.0386999994516372
img_13695.jpg,0.0507999993860721
img_05271_mirrored.jpg,0.0496999993920326
img_13071.jpg,-0.3142000138759613
img_11731.jpg,-0.100500002503395
img_11345_mirrored.jpg,-0.2303999960422516
img_14872_mirrored.jpg,0.5235999822616577
img_01188.jpg,-0.0785000026226043
img_13857.jpg,-0.0230000000447034
img_03814.jpg,-0.0194000005722045
img_02482_mirrored.jpg,0.3142000138759613
img_11170.jpg,-0.1780000030994415
img_04953_mirrored.jpg,0.3142000138759613
img_13661_mirrored.jpg,0.0922000035643577
img_01970_mirrored.jpg,0.1335999965667724
img_09430_mirrored.jpg,0.0617999993264675
img_01870_mirrored.jpg,0.1858000010251999
img_04874_mirrored.jpg,0.1587000042200088
img_05748_mirrored.jpg,0.0775000005960464
img_00768.jpg,-0.0423999987542629
img_11188.jpg,-0.2953000068664551
img_00288_mirrored.jpg,0.1000000014901161
img_13509.jpg,-0.0366999991238117
img_05014.jpg,-0.0277999993413686
img_06485.jpg,-0.3142000138759613
img_07637_mirrored.jpg,-0.093199998140335
img_01164.jpg,-0.0083999997004866
img_01927_mirrored.jpg,0.3142000138759613
img_13260_mirrored.jpg,0.0873999968171119
img_11453_mirrored.jpg,0.032999999821186
img_12612_mirrored.jpg,0.2245000004768371
img_12144.jpg,-0.3142000138759613
img_12402_mirrored.jpg,-0.0754000023007392
img_02598_mirrored.jpg,0.0962999984622001
img_04566_mirrored.jpg,-0.0864000022411346
img_09576.jpg,0.0723000019788742
img_03135_mirrored.jpg,0.0031000000890344
img_15171_mirrored.jpg,-0.5235999822616577
img_08423_mirrored.jpg,0.3142000138759613
img_05956.jpg,-0.2707000076770782
img_01494_mirrored.jpg,0.1110000014305114
img_07610.jpg,0.1889999955892563
img_11578.jpg,-0.0351000018417835
img_06305.jpg,-0.1041999980807304
img_08387_mirrored.jpg,0.3142000138759613
img_02585_mirrored.jpg,-0.1020999997854232
img_01074.jpg,0.0194000005722045
img_08954.jpg,-0.1146999970078468
img_10338_mirrored.jpg,0.0277999993413686
img_10271.jpg,-0.3142000138759613
img_14379_mirrored.jpg,0.0340000018477439
img_01107.jpg,-0.0037000000011175
img_09647_mirrored.jpg,0.09740000218153
img_13828.jpg,-0.032999999821186
img_08472.jpg,0.0236000008881092
img_01501.jpg,0.013600000180304
img_08840_mirrored.jpg,0.3142000138759613
img_13529_mirrored.jpg,0.3142000138759613
img_03884_mirrored.jpg,0.0812000036239624
img_12568.jpg,0.0445000007748603
img_11760_mirrored.jpg,0.032999999821186
img_11343_mirrored.jpg,-0.1451999992132187
img_05174.jpg,-0.09009999781847
img_01236_mirrored.jpg,0.0313999988138675
img_04211_mirrored.jpg,0.0639000013470649
img_07349.jpg,-0.1298999935388565
img_10829_mirrored.jpg,0.1181999966502189
img_04201.jpg,-0.0419000014662742
img_11984.jpg,-0.0910999998450279
img_06670.jpg,-0.0152000002562999
img_04562_mirrored.jpg,-0.210999995470047
img_01875_mirrored.jpg,0.3142000138759613
img_07742_mirrored.jpg,0.066500000655651
img_04680.jpg,0.0225000008940696
img_04163.jpg,-0.1046999990940094
img_12525.jpg,-0.1768999993801117
img_06736_mirrored.jpg,0.0052000000141561
img_06717.jpg,-0.2224999964237213
img_05385_mirrored.jpg,0.3142000138759613
img_05139.jpg,-0.0037000000011175
img_06173_mirrored.jpg,0.0120000001043081
img_01295_mirrored.jpg,0.093199998140335
img_06849.jpg,-0.0408000014722347
img_04066_mirrored.jpg,-0.0041999998502433
img_11995.jpg,0.0063000000081956
img_11241_mirrored.jpg,0.1089000031352043
img_09084_mirrored.jpg,-0.1067999973893165
img_14271_mirrored.jpg,-0.0617999993264675
img_09075.jpg,-0.0419000014662742
img_09333_mirrored.jpg,0.3142000138759613
img_12918_mirrored.jpg,0.0732999965548515
img_12454_mirrored.jpg,0.2277999967336654
img_12710.jpg,0.0266999993473291
img_10741_mirrored.jpg,0.153899997472763
img_12727_mirrored.jpg,0.1040000021457672
img_02798_mirrored.jpg,0.0346000008285045
img_06363_mirrored.jpg,0.3142000138759613
img_00283_mirrored.jpg,0.070200003683567
img_11463.jpg,0.1058000028133392
img_04990_mirrored.jpg,-0.0098999999463558
img_00926.jpg,-0.2067999988794326
img_01767.jpg,-0.0564999990165233
img_11956.jpg,-0.0821999981999397
img_06344.jpg,-0.1613000035285949
img_07398_mirrored.jpg,0.123599998652935
img_08466.jpg,-0.0272000003606081
img_10939_mirrored.jpg,0.002600000007078
img_13165.jpg,-0.3142000138759613
img_12110.jpg,-0.1430000066757202
img_08670.jpg,-0.2351000010967254
img_11165_mirrored.jpg,0.1617999970912933
img_00386.jpg,-0.2470999956130981
img_11471.jpg,0.033500000834465
img_01817_mirrored.jpg,0.1471000015735626
img_15103_mirrored.jpg,-0.5235999822616577
img_04533.jpg,-0.0586000010371208
img_02544.jpg,0.2029000073671341
img_00307_mirrored.jpg,0.1020999997854232
img_13365.jpg,0.0083999997004866
img_14956.jpg,0.0
img_00268_mirrored.jpg,-0.0769999995827674
img_00485_mirrored.jpg,0.0256999991834163
img_07495_mirrored.jpg,0.0219999998807907
img_09127.jpg,0.0432999990880489
img_06658_mirrored.jpg,-0.1130999997258186
img_04130_mirrored.jpg,0.0031000000890344
img_12740_mirrored.jpg,-0.0152000002562999
img_07526_mirrored.jpg,0.013600000180304
img_06253.jpg,-0.048700001090765
img_02448.jpg,-0.3142000138759613
img_06938.jpg,-0.1120999976992607
img_05509_mirrored.jpg,0.3142000138759613
img_04191_mirrored.jpg,0.0109999999403953
img_08359.jpg,-0.3142000138759613
img_12770_mirrored.jpg,-0.0063000000081956
img_14544.jpg,-0.1639000028371811
img_01485.jpg,-0.3142000138759613
img_02248.jpg,-0.0340000018477439
img_10761_mirrored.jpg,0.2896000146865845
img_02063_mirrored.jpg,0.0204000007361173
img_14256_mirrored.jpg,-0.0126000000163912
img_01852_mirrored.jpg,-0.0706999972462654
img_14257_mirrored.jpg,-0.0167999994009733
img_08373.jpg,-0.1833000034093856
img_04233_mirrored.jpg,-0.1758999973535537
img_10607.jpg,-0.0104999998584389
img_13502_mirrored.jpg,-0.0450000017881393
img_04927_mirrored.jpg,0.1986999958753585
img_11152.jpg,-0.1456000059843063
img_04028.jpg,0.0219999998807907
img_13839_mirrored.jpg,-0.2053000032901764
img_02459.jpg,-0.2319999933242797
img_07071.jpg,-0.0063000000081956
img_14376_mirrored.jpg,0.0386999994516372
img_10946_mirrored.jpg,0.0037000000011175
img_09835_mirrored.jpg,0.2973999977111816
img_04544_mirrored.jpg,0.024100000038743
img_14697_mirrored.jpg,0.0046999999321997
img_05073_mirrored.jpg,0.0073000001721084
img_11807_mirrored.jpg,-0.018300000578165
img_07544_mirrored.jpg,-0.1266999989748001
img_01590_mirrored.jpg,0.0065000001341104
img_04214.jpg,-0.0821999981999397
img_09917_mirrored.jpg,0.0057999999262392
img_02359_mirrored.jpg,0.1439999938011169
img_06863_mirrored.jpg,0.3142000138759613
img_05071_mirrored.jpg,0.006800000090152
img_07819_mirrored.jpg,-0.017799999564886
img_10107_mirrored.jpg,-0.0916000008583068
img_10257.jpg,-0.1942999958992004
img_14199.jpg,0.1136000007390976
img_02847.jpg,-0.1774999946355819
img_08380_mirrored.jpg,0.3142000138759613
img_10080_mirrored.jpg,0.0266999993473291
img_09486_mirrored.jpg,-0.1601999998092651
img_01730_mirrored.jpg,0.1915999948978424
img_01720_mirrored.jpg,-0.1046999990940094
img_08784.jpg,-0.1554999947547912
img_11381_mirrored.jpg,-0.1105000004172325
img_13079_mirrored.jpg,0.3142000138759613
img_15054_mirrored.jpg,-0.5235999822616577
img_01008_mirrored.jpg,0.0098999999463558
img_14087_mirrored.jpg,0.3142000138759613
img_09995.jpg,-0.0052000000141561
img_14575_mirrored.jpg,0.1120999976992607
img_13046_mirrored.jpg,0.2358999997377395
img_07978_mirrored.jpg,0.0531999990344047
img_13746_mirrored.jpg,0.0037000000011175
img_07811_mirrored.jpg,0.1606999933719635
img_04966.jpg,-0.2955999970436096
img_09885.jpg,-0.1680999994277954
img_15079.jpg,0.5235999822616577
img_00016_mirrored.jpg,-0.0245999991893768
img_14814_mirrored.jpg,0.5235999822616577
img_02518_mirrored.jpg,0.0040000001899898
img_08246.jpg,-0.070200003683567
img_07074_mirrored.jpg,0.0073000001721084
img_02950.jpg,-0.2245000004768371
img_12162_mirrored.jpg,0.3142000138759613
img_02408_mirrored.jpg,0.2460999935865402
img_02074.jpg,0.0098999999463558
img_01091_mirrored.jpg,0.0041999998502433
img_07756_mirrored.jpg,0.0351000018417835
img_00830.jpg,-0.1194000020623207
img_14615.jpg,-0.0073000001721084
img_00486_mirrored.jpg,-0.0162000004202127
img_07725_mirrored.jpg,-0.017799999564886
img_00841_mirrored.jpg,-0.0711999982595443
img_09797.jpg,-0.2723000049591064
img_10573.jpg,0.1278000026941299
img_09914.jpg,0.0162000004202127
img_02087_mirrored.jpg,-0.0194000005722045
img_13831_mirrored.jpg,-0.0597000010311603
img_05360.jpg,-0.1544999927282333
img_02260.jpg,-0.0386999994516372
img_08076_mirrored.jpg,0.0031000000890344
img_07714.jpg,-0.0063000000081956
img_13215_mirrored.jpg,-0.2858999967575073
img_12409_mirrored.jpg,0.0204000007361173
img_10524.jpg,0.0623000003397464
img_02996.jpg,-0.100500002503395
img_00622_mirrored.jpg,0.0120000001043081
img_09616_mirrored.jpg,-0.006800000090152
img_04578_mirrored.jpg,0.0109999999403953
img_09427_mirrored.jpg,0.0144999995827674
img_06125_mirrored.jpg,0.0031000000890344
img_06985_mirrored.jpg,0.0864000022411346
img_06341.jpg,-0.1554999947547912
img_12978.jpg,0.1130999997258186
img_05209_mirrored.jpg,0.0439999997615814
img_03821_mirrored.jpg,0.0883999988436698
img_07362.jpg,-0.3142000138759613
img_07044_mirrored.jpg,0.0251000002026557
img_00377_mirrored.jpg,0.3142000138759613
img_04496_mirrored.jpg,0.3142000138759613
img_14370.jpg,-0.032999999821186
img_14534.jpg,-0.0763999968767166
img_03136.jpg,-0.0031000000890344
img_04169.jpg,-0.0392999984323978
img_14003_mirrored.jpg,0.1272000074386596
img_14927.jpg,0.0
img_03440_mirrored.jpg,0.1367000043392181
img_02779.jpg,-0.0372000001370906
img_10878.jpg,-0.0083999997004866
img_02902.jpg,-0.2989999949932098
img_07332_mirrored.jpg,0.2046999931335449
img_14725.jpg,0.0680999979376792
img_12679.jpg,-0.3142000138759613
img_06871.jpg,-0.3142000138759613
img_10718_mirrored.jpg,0.3131999969482422
img_11281.jpg,-0.3142000138759613
img_03095.jpg,0.0230000000447034
img_14167_mirrored.jpg,0.0057999999262392
img_11143.jpg,-0.1010999977588653
img_11275.jpg,-0.0141000002622604
img_11126.jpg,-0.1031000018119812
img_02375.jpg,-0.2969000041484833
img_07091_mirrored.jpg,0.0037000000011175
img_10466.jpg,0.1853999942541122
img_00877.jpg,-0.3142000138759613
img_04015_mirrored.jpg,0.2748999893665313
img_02315_mirrored.jpg,0.0759000033140182
img_07695_mirrored.jpg,0.2240999937057495
img_08293.jpg,-0.1617999970912933
img_08562_mirrored.jpg,-0.1172999963164329
img_15082.jpg,0.5235999822616577
img_07382.jpg,-0.3142000138759613
img_14618.jpg,0.0198999997228384
img_01826_mirrored.jpg,0.1534000039100647
img_13329_mirrored.jpg,-0.0952999964356422
img_05376_mirrored.jpg,0.1528999954462051
img_14409_mirrored.jpg,0.1413999944925308
img_07221.jpg,-0.0381999984383583
img_03831.jpg,-0.1853999942541122
img_11712_mirrored.jpg,0.2020999938249588
img_11279_mirrored.jpg,0.3142000138759613
img_10034.jpg,-0.0606999993324279
img_11082_mirrored.jpg,0.0147000001743435
img_09692_mirrored.jpg,0.0366999991238117
img_09950_mirrored.jpg,-0.0751999989151954
img_11261_mirrored.jpg,0.3073999881744385
img_04999_mirrored.jpg,0.3142000138759613
img_01978_mirrored.jpg,0.2680999934673309
img_06788_mirrored.jpg,0.0304000005125999
img_12203_mirrored.jpg,0.1591999977827072
img_04330.jpg,-0.0847999975085258
img_05961_mirrored.jpg,0.1146999970078468
img_04006.jpg,-0.0324999988079071
img_13389.jpg,-0.2272000014781952
img_07676_mirrored.jpg,-0.0340000018477439
img_10609.jpg,-0.0063000000081956
img_05449.jpg,-0.2197999954223632
img_07097.jpg,-0.0037000000011175
img_02156.jpg,0.0434999987483024
img_12286.jpg,0.1360999941825866
img_14791_mirrored.jpg,0.5235999822616577
img_12887.jpg,-0.0764999985694885
img_06620_mirrored.jpg,-0.1041999980807304
img_07855.jpg,-0.1371999979019165
img_01910.jpg,-0.3142000138759613
img_08467_mirrored.jpg,0.0225000008940696
img_03619_mirrored.jpg,-0.1288000047206878
img_01218.jpg,-0.0639000013470649
img_01490_mirrored.jpg,0.2969000041484833
img_07768.jpg,-0.1127000004053115
img_00510.jpg,-0.0204000007361173
img_12120.jpg,-0.3142000138759613
img_01965_mirrored.jpg,-0.008899999782443
img_01283_mirrored.jpg,-0.1093999966979026
img_10951_mirrored.jpg,0.0037000000011175
img_02217_mirrored.jpg,-0.1554999947547912
img_14911_mirrored.jpg,0.5235999822616577
img_14141_mirrored.jpg,-0.0502000004053115
img_05436.jpg,-0.2921999990940094
img_11674_mirrored.jpg,0.1435000002384185
img_02839_mirrored.jpg,0.1482000052928924
img_02079_mirrored.jpg,-0.0251000002026557
img_04862.jpg,-0.1413999944925308
img_08190.jpg,-0.008899999782443
img_08512_mirrored.jpg,-0.1613000035285949
img_13156_mirrored.jpg,0.3142000138759613
img_07675_mirrored.jpg,-0.0173000004142522
img_08097_mirrored.jpg,0.1062999963760376
img_01632_mirrored.jpg,0.0187999997287988
img_14554.jpg,-0.2161999940872192
img_01494.jpg,-0.1110000014305114
img_07358_mirrored.jpg,0.2621000111103058
img_05402.jpg,-0.1208000034093856
img_10155.jpg,-0.0423999987542629
img_14752.jpg,-0.5235999822616577
img_03390.jpg,-0.1587000042200088
img_11148.jpg,-0.1240999996662139
img_08761_mirrored.jpg,0.1435000002384185
img_11649_mirrored.jpg,0.1821999996900558
img_03497_mirrored.jpg,0.3142000138759613
img_06579_mirrored.jpg,0.1156999990344047
img_08413.jpg,-0.3142000138759613
img_04745.jpg,0.0538999997079372
img_07890_mirrored.jpg,0.2456000000238418
img_07740.jpg,-0.0979000031948089
img_13647.jpg,0.0266999993473291
img_05189.jpg,0.0564999990165233
img_14560.jpg,-0.0293000005185604
img_10145_mirrored.jpg,0.0386999994516372
img_02887.jpg,-0.2930000126361847
img_08759_mirrored.jpg,0.1435000002384185
img_05527_mirrored.jpg,0.0093999998643994
img_06239_mirrored.jpg,-0.0073000001721084
img_11096.jpg,-0.093199998140335
img_08397_mirrored.jpg,0.2287999987602234
img_07702_mirrored.jpg,0.0538999997079372
img_02356.jpg,-0.164900004863739
img_11102.jpg,-0.0366999991238117
img_01443.jpg,-0.271699994802475
img_10252.jpg,-0.3041999936103821
img_07635.jpg,0.1162000000476837
img_11157_mirrored.jpg,0.157600000500679
img_04709_mirrored.jpg,0.0456000007688999
img_09638.jpg,-0.1333999931812286
img_04148_mirrored.jpg,0.0031000000890344
img_10967_mirrored.jpg,0.0496999993920326
img_06535_mirrored.jpg,-0.2188999950885772
img_12565.jpg,0.1010999977588653
img_02205_mirrored.jpg,-0.0245999991893768
img_07053_mirrored.jpg,-0.0126000000163912
img_14280.jpg,-0.0245999991893768
img_00747_mirrored.jpg,-0.0156999994069337
img_07802_mirrored.jpg,0.1120999976992607
img_05045_mirrored.jpg,0.0098999999463558
img_01833_mirrored.jpg,0.1791000068187713
img_11004.jpg,-0.0236000008881092
img_10427.jpg,-0.0187999997287988
img_01745_mirrored.jpg,0.0057999999262392
img_01116_mirrored.jpg,0.0031000000890344
img_05491.jpg,-0.3142000138759613
img_01768.jpg,-0.069300003349781
img_14546_mirrored.jpg,0.2687000036239624
img_13459.jpg,-0.1941000074148178
img_08554.jpg,0.2250999957323074
img_02288_mirrored.jpg,-0.0423999987542629
img_04991.jpg,0.0098999999463558
img_05886.jpg,-0.3142000138759613
img_00213_mirrored.jpg,0.0162000004202127
img_08619.jpg,-0.0162000004202127
img_13268.jpg,0.191100001335144
img_00910_mirrored.jpg,0.3142000138759613
img_01526.jpg,0.018300000578165
img_13160_mirrored.jpg,0.3142000138759613
img_03541.jpg,-0.0198999997228384
img_03360_mirrored.jpg,0.1623000055551529
img_12286_mirrored.jpg,-0.1360999941825866
img_01101_mirrored.jpg,0.0031000000890344
img_13004.jpg,-0.05180000141263
img_06684_mirrored.jpg,0.0471000000834465
img_10329_mirrored.jpg,0.2648999989032745
img_13099.jpg,-0.3142000138759613
img_09588_mirrored.jpg,-0.0251000002026557
img_09171.jpg,-0.0507999993860721
img_12395_mirrored.jpg,-0.093199998140335
img_06664.jpg,0.0381999984383583
img_00066_mirrored.jpg,-0.0215000007301569
img_07602_mirrored.jpg,-0.0115000000223517
img_02858_mirrored.jpg,0.1482000052928924
img_12464.jpg,-0.0251000002026557
img_10417_mirrored.jpg,-0.1240999996662139
img_07499.jpg,0.0131000000983476
img_07091.jpg,-0.0037000000011175
img_04729_mirrored.jpg,-0.002600000007078
img_07901.jpg,-0.3142000138759613
img_03638_mirrored.jpg,-0.1177999973297119
img_14318_mirrored.jpg,0.1019999980926513
img_06600.jpg,0.1620000004768371
img_09246.jpg,-0.1020999997854232
img_11109_mirrored.jpg,-0.0847999975085258
img_05227_mirrored.jpg,-0.0445000007748603
img_10854.jpg,-0.0131000000983476
img_12624.jpg,-0.3142000138759613
img_06817.jpg,-0.1806000024080276
img_07499_mirrored.jpg,-0.0131000000983476
img_12531.jpg,-0.1937000006437301
img_01548_mirrored.jpg,0.0236000008881092
img_02434.jpg,-0.1436000019311905
img_05498.jpg,-0.3142000138759613
img_13229.jpg,-0.0272000003606081
img_07299_mirrored.jpg,0.1036999970674514
img_10251_mirrored.jpg,0.3142000138759613
img_09052.jpg,-0.0031000000890344
img_11341.jpg,0.0590999983251094
img_04773_mirrored.jpg,0.0073000001721084
img_13286_mirrored.jpg,-0.1041999980807304
img_11793_mirrored.jpg,0.0194000005722045
img_14065_mirrored.jpg,0.2838000059127807
img_03151.jpg,-0.0461000017821788
img_07767_mirrored.jpg,0.0995000004768371
img_08184.jpg,0.0057999999262392
img_03658.jpg,0.1632000058889389
img_14629.jpg,0.0313999988138675
img_02432_mirrored.jpg,0.1220000013709068
img_12136.jpg,-0.0995000004768371
img_14333_mirrored.jpg,0.0083999997004866
img_09910.jpg,0.0219999998807907
img_12149_mirrored.jpg,0.2931999862194061
img_08083.jpg,-0.0037000000011175
img_11085.jpg,0.0041999998502433
img_06667_mirrored.jpg,0.0152000002562999
img_11076_mirrored.jpg,0.0507999993860721
img_02060.jpg,0.0644000023603439
img_03723_mirrored.jpg,-0.0063000000081956
img_11013_mirrored.jpg,0.0351000018417835
img_03253.jpg,0.0126000000163912
img_01441.jpg,-0.2937000095844269
img_06928.jpg,-0.3016000092029571
img_13437_mirrored.jpg,0.0297999996691942
img_13905.jpg,-0.0313999988138675
img_11909_mirrored.jpg,0.1115000024437904
img_12189.jpg,-0.3142000138759613
img_01366.jpg,-0.2204000055789947
img_05551_mirrored.jpg,-0.1650000065565109
img_10279_mirrored.jpg,0.2989999949932098
img_14000.jpg,-0.09009999781847
img_04956.jpg,-0.2712000012397766
img_12522_mirrored.jpg,0.0957999974489212
img_07045_mirrored.jpg,0.0251000002026557
img_09222.jpg,-0.1026000007987022
img_05518_mirrored.jpg,0.0403000004589557
img_06137.jpg,-0.0297999996691942
img_13843.jpg,0.1136000007390976
img_12431_mirrored.jpg,-0.0078999996185302
img_05016_mirrored.jpg,0.0627000033855438
img_08422_mirrored.jpg,0.3142000138759613
img_12103_mirrored.jpg,0.1554999947547912
img_08851_mirrored.jpg,0.2597000002861023
img_14859.jpg,-0.5235999822616577
img_10229.jpg,-0.1597000062465667
img_03841_mirrored.jpg,0.1429000049829483
img_06928_mirrored.jpg,0.3016000092029571
img_11953.jpg,-0.0581000000238418
img_12497.jpg,-0.096900001168251
img_05678_mirrored.jpg,-0.094200000166893
img_05096.jpg,-0.0141000002622604
img_05169.jpg,-0.0873999968171119
img_12253.jpg,0.0126000000163912
img_11388_mirrored.jpg,0.1189000010490417
img_14689.jpg,-0.0031000000890344
img_11070.jpg,-0.0445000007748603
img_12115.jpg,-0.2250999957323074
img_13778.jpg,-0.0852999985218048
img_10367_mirrored.jpg,0.3142000138759613
img_11226.jpg,-0.3142000138759613
img_14408.jpg,-0.1367000043392181
img_08101.jpg,0.0236000008881092
img_07492_mirrored.jpg,0.0386999994516372
img_10774_mirrored.jpg,0.2372000068426132
img_12824.jpg,-0.0031000000890344
img_13599.jpg,-0.0816999971866607
img_00851.jpg,-0.0299999993294477
img_14819_mirrored.jpg,0.5235999822616577
img_07789_mirrored.jpg,0.1565999984741211
img_06431.jpg,-0.3142000138759613
img_10757.jpg,-0.3142000138759613
img_01757.jpg,0.0126000000163912
img_04959_mirrored.jpg,0.2388000041246414
img_03448.jpg,-0.3084000051021576
img_12723.jpg,-0.0236000008881092
img_10669_mirrored.jpg,0.1334999948740005
img_14757_mirrored.jpg,0.5235999822616577
img_01126_mirrored.jpg,0.0340000018477439
img_14087.jpg,-0.3142000138759613
img_03916_mirrored.jpg,0.1429000049829483
img_02568.jpg,-0.0104999998584389
img_00904_mirrored.jpg,0.3142000138759613
img_05255_mirrored.jpg,0.0162000004202127
img_09755.jpg,-0.1528999954462051
img_01373_mirrored.jpg,0.0922000035643577
img_05700.jpg,-0.0439999997615814
img_08538_mirrored.jpg,-0.1472000032663345
img_10181_mirrored.jpg,-0.0361000001430511
img_07110.jpg,-0.0031000000890344
img_08807_mirrored.jpg,0.259799987077713
img_04117_mirrored.jpg,0.0063000000081956
img_01608.jpg,0.2414000034332275
img_07983.jpg,-0.1256999969482422
img_14634_mirrored.jpg,0.0313999988138675
img_03993.jpg,-0.3142000138759613
img_08765_mirrored.jpg,0.1748999953269958
img_08280.jpg,-0.1550000011920929
img_12607_mirrored.jpg,0.146599993109703
img_03187.jpg,-0.0057999999262392
img_06998_mirrored.jpg,0.0098999999463558
img_01447_mirrored.jpg,0.2339999973773956
img_11599.jpg,-0.1738000065088272
img_01929.jpg,-0.3142000138759613
img_00277_mirrored.jpg,0.032999999821186
img_06941_mirrored.jpg,0.0989999994635582
img_12882.jpg,-0.0272000003606081
img_08980_mirrored.jpg,-0.0864000022411346
img_10371.jpg,-0.2775000035762787
img_11234_mirrored.jpg,0.2842999994754791
img_08222.jpg,-0.093699999153614
img_14957_mirrored.jpg,-0.0
img_13597_mirrored.jpg,0.100500002503395
img_08108.jpg,0.1089000031352043
img_14076_mirrored.jpg,0.0162000004202127
img_10237.jpg,-0.1324999928474426
img_12387.jpg,-0.0346000008285045
img_02727_mirrored.jpg,-0.1278000026941299
img_12964_mirrored.jpg,0.093699999153614
img_03405_mirrored.jpg,0.3142000138759613
img_09034.jpg,-0.0031000000890344
img_13411_mirrored.jpg,0.0052000000141561
img_12789.jpg,-0.0063000000081956
img_11172.jpg,-0.1571000069379806
img_04676_mirrored.jpg,0.0208999998867511
img_03127.jpg,-0.0037000000011175
img_01887.jpg,-0.3142000138759613
img_03342_mirrored.jpg,0.1209999993443489
img_12620.jpg,-0.3142000138759613
img_11421.jpg,0.094200000166893
img_03277_mirrored.jpg,-0.0031000000890344
img_13616.jpg,-0.3010999858379364
img_00382.jpg,-0.2492000013589859
img_01942_mirrored.jpg,0.3142000138759613
img_09995_mirrored.jpg,0.0052000000141561
img_00255_mirrored.jpg,0.0895000025629997
img_01192.jpg,-0.0340000018477439
img_11633.jpg,0.1015999987721443
img_09820.jpg,-0.3142000138759613
img_02221.jpg,-0.0419000014662742
img_09925_mirrored.jpg,0.0513000003993511
img_13804.jpg,-0.0126000000163912
img_13021.jpg,-0.1601999998092651
img_05591_mirrored.jpg,-0.1324999928474426
img_04547_mirrored.jpg,0.0126000000163912
img_14181_mirrored.jpg,-0.1156999990344047
img_10804_mirrored.jpg,-0.0104999998584389
img_04526.jpg,0.0187999997287988
img_11002.jpg,-0.0156999994069337
img_10644.jpg,-0.0313999988138675
img_00560_mirrored.jpg,-0.1811999976634979
img_02388.jpg,-0.1200999990105629
img_07327.jpg,-0.1318999975919723
img_04250.jpg,-0.0230000000447034
img_05933.jpg,-0.3142000138759613
img_02540.jpg,0.0445000007748603
img_12856.jpg,0.063400000333786
img_03148_mirrored.jpg,0.017799999564886
img_13773.jpg,-0.0896999984979629
img_05071.jpg,-0.006800000090152
img_13980_mirrored.jpg,0.1974000036716461
img_03641.jpg,0.1524000018835067
img_13988_mirrored.jpg,0.3142000138759613
img_00558_mirrored.jpg,-0.1780000030994415
img_02471.jpg,-0.1853999942541122
img_06488.jpg,-0.2969000041484833
img_09879_mirrored.jpg,0.3088999986648559
img_02119.jpg,-0.0037000000011175
img_00469.jpg,-0.3142000138759613
img_13860.jpg,-0.008899999782443
img_12973_mirrored.jpg,-0.0529000014066696
img_06585_mirrored.jpg,-0.0194000005722045
img_09259_mirrored.jpg,0.1550000011920929
img_07215_mirrored.jpg,-0.0098999999463558
img_14043.jpg,-0.1058000028133392
img_08751.jpg,-0.1722999960184097
img_10520.jpg,-0.018300000578165
img_01995_mirrored.jpg,0.2193000018596649
img_13110.jpg,-0.1449999958276748
img_11276.jpg,-0.0333000011742115
img_04475.jpg,-0.1230000033974647
img_14224.jpg,0.1246000006794929
img_05753_mirrored.jpg,0.0198999997228384
img_08839.jpg,-0.29789999127388
img_06336.jpg,-0.153899997472763
img_02107.jpg,-0.0031000000890344
img_11516_mirrored.jpg,0.0496999993920326
img_09447_mirrored.jpg,-0.0288999993354082
img_05397_mirrored.jpg,0.1120999976992607
img_03999.jpg,-0.2161999940872192
img_02201.jpg,-0.0696000009775161
img_12208_mirrored.jpg,0.0287999995052814
img_11521.jpg,-0.2319999933242797
img_07313.jpg,-0.1528999954462051
img_04595.jpg,0.1371999979019165
img_08250_mirrored.jpg,0.0905999988317489
img_09823_mirrored.jpg,0.3093999922275543
img_14457_mirrored.jpg,0.3142000138759613
img_10152.jpg,0.0031000000890344
img_11153.jpg,-0.1518000066280365
img_14649.jpg,0.0230000000447034
img_01814_mirrored.jpg,0.1702000051736831
img_01897_mirrored.jpg,0.1435000002384185
img_07994_mirrored.jpg,-0.008899999782443
img_00611.jpg,0.1471000015735626
img_05353_mirrored.jpg,0.137700006365776
img_10433.jpg,-0.0031000000890344
img_13719.jpg,0.018300000578165
img_09500_mirrored.jpg,0.1251000016927719
img_08287.jpg,-0.1482000052928924
img_11815.jpg,-0.008899999782443
img_13579.jpg,-0.2196000069379806
img_02650_mirrored.jpg,-0.0976999998092651
img_04573.jpg,-0.0256999991834163
img_04280_mirrored.jpg,-0.0078999996185302
img_11022_mirrored.jpg,0.0833000019192695
img_00130.jpg,-0.0256999991834163
img_03375.jpg,-0.2275000065565109
img_01088_mirrored.jpg,0.0057999999262392
img_06493_mirrored.jpg,0.0644000023603439
img_03744.jpg,-0.1643999963998794
img_12466_mirrored.jpg,0.0115000000223517
img_07654.jpg,-0.0533999986946582
img_03643_mirrored.jpg,-0.1439999938011169
img_03953_mirrored.jpg,0.218299999833107
img_02352_mirrored.jpg,0.1597000062465667
img_00667_mirrored.jpg,0.0131000000983476
img_11527_mirrored.jpg,0.1026000007987022
img_02021.jpg,-0.0093999998643994
img_13371.jpg,0.0308999996632337
img_03984.jpg,0.0083999997004866
img_11925.jpg,0.0838000029325485
img_12845_mirrored.jpg,0.0293000005185604
img_06550_mirrored.jpg,0.0147000001743435
img_02466_mirrored.jpg,0.0439999997615814
img_10112.jpg,-0.0769999995827674
img_10559.jpg,-0.0120000001043081
img_14018.jpg,-0.2811999917030334
img_12373.jpg,0.1282999962568283
img_05612.jpg,0.1627999991178512
img_13364_mirrored.jpg,-0.008899999782443
img_12471.jpg,-0.0031000000890344
img_14328.jpg,-0.0759000033140182
img_08812_mirrored.jpg,0.3142000138759613
img_02794.jpg,-0.0361000001430511
img_02725.jpg,0.0872000008821487
img_02427.jpg,-0.1550000011920929
img_04808.jpg,-0.0297999996691942
img_06703.jpg,0.1110000014305114
img_04348.jpg,-0.1251000016927719
img_10281_mirrored.jpg,0.274399995803833
img_11942.jpg,-0.0346000008285045
img_13290.jpg,0.1125999987125396
img_06907.jpg,-0.3142000138759613
img_13568.jpg,-0.3142000138759613
img_05388.jpg,-0.3142000138759613
img_09269.jpg,-0.1571000069379806
img_03717_mirrored.jpg,0.0131000000983476
img_10497_mirrored.jpg,0.0262000001966953
img_11945_mirrored.jpg,0.0414000004529953
img_14195_mirrored.jpg,0.0759000033140182
img_12167_mirrored.jpg,0.3142000138759613
img_13042.jpg,-0.1692000031471252
img_14100_mirrored.jpg,0.3142000138759613
img_02963.jpg,-0.2240999937057495
img_07137_mirrored.jpg,-0.1072999984025955
img_05765_mirrored.jpg,0.006800000090152
img_07534.jpg,0.0412000007927417
img_03578_mirrored.jpg,0.0063000000081956
img_03970.jpg,-0.2016000002622604
img_06960.jpg,-0.2931999862194061
img_03822.jpg,-0.094200000166893
img_02109_mirrored.jpg,0.0031000000890344
img_15097_mirrored.jpg,-0.0
img_09378_mirrored.jpg,0.018300000578165
img_13697_mirrored.jpg,0.0219999998807907
img_07396_mirrored.jpg,0.1130999997258186
img_13521.jpg,-0.3142000138759613
img_05726.jpg,0.0839999988675117
img_00196_mirrored.jpg,-0.1256999969482422
img_12817_mirrored.jpg,0.0031000000890344
img_11834.jpg,-0.0277999993413686
img_04693.jpg,0.0885000005364418
img_13232_mirrored.jpg,0.0120000001043081
img_05339.jpg,-0.0450000017881393
img_07492.jpg,-0.0386999994516372
img_13527_mirrored.jpg,0.3142000138759613
img_04064_mirrored.jpg,0.0078999996185302
img_03341_mirrored.jpg,0.1036999970674514
img_10266_mirrored.jpg,0.1696999967098236
img_05661.jpg,0.191100001335144
img_05968.jpg,-0.0355999991297721
img_05252_mirrored.jpg,0.0403000004589557
img_10283.jpg,-0.2481999993324279
img_14117.jpg,0.0272000003606081
img_06922_mirrored.jpg,0.2364999949932098
img_01727_mirrored.jpg,0.183799996972084
img_12469_mirrored.jpg,0.002600000007078
img_11829_mirrored.jpg,-0.0538999997079372
img_11417_mirrored.jpg,-0.1601999998092651
img_06785.jpg,-0.0204000007361173
img_10467.jpg,0.1974000036716461
img_01525.jpg,0.008899999782443
img_13422_mirrored.jpg,0.0372000001370906
img_11817.jpg,-0.0063000000081956
img_07514_mirrored.jpg,-0.1330000013113021
img_04170.jpg,0.0198999997228384
img_02588_mirrored.jpg,0.0272000003606081
img_07525_mirrored.jpg,0.0173000004142522
img_05971.jpg,0.0104999998584389
img_08581.jpg,0.1601999998092651
img_10991_mirrored.jpg,-0.0445000007748603
img_04781.jpg,0.0109999999403953
img_04089_mirrored.jpg,0.0073000001721084
img_13059.jpg,-0.1859000027179718
img_11411.jpg,0.1990000009536743
img_12677.jpg,-0.2847999930381775
img_10609_mirrored.jpg,0.0063000000081956
img_04896_mirrored.jpg,0.2176000028848648
img_00386_mirrored.jpg,0.2470999956130981
img_09251_mirrored.jpg,0.1367000043392181
img_06067_mirrored.jpg,0.0236000008881092
img_13989.jpg,-0.3104999959468841
img_08587.jpg,0.1879999935626983
img_12035_mirrored.jpg,0.0816999971866607
img_05387.jpg,-0.3142000138759613
img_00758.jpg,-0.093199998140335
img_08148.jpg,-0.0690999999642372
img_11804.jpg,-0.0340000018477439
img_03828_mirrored.jpg,0.2157000005245208
img_00549.jpg,0.0046999999321997
img_12481_mirrored.jpg,-0.013600000180304
img_13944.jpg,-0.0926999971270561
img_15144.jpg,0.5235999822616577
img_03368.jpg,-0.1387999951839447
img_09702.jpg,-0.0366999991238117
img_12612.jpg,-0.2245000004768371
img_01903.jpg,-0.2101999968290329
img_09415.jpg,-0.130400002002716
img_02895.jpg,-0.3142000138759613
img_02879_mirrored.jpg,0.0819000005722045
img_12836.jpg,-0.070200003683567
img_10577_mirrored.jpg,-0.1340000033378601
img_10428_mirrored.jpg,0.0147000001743435
img_01131_mirrored.jpg,0.0606999993324279
img_11733_mirrored.jpg,0.0952999964356422
img_08739_mirrored.jpg,0.063400000333786
img_01579_mirrored.jpg,0.1013000011444091
img_10365.jpg,-0.3142000138759613
img_09548.jpg,-0.0204000007361173
img_06467_mirrored.jpg,0.3142000138759613
img_14801_mirrored.jpg,0.5235999822616577
img_02379_mirrored.jpg,0.2041999995708465
img_03513.jpg,-0.1571000069379806
img_13910.jpg,0.0644000023603439
img_11390_mirrored.jpg,0.1194000020623207
img_12348.jpg,0.2398000061511993
img_00941_mirrored.jpg,0.1817000061273574
img_05384_mirrored.jpg,0.3041999936103821
img_07890.jpg,-0.2456000000238418
img_01775_mirrored.jpg,0.0962999984622001
img_00090_mirrored.jpg,0.0010000000474974
img_11955_mirrored.jpg,0.0780000016093254
img_11036_mirrored.jpg,-0.201100006699562
img_01530_mirrored.jpg,-0.1085999980568885
img_11056.jpg,-0.0187999997287988
img_10888_mirrored.jpg,-0.1151999980211258
img_00753.jpg,-0.024100000038743
img_01476_mirrored.jpg,0.3142000138759613
img_14733_mirrored.jpg,0.0204000007361173
img_01428_mirrored.jpg,0.2985000014305115
img_06702_mirrored.jpg,-0.0793000012636184
img_07149.jpg,-0.0115000000223517
img_09309_mirrored.jpg,0.3142000138759613
img_04365_mirrored.jpg,0.1606999933719635
img_13412_mirrored.jpg,-0.0046999999321997
img_01911_mirrored.jpg,0.3142000138759613
img_07519.jpg,-0.0236000008881092
img_12989.jpg,-0.0869000032544136
img_02640_mirrored.jpg,-0.0838000029325485
img_01872_mirrored.jpg,0.2401999980211258
img_07835.jpg,-0.304500013589859
img_14344_mirrored.jpg,0.0073000001721084
img_02586_mirrored.jpg,-0.0680999979376792
img_06175_mirrored.jpg,0.0098999999463558
img_03485_mirrored.jpg,0.3142000138759613
img_12839.jpg,-0.1075000017881393
img_03418.jpg,-0.2698999941349029
img_11528_mirrored.jpg,0.0685999989509582
img_05610.jpg,0.0529000014066696
img_12414_mirrored.jpg,0.0340000018477439
img_01239.jpg,-0.0476000010967254
img_01900_mirrored.jpg,0.1659999936819076
img_14341_mirrored.jpg,0.0098999999463558
img_04810.jpg,-0.0366999991238117
img_03460_mirrored.jpg,0.2958000004291534
img_10596.jpg,-0.0236000008881092
img_07138.jpg,0.0962999984622001
img_01064_mirrored.jpg,-0.0198999997228384
img_07313_mirrored.jpg,0.1528999954462051
img_14633.jpg,-0.032999999821186
img_08790_mirrored.jpg,-0.0461000017821788
img_00023_mirrored.jpg,-0.0052000000141561
img_08945.jpg,-0.0098999999463558
img_09576_mirrored.jpg,-0.0723000019788742
img_12531_mirrored.jpg,0.1937000006437301
img_09583_mirrored.jpg,-0.1120999976992607
img_14767_mirrored.jpg,0.5235999822616577
img_06412_mirrored.jpg,0.3032000064849853
img_07004.jpg,-0.0557999983429908
img_00835.jpg,-0.150299996137619
img_07726.jpg,0.0194000005722045
img_13241_mirrored.jpg,-0.1324999928474426
img_02304_mirrored.jpg,0.0873999968171119
img_06039.jpg,0.0152000002562999
img_11317.jpg,0.0251000002026557
img_06834_mirrored.jpg,0.1508000046014785
img_03727.jpg,0.0198999997228384
img_13884.jpg,-0.0251000002026557
img_04918.jpg,-0.1800999939441681
img_06645.jpg,-0.0236000008881092
img_02690_mirrored.jpg,0.0204000007361173
img_02285.jpg,-0.0297999996691942
img_08850_mirrored.jpg,0.3016000092029571
img_00098.jpg,-0.0015999999595806
img_05354.jpg,-0.150299996137619
img_00938_mirrored.jpg,0.265500009059906
img_06148.jpg,-0.1020999997854232
img_00231_mirrored.jpg,0.0544999986886978
img_08474.jpg,0.0763999968767166
img_13955_mirrored.jpg,0.1508000046014785
img_03018.jpg,-0.0423999987542629
img_03981.jpg,-0.0297999996691942
img_00791_mirrored.jpg,0.0772999972105026
img_06839.jpg,0.0706999972462654
img_03860_mirrored.jpg,0.1246000006794929
img_03110_mirrored.jpg,0.0063000000081956
img_00115_mirrored.jpg,0.0287999995052814
img_14747_mirrored.jpg,0.5235999822616577
img_04010.jpg,-0.1162000000476837
img_11758_mirrored.jpg,0.0639000013470649
img_13558.jpg,-0.3142000138759613
img_06235_mirrored.jpg,-0.0063000000081956
img_08792_mirrored.jpg,-0.0293000005185604
img_11872_mirrored.jpg,0.0031000000890344
img_06539_mirrored.jpg,-0.0833000019192695
img_03681_mirrored.jpg,-0.0922000035643577
img_09382_mirrored.jpg,0.3142000138759613
img_07432.jpg,-0.0208999998867511
img_09417_mirrored.jpg,0.0450000017881393
img_10715.jpg,-0.2178000062704086
img_09840.jpg,-0.2053000032901764
img_05389_mirrored.jpg,0.3100000023841858
img_07768_mirrored.jpg,0.1127000004053115
img_09376_mirrored.jpg,0.0419000014662742
img_04699.jpg,-0.0152000002562999
img_12600.jpg,-0.3037000000476837
img_10123.jpg,-0.0104999998584389
img_08402_mirrored.jpg,0.067500002682209
img_05441_mirrored.jpg,0.1356000006198883
img_11751.jpg,-0.2737999856472015
img_03245.jpg,-0.0245999991893768
img_06885.jpg,-0.1627999991178512
img_07130.jpg,0.0194000005722045
img_03103.jpg,-0.0037000000011175
img_07074.jpg,-0.0073000001721084
img_08950_mirrored.jpg,0.0340000018477439
img_02413_mirrored.jpg,0.3142000138759613
img_00558.jpg,0.1780000030994415
img_05639_mirrored.jpg,-0.1482000052928924
img_00982_mirrored.jpg,0.1710000038146972
img_03183.jpg,-0.0147000001743435
img_10151.jpg,0.0031000000890344
img_08795_mirrored.jpg,0.013600000180304
img_09276_mirrored.jpg,0.1659999936819076
img_11903_mirrored.jpg,0.0507999993860721
img_13132_mirrored.jpg,0.2576000094413757
img_02763_mirrored.jpg,0.0078999996185302
img_03944.jpg,-0.3142000138759613
img_02136_mirrored.jpg,0.0167999994009733
img_14869_mirrored.jpg,0.5235999822616577
img_01833.jpg,-0.1791000068187713
img_06026_mirrored.jpg,0.0351000018417835
img_11980.jpg,-0.0520000010728836
img_13747_mirrored.jpg,0.0037000000011175
img_08334_mirrored.jpg,0.3142000138759613
img_10489_mirrored.jpg,-0.1215000003576278
img_12314_mirrored.jpg,-0.1272000074386596
img_04086.jpg,-0.0204000007361173
img_07859_mirrored.jpg,0.1565999984741211
img_12048.jpg,0.1151999980211258
img_11686.jpg,-0.3142000138759613
img_01739.jpg,-0.0297999996691942
img_01591_mirrored.jpg,-0.0644000023603439
img_13334.jpg,0.1141000017523765
img_12423_mirrored.jpg,0.0439999997615814
img_08576_mirrored.jpg,-0.0076999999582767
img_04078_mirrored.jpg,-0.0507999993860721
img_11329_mirrored.jpg,0.0737999975681305
img_06123_mirrored.jpg,0.0031000000890344
img_09262.jpg,-0.1482000052928924
img_05393.jpg,-0.2142000049352646
img_10983_mirrored.jpg,-0.0524000003933906
img_05835_mirrored.jpg,0.1429000049829483
img_11455_mirrored.jpg,0.0245999991893768
img_11835.jpg,-0.0287999995052814
img_14749.jpg,-0.5235999822616577
img_01837.jpg,-0.1445000022649765
img_04638.jpg,0.1015999987721443
img_10868.jpg,-0.0403000004589557
img_10215.jpg,-0.1371999979019165
img_05719.jpg,0.0052000000141561
img_09294_mirrored.jpg,0.1550000011920929
img_10738_mirrored.jpg,0.1419000029563903
img_04248.jpg,-0.0423999987542629
img_07266.jpg,0.1120999976992607
img_13771_mirrored.jpg,0.0653999969363212
img_03946_mirrored.jpg,0.3142000138759613
img_00769.jpg,-0.0366999991238117
img_12563.jpg,-0.1601999998092651
img_06689_mirrored.jpg,0.0147000001743435
img_02040.jpg,0.0115000000223517
img_07641.jpg,-0.0173000004142522
img_01765.jpg,-0.0266999993473291
img_10108.jpg,0.0916000008583068
img_07984.jpg,-0.1189000010490417
img_13544.jpg,-0.1869000047445297
img_02131.jpg,-0.0031000000890344
img_06743.jpg,0.0037000000011175
img_14243.jpg,0.201100006699562
img_01253_mirrored.jpg,-0.0052000000141561
img_07970.jpg,-0.006800000090152
img_14336.jpg,0.0046999999321997
img_02740.jpg,-0.2020999938249588
img_11167_mirrored.jpg,0.1560000032186508
img_09419.jpg,0.018300000578165
img_02146.jpg,-0.1062999963760376
img_02915_mirrored.jpg,0.183799996972084
img_13416.jpg,0.0162000004202127
img_10326_mirrored.jpg,0.3037000000476837
img_03918.jpg,-0.1580999940633773
img_06932_mirrored.jpg,0.2696999907493591
img_03920.jpg,-0.1888000071048736
img_07378_mirrored.jpg,0.2815000116825104
img_11973_mirrored.jpg,-0.2057999968528747
img_05707.jpg,-0.0491999983787536
img_03266_mirrored.jpg,0.0502999983727932
img_13715_mirrored.jpg,-0.0245999991893768
img_06762.jpg,-0.1052000001072883
img_03672_mirrored.jpg,0.0297999996691942
img_05406.jpg,-0.3142000138759613
img_01206_mirrored.jpg,-0.150299996137619
img_12148_mirrored.jpg,0.3052999973297119
img_04478.jpg,-0.0403000004589557
img_01802.jpg,-0.0608999989926815
img_07838_mirrored.jpg,0.3142000138759613
img_09337_mirrored.jpg,0.209999993443489
img_14000_mirrored.jpg,0.09009999781847
img_00463.jpg,-0.3142000138759613
img_01836.jpg,-0.1544999927282333
img_04503_mirrored.jpg,0.3142000138759613
img_02890_mirrored.jpg,0.3142000138759613
img_12078_mirrored.jpg,0.094200000166893
img_14116.jpg,0.0266999993473291
img_01389.jpg,-0.3104999959468841
img_04764.jpg,-0.0230000000447034
img_02454_mirrored.jpg,0.2948000133037567
img_06002.jpg,-0.2732999920845032
img_00576.jpg,-0.0826999992132186
img_02344_mirrored.jpg,0.150299996137619
img_12126_mirrored.jpg,0.2533999979496002
img_12860.jpg,-0.017799999564886
img_05088.jpg,0.0230000000447034
img_08056.jpg,-0.0037000000011175
img_00902_mirrored.jpg,0.3142000138759613
img_10906_mirrored.jpg,-0.0162000004202127
img_04498_mirrored.jpg,0.3142000138759613
img_14412.jpg,-0.1691000014543533
img_01087_mirrored.jpg,0.0063000000081956
img_02994_mirrored.jpg,0.1591999977827072
img_02206_mirrored.jpg,-0.0408000014722347
img_02321.jpg,-0.048200000077486
img_01515.jpg,-0.0711999982595443
img_05616_mirrored.jpg,-0.1722999960184097
img_13534.jpg,-0.2842999994754791
img_06571.jpg,-0.0277999993413686
img_06496.jpg,0.0156999994069337
img_05089_mirrored.jpg,0.0204000007361173
img_13036.jpg,-0.1745000034570694
img_02333.jpg,-0.1282999962568283
img_08335_mirrored.jpg,0.3142000138759613
img_07908.jpg,-0.2220000028610229
img_02230.jpg,-0.0560000017285347
img_00929_mirrored.jpg,0.2649999856948852
img_01177_mirrored.jpg,0.0377000011503696
img_01143.jpg,0.0204000007361173
img_09290.jpg,-0.2639000117778778
img_10433_mirrored.jpg,0.0031000000890344
img_12526.jpg,-0.2073000073432922
img_02550_mirrored.jpg,-0.2381999939680099
img_13559_mirrored.jpg,0.3142000138759613
img_02135.jpg,-0.008899999782443
img_04847_mirrored.jpg,0.1449999958276748
img_04987.jpg,-0.0502999983727932
img_07732_mirrored.jpg,0.0529000014066696
img_02670.jpg,0.0230000000447034
img_04641.jpg,0.1041999980807304
img_12312_mirrored.jpg,-0.1774999946355819
img_10328.jpg,-0.2786000072956085
img_09143_mirrored.jpg,0.0586000010371208
img_02423.jpg,-0.3142000138759613
img_11827_mirrored.jpg,-0.0979000031948089
img_01480.jpg,-0.3142000138759613
img_09556_mirrored.jpg,-0.1717000007629394
img_07684_mirrored.jpg,-0.1387999951839447
img_07147.jpg,-0.018300000578165
img_00024_mirrored.jpg,0.0046999999321997
img_02699_mirrored.jpg,0.0461000017821788
img_02960.jpg,-0.2727999985218048
img_00653.jpg,0.1026000007987022
img_09365.jpg,-0.2806000113487243
img_02059_mirrored.jpg,-0.0852999985218048
img_01032_mirrored.jpg,0.0046999999321997
img_00619_mirrored.jpg,-0.0392999984323978
img_00144_mirrored.jpg,-0.0361000001430511
img_04127.jpg,-0.0031000000890344
img_04691.jpg,0.1151999980211258
img_14718.jpg,0.0469000004231929
img_07466.jpg,-0.2418999969959259
img_05142.jpg,-0.0037000000011175
img_03023_mirrored.jpg,-0.0167999994009733
img_12924.jpg,-0.013600000180304
img_10525_mirrored.jpg,-0.0780000016093254
img_10968_mirrored.jpg,0.0560000017285347
img_02819_mirrored.jpg,0.1623000055551529
img_11531.jpg,-0.0198999997228384
img_06815.jpg,-0.1607999950647354
img_13857_mirrored.jpg,0.0230000000447034
img_07844_mirrored.jpg,0.3142000138759613
img_09483_mirrored.jpg,-0.1020999997854232
img_02357_mirrored.jpg,0.1869000047445297
img_02957.jpg,-0.2953000068664551
img_11475_mirrored.jpg,0.0225000008940696
img_09110_mirrored.jpg,0.0372000001370906
img_12809_mirrored.jpg,0.0031000000890344
img_11773_mirrored.jpg,0.2089000046253204
img_10471_mirrored.jpg,-0.1381999999284744
img_09967_mirrored.jpg,0.0115000000223517
img_11319.jpg,0.0187999997287988
img_02030.jpg,-0.1199000030755996
img_04994_mirrored.jpg,0.0520999990403652
img_13342_mirrored.jpg,0.0208999998867511
img_10003.jpg,-0.0031000000890344
img_14299_mirrored.jpg,-0.008899999782443
img_08282.jpg,-0.1601999998092651
img_04324_mirrored.jpg,0.094200000166893
img_14379.jpg,-0.0340000018477439
img_00275_mirrored.jpg,-0.0685999989509582
img_06508_mirrored.jpg,0.0759000033140182
img_02019.jpg,-0.0093999998643994
img_10744.jpg,-0.2029999941587448
img_10962_mirrored.jpg,0.0037000000011175
img_01631_mirrored.jpg,0.018300000578165
img_09198_mirrored.jpg,0.0859000012278556
img_12573_mirrored.jpg,0.0167999994009733
img_10391.jpg,-0.0873999968171119
img_13112_mirrored.jpg,0.1951999962329864
img_01376_mirrored.jpg,0.1439999938011169
img_14736.jpg,-0.0126000000163912
img_07376.jpg,-0.2408999949693679
img_00614.jpg,0.1508000046014785
img_11723.jpg,-0.2712000012397766
img_00094.jpg,-0.0015999999595806
img_06389.jpg,-0.3142000138759613
img_04531.jpg,-0.0236000008881092
img_13495.jpg,-0.1497000008821487
img_03844.jpg,-0.1528999954462051
img_01172_mirrored.jpg,0.0408000014722347
img_11122.jpg,-0.093199998140335
img_02249_mirrored.jpg,0.0408000014722347
img_05908.jpg,-0.1571000069379806
img_06369_mirrored.jpg,0.2339999973773956
img_03763.jpg,-0.0057999999262392
img_07147_mirrored.jpg,0.018300000578165
img_03640_mirrored.jpg,-0.1423999965190887
img_02986.jpg,-0.3142000138759613
img_12449_mirrored.jpg,0.0700000002980232
img_14423_mirrored.jpg,0.1120999976992607
img_13032_mirrored.jpg,0.1601999998092651
img_08805_mirrored.jpg,0.179199993610382
img_06923.jpg,-0.2472999989986419
img_13235_mirrored.jpg,0.002600000007078
img_08022.jpg,-0.0194000005722045
img_05341.jpg,-0.0737999975681305
img_00057_mirrored.jpg,-0.0297999996691942
img_08903_mirrored.jpg,0.3142000138759613
img_01793.jpg,-0.0230000000447034
img_06716_mirrored.jpg,0.1921000033617019
img_12585_mirrored.jpg,0.2901000082492828
img_14887.jpg,-0.5235999822616577
img_06522.jpg,0.0098999999463558
img_07325.jpg,-0.1817000061273574
img_08890.jpg,-0.0759000033140182
img_01251.jpg,-0.0147000001743435
img_11797_mirrored.jpg,0.1150000020861625
img_03432.jpg,-0.2178000062704086
img_12063_mirrored.jpg,0.1015999987721443
img_14684.jpg,-0.0037000000011175
img_13519_mirrored.jpg,0.2942999899387359
img_03804.jpg,-0.0372000001370906
img_01455.jpg,-0.0439999997615814
img_07870_mirrored.jpg,0.3142000138759613
img_05673.jpg,0.0313999988138675
img_02913_mirrored.jpg,0.1643999963998794
img_04909.jpg,-0.3142000138759613
img_00426.jpg,-0.3142000138759613
img_01250.jpg,-0.0230000000447034
img_12889.jpg,-0.0821999981999397
img_14262_mirrored.jpg,-0.0995000004768371
img_09745_mirrored.jpg,0.153899997472763
img_01695.jpg,-0.0351000018417835
img_02000_mirrored.jpg,0.2236000001430511
img_05519.jpg,0.0215000007301569
img_13721.jpg,0.0104999998584389
img_12946_mirrored.jpg,0.0465999990701675
img_09477.jpg,-0.0052000000141561
img_14392_mirrored.jpg,0.1590999960899353
img_08589_mirrored.jpg,-0.1381999999284744
img_03801.jpg,-0.0308999996632337
img_10886_mirrored.jpg,-0.0781999975442886
img_00049.jpg,-0.0109999999403953
img_07157.jpg,-0.0381999984383583
img_01476.jpg,-0.3142000138759613
img_11309.jpg,-0.1796000003814697
img_07126_mirrored.jpg,0.0989999994635582
img_14804_mirrored.jpg,0.5235999822616577
img_10726_mirrored.jpg,0.3142000138759613
img_03539.jpg,-0.0256999991834163
img_05941_mirrored.jpg,0.217299997806549
img_06193_mirrored.jpg,0.0723000019788742
img_06414.jpg,-0.2231000065803527
img_12785_mirrored.jpg,-0.0120000001043081
img_07280_mirrored.jpg,0.0995000004768371
img_13546.jpg,-0.2196000069379806
img_10396_mirrored.jpg,0.0351000018417835
img_00404_mirrored.jpg,0.1387999951839447
img_14618_mirrored.jpg,-0.0198999997228384
img_08556_mirrored.jpg,-0.1471000015735626
img_03552.jpg,0.2506000101566314
img_02792.jpg,-0.0502999983727932
img_11469.jpg,0.0775000005960464
img_10666.jpg,-0.1471000015735626
img_14331.jpg,-0.0266999993473291
img_09199_mirrored.jpg,0.0785000026226043
img_06825_mirrored.jpg,0.1340000033378601
img_00331_mirrored.jpg,0.1544999927282333
img_00651_mirrored.jpg,-0.0842999964952468
img_04176.jpg,0.0957999974489212
img_09328_mirrored.jpg,0.3142000138759613
img_10527.jpg,0.0905999988317489
img_07486.jpg,-0.0864000022411346
img_11026_mirrored.jpg,0.0564999990165233
img_12623.jpg,-0.3142000138759613
img_09145.jpg,-0.0948000028729438
img_05946_mirrored.jpg,0.2479999959468841
img_09591_mirrored.jpg,0.0173000004142522
img_10732.jpg,-0.3010999858379364
img_12300.jpg,-0.0078999996185302
img_14263_mirrored.jpg,-0.1079000011086463
img_10350.jpg,-0.3142000138759613
img_12639.jpg,-0.2408999949693679
img_13850_mirrored.jpg,0.0879999995231628
img_12625_mirrored.jpg,0.3016000092029571
img_08876.jpg,-0.2901000082492828
img_09626.jpg,0.1000000014901161
img_13543_mirrored.jpg,0.1669999957084655
img_01567.jpg,0.157600000500679
img_07002.jpg,-0.0236000008881092
img_10428.jpg,-0.0147000001743435
img_11005.jpg,-0.0283000003546476
img_13464_mirrored.jpg,0.2004999965429306
img_06921_mirrored.jpg,0.2164999991655349
img_15126.jpg,0.0
img_09119.jpg,-0.0826999992132186
img_07132.jpg,0.0471000000834465
img_11796_mirrored.jpg,0.0989999994635582
img_02999.jpg,-0.0461000017821788
img_11009_mirrored.jpg,0.0408000014722347
img_12420.jpg,-0.0592000000178813
img_07110_mirrored.jpg,0.0031000000890344
img_08727_mirrored.jpg,0.0408000014722347
img_00004_mirrored.jpg,-0.0
img_11381.jpg,0.1105000004172325
img_02868_mirrored.jpg,-0.0456000007688999
img_02243.jpg,-0.0057999999262392
img_10591.jpg,-0.1162000000476837
img_01483_mirrored.jpg,0.3142000138759613
img_01798_mirrored.jpg,0.0251000002026557
img_06606_mirrored.jpg,-0.2329999953508377
img_09805.jpg,-0.1524000018835067
img_03868.jpg,-0.1591999977827072
img_11120.jpg,-0.0790999978780746
img_02205.jpg,0.0245999991893768
img_09621.jpg,0.0031000000890344
img_10829.jpg,-0.1181999966502189
img_10413.jpg,0.2712000012397766
img_13191_mirrored.jpg,0.0592000000178813
img_06271.jpg,-0.093199998140335
img_11611.jpg,-0.1639000028371811
img_02022.jpg,-0.018300000578165
img_12859_mirrored.jpg,-0.0251000002026557
img_10066.jpg,-0.006800000090152
img_04920_mirrored.jpg,0.1403000056743621
img_08275.jpg,-0.1266999989748001
img_00760.jpg,-0.1020999997854232
img_05552_mirrored.jpg,-0.1771000027656555
img_04756_mirrored.jpg,0.1565999984741211
img_02068.jpg,-0.018300000578165
img_08362.jpg,-0.289000004529953
img_03174_mirrored.jpg,-0.096900001168251
img_13895_mirrored.jpg,0.0766000002622604
img_04909_mirrored.jpg,0.3142000138759613
img_13646_mirrored.jpg,-0.0313999988138675
img_06600_mirrored.jpg,-0.1620000004768371
img_11445.jpg,0.2079000025987625
img_10977_mirrored.jpg,0.0763999968767166
img_07100.jpg,-0.0031000000890344
img_13597.jpg,-0.100500002503395
img_10191.jpg,-0.1067999973893165
img_13872.jpg,-0.0428999997675418
img_04235.jpg,0.1072999984025955
img_04976.jpg,-0.2366999983787536
img_05807.jpg,-0.018300000578165
img_08747_mirrored.jpg,0.2231000065803527
img_08528.jpg,-0.1141000017523765
img_07119.jpg,-0.070200003683567
img_06032_mirrored.jpg,0.1282999962568283
img_10714_mirrored.jpg,0.1859000027179718
img_02924_mirrored.jpg,0.3142000138759613
img_15179.jpg,0.0
img_10971.jpg,-0.0812000036239624
img_00069_mirrored.jpg,0.0057999999262392
img_12939_mirrored.jpg,0.0491999983787536
img_01299_mirrored.jpg,0.100500002503395
img_00836.jpg,-0.150299996137619
img_06161_mirrored.jpg,-0.1041999980807304
img_07719.jpg,-0.0037000000011175
img_12222_mirrored.jpg,0.3142000138759613
img_00561_mirrored.jpg,-0.1351000070571899
img_07745.jpg,-0.0381999984383583
img_14741_mirrored.jpg,0.0293000005185604
img_01519.jpg,-0.0408000014722347
img_02164.jpg,0.0644000023603439
img_14922.jpg,-0.5235999822616577
img_03221_mirrored.jpg,-0.1387999951839447
img_11104_mirrored.jpg,-0.0167999994009733
img_10699_mirrored.jpg,-0.0711999982595443
img_09944.jpg,-0.0126000000163912
img_06411_mirrored.jpg,0.3142000138759613
img_06821.jpg,-0.1770000010728836
img_03075.jpg,-0.0167999994009733
img_04450.jpg,-0.2804000079631805
img_03776.jpg,0.0141000002622604
img_03890_mirrored.jpg,0.2217999994754791
img_03511_mirrored.jpg,0.2120999991893768
img_13714.jpg,0.0245999991893768
img_02294.jpg,0.1110000014305114
img_14995_mirrored.jpg,-0.5235999822616577
img_00606.jpg,0.0922000035643577
img_03563.jpg,0.0476000010967254
img_07050_mirrored.jpg,0.006800000090152
img_06480.jpg,-0.3142000138759613
img_01104.jpg,-0.0037000000011175
img_12601.jpg,-0.2660000026226043
img_01518_mirrored.jpg,0.0408000014722347
img_13435.jpg,-0.0403000004589557
img_00721.jpg,-0.1308999955654144
img_06456.jpg,-0.0359999984502792
img_13305_mirrored.jpg,-0.067500002682209
img_09586.jpg,0.0597000010311603
img_12911_mirrored.jpg,0.0439999997615814
img_01674_mirrored.jpg,0.0120000001043081
img_05272_mirrored.jpg,0.0513000003993511
img_12595.jpg,-0.3142000138759613
img_12233.jpg,-0.3142000138759613
img_03736_mirrored.jpg,-0.1356000006198883
img_12109_mirrored.jpg,0.1397999972105026
img_14765.jpg,-0.5235999822616577
img_03545.jpg,0.0230000000447034
img_10102.jpg,0.1978999972343444
img_13663.jpg,-0.1215000003576278
img_05778.jpg,-0.0408000014722347
img_09301.jpg,-0.128600001335144
img_13157.jpg,-0.3142000138759613
img_01938.jpg,-0.2180999964475631
img_00452_mirrored.jpg,0.3142000138759613
img_10064.jpg,-0.013600000180304
img_01124.jpg,-0.0104999998584389
img_12840_mirrored.jpg,0.1141000017523765
img_10090.jpg,-0.0732999965548515
img_03683.jpg,0.1062999963760376
img_12097_mirrored.jpg,0.1486999988555908
img_14610.jpg,0.0126000000163912
img_01980_mirrored.jpg,0.2335000038146972
img_09047.jpg,-0.0031000000890344
img_06377.jpg,-0.1000000014901161
img_14472.jpg,-0.1639000028371811
img_14042.jpg,-0.1120999976992607
img_13765.jpg,-0.0219999998807907
img_06643.jpg,0.0450000017881393
img_07950.jpg,-0.2106000036001205
img_02217.jpg,0.1554999947547912
img_04329.jpg,-0.094200000166893
img_00837_mirrored.jpg,0.1587000042200088
img_12618.jpg,-0.3142000138759613
img_06156.jpg,0.0639000013470649
img_06635.jpg,0.198400005698204
img_01564.jpg,0.0940999984741211
img_06995.jpg,0.0098999999463558
img_14788.jpg,-0.5235999822616577
img_11716.jpg,-0.3016000092029571
img_03874.jpg,0.0392999984323978
img_11921_mirrored.jpg,-0.0989999994635582
img_11106_mirrored.jpg,-0.0392999984323978
img_11138_mirrored.jpg,0.0450000017881393
img_03730.jpg,0.0659999996423721
img_12212.jpg,-0.2578999996185303
img_07661_mirrored.jpg,0.0423999987542629
img_06191.jpg,-0.0507999993860721
img_03349_mirrored.jpg,0.1591999977827072
img_00089.jpg,-0.0010000000474974
img_11813.jpg,-0.0057999999262392
img_14198_mirrored.jpg,-0.0847999975085258
img_10695_mirrored.jpg,0.1571000069379806
img_01240.jpg,-0.0496999993920326
img_07117.jpg,-0.0581000000238418
img_14766_mirrored.jpg,0.5235999822616577
img_05021.jpg,-0.2524000108242035
img_04438.jpg,-0.2046999931335449
img_10383.jpg,0.0162000004202127
img_01500.jpg,0.0109999999403953
img_08430_mirrored.jpg,0.3142000138759613
img_01645_mirrored.jpg,-0.1791000068187713
img_13641_mirrored.jpg,0.0885000005364418
img_05124_mirrored.jpg,0.0063000000081956
img_08232_mirrored.jpg,-0.0392999984323978
img_11707_mirrored.jpg,0.2623000144958496
img_10724.jpg,-0.3142000138759613
img_02029_mirrored.jpg,0.1292999982833862
img_08755.jpg,-0.1381999999284744
img_08934_mirrored.jpg,0.0450000017881393
img_05840.jpg,-0.176499992609024
img_13040.jpg,-0.1512999981641769
img_00443_mirrored.jpg,0.0403000004589557
img_05511_mirrored.jpg,0.3142000138759613
img_10632_mirrored.jpg,0.0513000003993511
img_04055_mirrored.jpg,-0.0147000001743435
img_10987_mirrored.jpg,-0.1125999987125396
img_09760.jpg,0.100500002503395
img_00455_mirrored.jpg,0.3142000138759613
img_07881.jpg,-0.3142000138759613
img_05852_mirrored.jpg,0.1172999963164329
img_14041.jpg,-0.1345999985933303
img_14244.jpg,0.2067999988794326
img_11242.jpg,-0.1162000000476837
img_11320_mirrored.jpg,-0.0187999997287988
img_14296.jpg,0.0078999996185302
img_11416.jpg,0.2031999975442886
img_07351_mirrored.jpg,0.0952999964356422
img_05913_mirrored.jpg,0.2484000027179718
img_04602.jpg,-0.0762000009417533
img_13054.jpg,-0.2958000004291534
img_08121.jpg,-0.0156999994069337
img_14615_mirrored.jpg,0.0073000001721084
img_12997.jpg,-0.0869000032544136
img_09568.jpg,-0.0256999991834163
img_11820.jpg,0.0445000007748603
img_02056.jpg,0.1190000027418136
img_02846.jpg,-0.1826999932527542
img_02399_mirrored.jpg,0.3142000138759613
img_10207_mirrored.jpg,0.0995000004768371
img_09082_mirrored.jpg,-0.0898000001907348
img_01604.jpg,0.134100005030632
img_01434.jpg,-0.3142000138759613
img_08737_mirrored.jpg,0.0287999995052814
img_13593_mirrored.jpg,0.1601999998092651
img_10588.jpg,-0.2120999991893768
img_11974_mirrored.jpg,-0.191100001335144
img_07892_mirrored.jpg,0.2125999927520752
img_07227.jpg,-0.0507999993860721
img_06470.jpg,-0.3142000138759613
img_05950.jpg,-0.3142000138759613
img_12842_mirrored.jpg,0.093199998140335
img_10076_mirrored.jpg,0.0428999997675418
img_12535.jpg,-0.137700006365776
img_10441.jpg,0.1471000015735626
img_07872.jpg,-0.3142000138759613
img_02607.jpg,0.150299996137619
img_10390_mirrored.jpg,0.0879999995231628
img_01809_mirrored.jpg,0.210999995470047
img_06383_mirrored.jpg,0.3142000138759613
img_09051.jpg,-0.0031000000890344
img_13660_mirrored.jpg,0.0723000019788742
img_11071_mirrored.jpg,0.048700001090765
img_07973_mirrored.jpg,0.0098999999463558
img_14152.jpg,0.1900999993085861
img_11714_mirrored.jpg,0.2414000034332275
img_04455_mirrored.jpg,0.3142000138759613
img_12382_mirrored.jpg,-0.1182999983429908
img_10360_mirrored.jpg,0.3142000138759613
img_03929.jpg,-0.3142000138759613
img_07434.jpg,-0.0794000029563903
img_09421.jpg,0.0208999998867511
img_01252_mirrored.jpg,-0.0083999997004866
img_12472_mirrored.jpg,0.0046999999321997
img_12956.jpg,-0.0167999994009733
img_09455.jpg,0.2926999926567077
img_05199_mirrored.jpg,0.0126000000163912
img_13384_mirrored.jpg,0.094200000166893
img_04425.jpg,-0.3142000138759613
img_03140_mirrored.jpg,0.0031000000890344
img_01302_mirrored.jpg,0.0905999988317489
img_06356_mirrored.jpg,0.2048999965190887
img_02399.jpg,-0.3142000138759613
img_07011_mirrored.jpg,0.1000000014901161
img_12611.jpg,-0.2050999999046325
img_13209.jpg,0.1165999993681907
img_00481.jpg,-0.1847999989986419
img_13807_mirrored.jpg,0.0297999996691942
img_07590_mirrored.jpg,-0.1330000013113021
img_13446_mirrored.jpg,0.0262000001966953
img_12695.jpg,-0.0830999985337257
img_09406.jpg,-0.3142000138759613
img_04177.jpg,0.1084000021219253
img_01858_mirrored.jpg,-0.0109999999403953
img_05694_mirrored.jpg,0.0141000002622604
img_00812.jpg,-0.1429000049829483
img_08630.jpg,-0.060199998319149
img_07645_mirrored.jpg,0.0162000004202127
img_01679_mirrored.jpg,0.0078999996185302
img_06112.jpg,-0.0031000000890344
img_11291_mirrored.jpg,0.3142000138759613
img_00742_mirrored.jpg,-0.0041999998502433
img_08396_mirrored.jpg,0.2402999997138977
img_05295_mirrored.jpg,0.0926999971270561
img_10521_mirrored.jpg,-0.00089999998454
img_14175_mirrored.jpg,-0.1308999955654144
img_00236_mirrored.jpg,0.048700001090765
img_03054.jpg,0.0063000000081956
img_08748_mirrored.jpg,0.2231000065803527
img_10665_mirrored.jpg,0.1597000062465667
img_05194_mirrored.jpg,0.0219999998807907
img_02039.jpg,0.013600000180304
img_01959_mirrored.jpg,0.09009999781847
img_07389_mirrored.jpg,0.3037000000476837
img_09190_mirrored.jpg,0.060199998319149
img_11633_mirrored.jpg,-0.1015999987721443
img_11972.jpg,0.2046999931335449
img_06592_mirrored.jpg,-0.1885000020265579
img_05624_mirrored.jpg,-0.1933999955654144
img_08674.jpg,-0.0812000036239624
img_01951_mirrored.jpg,0.2178000062704086
img_00606_mirrored.jpg,-0.0922000035643577
img_06973_mirrored.jpg,0.0872000008821487
img_12132.jpg,-0.1062999963760376
img_11628.jpg,-0.146599993109703
img_09697_mirrored.jpg,0.0377000011503696
img_09074.jpg,-0.0612999983131885
img_06763_mirrored.jpg,0.1010999977588653
img_08522.jpg,-0.0706999972462654
img_10834_mirrored.jpg,0.2800999879837036
img_12704.jpg,-0.1869000047445297
img_08857.jpg,-0.3142000138759613
img_12336.jpg,0.2037000060081482
img_08551_mirrored.jpg,-0.2296999990940094
img_00251.jpg,-0.0816999971866607
img_08749.jpg,-0.2026000022888183
img_10902.jpg,-0.0109999999403953
img_07193_mirrored.jpg,-0.048700001090765
img_05447_mirrored.jpg,0.1738000065088272
img_14676_mirrored.jpg,0.0031000000890344
img_13730_mirrored.jpg,0.006800000090152
img_01106.jpg,-0.0037000000011175
img_07164.jpg,-0.0308999996632337
img_04608_mirrored.jpg,0.1046999990940094
img_03925_mirrored.jpg,0.2967000007629394
img_12425_mirrored.jpg,0.0304000005125999
img_10900.jpg,-0.018300000578165
img_09835.jpg,-0.2973999977111816
img_03862_mirrored.jpg,0.1429000049829483
img_07478.jpg,0.0052000000141561
img_01558.jpg,-0.0063000000081956
img_14666.jpg,-0.0046999999321997
img_01792.jpg,-0.0293000005185604
img_05686_mirrored.jpg,-0.0617999993264675
img_10407_mirrored.jpg,-0.1433999985456466
img_04821_mirrored.jpg,0.0215000007301569
img_05746.jpg,-0.1360999941825866
img_13444.jpg,-0.0397999994456768
img_00590.jpg,0.1278000026941299
img_12437.jpg,0.0434999987483024
img_13171.jpg,-0.3142000138759613
img_07555.jpg,-0.1156999990344047
img_10713_mirrored.jpg,0.1512999981641769
img_05928_mirrored.jpg,0.3142000138759613
img_05148.jpg,-0.0031000000890344
img_00687.jpg,-0.0120000001043081
img_03111_mirrored.jpg,0.0063000000081956
img_11571.jpg,-0.0287999995052814
img_07697_mirrored.jpg,0.1869000047445297
img_10680_mirrored.jpg,0.1873999983072281
img_01646.jpg,0.1580999940633773
img_14320.jpg,-0.1863999962806701
img_02489.jpg,-0.3142000138759613
img_09953.jpg,0.1194000020623207
img_06276_mirrored.jpg,0.0775000005960464
img_07172.jpg,-0.0816999971866607
img_12819_mirrored.jpg,0.0031000000890344
img_09289.jpg,-0.2842999994754791
img_07663_mirrored.jpg,0.0308999996632337
img_02989_mirrored.jpg,0.2791000008583069
img_04408_mirrored.jpg,0.3142000138759613
img_09257.jpg,-0.1601999998092651
img_11669_mirrored.jpg,0.2381999939680099
img_10147.jpg,-0.0215000007301569
img_05220_mirrored.jpg,0.0806000009179115
img_03679.jpg,0.070200003683567
img_11110_mirrored.jpg,-0.0847999975085258
img_09334.jpg,-0.3142000138759613
img_14468_mirrored.jpg,0.2994999885559082
img_05390.jpg,-0.2910999953746795
img_04515.jpg,-0.2402999997138977
img_04110_mirrored.jpg,0.0057999999262392
img_08037_mirrored.jpg,-0.0187999997287988
img_11647.jpg,-0.1209999993443489
img_00543_mirrored.jpg,0.0156999994069337
img_11974.jpg,0.191100001335144
img_06193.jpg,-0.0723000019788742
img_13271.jpg,0.1659999936819076
img_12486.jpg,-0.013600000180304
img_05384.jpg,-0.3041999936103821
img_09950.jpg,0.0751999989151954
img_12845.jpg,-0.0293000005185604
img_05882.jpg,-0.2502000033855438
img_00880_mirrored.jpg,0.2266999930143356
img_05052.jpg,-0.099600002169609
img_08415_mirrored.jpg,0.3142000138759613
img_01220_mirrored.jpg,0.0419000014662742
img_09623.jpg,0.0297999996691942
img_05869.jpg,-0.0120000001043081
img_05379.jpg,-0.1937000006437301
img_07517_mirrored.jpg,-0.0496999993920326
img_02483_mirrored.jpg,0.3142000138759613
img_12268.jpg,-0.0204000007361173
img_07487.jpg,-0.0864000022411346
img_03055.jpg,-0.0046999999321997
img_00087.jpg,-0.0005000000237487
img_01401.jpg,-0.3142000138759613
img_06657.jpg,0.1084000021219253
img_11139.jpg,-0.0597000010311603
img_08244.jpg,-0.0533999986946582
img_04557.jpg,0.2727000117301941
img_07067.jpg,0.0115000000223517
img_05359.jpg,-0.157600000500679
img_02033_mirrored.jpg,0.0612999983131885
img_11062_mirrored.jpg,-0.0126000000163912
img_04415.jpg,-0.277999997138977
img_08012_mirrored.jpg,-0.0842999964952468
img_10253.jpg,-0.2937000095844269
img_15132_mirrored.jpg,-0.5235999822616577
img_03466.jpg,-0.2345999926328659
img_10890.jpg,0.1089000031352043
img_14431_mirrored.jpg,0.1587000042200088
img_01050.jpg,0.0256999991834163
img_00467_mirrored.jpg,0.3142000138759613
img_07231.jpg,-0.0450000017881393
img_05946.jpg,-0.2479999959468841
img_08676.jpg,-0.0428999997675418
img_11282_mirrored.jpg,0.3142000138759613
img_04683.jpg,0.0465999990701675
img_14233.jpg,-0.0198999997228384
img_01305_mirrored.jpg,0.0649000033736229
img_10734.jpg,-0.2366999983787536
img_03162_mirrored.jpg,0.0737999975681305
img_02750_mirrored.jpg,0.0450000017881393
img_03859_mirrored.jpg,0.1168000027537345
img_01000_mirrored.jpg,-0.0167999994009733
img_06352_mirrored.jpg,0.1492000073194503
img_09787_mirrored.jpg,0.3142000138759613
img_01149_mirrored.jpg,-0.1125999987125396
img_04274.jpg,-0.0471000000834465
img_03992.jpg,-0.3142000138759613
img_10796.jpg,-0.1010999977588653
img_08421.jpg,-0.3142000138759613
img_09832_mirrored.jpg,0.3142000138759613
img_09639.jpg,-0.1689999997615814
img_01881.jpg,-0.3142000138759613
img_01362.jpg,-0.3073999881744385
img_03296.jpg,-0.0156999994069337
img_14905.jpg,-0.5235999822616577
img_11101.jpg,-0.0507999993860721
img_14739_mirrored.jpg,0.0245999991893768
img_11683.jpg,-0.2824000120162964
img_01812_mirrored.jpg,0.2067999988794326
img_13611_mirrored.jpg,0.2754000127315521
img_09836.jpg,-0.2712000012397766
img_05254_mirrored.jpg,0.0215000007301569
img_14894.jpg,-0.5235999822616577
img_02065_mirrored.jpg,0.0215000007301569
img_11884.jpg,-0.0037000000011175
img_06234_mirrored.jpg,-0.0052000000141561
img_07559.jpg,-0.060199998319149
img_05605_mirrored.jpg,0.0769999995827674
img_13605.jpg,0.0093999998643994
img_02009_mirrored.jpg,-0.024100000038743
img_01076_mirrored.jpg,-0.0167999994009733
img_06727_mirrored.jpg,0.0372000001370906
img_02224_mirrored.jpg,0.0759000033140182
img_12368_mirrored.jpg,0.0230000000447034
img_12223.jpg,-0.3142000138759613
img_05064.jpg,0.0131000000983476
img_14719.jpg,0.0737999975681305
img_04966_mirrored.jpg,0.2955999970436096
img_11042_mirrored.jpg,-0.0711999982595443
img_01636.jpg,0.0640000030398368
img_10282_mirrored.jpg,0.2581000030040741
img_05166_mirrored.jpg,0.0592000000178813
img_08307_mirrored.jpg,0.2450000047683715
img_10527_mirrored.jpg,-0.0905999988317489
img_01139.jpg,-0.0685999989509582
img_08331_mirrored.jpg,0.2707000076770782
img_06187_mirrored.jpg,0.0346000008285045
img_10152_mirrored.jpg,-0.0031000000890344
img_04913.jpg,-0.3142000138759613
img_08213_mirrored.jpg,0.0120000001043081
img_07951_mirrored.jpg,0.2388000041246414
img_03919.jpg,-0.1728000044822693
img_14284.jpg,-0.0502999983727932
img_00049_mirrored.jpg,0.0109999999403953
img_04584_mirrored.jpg,-0.0170000009238719
img_05049.jpg,-0.0564999990165233
img_14040.jpg,-0.1550000011920929
img_13627.jpg,-0.0077999997884035
img_12179_mirrored.jpg,0.191100001335144
img_03716_mirrored.jpg,0.0204000007361173
img_10613_mirrored.jpg,-0.0131000000983476
img_04147_mirrored.jpg,0.0031000000890344
img_04970.jpg,-0.3010999858379364
img_02785.jpg,-0.1036999970674514
img_11019.jpg,-0.0706999972462654
img_12509_mirrored.jpg,0.0361000001430511
img_06494_mirrored.jpg,0.0366999991238117
img_11839_mirrored.jpg,0.0147000001743435
img_02209_mirrored.jpg,-0.1081999987363815
img_02344.jpg,-0.150299996137619
img_01762.jpg,0.013600000180304
img_07024_mirrored.jpg,0.0037000000011175
img_00643.jpg,-0.0245999991893768
img_08453_mirrored.jpg,0.0119000002741813
img_12006.jpg,-0.0445000007748603
img_04272.jpg,-0.0496999993920326
img_09525.jpg,0.2412000000476837
img_08861_mirrored.jpg,0.3142000138759613
img_05897_mirrored.jpg,0.3142000138759613
img_02934.jpg,-0.3142000138759613
img_01375.jpg,-0.1138999983668327
img_00508.jpg,-0.0346000008285045
img_11948_mirrored.jpg,0.0381999984383583
img_06100.jpg,-0.0063000000081956
img_05164_mirrored.jpg,0.048700001090765
img_09845_mirrored.jpg,0.2910000085830688
img_00847_mirrored.jpg,-0.0115000000223517
img_09569.jpg,-0.0283000003546476
img_05154.jpg,-0.0031000000890344
img_09540.jpg,0.1512999981641769
img_04871_mirrored.jpg,0.150299996137619
img_11835_mirrored.jpg,0.0287999995052814
img_00220_mirrored.jpg,-0.0126000000163912
img_09242.jpg,-0.0926999971270561
img_13083_mirrored.jpg,0.2833000123500824
img_14324.jpg,-0.2046999931335449
img_13967.jpg,-0.1606999933719635
img_12278.jpg,0.2193000018596649
img_13027_mirrored.jpg,0.1486999988555908
img_14097_mirrored.jpg,0.3142000138759613
img_08298_mirrored.jpg,0.1853999942541122
img_08063_mirrored.jpg,0.0031000000890344
img_14393_mirrored.jpg,0.1597000062465667
img_08723.jpg,-0.0346000008285045
img_10856_mirrored.jpg,0.0162000004202127
img_03756_mirrored.jpg,0.0392999984323978
img_07038_mirrored.jpg,-0.0821999981999397
img_04210.jpg,-0.0502999983727932
img_00180_mirrored.jpg,0.0555000007152557
img_06355_mirrored.jpg,0.1930000036954879
img_09641.jpg,-0.2188999950885772
img_09990_mirrored.jpg,0.0063000000081956
img_07198_mirrored.jpg,0.0885000005364418
img_00527.jpg,0.2287999987602234
img_06498.jpg,0.0187999997287988
img_13248.jpg,0.09009999781847
img_09181.jpg,-0.0162000004202127
img_09665_mirrored.jpg,0.0057999999262392
img_10190.jpg,-0.1093999966979026
img_02845.jpg,-0.1843000054359436
img_10570_mirrored.jpg,-0.0606999993324279
img_06376.jpg,-0.0838000029325485
img_01142.jpg,0.018300000578165
img_00594.jpg,0.1638000011444091
img_11178.jpg,-0.2131000012159347
img_05806.jpg,-0.0198999997228384
img_10927.jpg,-0.008899999782443
img_07644.jpg,-0.018300000578165
img_08860.jpg,-0.3142000138759613
img_01762_mirrored.jpg,-0.013600000180304
img_07772_mirrored.jpg,0.2178000062704086
img_01054.jpg,-0.0272000003606081
img_13329.jpg,0.0952999964356422
img_06081_mirrored.jpg,-0.0245999991893768
img_00025.jpg,-0.0052000000141561
img_00040.jpg,0.0366999991238117
img_12589.jpg,-0.3142000138759613
img_01373.jpg,-0.0922000035643577
img_14730.jpg,-0.024100000038743
img_02179_mirrored.jpg,0.0208999998867511
img_06433.jpg,-0.3142000138759613
img_13511_mirrored.jpg,0.0680999979376792
img_04482.jpg,-0.1229000017046928
img_01041.jpg,0.0597000010311603
img_03392_mirrored.jpg,0.1105000004172325
img_02310.jpg,-0.1010999977588653
img_03895.jpg,-0.3142000138759613
img_01686.jpg,-0.0524000003933906
img_02610_mirrored.jpg,-0.1659999936819076
img_08459.jpg,-0.0873999968171119
img_10369.jpg,-0.3142000138759613
img_07913_mirrored.jpg,0.1020999997854232
img_01474.jpg,-0.3142000138759613
img_13752.jpg,-0.0031000000890344
img_01028.jpg,0.0126000000163912
img_02973.jpg,-0.0564999990165233
img_02548.jpg,0.2833000123500824
img_02728_mirrored.jpg,-0.1367000043392181
img_11759_mirrored.jpg,0.0465999990701675
img_07600_mirrored.jpg,0.0194000005722045
img_06519.jpg,-0.0225000008940696
img_02488_mirrored.jpg,0.3142000138759613
img_04823.jpg,-0.0266999993473291
img_06683_mirrored.jpg,0.0529000014066696
img_05450_mirrored.jpg,0.2594999969005584
img_12194.jpg,-0.3131000101566314
img_05724.jpg,0.0449000000953674
img_00240.jpg,-0.0147000001743435
img_08890_mirrored.jpg,0.0759000033140182
img_07460_mirrored.jpg,0.3142000138759613
img_05904.jpg,-0.1360999941825866
img_08956_mirrored.jpg,0.1282999962568283
img_10858.jpg,-0.0496999993920326
img_04967_mirrored.jpg,0.3142000138759613
img_04215.jpg,-0.0816999971866607
img_08829.jpg,-0.1456000059843063
img_07569.jpg,0.1669999957084655
img_00439.jpg,-0.1492000073194503
img_02751.jpg,-0.0397999994456768
img_13254_mirrored.jpg,0.1209999993443489
img_00427_mirrored.jpg,0.3142000138759613
img_04062.jpg,-0.0057999999262392
img_02056_mirrored.jpg,-0.1190000027418136
img_04964.jpg,-0.2300000041723251
img_00143_mirrored.jpg,-0.0529000014066696
img_07780_mirrored.jpg,0.1445000022649765
img_01431_mirrored.jpg,0.3142000138759613
img_11462_mirrored.jpg,-0.0952999964356422
img_11634_mirrored.jpg,-0.0711999982595443
img_12797.jpg,-0.0052000000141561
img_01656_mirrored.jpg,-0.0208999998867511
img_04569_mirrored.jpg,-0.0381999984383583
img_04948_mirrored.jpg,0.3142000138759613
img_13254.jpg,-0.1209999993443489
img_06192.jpg,-0.063400000333786
img_14599_mirrored.jpg,0.1225000023841857
img_09097_mirrored.jpg,0.0115000000223517
img_09841.jpg,-0.2004999965429306
img_10596_mirrored.jpg,0.0236000008881092
img_00787.jpg,-0.0272000003606081
img_14355.jpg,-0.0147000001743435
img_03437_mirrored.jpg,0.131400004029274
img_07662.jpg,-0.0381999984383583
img_07219.jpg,-0.0251000002026557
img_07198.jpg,-0.0885000005364418
img_00593.jpg,0.1379999965429306
img_00642.jpg,-0.0215000007301569
img_01753.jpg,0.0031000000890344
img_14666_mirrored.jpg,0.0046999999321997
img_13734_mirrored.jpg,0.0041999998502433
img_09251.jpg,-0.1367000043392181
img_08534_mirrored.jpg,0.0089999996125698
img_06322.jpg,-0.1041999980807304
img_00155.jpg,-0.013600000180304
img_00553_mirrored.jpg,-0.0808999985456466
img_00929.jpg,-0.2649999856948852
img_01003_mirrored.jpg,0.0052000000141561
img_06433_mirrored.jpg,0.3142000138759613
img_14270.jpg,0.0617999993264675
img_09294.jpg,-0.1550000011920929
img_14186.jpg,-0.0833000019192695
img_06658.jpg,0.1130999997258186
img_09059.jpg,-0.0098999999463558
img_05054.jpg,-0.1272000074386596
img_02291_mirrored.jpg,-0.0771000012755394
img_09408.jpg,-0.3142000138759613
img_08933.jpg,-0.0769999995827674
img_10017_mirrored.jpg,0.0031000000890344
img_05046.jpg,-0.0098999999463558
img_00616_mirrored.jpg,-0.093199998140335
img_12010_mirrored.jpg,0.05180000141263
img_08464_mirrored.jpg,0.0408000014722347
img_05797_mirrored.jpg,0.0346000008285045
img_09311_mirrored.jpg,0.3142000138759613
img_08997.jpg,-0.0126000000163912
img_05019.jpg,-0.1674000024795532
img_08502_mirrored.jpg,0.0073000001721084
img_14645.jpg,0.0266999993473291
img_09553.jpg,0.0749000012874603
img_04141.jpg,-0.0031000000890344
img_06140.jpg,-0.0560000017285347
img_10815.jpg,-0.2973999977111816
img_09526_mirrored.jpg,-0.257099986076355
img_02140_mirrored.jpg,0.0513000003993511
img_09060.jpg,-0.0198999997228384
img_12075.jpg,-0.05180000141263
img_03344.jpg,-0.1324999928474426
img_04835_mirrored.jpg,0.2161999940872192
img_08802_mirrored.jpg,0.1093000024557113
img_05763_mirrored.jpg,0.0083999997004866
img_04322.jpg,-0.0838000029325485
img_04567_mirrored.jpg,-0.0612999983131885
img_06497_mirrored.jpg,-0.017799999564886
img_14764.jpg,-0.5235999822616577
img_13462_mirrored.jpg,0.2272000014781952
img_10673_mirrored.jpg,0.1407999992370605
img_04324.jpg,-0.094200000166893
img_05165_mirrored.jpg,0.0549999997019767
img_11676_mirrored.jpg,0.1534000039100647
img_02281_mirrored.jpg,0.0732999965548515
img_06570_mirrored.jpg,-0.048200000077486
img_11556.jpg,-0.0502999983727932
img_12864.jpg,-0.0194000005722045
img_13898.jpg,-0.0957999974489212
img_03297_mirrored.jpg,0.0093000000342726
img_01597_mirrored.jpg,-0.1879999935626983
img_09403.jpg,-0.3142000138759613
img_14996_mirrored.jpg,-0.5235999822616577
img_00063.jpg,0.0308999996632337
img_07501.jpg,0.0474999994039535
img_12811.jpg,-0.0037000000011175
img_00391.jpg,-0.3142000138759613
img_09648_mirrored.jpg,0.0737999975681305
img_13780_mirrored.jpg,0.0377000011503696
img_13748_mirrored.jpg,0.0037000000011175
img_05582_mirrored.jpg,-0.0505999997258186
img_09252.jpg,-0.1423999965190887
img_04234_mirrored.jpg,-0.146599993109703
img_11585_mirrored.jpg,0.0262000001966953
img_14256.jpg,0.0126000000163912
img_15064.jpg,0.5235999822616577
img_03007_mirrored.jpg,0.2460999935865402
img_13670.jpg,0.0208999998867511
img_11204.jpg,-0.2953000068664551
img_09666.jpg,-0.0031000000890344
img_07665.jpg,-0.0162000004202127
img_06602.jpg,0.2349999994039535
img_00557.jpg,0.1665000021457672
img_10138_mirrored.jpg,0.05180000141263
img_04359_mirrored.jpg,0.1518000066280365
img_04287.jpg,-0.0533999986946582
img_01503.jpg,0.0141000002622604
img_13628_mirrored.jpg,0.0225000008940696
img_03407.jpg,-0.3142000138759613
img_01270.jpg,-0.0606999993324279
img_12434.jpg,0.0037000000011175
img_06286_mirrored.jpg,-0.0826999992132186
img_03021_mirrored.jpg,-0.0208999998867511
img_11433_mirrored.jpg,0.0219999998807907
img_14847.jpg,-0.5235999822616577
img_02544_mirrored.jpg,-0.2029000073671341
img_14061.jpg,-0.3142000138759613
img_05660_mirrored.jpg,-0.1994999945163726
img_02739_mirrored.jpg,0.1704999953508377
img_02239_mirrored.jpg,-0.0057999999262392
img_05039_mirrored.jpg,0.0052000000141561
img_07029.jpg,0.0078999996185302
img_06347_mirrored.jpg,0.1659999936819076
img_15141.jpg,0.5235999822616577
img_11153_mirrored.jpg,0.1518000066280365
img_11051.jpg,-0.0639000013470649
img_00051_mirrored.jpg,-0.0052000000141561
img_07440_mirrored.jpg,0.3142000138759613
img_15112_mirrored.jpg,-0.5235999822616577
img_12659.jpg,-0.1591999977827072
img_08772.jpg,-0.1587000042200088
img_12943.jpg,-0.0507999993860721
img_01194.jpg,0.0324999988079071
img_10370_mirrored.jpg,0.3068000078201294
img_11180.jpg,-0.2479999959468841
img_11162.jpg,-0.1534000039100647
img_00445.jpg,-0.0215000007301569
img_01112_mirrored.jpg,0.0031000000890344
img_14589.jpg,-0.0147000001743435
img_06696.jpg,0.002600000007078
img_06682.jpg,-0.0571000017225742
img_02349_mirrored.jpg,0.1565999984741211
img_04356_mirrored.jpg,0.1597000062465667
img_07720.jpg,0.0046999999321997
img_08999_mirrored.jpg,-0.006800000090152
img_00151.jpg,-0.0152000002562999
img_10049_mirrored.jpg,-0.050500001758337
img_10239.jpg,-0.1524000018835067
img_05870_mirrored.jpg,0.0115000000223517
img_10561_mirrored.jpg,-0.0073000001721084
img_11197.jpg,-0.0895000025629997
img_14417.jpg,-0.1800999939441681
img_05955.jpg,-0.274399995803833
img_04867_mirrored.jpg,0.1282999962568283
img_11940.jpg,-0.0256999991834163
img_02829_mirrored.jpg,0.1534000039100647
img_01360.jpg,-0.3142000138759613
img_07595_mirrored.jpg,-0.1105000004172325
img_08752.jpg,-0.1580999940633773
img_13594.jpg,-0.130400002002716
img_13600.jpg,-0.063400000333786
img_07899_mirrored.jpg,0.3142000138759613
img_06766.jpg,-0.0644000023603439
img_01441_mirrored.jpg,0.2937000095844269
img_06754_mirrored.jpg,0.0251000002026557
img_09154.jpg,-0.0173000004142522
img_07279.jpg,-0.0962999984622001
img_06841.jpg,0.0456000007688999
img_10030.jpg,-0.0318999998271465
img_10231_mirrored.jpg,0.1597000062465667
img_07230.jpg,-0.0471000000834465
img_07426_mirrored.jpg,0.1784999966621399
img_14162.jpg,-0.0236000008881092
img_02124.jpg,-0.0031000000890344
img_03359_mirrored.jpg,0.1597000062465667
img_03632.jpg,0.1330000013113021
img_08372.jpg,-0.1544999927282333
img_12505.jpg,-0.0293000005185604
img_14441_mirrored.jpg,0.0156999994069337
img_13842_mirrored.jpg,-0.1528999954462051
img_04889_mirrored.jpg,0.0597000010311603
img_07605.jpg,0.0680000036954879
img_05391.jpg,-0.26910001039505
img_01532.jpg,0.2065999954938888
img_13316.jpg,0.1199000030755996
img_01164_mirrored.jpg,0.0083999997004866
img_04829_mirrored.jpg,0.1280000060796737
img_02016.jpg,-0.006800000090152
img_11687.jpg,-0.3142000138759613
img_06126_mirrored.jpg,0.0031000000890344
img_06087_mirrored.jpg,-0.0198999997228384
img_13104.jpg,-0.1550000011920929
img_10794_mirrored.jpg,0.1067999973893165
img_02641_mirrored.jpg,-0.0538999997079372
img_14175.jpg,0.1308999955654144
img_00392.jpg,-0.3142000138759613
img_00681.jpg,-0.0513000003993511
img_01205.jpg,0.1791000068187713
img_13707.jpg,0.013600000180304
img_14654.jpg,0.0126000000163912
img_11159_mirrored.jpg,0.1512999981641769
img_11271.jpg,-0.1058000028133392
img_03479_mirrored.jpg,0.3034999966621399
img_15051_mirrored.jpg,-0.0
img_03286_mirrored.jpg,0.0879999995231628
img_09828_mirrored.jpg,0.3142000138759613
img_09514.jpg,0.201100006699562
img_13671.jpg,0.0156999994069337
img_14725_mirrored.jpg,-0.0680999979376792
img_09840_mirrored.jpg,0.2053000032901764
img_01625_mirrored.jpg,-0.123599998652935
img_01976.jpg,-0.2989999949932098
img_06029.jpg,-0.0956000015139579
img_02953.jpg,-0.2818000018596649
img_01317.jpg,-0.1046999990940094
img_06147.jpg,-0.1151999980211258
img_14448_mirrored.jpg,0.1282999962568283
img_03534.jpg,-0.0659999996423721
img_12474.jpg,-0.0073000001721084
img_06994.jpg,0.0156999994069337
img_13311.jpg,0.2037000060081482
img_06798.jpg,-0.2161999940872192
img_11054.jpg,-0.0308999996632337
img_04219.jpg,-0.0555000007152557
img_09987_mirrored.jpg,0.0041999998502433
img_13959_mirrored.jpg,0.1591999977827072
img_07377.jpg,-0.2408999949693679
img_10230_mirrored.jpg,0.1623000055551529
img_07509_mirrored.jpg,-0.2937000095844269
img_07057_mirrored.jpg,-0.0251000002026557
img_07618.jpg,0.0754000023007392
img_07038.jpg,0.0821999981999397
img_09504.jpg,-0.0905999988317489
img_14580.jpg,0.0351000018417835
img_00305_mirrored.jpg,0.1010999977588653
img_08105_mirrored.jpg,-0.0472999997437
img_04664_mirrored.jpg,-0.1879999935626983
img_07425.jpg,-0.2041999995708465
img_03013.jpg,-0.2105000019073486
img_09641_mirrored.jpg,0.2188999950885772
img_08578.jpg,0.0502999983727932
img_08300.jpg,-0.1397999972105026
img_08601.jpg,0.0592000000178813
img_04073.jpg,0.1125999987125396
img_01367_mirrored.jpg,0.1978999972343444
img_04935.jpg,-0.3142000138759613
img_00696_mirrored.jpg,-0.0098999999463558
img_06643_mirrored.jpg,-0.0450000017881393
img_09239.jpg,-0.0612999983131885
img_00364.jpg,-0.1058000028133392
img_06168_mirrored.jpg,0.0198999997228384
img_07538.jpg,0.1269000023603439
img_03230_mirrored.jpg,-0.0957999974489212
img_04221_mirrored.jpg,-0.0236000008881092
img_06357.jpg,-0.2329999953508377
img_11828.jpg,0.0754000023007392
img_01339_mirrored.jpg,0.1627999991178512
img_02886_mirrored.jpg,0.261599987745285
img_09163_mirrored.jpg,0.008899999782443
img_02376_mirrored.jpg,0.2786000072956085
img_07288_mirrored.jpg,0.0575999990105629
img_13353_mirrored.jpg,0.060199998319149
img_12837_mirrored.jpg,0.0821999981999397
img_04607.jpg,-0.1120999976992607
img_04802.jpg,-0.0597000010311603
img_04885_mirrored.jpg,0.0173000004142522
img_09553_mirrored.jpg,-0.0749000012874603
img_01223.jpg,-0.018300000578165
img_05709.jpg,-0.0445000007748603
img_14843.jpg,-0.5235999822616577
img_02546.jpg,0.2667999863624573
img_12791.jpg,-0.0078999996185302
img_10347_mirrored.jpg,0.3142000138759613
img_05103_mirrored.jpg,-0.0245999991893768
img_05844_mirrored.jpg,0.1806000024080276
img_04638_mirrored.jpg,-0.1015999987721443
img_01692_mirrored.jpg,0.0502999983727932
img_03217.jpg,0.0381999984383583
img_10614_mirrored.jpg,-0.0156999994069337
img_11613.jpg,-0.1806000024080276
img_10184_mirrored.jpg,0.0754000023007392
img_05752.jpg,-0.0277999993413686
img_04314.jpg,0.0649000033736229
img_08065_mirrored.jpg,0.0037000000011175
img_03993_mirrored.jpg,0.3142000138759613
img_14975.jpg,0.5235999822616577
img_12441.jpg,0.1324999928474426
img_13714_mirrored.jpg,-0.0245999991893768
img_07900.jpg,-0.3142000138759613
img_11222.jpg,-0.2601999938488006
img_00234.jpg,-0.0533999986946582
img_00031_mirrored.jpg,-0.063400000333786
img_11890.jpg,-0.0031000000890344
img_14541_mirrored.jpg,0.0141000002622604
img_03003.jpg,-0.0966999977827072
img_00046.jpg,-0.0187999997287988
img_04060_mirrored.jpg,0.0031000000890344
img_13518.jpg,-0.265500009059906
img_01955.jpg,-0.1093999966979026
img_08649.jpg,0.0245999991893768
img_00596.jpg,0.2071000039577484
img_11681_mirrored.jpg,0.2353000044822693
img_00620.jpg,-0.0167999994009733
img_06398_mirrored.jpg,0.2355999946594238
img_11643.jpg,-0.0392999984323978
img_10605.jpg,-0.008899999782443
img_01722_mirrored.jpg,0.0599000006914138
img_13555.jpg,-0.3142000138759613
img_13323_mirrored.jpg,-0.0141000002622604
img_14674_mirrored.jpg,0.0031000000890344
img_03742_mirrored.jpg,0.0777999982237815
img_13235.jpg,-0.002600000007078
img_06539.jpg,0.0833000019192695
img_10789.jpg,-0.2456000000238418
img_00640.jpg,0.0318999998271465
img_05477_mirrored.jpg,0.0456000007688999
img_02603_mirrored.jpg,-0.0295000001788139
img_07772.jpg,-0.2178000062704086
img_06552_mirrored.jpg,0.0098999999463558
img_08008_mirrored.jpg,-0.1079000011086463
img_02803.jpg,-0.0414000004529953
img_07139.jpg,0.0763999968767166
img_05974_mirrored.jpg,0.0456000007688999
img_02297.jpg,0.0785000026226043
img_02712_mirrored.jpg,0.0104999998584389
img_10619.jpg,-0.0236000008881092
img_09409.jpg,-0.3142000138759613
img_01495.jpg,-0.0759000033140182
img_12740.jpg,0.0152000002562999
img_11305_mirrored.jpg,0.3142000138759613
img_00909.jpg,-0.3142000138759613
img_06200_mirrored.jpg,0.0696000009775161
img_13840_mirrored.jpg,-0.1811999976634979
img_09136_mirrored.jpg,-0.201100006699562
img_06611.jpg,0.0948000028729438
img_10633.jpg,-0.0423999987542629
img_05179_mirrored.jpg,-0.0225000008940696
img_02715.jpg,0.0057999999262392
img_08836.jpg,-0.2220000028610229
img_09189.jpg,-0.0469000004231929
img_12350_mirrored.jpg,-0.1732999980449676
img_04491.jpg,-0.3142000138759613
img_00988_mirrored.jpg,0.224600002169609
img_04035.jpg,-0.0093999998643994
img_03179.jpg,-0.0156999994069337
img_08442.jpg,-0.0852999985218048
img_13626_mirrored.jpg,-0.017799999564886
img_08077.jpg,-0.0031000000890344
img_00481_mirrored.jpg,0.1847999989986419
img_07000_mirrored.jpg,0.0120000001043081
img_00853_mirrored.jpg,0.0588000006973743
img_05853_mirrored.jpg,0.1256999969482422
img_12486_mirrored.jpg,0.013600000180304
img_01383_mirrored.jpg,0.3142000138759613
img_12416_mirrored.jpg,0.0478000007569789
img_07620.jpg,-0.0287999995052814
img_06110_mirrored.jpg,0.0031000000890344
img_12359_mirrored.jpg,-0.1476999968290329
img_05351.jpg,-0.131400004029274
img_08011_mirrored.jpg,-0.1015999987721443
img_08735.jpg,-0.0230000000447034
img_05124.jpg,-0.0063000000081956
img_02510.jpg,-0.0104999998584389
img_02077_mirrored.jpg,-0.0215000007301569
img_09843_mirrored.jpg,0.2275000065565109
img_01570_mirrored.jpg,-0.1732999980449676
img_00344_mirrored.jpg,0.2495000064373016
img_02811_mirrored.jpg,0.0230000000447034
img_04203.jpg,-0.0423999987542629
img_08541.jpg,0.1843000054359436
img_14724.jpg,0.0869000032544136
img_14092_mirrored.jpg,0.3142000138759613
img_09229_mirrored.jpg,0.096900001168251
img_01741_mirrored.jpg,0.017799999564886
img_10454.jpg,-0.1194000020623207
img_11140.jpg,-0.0728000029921531
img_00646.jpg,0.017799999564886
img_05315_mirrored.jpg,-0.0785000026226043
img_11880.jpg,-0.0037000000011175
img_05727.jpg,0.1130999997258186
img_14836_mirrored.jpg,0.5235999822616577
img_01834_mirrored.jpg,0.1722999960184097
img_00936.jpg,-0.2759000062942505
img_12620_mirrored.jpg,0.3142000138759613
img_09807_mirrored.jpg,0.1799000054597854
img_10044_mirrored.jpg,0.0428999997675418
img_02071_mirrored.jpg,0.0098999999463558
img_05738_mirrored.jpg,0.1093000024557113
img_10154.jpg,-0.0283000003546476
img_07324.jpg,-0.1685999929904937
img_03496.jpg,-0.3142000138759613
img_11061_mirrored.jpg,-0.0098999999463558
img_06044.jpg,0.0083999997004866
img_04026.jpg,0.0272000003606081
img_08781.jpg,-0.1482000052928924
img_00782.jpg,-0.0208999998867511
img_09096.jpg,-0.0147000001743435
img_06986.jpg,-0.0555000007152557
img_02157.jpg,0.0597000010311603
img_10619_mirrored.jpg,0.0236000008881092
img_13995_mirrored.jpg,0.1895000040531158
img_04044.jpg,-0.099600002169609
img_13001_mirrored.jpg,0.0524000003933906
img_06982.jpg,-0.191100001335144
img_06315_mirrored.jpg,0.0524000003933906
img_06310.jpg,-0.070200003683567
img_08318_mirrored.jpg,0.2392999976873397
img_08173_mirrored.jpg,0.0790999978780746
img_11270_mirrored.jpg,0.1397999972105026
img_08896.jpg,0.0120000001043081
img_01665_mirrored.jpg,-0.1136000007390976
img_08864.jpg,-0.2402999997138977
img_06660_mirrored.jpg,-0.1115000024437904
img_11621.jpg,-0.1318999975919723
img_10936.jpg,-0.002600000007078
img_10092_mirrored.jpg,0.0617999993264675
img_13659_mirrored.jpg,0.0293000005185604
img_01005.jpg,-0.0083999997004866
img_08608.jpg,0.1172999963164329
img_14145_mirrored.jpg,-0.2111999988555908
img_10276.jpg,-0.3142000138759613
img_02443.jpg,-0.3142000138759613
img_13950_mirrored.jpg,0.1225000023841857
img_13461.jpg,-0.2272000014781952
img_08529.jpg,-0.1041999980807304
img_05305.jpg,0.0236000008881092
img_10719_mirrored.jpg,0.3142000138759613
img_08535_mirrored.jpg,-0.0623000003397464
img_05964.jpg,-0.0983999967575073
img_08646_mirrored.jpg,-0.002600000007078
img_04152.jpg,-0.0031000000890344
img_12565_mirrored.jpg,-0.1010999977588653
img_12220.jpg,-0.3142000138759613
img_02904.jpg,-0.2355999946594238
img_15090_mirrored.jpg,-0.5235999822616577
img_06979_mirrored.jpg,0.2702000141143799
img_12338.jpg,0.1680999994277954
img_02032.jpg,-0.0821999981999397
img_00741.jpg,-0.006800000090152
img_07417_mirrored.jpg,0.3079000115394592
img_09383.jpg,-0.3142000138759613
img_02736_mirrored.jpg,0.0562000013887882
img_13582.jpg,-0.3066999912261963
img_07417.jpg,-0.3079000115394592
img_14876.jpg,-0.5235999822616577
img_07763_mirrored.jpg,0.0266999993473291
img_00243.jpg,0.0046999999321997
img_01351_mirrored.jpg,0.183799996972084
img_11761_mirrored.jpg,0.0297999996691942
img_13481_mirrored.jpg,0.1879999935626983
img_14498_mirrored.jpg,0.3142000138759613
img_10522.jpg,0.0297999996691942
img_11941_mirrored.jpg,0.0304000005125999
img_09392_mirrored.jpg,0.3142000138759613
img_12285.jpg,0.176499992609024
img_05067_mirrored.jpg,0.0037000000011175
img_05712.jpg,-0.0173000004142522
img_11226_mirrored.jpg,0.3142000138759613
img_03956.jpg,-0.224600002169609
img_10552_mirrored.jpg,0.0575999990105629
img_08596.jpg,-0.0230000000447034
img_02227.jpg,-0.0833000019192695
img_14045.jpg,-0.1298999935388565
img_13346_mirrored.jpg,0.0167999994009733
img_03683_mirrored.jpg,-0.1062999963760376
img_08343_mirrored.jpg,0.2727999985218048
img_04958.jpg,-0.2538999915122986
img_12002_mirrored.jpg,0.0162000004202127
img_12011.jpg,-0.05180000141263
img_05495.jpg,-0.3142000138759613
img_07221_mirrored.jpg,0.0381999984383583
img_06705.jpg,0.1371999979019165
img_08557_mirrored.jpg,-0.1189000010490417
img_01419.jpg,-0.1209999993443489
img_06811_mirrored.jpg,0.1419000029563903
img_07010_mirrored.jpg,0.1151999980211258
img_04162_mirrored.jpg,0.0952999964356422
img_04658.jpg,0.0445000007748603
img_03398_mirrored.jpg,0.1546999961137771
img_00621_mirrored.jpg,0.0187999997287988
img_02276_mirrored.jpg,0.0910999998450279
img_09327.jpg,-0.3142000138759613
img_11930_mirrored.jpg,0.0215000007301569
img_09368.jpg,-0.2481999993324279
img_08004.jpg,0.034800000488758
img_01732.jpg,-0.1371999979019165
img_00058_mirrored.jpg,-0.0318999998271465
img_09115.jpg,-0.0564999990165233
img_01180_mirrored.jpg,0.0277999993413686
img_11032.jpg,0.1146999970078468
img_06281.jpg,0.0198999997228384
img_09009_mirrored.jpg,-0.0219999998807907
img_08821_mirrored.jpg,0.3142000138759613
img_01047_mirrored.jpg,-0.0890000015497207
img_00824_mirrored.jpg,0.1591999977827072
img_00825_mirrored.jpg,0.1591999977827072
img_12624_mirrored.jpg,0.3142000138759613
img_02238_mirrored.jpg,-0.0052000000141561
img_11506.jpg,0.0741999968886375
img_00584_mirrored.jpg,-0.1595000028610229
img_08293_mirrored.jpg,0.1617999970912933
img_07592.jpg,0.150299996137619
img_11627.jpg,-0.1439999938011169
img_10656.jpg,-0.153899997472763
img_11833_mirrored.jpg,0.0277999993413686
img_05066.jpg,0.0073000001721084
img_12143_mirrored.jpg,0.3142000138759613
img_15057.jpg,0.5235999822616577
img_15064_mirrored.jpg,-0.5235999822616577
img_14216_mirrored.jpg,-0.2031999975442886
img_08058.jpg,-0.0031000000890344
img_06024_mirrored.jpg,0.0104999998584389
img_03569_mirrored.jpg,0.0256999991834163
img_13885_mirrored.jpg,0.0251000002026557
img_05122_mirrored.jpg,0.006800000090152
img_08243_mirrored.jpg,0.0403000004589557
img_01733_mirrored.jpg,0.1089000031352043
img_06608.jpg,0.1220000013709068
img_07369_mirrored.jpg,0.2906000018119812
img_08571_mirrored.jpg,-0.0403000004589557
img_04140.jpg,-0.0031000000890344
img_13745.jpg,-0.0037000000011175
img_07088.jpg,-0.0031000000890344
img_08061_mirrored.jpg,0.0031000000890344
img_07242_mirrored.jpg,0.0450000017881393
img_09615.jpg,0.0063000000081956
img_08350_mirrored.jpg,0.2662999927997589
img_06448_mirrored.jpg,0.1879999935626983
img_04744.jpg,0.0873999968171119
img_01306_mirrored.jpg,0.0575999990105629
img_00372.jpg,-0.3142000138759613
img_09857_mirrored.jpg,0.1587000042200088
img_02424.jpg,-0.2648999989032745
img_03639.jpg,0.1177999973297119
img_10580.jpg,-0.0524000003933906
img_11336_mirrored.jpg,0.0141000002622604
img_06402_mirrored.jpg,0.274399995803833
img_03851.jpg,-0.1800999939441681
img_01852.jpg,0.0706999972462654
img_07594.jpg,0.1356000006198883
img_13698.jpg,-0.0287999995052814
img_08288_mirrored.jpg,0.1486999988555908
img_11860_mirrored.jpg,0.006800000090152
img_03044_mirrored.jpg,0.0833000019192695
img_10434_mirrored.jpg,-0.0104999998584389
img_01781_mirrored.jpg,0.0351000018417835
img_10504.jpg,0.1072999984025955
img_03334.jpg,-0.0759000033140182
img_01888.jpg,-0.3142000138759613
img_12429.jpg,0.006800000090152
img_04342.jpg,-0.1000000014901161
img_04813_mirrored.jpg,0.0408000014722347
img_03931.jpg,-0.3142000138759613
img_05104_mirrored.jpg,-0.0256999991834163
img_12650.jpg,-0.3142000138759613
img_03598_mirrored.jpg,0.0952999964356422
img_13822.jpg,-0.0812000036239624
img_14359.jpg,-0.0885000005364418
img_00870.jpg,-0.3142000138759613
img_07929_mirrored.jpg,0.3142000138759613
img_07734.jpg,-0.0826999992132186
img_13397.jpg,-0.0340000018477439
img_00150.jpg,-0.0167999994009733
img_05504.jpg,-0.3142000138759613
img_04837_mirrored.jpg,0.191100001335144
img_12943_mirrored.jpg,0.0507999993860721
img_06298_mirrored.jpg,0.0696000009775161
img_03676.jpg,0.0219999998807907
img_00099_mirrored.jpg,0.0010000000474974
img_02877_mirrored.jpg,0.0533999986946582
img_12049.jpg,0.1151999980211258
img_14458_mirrored.jpg,0.3142000138759613
img_13023.jpg,-0.1591999977827072
img_14918.jpg,-0.5235999822616577
img_12258_mirrored.jpg,0.0678000003099441
img_03733_mirrored.jpg,-0.1367000043392181
img_00288.jpg,-0.1000000014901161
img_09223.jpg,-0.1062999963760376
img_08033.jpg,0.024100000038743
img_01813.jpg,-0.1821999996900558
img_07937.jpg,-0.1952999979257583
img_13452_mirrored.jpg,0.0277999993413686
img_01096.jpg,-0.0031000000890344
img_05092.jpg,-0.0272000003606081
img_14553.jpg,-0.2538999915122986
img_05100_mirrored.jpg,-0.0156999994069337
img_03878_mirrored.jpg,0.0098999999463558
img_12858.jpg,0.0251000002026557
img_06030.jpg,-0.1168000027537345
img_07773.jpg,-0.224600002169609
img_07018_mirrored.jpg,-0.0173000004142522
img_01402_mirrored.jpg,0.3142000138759613
img_04448_mirrored.jpg,0.2006999999284744
img_14128.jpg,-0.0879999995231628
img_01948_mirrored.jpg,0.2723000049591064
img_08080.jpg,-0.0031000000890344
img_12783_mirrored.jpg,-0.0204000007361173
img_09498_mirrored.jpg,0.1141000017523765
img_00402_mirrored.jpg,0.1926999986171722
img_10745.jpg,-0.2277999967336654
img_06474.jpg,-0.3142000138759613
img_10372.jpg,-0.2250999957323074
img_08246_mirrored.jpg,0.070200003683567
img_11457.jpg,0.0230000000447034
img_14848_mirrored.jpg,0.5235999822616577
img_10157_mirrored.jpg,0.0706999972462654
img_02505.jpg,-0.1486999988555908
img_14609.jpg,0.0167999994009733
img_15072.jpg,0.5235999822616577
img_01110_mirrored.jpg,0.0031000000890344
img_11055_mirrored.jpg,0.0236000008881092
img_07483_mirrored.jpg,0.0430999994277954
img_10082_mirrored.jpg,0.0386999994516372
img_06534_mirrored.jpg,-0.2497999966144561
img_12991_mirrored.jpg,0.0962999984622001
img_02115.jpg,-0.0037000000011175
img_01506.jpg,0.0057999999262392
img_08204.jpg,-0.0465999990701675
img_10019.jpg,-0.0031000000890344
img_07240.jpg,-0.0152000002562999
img_06348.jpg,-0.176499992609024
img_08323.jpg,-0.1130999997258186
img_09652.jpg,-0.0272000003606081
img_11412.jpg,0.224600002169609
img_10369_mirrored.jpg,0.3142000138759613
img_04018_mirrored.jpg,0.2188999950885772
img_05283.jpg,0.0078999996185302
img_06394_mirrored.jpg,0.2833000123500824
img_11396.jpg,0.0219999998807907
img_07394.jpg,-0.1419000029563903
img_14954.jpg,0.0
img_09249.jpg,-0.1251000016927719
img_08473.jpg,0.0331999994814395
img_03945_mirrored.jpg,0.3142000138759613
img_00023.jpg,0.0052000000141561
img_07812_mirrored.jpg,0.1617999970912933
img_00474_mirrored.jpg,0.3142000138759613
img_07542.jpg,0.1800999939441681
img_08665.jpg,-0.1494999974966049
img_09454.jpg,0.2863999903202057
img_01475_mirrored.jpg,0.3142000138759613
img_12691_mirrored.jpg,0.0277999993413686
img_04996_mirrored.jpg,0.163100004196167
img_09653_mirrored.jpg,0.0198999997228384
img_04657.jpg,0.0219999998807907
img_03557.jpg,0.2299000024795532
img_11767.jpg,-0.213699996471405
img_10905.jpg,0.0109999999403953
img_06496_mirrored.jpg,-0.0156999994069337
img_10586.jpg,-0.2236000001430511
img_11382_mirrored.jpg,-0.0759000033140182
img_08703_mirrored.jpg,0.0187999997287988
img_13816.jpg,-0.0277999993413686
img_13964.jpg,-0.150299996137619
img_08400_mirrored.jpg,0.1356000006198883
img_13433.jpg,-0.060199998319149
img_02336_mirrored.jpg,0.1398999989032745
img_12783.jpg,0.0204000007361173
img_08312.jpg,-0.3142000138759613
img_03238.jpg,-0.0785000026226043
img_08721_mirrored.jpg,0.0304000005125999
img_12240_mirrored.jpg,0.2874999940395355
img_07395.jpg,-0.1282999962568283
img_13037.jpg,-0.1838999986648559
img_05869_mirrored.jpg,0.0120000001043081
img_11484_mirrored.jpg,0.0538999997079372
img_12779_mirrored.jpg,-0.024100000038743
img_02798.jpg,-0.0346000008285045
img_12367.jpg,-0.0251000002026557
img_14145.jpg,0.2111999988555908
img_01729.jpg,-0.2079000025987625
img_13971.jpg,-0.1580999940633773
img_12173.jpg,-0.1172999963164329
img_14526.jpg,-0.218299999833107
img_02838_mirrored.jpg,0.1445000022649765
img_05344.jpg,-0.100500002503395
img_04229.jpg,0.1826999932527542
img_06527.jpg,0.1412999927997589
img_00046_mirrored.jpg,0.0187999997287988
img_07960.jpg,-0.0586000010371208
img_10040.jpg,-0.1125999987125396
img_05811_mirrored.jpg,0.0266999993473291
img_02885_mirrored.jpg,0.244499996304512
img_02179.jpg,-0.0208999998867511
img_10124_mirrored.jpg,-0.0057999999262392
img_02106.jpg,-0.0037000000011175
img_01399_mirrored.jpg,0.2804999947547912
img_07312.jpg,-0.1560000032186508
img_14787.jpg,-0.5235999822616577
img_02809_mirrored.jpg,0.0194000005722045
img_06833.jpg,-0.1492000073194503
img_00141_mirrored.jpg,-0.0847999975085258
img_13490.jpg,-0.1130999997258186
img_05874.jpg,-0.0549999997019767
img_00308_mirrored.jpg,0.1041999980807304
img_01440.jpg,-0.3046999871730804
img_02575.jpg,0.0366999991238117
img_14160_mirrored.jpg,0.0287999995052814
img_10747_mirrored.jpg,0.2477000057697296
img_13522.jpg,-0.3142000138759613
img_12240.jpg,-0.2874999940395355
img_03440.jpg,-0.1367000043392181
img_14090.jpg,-0.3142000138759613
img_09329.jpg,-0.3142000138759613
img_03599.jpg,-0.1079000011086463
img_01376.jpg,-0.1439999938011169
img_13379_mirrored.jpg,-0.1381999999284744
img_05750.jpg,-0.0434999987483024
img_09141.jpg,0.0386999994516372
img_04242_mirrored.jpg,0.0838000029325485
img_07311.jpg,-0.1580999940633773
img_03761_mirrored.jpg,0.008899999782443
img_00408_mirrored.jpg,0.1141000017523765
img_10855.jpg,-0.013600000180304
img_03420.jpg,-0.3142000138759613
img_05032.jpg,0.0245999991893768
img_07094.jpg,-0.0037000000011175
img_14113.jpg,-0.0471000000834465
img_11127_mirrored.jpg,0.1020999997854232
img_08018_mirrored.jpg,0.033500000834465
img_00432_mirrored.jpg,0.2644000053405761
img_13181_mirrored.jpg,-0.024100000038743
img_05633.jpg,0.0926999971270561
img_05655.jpg,0.1537999957799911
img_03830_mirrored.jpg,0.1994999945163726
img_14863_mirrored.jpg,-0.0
img_12675.jpg,-0.1613000035285949
img_08298.jpg,-0.1853999942541122
img_09663.jpg,-0.0078999996185302
img_07337.jpg,-0.3142000138759613
img_07943.jpg,-0.0283000003546476
img_01649.jpg,0.0617999993264675
img_13554_mirrored.jpg,0.3142000138759613
img_07230_mirrored.jpg,0.0471000000834465
img_07125.jpg,-0.0989999994635582
img_06355.jpg,-0.1930000036954879
img_14714_mirrored.jpg,0.033500000834465
img_07945_mirrored.jpg,0.0397999994456768
img_00209.jpg,-0.0403000004589557
img_03680.jpg,0.0812000036239624
img_12465_mirrored.jpg,0.017799999564886
img_09367_mirrored.jpg,0.2587000131607055
img_12547_mirrored.jpg,0.1885000020265579
img_02053_mirrored.jpg,-0.0750999972224235
img_01388.jpg,-0.3142000138759613
img_00040_mirrored.jpg,-0.0366999991238117
img_11711_mirrored.jpg,0.2020999938249588
img_00764.jpg,-0.0895000025629997
img_03119_mirrored.jpg,0.0031000000890344
img_14057.jpg,-0.3142000138759613
img_02772_mirrored.jpg,-0.0152000002562999
img_13877_mirrored.jpg,0.0524000003933906
img_13071_mirrored.jpg,0.3142000138759613
img_10701.jpg,0.0456000007688999
img_10064_mirrored.jpg,0.013600000180304
img_00659_mirrored.jpg,-0.0869000032544136
img_06700.jpg,0.0423999987542629
img_14612.jpg,-0.0052000000141561
img_05983.jpg,-0.2833000123500824
img_12719_mirrored.jpg,0.0120000001043081
img_05790_mirrored.jpg,0.0592000000178813
img_00422.jpg,-0.3142000138759613
img_12784_mirrored.jpg,-0.0167999994009733
img_13415.jpg,0.0131000000983476
img_01746.jpg,-0.0052000000141561
img_14314.jpg,0.1115000024437904
img_06930_mirrored.jpg,0.2764999866485595
img_00027_mirrored.jpg,-0.0147000001743435
img_12159.jpg,-0.3142000138759613
img_13538_mirrored.jpg,0.1486999988555908
img_01774.jpg,-0.100500002503395
img_13567.jpg,-0.3142000138759613
img_09881_mirrored.jpg,0.2811999917030334
img_04404.jpg,-0.19480000436306
img_07187.jpg,0.210999995470047
img_08093_mirrored.jpg,0.0869000032544136
img_02987_mirrored.jpg,0.3131000101566314
img_04610.jpg,-0.0873999968171119
img_01411.jpg,-0.2770000100135803
img_14845.jpg,-0.5235999822616577
img_12064.jpg,-0.100500002503395
img_09813.jpg,-0.3118999898433685
img_02368.jpg,-0.2763000130653381
img_05404.jpg,-0.1872999966144561
img_01345.jpg,-0.1863999962806701
img_01145.jpg,0.046399999409914
img_01607.jpg,0.2301999926567077
img_14462.jpg,-0.3142000138759613
img_00678.jpg,-0.0606999993324279
img_12343.jpg,0.1476999968290329
img_01202_mirrored.jpg,-0.1958000063896179
img_10705_mirrored.jpg,0.0126000000163912
img_11700.jpg,-0.3142000138759613
img_06333.jpg,-0.1606999933719635
img_08415.jpg,-0.3142000138759613
img_08806_mirrored.jpg,0.2277999967336654
img_01245_mirrored.jpg,0.0491999983787536
img_08496_mirrored.jpg,0.0262000001966953
img_13429.jpg,-0.1084000021219253
img_12922_mirrored.jpg,0.0256999991834163
img_02570.jpg,-0.0063000000081956
img_00983_mirrored.jpg,0.219200000166893
img_12154.jpg,-0.2309000045061111
img_00119_mirrored.jpg,0.0507999993860721
img_12372.jpg,0.096900001168251
img_13197.jpg,-0.0513000003993511
img_11389.jpg,-0.1225000023841857
img_12128.jpg,-0.2057999968528747
img_04272_mirrored.jpg,0.0496999993920326
img_10206.jpg,-0.0910999998450279
img_05131.jpg,-0.0031000000890344
img_13657_mirrored.jpg,0.0126000000163912
img_04848.jpg,-0.1429000049829483
img_08933_mirrored.jpg,0.0769999995827674
img_11049.jpg,-0.0852999985218048
img_13608_mirrored.jpg,0.067500002682209
img_13731_mirrored.jpg,0.0057999999262392
img_11386.jpg,-0.0926999971270561
img_01365_mirrored.jpg,0.2456000000238418
img_06465_mirrored.jpg,0.3142000138759613
img_03070.jpg,0.1067999973893165
img_11900.jpg,-0.0215000007301569
img_08793.jpg,0.0194000005722045
img_03888.jpg,-0.1674000024795532
img_11724_mirrored.jpg,0.2597000002861023
img_10723.jpg,-0.3142000138759613
img_08277.jpg,-0.1318999975919723
img_14114.jpg,0.0262000001966953
img_08880.jpg,-0.2707000076770782
img_14694_mirrored.jpg,0.0031000000890344
img_02943_mirrored.jpg,0.2732999920845032
img_06861_mirrored.jpg,0.3142000138759613
img_08310_mirrored.jpg,0.3138999938964844
img_14517.jpg,-0.3052999973297119
img_07680_mirrored.jpg,-0.1246000006794929
img_08722.jpg,-0.0318999998271465
img_06438.jpg,-0.3142000138759613
img_07088_mirrored.jpg,0.0031000000890344
img_10121.jpg,-0.0215000007301569
img_14443_mirrored.jpg,0.0318999998271465
img_04470.jpg,-0.2398000061511993
img_04954_mirrored.jpg,0.3115000128746032
img_14065.jpg,-0.2838000059127807
img_01868.jpg,-0.1264999955892563
img_08250.jpg,-0.0905999988317489
img_04952_mirrored.jpg,0.3142000138759613
img_03422_mirrored.jpg,0.3142000138759613
img_03210_mirrored.jpg,0.0795999988913536
img_04701.jpg,-0.0131000000983476
img_15095.jpg,0.5235999822616577
img_03845.jpg,-0.1528999954462051
img_10412.jpg,0.2969000041484833
img_03602.jpg,-0.1141000017523765
img_00413_mirrored.jpg,0.208199992775917
img_03605_mirrored.jpg,0.0885000005364418
img_01948.jpg,-0.2723000049591064
img_11078.jpg,-0.0476000010967254
img_04486.jpg,-0.3142000138759613
img_07206_mirrored.jpg,0.0245999991893768
img_09150_mirrored.jpg,0.0653999969363212
img_09587.jpg,0.0414000004529953
img_04619_mirrored.jpg,-0.1932000070810318
img_10076.jpg,-0.0428999997675418
img_10420_mirrored.jpg,0.0318999998271465
img_14812.jpg,-0.5235999822616577
img_10394_mirrored.jpg,0.0549999997019767
img_02461_mirrored.jpg,0.2152000069618225
img_05549_mirrored.jpg,-0.0852999985218048
img_03560.jpg,0.1272000074386596
img_02810.jpg,-0.0208999998867511
img_12596.jpg,-0.3142000138759613
img_11233_mirrored.jpg,0.3142000138759613
img_01120.jpg,-0.0031000000890344
img_02014.jpg,-0.0052000000141561
img_05113_mirrored.jpg,-0.0152000002562999
img_10661_mirrored.jpg,0.2236000001430511
img_11846.jpg,0.0251000002026557
img_07930_mirrored.jpg,0.3142000138759613
img_03949_mirrored.jpg,0.2822000086307525
img_05570.jpg,-0.0313999988138675
img_09714.jpg,-0.1280999928712844
img_09958.jpg,0.0397999994456768
img_13996_mirrored.jpg,0.1613000035285949
img_03353_mirrored.jpg,0.1534000039100647
img_04825.jpg,-0.0408000014722347
img_03352_mirrored.jpg,0.1565999984741211
img_06401_mirrored.jpg,0.274399995803833
img_08868_mirrored.jpg,0.2063000053167343
img_10273_mirrored.jpg,0.3142000138759613
img_12041_mirrored.jpg,-0.0355999991297721
img_03959_mirrored.jpg,0.2940999865531921
img_13187_mirrored.jpg,0.0093999998643994
img_00365_mirrored.jpg,0.1186000034213066
img_05465.jpg,-0.2985000014305115
img_05252.jpg,-0.0403000004589557
img_00491_mirrored.jpg,-0.0147000001743435
img_09032_mirrored.jpg,0.0031000000890344
img_13645.jpg,0.0318999998271465
img_06376_mirrored.jpg,0.0838000029325485
img_13820_mirrored.jpg,0.067500002682209
img_08556.jpg,0.1471000015735626
img_14727_mirrored.jpg,-0.0450000017881393
img_14213_mirrored.jpg,-0.228300005197525
img_03085_mirrored.jpg,-0.0081000002101063
img_14867.jpg,-0.5235999822616577
img_10557_mirrored.jpg,0.0293000005185604
img_11532_mirrored.jpg,0.0115000000223517
img_01535.jpg,0.2879999876022339
img_04859.jpg,-0.1712000072002411
img_11604.jpg,-0.1330000013113021
img_00071_mirrored.jpg,0.006800000090152
img_08953.jpg,-0.096900001168251
img_12494.jpg,-0.1067999973893165
img_02327_mirrored.jpg,0.1026000007987022
img_05101_mirrored.jpg,-0.0198999997228384
img_11139_mirrored.jpg,0.0597000010311603
img_13551_mirrored.jpg,0.3142000138759613
img_04296.jpg,-0.0806000009179115
img_14262.jpg,0.0995000004768371
img_14698.jpg,-0.0126000000163912
img_12419.jpg,-0.060199998319149
img_13811_mirrored.jpg,0.0428999997675418
img_11029_mirrored.jpg,-0.0377000011503696
img_06689.jpg,-0.0147000001743435
img_06111_mirrored.jpg,0.0031000000890344
img_14397.jpg,-0.221000000834465
img_11485.jpg,-0.0575999990105629
img_03741.jpg,-0.0586000010371208
img_07973.jpg,-0.0098999999463558
img_13664_mirrored.jpg,0.1292999982833862
img_01884.jpg,-0.3142000138759613
img_13224.jpg,-0.0304000005125999
img_11299.jpg,-0.3142000138759613
img_02441.jpg,-0.3086999952793121
img_02520.jpg,-0.0366999991238117
img_03759.jpg,-0.0173000004142522
img_06239.jpg,0.0073000001721084
img_07850.jpg,-0.2896000146865845
img_03682_mirrored.jpg,-0.1000000014901161
img_01121.jpg,-0.0031000000890344
img_10959_mirrored.jpg,0.0031000000890344
img_12687.jpg,-0.1340000033378601
img_03644_mirrored.jpg,-0.1256999969482422
img_02817.jpg,-0.1037999987602233
img_10447_mirrored.jpg,-0.066500000655651
img_12580.jpg,-0.131300002336502
img_07053.jpg,0.0126000000163912
img_05268_mirrored.jpg,0.0361000001430511
img_03326_mirrored.jpg,0.0716999992728233
img_14330.jpg,-0.0386999994516372
img_05893_mirrored.jpg,0.3142000138759613
img_00204_mirrored.jpg,0.0706999972462654
img_10143_mirrored.jpg,0.048200000077486
img_00564_mirrored.jpg,-0.0408000014722347
img_14822_mirrored.jpg,0.5235999822616577
img_05253.jpg,-0.0304000005125999
img_01463.jpg,-0.3142000138759613
img_14873_mirrored.jpg,0.5235999822616577
img_01037_mirrored.jpg,-0.0043999999761581
img_04786_mirrored.jpg,-0.0162000004202127
img_05344_mirrored.jpg,0.100500002503395
img_04810_mirrored.jpg,0.0366999991238117
img_15165_mirrored.jpg,-0.5235999822616577
img_07800.jpg,-0.1367000043392181
img_08429.jpg,-0.3142000138759613
img_02363.jpg,-0.1808999925851822
img_01851.jpg,0.100500002503395
img_01684.jpg,-0.0386999994516372
img_08029_mirrored.jpg,-0.0245999991893768
img_02911_mirrored.jpg,0.1476999968290329
img_13953_mirrored.jpg,0.1381999999284744
img_07247.jpg,-0.0922000035643577
img_04817_mirrored.jpg,0.0313999988138675
img_02662_mirrored.jpg,-0.0847999975085258
img_08228_mirrored.jpg,0.0318999998271465
img_00536_mirrored.jpg,0.0215000007301569
img_06300.jpg,-0.0806000009179115
img_14612_mirrored.jpg,0.0052000000141561
img_12698_mirrored.jpg,0.2031999975442886
img_12177.jpg,-0.1334999948740005
img_03637_mirrored.jpg,-0.1046999990940094
img_02325.jpg,-0.0895000025629997
img_00919_mirrored.jpg,0.2759000062942505
img_12934.jpg,-0.0198999997228384
img_05060_mirrored.jpg,0.0297999996691942
img_00267.jpg,0.0623000003397464
img_09545.jpg,0.0434999987483024
img_12317.jpg,-0.0414000004529953
img_10379.jpg,0.0272000003606081
img_04128.jpg,-0.0031000000890344
img_05001_mirrored.jpg,0.3115000128746032
img_04323_mirrored.jpg,0.0895000025629997
img_02859.jpg,-0.1508000046014785
img_01264_mirrored.jpg,0.0916000008583068
img_10504_mirrored.jpg,-0.1072999984025955
img_04535_mirrored.jpg,0.0812000036239624
img_14178.jpg,0.183799996972084
img_14687_mirrored.jpg,0.0031000000890344
img_11957_mirrored.jpg,0.0833000019192695
img_02919.jpg,-0.2915000021457672
img_04098_mirrored.jpg,-0.0256999991834163
img_01846.jpg,-0.1492000073194503
img_01173_mirrored.jpg,0.0423999987542629
img_13223_mirrored.jpg,0.0272000003606081
img_11705_mirrored.jpg,0.3084000051021576
img_09078_mirrored.jpg,-0.0230000000447034
img_11881.jpg,-0.0037000000011175
img_05815.jpg,-0.0947000011801719
img_07706_mirrored.jpg,0.0230000000447034
img_13355.jpg,-0.0575999990105629
img_13075_mirrored.jpg,0.3142000138759613
img_01999.jpg,-0.2529000043869018
img_11266.jpg,-0.2497999966144561
img_03242_mirrored.jpg,0.0476000010967254
img_08800_mirrored.jpg,0.0723000019788742
img_12990_mirrored.jpg,0.0922000035643577
img_06393_mirrored.jpg,0.2937000095844269
img_07715_mirrored.jpg,0.0073000001721084
img_14164_mirrored.jpg,0.0156999994069337
img_11480_mirrored.jpg,0.0266999993473291
img_14441.jpg,-0.0156999994069337
img_03508_mirrored.jpg,0.3142000138759613
img_02879.jpg,-0.0819000005722045
img_01617_mirrored.jpg,-0.0952999964356422
img_09842_mirrored.jpg,0.2115000039339065
img_00525_mirrored.jpg,-0.2806000113487243
img_05420_mirrored.jpg,0.2524000108242035
img_02181_mirrored.jpg,0.0318999998271465
img_12269.jpg,-0.0173000004142522
img_14080.jpg,-0.2524000108242035
img_07371.jpg,-0.2685999870300293
img_14635_mirrored.jpg,0.0283000003546476
img_13289_mirrored.jpg,-0.1020999997854232
img_05437.jpg,-0.2576000094413757
img_07601.jpg,-0.0219999998807907
img_04508.jpg,-0.3142000138759613
img_00136_mirrored.jpg,-0.0606999993324279
img_14769.jpg,-0.5235999822616577
img_04216.jpg,-0.0790999978780746
img_01580.jpg,-0.1067999973893165
img_09143.jpg,-0.0586000010371208
img_01103.jpg,-0.0037000000011175
img_06980.jpg,-0.2533999979496002
img_12445.jpg,0.130400002002716
img_06756_mirrored.jpg,0.0538999997079372
img_08174_mirrored.jpg,0.0728000029921531
img_02694_mirrored.jpg,0.0173000004142522
img_02840_mirrored.jpg,0.157600000500679
img_01757_mirrored.jpg,-0.0126000000163912
img_12418.jpg,-0.0581000000238418
img_13612.jpg,-0.3142000138759613
img_04011.jpg,-0.1448999941349029
img_13893_mirrored.jpg,0.0581000000238418
img_11528.jpg,-0.0685999989509582
img_12373_mirrored.jpg,-0.1282999962568283
img_08170.jpg,-0.0737999975681305
img_01504_mirrored.jpg,-0.0131000000983476
img_12591.jpg,-0.3142000138759613
img_11225.jpg,-0.3142000138759613
img_14414.jpg,-0.1843000054359436
img_14094.jpg,-0.3142000138759613
img_01912.jpg,-0.3142000138759613
img_02863.jpg,-0.1601999998092651
img_08398.jpg,-0.201100006699562
img_05560.jpg,0.1722999960184097
img_11027_mirrored.jpg,0.0340000018477439
img_03907_mirrored.jpg,0.3142000138759613
img_03068.jpg,0.1151999980211258
img_07797_mirrored.jpg,0.1691000014543533
img_08731.jpg,-0.0215000007301569
img_12510.jpg,-0.0392999984323978
img_07579_mirrored.jpg,-0.2533999979496002
img_03066_mirrored.jpg,-0.0885000005364418
img_03443.jpg,-0.1961999982595443
img_04174_mirrored.jpg,-0.0599999986588954
img_12084_mirrored.jpg,0.1215000003576278
img_13994_mirrored.jpg,0.2115000039339065
img_11643_mirrored.jpg,0.0392999984323978
img_07251.jpg,-0.0879999995231628
img_10956_mirrored.jpg,0.0031000000890344
img_08846.jpg,-0.3142000138759613
img_06574_mirrored.jpg,0.0916000008583068
img_00916.jpg,-0.3142000138759613
img_14082.jpg,-0.3142000138759613
img_06049_mirrored.jpg,0.0078999996185302
img_01988.jpg,-0.0502999983727932
img_01422_mirrored.jpg,0.1583999991416931
img_08247.jpg,-0.0732999965548515
img_05667_mirrored.jpg,0.0283000003546476
img_04186.jpg,-0.0198999997228384
img_09877_mirrored.jpg,0.3142000138759613
img_09131.jpg,0.1460999995470047
img_14275_mirrored.jpg,0.0236000008881092
img_01838.jpg,-0.1324999928474426
img_06875.jpg,-0.3032000064849853
img_08264.jpg,-0.05180000141263
img_13281_mirrored.jpg,-0.2518999874591827
img_09090.jpg,-0.0147000001743435
img_11373.jpg,0.0857999995350837
img_09148.jpg,-0.093199998140335
img_12466.jpg,-0.0115000000223517
img_02481_mirrored.jpg,0.3142000138759613
img_03934.jpg,-0.3142000138759613
img_13156.jpg,-0.3142000138759613
img_00964_mirrored.jpg,0.3125999867916107
img_06356.jpg,-0.2048999965190887
img_01059.jpg,-0.0126000000163912
img_09041_mirrored.jpg,0.0037000000011175
img_04466.jpg,-0.2775000035762787
img_06691.jpg,0.0057999999262392
img_10164_mirrored.jpg,0.0842999964952468
img_14970_mirrored.jpg,-0.5235999822616577
img_07614_mirrored.jpg,-0.1833000034093856
img_09929.jpg,-0.1163000017404556
img_03860.jpg,-0.1246000006794929
img_04339_mirrored.jpg,0.0744000002741813
img_05810_mirrored.jpg,0.024100000038743
img_12609.jpg,-0.1659999936819076
img_12826_mirrored.jpg,0.0031000000890344
img_06559_mirrored.jpg,-0.0705000013113021
img_11895_mirrored.jpg,0.0031000000890344
img_11552.jpg,0.0198999997228384
img_02326.jpg,-0.09740000218153
img_08743.jpg,-0.1664000004529953
img_06446.jpg,-0.2325000017881393
img_04149.jpg,-0.0031000000890344
img_07718.jpg,-0.0063000000081956
img_13648.jpg,0.0208999998867511
img_11393.jpg,-0.0859000012278556
img_07188.jpg,0.2089000046253204
img_08843_mirrored.jpg,0.3142000138759613
img_07874.jpg,-0.3142000138759613
img_07087_mirrored.jpg,0.0031000000890344
img_06759_mirrored.jpg,0.093699999153614
img_10957.jpg,-0.0031000000890344
img_12869_mirrored.jpg,0.0152000002562999
img_07723_mirrored.jpg,-0.0141000002622604
img_08944.jpg,-0.0078999996185302
img_10059_mirrored.jpg,0.018300000578165
img_00534_mirrored.jpg,-0.0251000002026557
img_02604_mirrored.jpg,-0.0727000012993812
img_13938.jpg,-0.0445000007748603
img_02992_mirrored.jpg,0.2220000028610229
img_12503_mirrored.jpg,0.0293000005185604
img_00211.jpg,-0.0256999991834163
img_11189.jpg,-0.2696999907493591
img_06127_mirrored.jpg,0.0031000000890344
img_00207_mirrored.jpg,0.0581000000238418
img_14857_mirrored.jpg,0.5235999822616577
img_02503.jpg,-0.2560000121593475
img_09875.jpg,-0.2318000048398971
img_03425.jpg,-0.3142000138759613
img_13054_mirrored.jpg,0.2958000004291534
img_08078.jpg,-0.0031000000890344
img_11863.jpg,-0.0078999996185302
img_12832_mirrored.jpg,0.0434999987483024
img_03094.jpg,0.0245999991893768
img_00517.jpg,0.0658000037074089
img_07276.jpg,-0.0833000019192695
img_04899.jpg,-0.2955000102519989
img_09709_mirrored.jpg,0.024100000038743
img_07817.jpg,0.0386999994516372
img_05097.jpg,-0.0083999997004866
img_09531_mirrored.jpg,-0.1105000004172325
img_02565_mirrored.jpg,0.0156999994069337
img_05819_mirrored.jpg,0.201100006699562
img_11080_mirrored.jpg,0.033500000834465
img_10929.jpg,-0.0078999996185302
img_02420_mirrored.jpg,0.3142000138759613
img_03464_mirrored.jpg,0.2538999915122986
img_06179_mirrored.jpg,0.0304000005125999
img_10043.jpg,-0.0612999983131885
img_05047_mirrored.jpg,0.0162000004202127
img_15121.jpg,0.5235999822616577
img_05731.jpg,0.1407999992370605
img_01709.jpg,0.0364000014960765
img_00019.jpg,0.0262000001966953
img_14359_mirrored.jpg,0.0885000005364418
img_12564_mirrored.jpg,0.1633999943733215
img_11580.jpg,-0.0225000008940696
img_04022.jpg,-0.0842999964952468
img_09217.jpg,0.0063000000081956
img_07690_mirrored.jpg,0.0945999994874
img_13998_mirrored.jpg,0.1125999987125396
img_08266.jpg,-0.0706999972462654
img_07066.jpg,0.0152000002562999
img_13722_mirrored.jpg,-0.0063000000081956
img_01701_mirrored.jpg,-0.006800000090152
img_01305.jpg,-0.0649000033736229
img_07748.jpg,-0.0304000005125999
img_08741_mirrored.jpg,0.1013000011444091
img_06805.jpg,-0.1419000029563903
img_01235_mirrored.jpg,0.024100000038743
img_07734_mirrored.jpg,0.0826999992132186
img_04869.jpg,-0.1456000059843063
img_14964_mirrored.jpg,-0.5235999822616577
img_08958_mirrored.jpg,0.120399996638298
img_04122_mirrored.jpg,0.0031000000890344
img_05630.jpg,0.1926999986171722
img_07043.jpg,-0.0236000008881092
img_08614_mirrored.jpg,-0.0266999993473291
img_01919_mirrored.jpg,0.289000004529953
img_13393_mirrored.jpg,0.1141000017523765
img_12152_mirrored.jpg,0.2538999915122986
img_08754_mirrored.jpg,0.1413999944925308
img_12929.jpg,0.0115000000223517
img_04509.jpg,-0.3142000138759613
img_13903_mirrored.jpg,0.0775000005960464
img_04000.jpg,-0.1780000030994415
img_12343_mirrored.jpg,-0.1476999968290329
img_10672_mirrored.jpg,0.1397999972105026
img_00034_mirrored.jpg,-0.0905999988317489
img_09264_mirrored.jpg,0.1554999947547912
img_06912_mirrored.jpg,0.3142000138759613
img_06439.jpg,-0.3142000138759613
img_01053_mirrored.jpg,0.0262000001966953
img_01078_mirrored.jpg,-0.0093999998643994
img_07919.jpg,-0.0297999996691942
img_01447.jpg,-0.2339999973773956
img_12290.jpg,-0.0287999995052814
img_13092_mirrored.jpg,0.3142000138759613
img_11466_mirrored.jpg,-0.1199000030755996
img_14266.jpg,0.1177999973297119
img_04718.jpg,-0.0403000004589557
img_09972.jpg,0.0194000005722045
img_04480_mirrored.jpg,0.0313999988138675
img_14187.jpg,-0.1067999973893165
img_06295.jpg,-0.0456000007688999
img_07354_mirrored.jpg,0.1128999963402748
img_06237_mirrored.jpg,-0.0109999999403953
img_06793_mirrored.jpg,0.1554999947547912
img_14371_mirrored.jpg,0.0297999996691942
img_03831_mirrored.jpg,0.1853999942541122
img_11682_mirrored.jpg,0.2502999901771545
img_06835_mirrored.jpg,0.1544999927282333
img_14890_mirrored.jpg,0.5235999822616577
img_01459.jpg,-0.1964000016450882
img_06486.jpg,-0.3142000138759613
img_04730_mirrored.jpg,0.0010000000474974
img_04120.jpg,-0.0041999998502433
img_02627_mirrored.jpg,-0.1052000001072883
img_10832.jpg,-0.2314999997615814
img_02283_mirrored.jpg,0.0465999990701675
img_09015.jpg,0.0152000002562999
img_02383_mirrored.jpg,0.1079000011086463
img_13770.jpg,-0.0606999993324279
img_03882.jpg,-0.048700001090765
img_13561.jpg,-0.2492000013589859
img_13174.jpg,-0.2492000013589859
img_04440.jpg,-0.1381999999284744
img_06371_mirrored.jpg,0.176499992609024
img_07893_mirrored.jpg,0.2037000060081482
img_02872.jpg,0.0126000000163912
img_04957_mirrored.jpg,0.2712000012397766
img_06478.jpg,-0.3142000138759613
img_06010.jpg,0.0324999988079071
img_12412_mirrored.jpg,0.0198999997228384
img_11383.jpg,-0.0386999994516372
img_03071_mirrored.jpg,-0.0873999968171119
img_06832.jpg,-0.1486999988555908
img_12634_mirrored.jpg,0.3142000138759613
img_03333_mirrored.jpg,0.0653999969363212
img_10079.jpg,-0.0346000008285045
img_04264_mirrored.jpg,0.0340000018477439
img_13074.jpg,-0.3142000138759613
img_07218_mirrored.jpg,0.0167999994009733
img_06002_mirrored.jpg,0.2732999920845032
img_11055.jpg,-0.0236000008881092
img_02848_mirrored.jpg,0.1685999929904937
img_15160_mirrored.jpg,-0.0
img_06422.jpg,-0.1403000056743621
img_11713.jpg,-0.2180999964475631
img_13456_mirrored.jpg,0.0991000011563301
img_07664.jpg,-0.0236000008881092
img_14432_mirrored.jpg,0.1623000055551529
img_09027_mirrored.jpg,0.0046999999321997
img_12493_mirrored.jpg,0.1031000018119812
img_09335_mirrored.jpg,0.2896000146865845
img_12060.jpg,-0.094200000166893
img_00131_mirrored.jpg,-0.018300000578165
img_14578.jpg,0.0272000003606081
img_07087.jpg,-0.0031000000890344
img_10228_mirrored.jpg,0.1560000032186508
img_13045_mirrored.jpg,0.2198999971151352
img_11449_mirrored.jpg,-0.1079000011086463
img_12613_mirrored.jpg,0.2486000061035156
img_00898.jpg,-0.3142000138759613
img_13986.jpg,-0.3142000138759613
img_12578.jpg,-0.0879999995231628
img_10356_mirrored.jpg,0.3142000138759613
img_06261.jpg,0.0046999999321997
img_05169_mirrored.jpg,0.0873999968171119
img_05029_mirrored.jpg,0.1079000011086463
img_09382.jpg,-0.3142000138759613
img_02097_mirrored.jpg,0.0057999999262392
img_01763_mirrored.jpg,0.0098999999463558
img_08106.jpg,0.0754000023007392
img_06290_mirrored.jpg,-0.1072999984025955
img_04358.jpg,-0.1550000011920929
img_06463_mirrored.jpg,0.3142000138759613
img_06501.jpg,0.0156999994069337
img_12640.jpg,-0.2236000001430511
img_09864.jpg,-0.0749000012874603
img_12231_mirrored.jpg,0.3142000138759613
img_06710_mirrored.jpg,-0.0885000005364418
img_01201.jpg,0.1821999996900558
img_00867.jpg,-0.3142000138759613
img_05517_mirrored.jpg,0.0706999972462654
img_08771_mirrored.jpg,0.167600005865097
img_12028_mirrored.jpg,0.0800999999046325
img_05550_mirrored.jpg,-0.1145000010728836
img_09126.jpg,0.0204000007361173
img_12965_mirrored.jpg,0.09009999781847
img_15154_mirrored.jpg,-0.5235999822616577
img_00246_mirrored.jpg,0.0104999998584389
img_05232_mirrored.jpg,-0.1652999967336654
img_07706.jpg,-0.0230000000447034
img_04592_mirrored.jpg,-0.1774999946355819
img_00608_mirrored.jpg,-0.0983999967575073
img_01176_mirrored.jpg,0.0408000014722347
img_05288_mirrored.jpg,0.0230000000447034
img_02795.jpg,-0.0318999998271465
img_03324_mirrored.jpg,0.0885000005364418
img_08910_mirrored.jpg,0.2016000002622604
img_04443_mirrored.jpg,0.1146999970078468
img_08299_mirrored.jpg,0.1456000059843063
img_02111_mirrored.jpg,0.0031000000890344
img_00429.jpg,-0.2994999885559082
img_07188_mirrored.jpg,-0.2089000046253204
img_12096.jpg,-0.1492000073194503
img_09747_mirrored.jpg,0.1262000054121017
img_00713_mirrored.jpg,0.1307000070810318
img_07470.jpg,-0.0529000014066696
img_03308.jpg,0.0606999993324279
img_03078.jpg,-0.0283000003546476
img_03843_mirrored.jpg,0.1456000059843063
img_00985.jpg,-0.2770000100135803
img_08332_mirrored.jpg,0.3142000138759613
img_12695_mirrored.jpg,0.0830999985337257
img_03786_mirrored.jpg,0.0640999972820282
img_06461_mirrored.jpg,0.3142000138759613
img_06518.jpg,-0.0225000008940696
img_07253_mirrored.jpg,0.0649000033736229
img_13282_mirrored.jpg,-0.2339999973773956
img_04058.jpg,0.0078999996185302
img_07997.jpg,-0.0052000000141561
img_03001.jpg,-0.0410000011324882
img_06391_mirrored.jpg,0.3142000138759613
img_15122_mirrored.jpg,-0.5235999822616577
img_06114_mirrored.jpg,0.0031000000890344
img_01196.jpg,0.0666999965906143
img_04765_mirrored.jpg,0.0230000000447034
img_01573.jpg,0.0847999975085258
img_03612_mirrored.jpg,-0.1099999994039535
img_04490_mirrored.jpg,0.3142000138759613
img_01529.jpg,0.0724999979138374
img_07005_mirrored.jpg,0.0812000036239624
img_12291.jpg,-0.0283000003546476
img_11369_mirrored.jpg,-0.0031000000890344
img_02428_mirrored.jpg,0.1439999938011169
img_09867_mirrored.jpg,0.0215000007301569
img_02387.jpg,-0.1066000014543533
img_02290_mirrored.jpg,-0.0706999972462654
img_08756_mirrored.jpg,0.1371999979019165
img_04524_mirrored.jpg,-0.0173000004142522
img_10523.jpg,0.0471000000834465
img_09033_mirrored.jpg,0.0031000000890344
img_08433.jpg,-0.3142000138759613
img_03645.jpg,0.1036999970674514
img_09213_mirrored.jpg,-0.1099999994039535
img_03664.jpg,0.1817000061273574
img_05373.jpg,-0.1889999955892563
img_13205_mirrored.jpg,-0.0083999997004866
img_08319.jpg,-0.210999995470047
img_05750_mirrored.jpg,0.0434999987483024
img_06720_mirrored.jpg,0.2146999984979629
img_03802_mirrored.jpg,0.0324999988079071
img_04923.jpg,-0.1403000056743621
img_08458.jpg,-0.0842999964952468
img_12057_mirrored.jpg,0.0859000012278556
img_08712.jpg,-0.1036999970674514
img_08882_mirrored.jpg,0.2067999988794326
img_07062.jpg,0.0219999998807907
img_04085.jpg,-0.024100000038743
img_04168.jpg,-0.0623000003397464
img_14970.jpg,0.5235999822616577
img_07412.jpg,-0.3142000138759613
img_06293.jpg,-0.0324999988079071
img_12467.jpg,-0.006800000090152
img_00850.jpg,-0.0236000008881092
img_04733.jpg,0.032999999821186
img_02438.jpg,-0.261599987745285
img_03490_mirrored.jpg,0.3142000138759613
img_03328.jpg,-0.0564999990165233
img_01928_mirrored.jpg,0.3142000138759613
img_11902_mirrored.jpg,0.0414000004529953
img_02683_mirrored.jpg,-0.0816999971866607
img_11656_mirrored.jpg,0.3142000138759613
img_10463.jpg,0.0732999965548515
img_14026_mirrored.jpg,0.296099990606308
img_08463.jpg,-0.0513000003993511
img_14503.jpg,-0.3142000138759613
img_02274.jpg,-0.0833000019192695
img_14516_mirrored.jpg,0.3021000027656555
img_09091_mirrored.jpg,0.0167999994009733
img_11524.jpg,-0.2093999981880188
img_03356_mirrored.jpg,0.1492000073194503
img_11667_mirrored.jpg,0.306300014257431
img_08693.jpg,0.0037000000011175
img_14099.jpg,-0.3142000138759613
img_05871_mirrored.jpg,0.018300000578165
img_02250_mirrored.jpg,0.0450000017881393
img_03957_mirrored.jpg,0.2406000047922134
img_04914_mirrored.jpg,0.3125999867916107
img_05093.jpg,-0.0251000002026557
img_04688_mirrored.jpg,-0.1072999984025955
img_14667_mirrored.jpg,0.0041999998502433
img_15048_mirrored.jpg,-0.5235999822616577
img_07222_mirrored.jpg,0.0434999987483024
img_04426_mirrored.jpg,0.3142000138759613
img_14241.jpg,0.1685999929904937
img_12350.jpg,0.1732999980449676
img_03396.jpg,-0.1128999963402748
img_05402_mirrored.jpg,0.1208000034093856
img_06796_mirrored.jpg,0.2115000039339065
img_12605.jpg,-0.1445000022649765
img_05347_mirrored.jpg,0.1036999970674514
img_00930_mirrored.jpg,0.3082000017166137
img_10317_mirrored.jpg,0.3142000138759613
img_01093.jpg,-0.0037000000011175
img_12275_mirrored.jpg,-0.0861999988555908
img_09625_mirrored.jpg,-0.0619000010192394
img_01623.jpg,0.1560000032186508
img_02656_mirrored.jpg,-0.19480000436306
img_03925.jpg,-0.2967000007629394
img_01452_mirrored.jpg,0.0957999974489212
img_01415.jpg,-0.153899997472763
img_15043_mirrored.jpg,-0.5235999822616577
img_12681.jpg,-0.2985000014305115
img_00738_mirrored.jpg,0.0083999997004866
img_07769.jpg,-0.1527999937534332
img_13321.jpg,-0.0355999991297721
img_09137_mirrored.jpg,-0.1738000065088272
img_14891.jpg,0.0
img_14894_mirrored.jpg,0.5235999822616577
img_02204.jpg,0.0225000008940696
img_05496_mirrored.jpg,0.3142000138759613
img_05870.jpg,-0.0115000000223517
img_08854_mirrored.jpg,0.3142000138759613
img_14853_mirrored.jpg,0.5235999822616577
img_08706_mirrored.jpg,0.0564999990165233
img_11302.jpg,-0.3142000138759613
img_09331_mirrored.jpg,0.3142000138759613
img_11578_mirrored.jpg,0.0351000018417835
img_13683_mirrored.jpg,-0.013600000180304
img_08083_mirrored.jpg,0.0037000000011175
img_05490.jpg,-0.3142000138759613
img_00294_mirrored.jpg,0.0696000009775161
img_09312.jpg,-0.3142000138759613
img_10028_mirrored.jpg,0.0105999996885657
img_00199.jpg,-0.0324999988079071
img_12714.jpg,0.0162000004202127
img_06107.jpg,-0.0031000000890344
img_10667_mirrored.jpg,0.1381999999284744
img_06257.jpg,-0.0297999996691942
img_09685.jpg,-0.1036999970674514
img_10308_mirrored.jpg,0.1367000043392181
img_10685_mirrored.jpg,0.1429000049829483
img_13742.jpg,-0.0031000000890344
img_14419.jpg,-0.1613000035285949
img_15117_mirrored.jpg,-0.5235999822616577
img_07385.jpg,-0.3142000138759613
img_07244.jpg,-0.0711999982595443
img_10157.jpg,-0.0706999972462654
img_13401.jpg,-0.0057999999262392
img_03459_mirrored.jpg,0.3057999908924103
img_09080.jpg,0.0564999990165233
img_14125.jpg,-0.0639000013470649
img_15122.jpg,0.5235999822616577
img_08712_mirrored.jpg,0.1036999970674514
img_05223.jpg,-0.0627999976277351
img_12663_mirrored.jpg,0.1010999977588653
img_15148_mirrored.jpg,-0.5235999822616577
img_14683_mirrored.jpg,0.0037000000011175
img_00542.jpg,-0.0219999998807907
img_13750_mirrored.jpg,0.0037000000011175
img_11697.jpg,-0.3142000138759613
img_07005.jpg,-0.0812000036239624
img_08979.jpg,0.0696000009775161
img_14139_mirrored.jpg,-0.0152000002562999
img_01805_mirrored.jpg,0.1527000069618225
img_10046.jpg,0.017799999564886
img_08271.jpg,-0.1036999970674514
img_08249.jpg,-0.0838000029325485
img_06625.jpg,-0.0245999991893768
img_15061.jpg,0.5235999822616577
img_01911.jpg,-0.3142000138759613
img_14022_mirrored.jpg,0.2355999946594238
img_00168.jpg,-0.0272000003606081
img_01469.jpg,-0.3142000138759613
img_04459.jpg,-0.3142000138759613
img_11614.jpg,-0.1853999942541122
img_09244.jpg,-0.1041999980807304
img_07941.jpg,-0.0910999998450279
img_10317.jpg,-0.3142000138759613
img_06404_mirrored.jpg,0.3142000138759613
img_07340_mirrored.jpg,0.3142000138759613
img_01344_mirrored.jpg,0.1722999960184097
img_08311.jpg,-0.3142000138759613
img_13994.jpg,-0.2115000039339065
img_11207.jpg,-0.3142000138759613
img_04841_mirrored.jpg,0.1460999995470047
img_11328_mirrored.jpg,0.0847999975085258
img_07528.jpg,-0.0083999997004866
img_13814_mirrored.jpg,0.0403000004589557
img_08610_mirrored.jpg,-0.1010999977588653
img_07177.jpg,-0.032999999821186
img_00712.jpg,-0.0775000005960464
img_12910_mirrored.jpg,-0.0496999993920326
img_02324_mirrored.jpg,0.0790999978780746
img_02407_mirrored.jpg,0.2508000135421753
img_08094.jpg,-0.1015999987721443
img_12604.jpg,-0.1550000011920929
img_03197.jpg,-0.0434999987483024
img_00666_mirrored.jpg,0.0152000002562999
img_00141.jpg,0.0847999975085258
img_13720.jpg,0.0152000002562999
img_10897_mirrored.jpg,0.0251000002026557
img_05261.jpg,0.0131000000983476
img_03140.jpg,-0.0031000000890344
img_12157.jpg,-0.2847999930381775
img_14074_mirrored.jpg,0.0612999983131885
img_11272.jpg,-0.070200003683567
img_03503.jpg,-0.3142000138759613
img_11565_mirrored.jpg,0.0780000016093254
img_02042_mirrored.jpg,-0.0041999998502433
img_10375_mirrored.jpg,0.063400000333786
img_09724.jpg,-0.1627999991178512
img_10570.jpg,0.0606999993324279
img_08618_mirrored.jpg,0.018300000578165
img_01975.jpg,-0.3125999867916107
img_10121_mirrored.jpg,0.0215000007301569
img_02603.jpg,0.0295000001788139
img_10401.jpg,0.0083999997004866
img_02967_mirrored.jpg,0.1120999976992607
img_08689.jpg,-0.0083999997004866
img_08832.jpg,-0.1550000011920929
img_05930_mirrored.jpg,0.3142000138759613
img_06190_mirrored.jpg,0.0366999991238117
img_09513.jpg,0.2020999938249588
img_01961.jpg,-0.0538999997079372
img_00087_mirrored.jpg,0.0005000000237487
img_06142_mirrored.jpg,0.0680999979376792
img_14202.jpg,0.1834000051021576
img_11552_mirrored.jpg,-0.0198999997228384
img_07609_mirrored.jpg,-0.1770000010728836
img_13259_mirrored.jpg,0.1041999980807304
img_00767.jpg,-0.0507999993860721
img_13262.jpg,-0.0366999991238117
img_10472_mirrored.jpg,-0.1225000023841857
img_06277_mirrored.jpg,0.0659999996423721
img_10918_mirrored.jpg,-0.0162000004202127
img_12506.jpg,-0.0313999988138675
img_11378_mirrored.jpg,-0.1873999983072281
img_13933_mirrored.jpg,0.0910999998450279
img_09646.jpg,-0.1272000074386596
img_13445.jpg,-0.0351000018417835
img_07999_mirrored.jpg,0.0078999996185302
img_04739_mirrored.jpg,-0.1435000002384185
img_03991_mirrored.jpg,0.2985000014305115
img_05113.jpg,0.0152000002562999
img_01949.jpg,-0.26910001039505
img_08748.jpg,-0.2231000065803527
img_01845.jpg,-0.146599993109703
img_08803_mirrored.jpg,0.1360000073909759
img_05308.jpg,0.060199998319149
img_04341.jpg,-0.093199998140335
img_09092.jpg,-0.0198999997228384
img_11073.jpg,-0.0507999993860721
img_08656_mirrored.jpg,-0.1381999999284744
img_13765_mirrored.jpg,0.0219999998807907
img_02966.jpg,-0.1330000013113021
img_10710.jpg,-0.0749000012874603
img_03546.jpg,0.0386999994516372
img_01835_mirrored.jpg,0.164900004863739
img_12266_mirrored.jpg,0.033500000834465
img_03823.jpg,-0.1375000029802322
img_02090_mirrored.jpg,-0.008899999782443
img_02202_mirrored.jpg,0.0592000000178813
img_09951_mirrored.jpg,-0.0923999994993209
img_07961.jpg,-0.0304000005125999
img_14384_mirrored.jpg,0.0208999998867511
img_14063.jpg,-0.3068000078201294
img_12123_mirrored.jpg,0.3084000051021576
img_11141_mirrored.jpg,0.0838000029325485
img_04882.jpg,0.0208999998867511
img_04944.jpg,-0.2450000047683715
img_10896_mirrored.jpg,0.0245999991893768
img_06672_mirrored.jpg,0.0141000002622604
img_11910_mirrored.jpg,0.1168000027537345
img_15002.jpg,0.5235999822616577
img_07503_mirrored.jpg,-0.1086999997496604
img_05430.jpg,-0.3142000138759613
img_00375.jpg,-0.3142000138759613
img_03832.jpg,-0.1732999980449676
img_01886.jpg,-0.3142000138759613
img_10630.jpg,-0.0749000012874603
img_00057.jpg,0.0297999996691942
img_01602_mirrored.jpg,-0.1172999963164329
img_03210.jpg,-0.0795999988913536
img_13890_mirrored.jpg,0.0126000000163912
img_13545_mirrored.jpg,0.1869000047445297
img_04426.jpg,-0.3142000138759613
img_09830.jpg,-0.3142000138759613
img_08385.jpg,-0.3142000138759613
img_05407_mirrored.jpg,0.3142000138759613
img_08302_mirrored.jpg,0.1597000062465667
img_13473.jpg,-0.1393000036478042
img_09059_mirrored.jpg,0.0098999999463558
img_02165.jpg,0.0450000017881393
img_01436.jpg,-0.3142000138759613
img_02543_mirrored.jpg,-0.1651999950408935
img_04710_mirrored.jpg,0.05180000141263
img_05908_mirrored.jpg,0.1571000069379806
img_10812.jpg,-0.3142000138759613
img_00476.jpg,-0.3142000138759613
img_12498_mirrored.jpg,0.0790999978780746
img_05626_mirrored.jpg,-0.2428999990224838
img_13681_mirrored.jpg,0.0083999997004866
img_08103_mirrored.jpg,-0.0225000008940696
img_05319.jpg,-0.0648000016808509
img_07578_mirrored.jpg,-0.2460999935865402
img_02315.jpg,-0.0759000033140182
img_14417_mirrored.jpg,0.1800999939441681
img_11394.jpg,-0.0659999996423721
img_08726.jpg,-0.0397999994456768
img_11656.jpg,-0.3142000138759613
img_02210.jpg,0.1339000016450882
img_07039_mirrored.jpg,-0.0612999983131885
img_06543_mirrored.jpg,0.0215000007301569
img_05922.jpg,-0.3142000138759613
img_00329_mirrored.jpg,0.1617999970912933
img_14758.jpg,-0.5235999822616577
img_07078.jpg,-0.0052000000141561
img_01121_mirrored.jpg,0.0031000000890344
img_05486.jpg,-0.3142000138759613
img_04109_mirrored.jpg,0.0041999998502433
img_03914_mirrored.jpg,0.1381999999284744
img_07751.jpg,-0.0372000001370906
img_04943_mirrored.jpg,0.2842999994754791
img_02455_mirrored.jpg,0.2827000021934509
img_05978.jpg,-0.3088999986648559
img_09695_mirrored.jpg,0.032999999821186
img_07711.jpg,-0.0052000000141561
img_12236_mirrored.jpg,0.3142000138759613
img_00371_mirrored.jpg,0.3142000138759613
img_10999.jpg,-0.018300000578165
img_14794_mirrored.jpg,0.5235999822616577
img_07075_mirrored.jpg,0.0073000001721084
img_05531_mirrored.jpg,0.063400000333786
img_04223.jpg,0.0469000004231929
img_13447_mirrored.jpg,0.0215000007301569
img_12412.jpg,-0.0198999997228384
img_10219_mirrored.jpg,0.1597000062465667
img_10534.jpg,0.0649000033736229
img_07307.jpg,-0.146599993109703
img_10165_mirrored.jpg,0.070200003683567
img_01294.jpg,-0.0885000005364418
img_01805.jpg,-0.1527000069618225
img_02298.jpg,0.0476000010967254
img_04135.jpg,-0.0037000000011175
img_02412.jpg,-0.3007999956607818
img_00193.jpg,0.1958000063896179
img_02234.jpg,-0.0208999998867511
img_01753_mirrored.jpg,-0.0031000000890344
img_06434_mirrored.jpg,0.3142000138759613
img_00262_mirrored.jpg,0.0156999994069337
img_07938_mirrored.jpg,0.1601999998092651
img_10313_mirrored.jpg,0.2793000042438507
img_00411_mirrored.jpg,0.168500006198883
img_04795.jpg,-0.1010999977588653
img_04228.jpg,0.1624999940395355
img_03241_mirrored.jpg,0.0564999990165233
img_05926_mirrored.jpg,0.2806000113487243
img_14509_mirrored.jpg,0.217299997806549
img_10496.jpg,0.0502999983727932
img_10788_mirrored.jpg,0.2669999897480011
img_09178_mirrored.jpg,0.0414000004529953
img_12230_mirrored.jpg,0.3142000138759613
img_03807.jpg,-0.0414000004529953
img_07172_mirrored.jpg,0.0816999971866607
img_14879_mirrored.jpg,0.5235999822616577
img_02049.jpg,0.0093999998643994
img_09374.jpg,-0.0979000031948089
img_14684_mirrored.jpg,0.0037000000011175
img_00884_mirrored.jpg,0.1429000049829483
img_05383.jpg,-0.2752000093460083
img_12393.jpg,0.066500000655651
img_03654.jpg,0.0564999990165233
img_05244_mirrored.jpg,0.0706999972462654
img_07987.jpg,-0.0586000010371208
img_05436_mirrored.jpg,0.2921999990940094
img_07334.jpg,-0.2475000023841858
img_04040_mirrored.jpg,0.0313999988138675
img_10303_mirrored.jpg,0.1413999944925308
img_09446.jpg,0.0206000003963708
img_01570.jpg,0.1732999980449676
img_08217_mirrored.jpg,0.0706999972462654
img_10917.jpg,0.0187999997287988
img_06027_mirrored.jpg,0.0542999990284442
img_06708_mirrored.jpg,-0.1318999975919723
img_08899_mirrored.jpg,0.1160999983549118
img_14542.jpg,-0.0269000008702278
img_03665.jpg,0.1617999970912933
img_06977.jpg,-0.2576000094413757
img_11810.jpg,0.0104999998584389
img_02841_mirrored.jpg,0.1665000021457672
img_13097_mirrored.jpg,0.3142000138759613
img_01952.jpg,-0.1900999993085861
img_10227.jpg,-0.1518000066280365
img_04878.jpg,0.0564999990165233
img_10431_mirrored.jpg,0.0052000000141561
img_01045.jpg,0.1177999973297119
img_03142_mirrored.jpg,0.0031000000890344
img_09629_mirrored.jpg,-0.1423999965190887
img_08877.jpg,-0.2791000008583069
img_06712_mirrored.jpg,-0.0140000004321336
img_08946_mirrored.jpg,0.0115000000223517
img_08650.jpg,0.0438000001013278
img_12415.jpg,-0.0414000004529953
img_03505.jpg,-0.3142000138759613
img_07296.jpg,-0.096900001168251
img_04113.jpg,-0.0083999997004866
img_04308_mirrored.jpg,-0.1020999997854232
img_14442.jpg,-0.0236000008881092
img_10787.jpg,-0.2727999985218048
img_10614.jpg,0.0156999994069337
img_05987_mirrored.jpg,0.1994999945163726
img_00755.jpg,-0.0520999990403652
img_07816_mirrored.jpg,-0.0461000017821788
img_08774.jpg,-0.1345999985933303
img_01405_mirrored.jpg,0.3142000138759613
img_06929_mirrored.jpg,0.3016000092029571
img_15049.jpg,0.0
img_07211.jpg,0.0046999999321997
img_02842.jpg,-0.1738000065088272
img_07676.jpg,0.0340000018477439
img_15041.jpg,0.5235999822616577
img_14888_mirrored.jpg,0.5235999822616577
img_03047.jpg,-0.0245999991893768
img_01600.jpg,0.1278000026941299
img_00028_mirrored.jpg,-0.0251000002026557
img_03066.jpg,0.0885000005364418
img_03335.jpg,-0.0879999995231628
img_03454_mirrored.jpg,0.3142000138759613
img_00390_mirrored.jpg,0.3142000138759613
img_12871_mirrored.jpg,0.0256999991834163
img_06264_mirrored.jpg,0.0141000002622604
img_09060_mirrored.jpg,0.0198999997228384
img_06212_mirrored.jpg,-0.2067999988794326
img_07670.jpg,0.006800000090152
img_02165_mirrored.jpg,-0.0450000017881393
img_14783.jpg,-0.5235999822616577
img_08838.jpg,-0.2556999921798706
img_07698.jpg,-0.1580999940633773
img_08164.jpg,0.137700006365776
img_09154_mirrored.jpg,0.0173000004142522
img_13607.jpg,-0.0012000000569969
img_11947_mirrored.jpg,0.0414000004529953
img_01213.jpg,-0.0833000019192695
img_03292.jpg,-0.0737999975681305
img_10733_mirrored.jpg,0.2737999856472015
img_03014.jpg,-0.1528999954462051
img_05132_mirrored.jpg,0.0031000000890344
img_08116.jpg,-0.0167999994009733
img_09746.jpg,-0.1403000056743621
img_09577.jpg,0.0838000029325485
img_05393_mirrored.jpg,0.2142000049352646
img_06015.jpg,0.0187999997287988
img_00290_mirrored.jpg,0.1000000014901161
img_10911_mirrored.jpg,-0.0266999993473291
img_04585_mirrored.jpg,-0.0381999984383583
img_02365_mirrored.jpg,0.2164999991655349
img_00630.jpg,0.1853999942541122
img_12442_mirrored.jpg,-0.1435000002384185
img_02768_mirrored.jpg,-0.0046999999321997
img_08493.jpg,-0.0283000003546476
img_05470.jpg,-0.2434999942779541
img_14957.jpg,0.0
img_06947_mirrored.jpg,-0.0104999998584389
img_08583_mirrored.jpg,-0.1905999928712844
img_10072_mirrored.jpg,0.0351000018417835
img_00639_mirrored.jpg,-0.0592000000178813
img_05974.jpg,-0.0456000007688999
img_10672.jpg,-0.1397999972105026
img_08516_mirrored.jpg,-0.1449999958276748
img_06891_mirrored.jpg,0.2786999940872192
img_14127.jpg,-0.0873999968171119
img_04893.jpg,-0.1168000027537345
img_07237_mirrored.jpg,-0.0046999999321997
img_08205_mirrored.jpg,0.0397999994456768
img_12374_mirrored.jpg,-0.1528999954462051
img_06312.jpg,-0.0524000003933906
img_13223.jpg,-0.0272000003606081
img_05310_mirrored.jpg,-0.0852999985218048
img_06624.jpg,-0.0225000008940696
img_11346.jpg,0.2727999985218048
img_07322.jpg,-0.1550000011920929
img_04411.jpg,-0.3142000138759613
img_03795_mirrored.jpg,0.0716999992728233
img_14119.jpg,0.0215000007301569
img_14295.jpg,-0.0120000001043081
img_09847_mirrored.jpg,0.3142000138759613
img_01502_mirrored.jpg,-0.0141000002622604
img_02591.jpg,-0.0904000028967857
img_09182_mirrored.jpg,0.0083999997004866
img_03044.jpg,-0.0833000019192695
img_13479_mirrored.jpg,0.1774999946355819
img_07161_mirrored.jpg,0.0428999997675418
img_09209_mirrored.jpg,-0.0873999968171119
img_12954.jpg,-0.0052000000141561
img_10750.jpg,-0.3142000138759613
img_03074_mirrored.jpg,-0.0219999998807907
img_07183.jpg,0.1439999938011169
img_03625.jpg,0.189300000667572
img_06054.jpg,0.0564999990165233
img_00538.jpg,-0.0277999993413686
img_02698.jpg,-0.0428999997675418
img_12116.jpg,-0.2314999997615814
img_00738.jpg,-0.0083999997004866
img_03575.jpg,-0.0098999999463558
img_13449.jpg,-0.0194000005722045
img_01100.jpg,-0.0031000000890344
img_14240.jpg,0.1419000029563903
img_03348.jpg,-0.1554999947547912
img_04001.jpg,-0.1445000022649765
img_01224.jpg,-0.0152000002562999
img_12711.jpg,0.0297999996691942
img_14830.jpg,-0.5235999822616577
img_07316_mirrored.jpg,0.1497000008821487
img_09515.jpg,0.1905999928712844
img_00590_mirrored.jpg,-0.1278000026941299
img_11719.jpg,-0.3136000037193298
img_14071_mirrored.jpg,0.1680999994277954
img_14790_mirrored.jpg,0.5235999822616577
img_08530.jpg,-0.094200000166893
img_00441.jpg,-0.0922000035643577
img_13541_mirrored.jpg,0.1482000052928924
img_06453_mirrored.jpg,0.0355999991297721
img_02620.jpg,0.2321999967098236
img_09533_mirrored.jpg,-0.0922000035643577
img_12910.jpg,0.0496999993920326
img_12151_mirrored.jpg,0.2660000026226043
img_14531_mirrored.jpg,0.1000000014901161
img_04215_mirrored.jpg,0.0816999971866607
img_10768.jpg,-0.3142000138759613
img_02790_mirrored.jpg,0.0716999992728233
img_12725.jpg,-0.063400000333786
img_14104_mirrored.jpg,0.3142000138759613
img_03052_mirrored.jpg,-0.013600000180304
img_13875_mirrored.jpg,0.0502999983727932
img_03766.jpg,-0.0063000000081956
img_05818_mirrored.jpg,0.1767999976873397
img_03239.jpg,-0.0749000012874603
img_10314.jpg,-0.3005000054836273
img_05770_mirrored.jpg,-0.0141000002622604
img_00358_mirrored.jpg,0.1580999940633773
img_06233_mirrored.jpg,0.0093999998643994
img_06902_mirrored.jpg,0.3010999858379364
img_09173.jpg,-0.05180000141263
img_11377_mirrored.jpg,-0.1774999946355819
img_04439_mirrored.jpg,0.1508000046014785
img_14361_mirrored.jpg,0.1058000028133392
img_06491_mirrored.jpg,0.1554999947547912
img_03202_mirrored.jpg,0.0277999993413686
img_01028_mirrored.jpg,-0.0126000000163912
img_05280.jpg,-0.032999999821186
img_09849.jpg,-0.3093999922275543
img_10530.jpg,0.1199000030755996
img_09094.jpg,-0.0198999997228384
img_07648_mirrored.jpg,0.013600000180304
img_10133_mirrored.jpg,0.0287999995052814
img_13450_mirrored.jpg,0.0215000007301569
img_04070_mirrored.jpg,-0.0524999983608722
img_02385_mirrored.jpg,0.09009999781847
img_07569_mirrored.jpg,-0.1669999957084655
img_09360_mirrored.jpg,0.3142000138759613
img_02023_mirrored.jpg,0.0340000018477439
img_02679_mirrored.jpg,-0.1168000027537345
img_04530_mirrored.jpg,0.00179999996908
img_05141_mirrored.jpg,0.0037000000011175
img_14751_mirrored.jpg,0.5235999822616577
img_00783.jpg,-0.0194000005722045
img_08704_mirrored.jpg,0.0308999996632337
img_08883_mirrored.jpg,0.1784999966621399
img_02727.jpg,0.1278000026941299
img_15078.jpg,0.5235999822616577
img_08673_mirrored.jpg,0.1141000017523765
img_01350_mirrored.jpg,0.1695999950170517
img_09567.jpg,-0.0293000005185604
img_09501_mirrored.jpg,0.1240999996662139
img_13590_mirrored.jpg,0.2565999925136566
img_09225.jpg,-0.1084000021219253
img_12668.jpg,-0.0277999993413686
img_09373_mirrored.jpg,0.1278000026941299
img_04603.jpg,-0.0983999967575073
img_14941_mirrored.jpg,0.5235999822616577
img_02784_mirrored.jpg,0.0995000004768371
img_13976_mirrored.jpg,0.1482000052928924
img_02886.jpg,-0.261599987745285
img_10449.jpg,-0.0366999991238117
img_01134_mirrored.jpg,0.1010999977588653
img_02092.jpg,-0.0041999998502433
img_01588_mirrored.jpg,0.0507999993860721
img_14243_mirrored.jpg,-0.201100006699562
img_14327_mirrored.jpg,0.1084000021219253
img_09890.jpg,-0.0366999991238117
img_04497.jpg,-0.3142000138759613
img_10135.jpg,-0.0428999997675418
img_10763_mirrored.jpg,0.3142000138759613
img_08789_mirrored.jpg,-0.0571000017225742
img_07853_mirrored.jpg,0.1691000014543533
img_09146.jpg,-0.1010999977588653
img_04971.jpg,-0.2842999994754791
img_01843_mirrored.jpg,0.1393000036478042
img_12224_mirrored.jpg,0.3142000138759613
img_13797.jpg,-0.0219999998807907
img_06916.jpg,-0.2450000047683715
img_02002_mirrored.jpg,0.1643999963998794
img_08147.jpg,-0.0737999975681305
img_02925_mirrored.jpg,0.3142000138759613
img_07958_mirrored.jpg,0.1246000006794929
img_07574.jpg,0.1371999979019165
img_09153_mirrored.jpg,0.0256999991834163
img_13825.jpg,-0.0759000033140182
img_05279.jpg,-0.0408000014722347
img_06058.jpg,0.1168000027537345
img_09800.jpg,-0.164900004863739
img_14969.jpg,0.5235999822616577
img_14236.jpg,0.0194000005722045
img_03721.jpg,0.006800000090152
img_06530_mirrored.jpg,-0.2632000148296356
img_13433_mirrored.jpg,0.060199998319149
img_13853.jpg,-0.0728000029921531
img_07859.jpg,-0.1565999984741211
img_05424_mirrored.jpg,0.2610999941825866
img_04606.jpg,-0.1172999963164329
img_11918.jpg,0.0414000004529953
img_06324_mirrored.jpg,0.1130999997258186
img_03789_mirrored.jpg,0.1041999980807304
img_03011_mirrored.jpg,0.2388000041246414
img_12364.jpg,0.0524000003933906
img_06862.jpg,-0.3142000138759613
img_12416.jpg,-0.0478000007569789
img_14306.jpg,0.0617000013589859
img_05789_mirrored.jpg,0.070200003683567
img_14756.jpg,-0.5235999822616577
img_14626_mirrored.jpg,-0.1031000018119812
img_14742.jpg,-0.0372000001370906
img_10151_mirrored.jpg,-0.0031000000890344
img_09308_mirrored.jpg,0.3142000138759613
img_11631.jpg,-0.1617999970912933
img_10180.jpg,0.0680999979376792
img_13621_mirrored.jpg,0.1597000062465667
img_11893.jpg,-0.0031000000890344
img_07925_mirrored.jpg,0.0575000010430812
img_13861.jpg,0.0057999999262392
img_00310_mirrored.jpg,0.1215000003576278
img_08174.jpg,-0.0728000029921531
img_06761_mirrored.jpg,0.1052000001072883
img_04851.jpg,-0.1565999984741211
img_09381_mirrored.jpg,0.1931000053882599
img_02959.jpg,-0.2759000062942505
img_03208.jpg,-0.0795999988913536
img_03691.jpg,0.0308999996632337
img_07596.jpg,0.0852999985218048
img_05357_mirrored.jpg,0.1606999933719635
img_12956_mirrored.jpg,0.0167999994009733
img_14842_mirrored.jpg,0.5235999822616577
img_08590.jpg,0.1067999973893165
img_01288.jpg,-0.0366999991238117
img_06430.jpg,-0.3142000138759613
img_14303.jpg,0.0031000000890344
img_03459.jpg,-0.3057999908924103
img_02862_mirrored.jpg,0.1560000032186508
img_02433.jpg,-0.1340000033378601
img_04138_mirrored.jpg,0.0037000000011175
img_10102_mirrored.jpg,-0.1978999972343444
img_10431.jpg,-0.0052000000141561
img_10486_mirrored.jpg,-0.0952999964356422
img_04655.jpg,-0.0198999997228384
img_10307_mirrored.jpg,0.1172999963164329
img_10873.jpg,0.013600000180304
img_00348_mirrored.jpg,0.3142000138759613
img_13772_mirrored.jpg,0.0653999969363212
img_08961.jpg,-0.0445000007748603
img_04370_mirrored.jpg,0.1695999950170517
img_01348_mirrored.jpg,0.1482000052928924
img_00925_mirrored.jpg,0.2004999965429306
img_00866_mirrored.jpg,0.3142000138759613
img_11091.jpg,-0.0659999996423721
img_13126.jpg,-0.3142000138759613
img_09168.jpg,-0.0419000014662742
img_01707_mirrored.jpg,-0.006800000090152
img_10637_mirrored.jpg,0.0313999988138675
img_14157_mirrored.jpg,0.0293000005185604
img_01086.jpg,-0.006800000090152
img_08672.jpg,-0.146599993109703
img_00799.jpg,-0.2120999991893768
img_09659_mirrored.jpg,0.0041999998502433
img_07984_mirrored.jpg,0.1189000010490417
img_10065.jpg,-0.0098999999463558
img_04366_mirrored.jpg,0.1627999991178512
img_06022_mirrored.jpg,0.0115000000223517
img_12138_mirrored.jpg,0.1710000038146972
img_07030.jpg,0.0366999991238117
img_10472.jpg,0.1225000023841857
img_14878_mirrored.jpg,0.5235999822616577
img_10224_mirrored.jpg,0.1497000008821487
img_00874.jpg,-0.3142000138759613
img_14103_mirrored.jpg,0.3142000138759613
img_02860.jpg,-0.1497000008821487
img_12248.jpg,0.024100000038743
img_11437.jpg,0.0450000017881393
img_07831.jpg,-0.2030999958515167
img_07809.jpg,-0.1528999954462051
img_01278.jpg,0.0680999979376792
img_09622.jpg,0.013600000180304
img_14315_mirrored.jpg,-0.1115000024437904
img_00074.jpg,-0.0057999999262392
img_04159.jpg,-0.060199998319149
img_03332.jpg,-0.0538999997079372
img_03840_mirrored.jpg,0.1456000059843063
img_14610_mirrored.jpg,-0.0126000000163912
img_05263_mirrored.jpg,-0.0078999996185302
img_00685_mirrored.jpg,0.0272000003606081
img_02562.jpg,-0.024100000038743
img_04635.jpg,0.2178000062704086
img_12205.jpg,-0.0890000015497207
img_00380.jpg,-0.2702000141143799
img_01274.jpg,0.0187999997287988
img_10900_mirrored.jpg,0.018300000578165
img_11311_mirrored.jpg,0.0800999999046325
img_00016.jpg,0.0245999991893768
img_13486.jpg,-0.1518000066280365
img_12997_mirrored.jpg,0.0869000032544136
img_12007.jpg,-0.048700001090765
img_03333.jpg,-0.0653999969363212
img_06116_mirrored.jpg,0.0037000000011175
img_08521.jpg,-0.0491999983787536
img_06113.jpg,-0.0031000000890344
img_04193_mirrored.jpg,0.0083999997004866
img_05693_mirrored.jpg,0.0167999994009733
img_02539.jpg,0.0278999991714954
img_00303.jpg,-0.0885000005364418
img_03622_mirrored.jpg,-0.1266999989748001
img_10352_mirrored.jpg,0.3142000138759613
img_13949_mirrored.jpg,0.1072999984025955
img_12902.jpg,0.1847999989986419
img_14914.jpg,-0.5235999822616577
img_04498.jpg,-0.3142000138759613
img_08377_mirrored.jpg,0.2973999977111816
img_01317_mirrored.jpg,0.1046999990940094
img_11773.jpg,-0.2089000046253204
img_06396_mirrored.jpg,0.2581000030040741
img_00572.jpg,-0.1240999996662139
img_13477.jpg,-0.1580999940633773
img_04875.jpg,-0.1606999933719635
img_00458_mirrored.jpg,0.3142000138759613
img_05087_mirrored.jpg,-0.0230000000447034
img_02261.jpg,-0.0308999996632337
img_07055.jpg,0.0219999998807907
img_06581.jpg,-0.0952999964356422
img_14652.jpg,0.0194000005722045
img_07403_mirrored.jpg,0.231000006198883
img_13089.jpg,-0.26910001039505
img_13861_mirrored.jpg,-0.0057999999262392
img_00323.jpg,-0.1482000052928924
img_04555.jpg,0.1835999935865402
img_14907.jpg,-0.5235999822616577
img_00714.jpg,-0.162100002169609
img_07197_mirrored.jpg,0.0821999981999397
img_13377_mirrored.jpg,-0.1486999988555908
img_04508_mirrored.jpg,0.3142000138759613
img_12657.jpg,-0.2236000001430511
img_13383_mirrored.jpg,0.0685999989509582
img_11454.jpg,-0.032999999821186
img_13591_mirrored.jpg,0.2565999925136566
img_10793.jpg,-0.1240999996662139
img_08511_mirrored.jpg,-0.1262000054121017
img_00585_mirrored.jpg,-0.1800999939441681
img_11391_mirrored.jpg,0.1130999997258186
img_07126.jpg,-0.0989999994635582
img_11670.jpg,-0.1994999945163726
img_06130.jpg,-0.0031000000890344
img_04788.jpg,-0.0126000000163912
img_11822_mirrored.jpg,-0.0833000019192695
img_03852.jpg,-0.1732999980449676
img_06103.jpg,-0.0041999998502433
img_04503.jpg,-0.3142000138759613
img_10525.jpg,0.0780000016093254
img_10045_mirrored.jpg,-0.0215000007301569
img_14900.jpg,-0.5235999822616577
img_01778_mirrored.jpg,0.0564999990165233
img_06659_mirrored.jpg,-0.1156999990344047
img_01458_mirrored.jpg,0.0865999981760978
img_07554_mirrored.jpg,0.1194000020623207
img_03238_mirrored.jpg,0.0785000026226043
img_06864_mirrored.jpg,0.3142000138759613
img_11968.jpg,0.1324999928474426
img_14130.jpg,-0.0690999999642372
img_10228.jpg,-0.1560000032186508
img_05668_mirrored.jpg,0.0277999993413686
img_04209.jpg,-0.0386999994516372
img_02599.jpg,-0.0821999981999397
img_01553_mirrored.jpg,0.018300000578165
img_07465_mirrored.jpg,0.2915999889373779
img_10109_mirrored.jpg,-0.0586000010371208
img_02562_mirrored.jpg,0.024100000038743
img_01563_mirrored.jpg,-0.0533999986946582
img_00007_mirrored.jpg,0.1528999954462051
img_14622_mirrored.jpg,-0.0922000035643577
img_03284.jpg,-0.0685999989509582
img_07883_mirrored.jpg,0.3142000138759613
img_06958_mirrored.jpg,0.3109999895095825
img_09065.jpg,-0.060199998319149
img_08434_mirrored.jpg,0.3142000138759613
img_09560.jpg,0.1968999952077865
img_09895.jpg,-0.1127000004053115
img_06329.jpg,-0.1460999995470047
img_03281_mirrored.jpg,0.0397999994456768
img_10389.jpg,-0.0795999988913536
img_01426.jpg,-0.2775000035762787
img_00100.jpg,-0.0010000000474974
img_03655.jpg,0.0804999992251396
img_01938_mirrored.jpg,0.2180999964475631
img_05187_mirrored.jpg,-0.0905999988317489
img_02557_mirrored.jpg,-0.0361000001430511
img_10507_mirrored.jpg,-0.1882999986410141
img_15091_mirrored.jpg,-0.5235999822616577
img_12339_mirrored.jpg,-0.1397999972105026
img_09100.jpg,-0.0162000004202127
img_11518_mirrored.jpg,0.1062000021338462
img_13354_mirrored.jpg,0.060199998319149
img_05109_mirrored.jpg,-0.0219999998807907
img_06607_mirrored.jpg,-0.1550000011920929
img_07931_mirrored.jpg,0.3142000138759613
img_09906.jpg,-0.1330000013113021
img_03087.jpg,0.0162000004202127
img_08548_mirrored.jpg,-0.1591999977827072
img_06560_mirrored.jpg,-0.0819000005722045
img_14300_mirrored.jpg,-0.0078999996185302
img_05193_mirrored.jpg,0.0187999997287988
img_02051.jpg,0.0414000004529953
img_00153.jpg,-0.0098999999463558
img_05897.jpg,-0.3142000138759613
img_13458.jpg,-0.1717000007629394
img_02990.jpg,-0.2791000008583069
img_02859_mirrored.jpg,0.1508000046014785
img_01806.jpg,-0.169400006532669
img_00995.jpg,0.0245999991893768
img_02993_mirrored.jpg,0.1900999993085861
img_11800.jpg,-0.1177999973297119
img_12867_mirrored.jpg,0.0098999999463558
img_09890_mirrored.jpg,0.0366999991238117
img_14369.jpg,-0.0386999994516372
img_00221.jpg,0.0093999998643994
img_02960_mirrored.jpg,0.2727999985218048
img_12834.jpg,-0.0575999990105629
img_12082.jpg,-0.1036999970674514
img_01544_mirrored.jpg,-0.0795999988913536
img_09648.jpg,-0.0737999975681305
img_03334_mirrored.jpg,0.0759000033140182
img_05458.jpg,-0.3142000138759613
img_11849_mirrored.jpg,-0.0245999991893768
img_11519.jpg,-0.145699992775917
img_02086.jpg,0.0198999997228384
img_08983_mirrored.jpg,-0.1151999980211258
img_01971_mirrored.jpg,0.2087000012397766
img_05072.jpg,-0.0073000001721084
img_04556_mirrored.jpg,-0.2239000052213668
img_10206_mirrored.jpg,0.0910999998450279
img_03755.jpg,-0.0465999990701675
img_12428_mirrored.jpg,-0.0073000001721084
img_01646_mirrored.jpg,-0.1580999940633773
img_13930.jpg,-0.1010999977588653
img_01505_mirrored.jpg,-0.0109999999403953
img_07654_mirrored.jpg,0.0533999986946582
img_14032.jpg,-0.3142000138759613
img_07194.jpg,-0.0361000001430511
img_12260.jpg,-0.0890000015497207
img_14135_mirrored.jpg,0.0230000000447034
img_14806.jpg,-0.5235999822616577
img_01258.jpg,-0.035300001502037
img_00769_mirrored.jpg,0.0366999991238117
img_07897_mirrored.jpg,0.2648000121116638
img_05651_mirrored.jpg,-0.0269000008702278
img_13680_mirrored.jpg,0.0078999996185302
img_00794.jpg,-0.1659999936819076
img_07825_mirrored.jpg,0.0498999990522861
img_09444_mirrored.jpg,-0.0083999997004866
img_14637.jpg,-0.0187999997287988
img_00132.jpg,0.0198999997228384
img_04759_mirrored.jpg,0.070200003683567
img_09087_mirrored.jpg,-0.0617999993264675
img_02594_mirrored.jpg,0.1256999969482422
img_01734.jpg,-0.0852999985218048
img_03829.jpg,-0.2120999991893768
img_11324.jpg,-0.0581000000238418
img_03254_mirrored.jpg,-0.0093999998643994
img_12480.jpg,0.0098999999463558
img_11415.jpg,0.2319999933242797
img_04652_mirrored.jpg,-0.0313999988138675
img_01648_mirrored.jpg,-0.0910999998450279
img_06721.jpg,-0.1889999955892563
img_04627_mirrored.jpg,-0.1448999941349029
img_13845.jpg,-0.0428999997675418
img_09986.jpg,-0.0052000000141561
img_08416.jpg,-0.3142000138759613
img_11629.jpg,-0.1512999981641769
img_03383.jpg,-0.3073999881744385
img_04693_mirrored.jpg,-0.0885000005364418
img_06995_mirrored.jpg,-0.0098999999463558
img_03461.jpg,-0.2847999930381775
img_03391_mirrored.jpg,0.130400002002716
img_01264.jpg,-0.0916000008583068
img_14653_mirrored.jpg,-0.0167999994009733
img_06819.jpg,-0.1847999989986419
img_07048_mirrored.jpg,0.0167999994009733
img_03528_mirrored.jpg,0.0529000014066696
img_08346_mirrored.jpg,0.2502999901771545
img_02055.jpg,0.1011999994516372
img_13756.jpg,-0.0031000000890344
img_08948.jpg,-0.0120000001043081
img_14556.jpg,-0.1403000056743621
img_09419_mirrored.jpg,-0.018300000578165
img_07275.jpg,-0.0795999988913536
img_07370_mirrored.jpg,0.2906000018119812
img_02692.jpg,-0.0152000002562999
img_12034.jpg,-0.0890000015497207
img_03193.jpg,-0.0355999991297721
img_13161_mirrored.jpg,0.3142000138759613
img_01738.jpg,-0.0377000011503696
img_13047.jpg,-0.2675999999046325
img_00239.jpg,-0.024100000038743
img_12584.jpg,-0.2502000033855438
img_13422.jpg,-0.0372000001370906
img_02561_mirrored.jpg,0.0251000002026557
img_07912_mirrored.jpg,0.1115000024437904
img_03328_mirrored.jpg,0.0564999990165233
img_12794.jpg,-0.006800000090152
img_05026_mirrored.jpg,0.2319999933242797
img_04742_mirrored.jpg,-0.1266999989748001
img_12371_mirrored.jpg,-0.0467000007629394
img_11410.jpg,0.1492999941110611
img_10819_mirrored.jpg,0.1791000068187713
img_04157.jpg,-0.0524000003933906
img_05547_mirrored.jpg,-0.018300000578165
img_10344_mirrored.jpg,0.3142000138759613
img_04527.jpg,0.0173000004142522
img_14805.jpg,-0.5235999822616577
img_15054.jpg,0.5235999822616577
img_00716_mirrored.jpg,0.2070000022649765
img_12310.jpg,0.1685999929904937
img_11721.jpg,-0.2795999944210052
img_00513.jpg,0.0083999997004866
img_06622_mirrored.jpg,-0.0476000010967254
img_05409.jpg,-0.3142000138759613
img_02641.jpg,0.0538999997079372
img_02945.jpg,-0.2392999976873397
img_06517.jpg,-0.0266999993473291
img_08139.jpg,-0.0283000003546476
img_12399.jpg,0.1194000020623207
img_07234_mirrored.jpg,0.0219999998807907
img_08469.jpg,-0.0147000001743435
img_08524_mirrored.jpg,0.1032999977469444
img_10353.jpg,-0.3142000138759613
img_13326_mirrored.jpg,-0.0533999986946582
img_10298.jpg,-0.3032000064849853
img_03943_mirrored.jpg,0.3142000138759613
img_09010_mirrored.jpg,-0.0215000007301569
img_12166_mirrored.jpg,0.3142000138759613
img_12906.jpg,0.1843000054359436
img_03036_mirrored.jpg,0.0509999990463256
img_01787.jpg,-0.0392999984323978
img_04896.jpg,-0.2176000028848648
img_06633.jpg,0.1774999946355819
img_13155_mirrored.jpg,0.3142000138759613
img_14704.jpg,-0.0606999993324279
img_12716.jpg,-0.0073000001721084
img_09865_mirrored.jpg,0.0571000017225742
img_14201_mirrored.jpg,-0.1683000028133392
img_07608_mirrored.jpg,-0.1590999960899353
img_06415.jpg,-0.1889999955892563
img_12352.jpg,0.1136000007390976
img_12747_mirrored.jpg,0.008899999782443
img_10832_mirrored.jpg,0.2314999997615814
img_10453_mirrored.jpg,0.1130999997258186
img_00705.jpg,0.1439999938011169
img_10479_mirrored.jpg,-0.2533999979496002
img_12421.jpg,-0.0549999997019767
img_03403.jpg,-0.3142000138759613
img_13629_mirrored.jpg,0.0833000019192695
img_00839_mirrored.jpg,0.1617999970912933
img_03462_mirrored.jpg,0.2737999856472015
img_14857.jpg,-0.5235999822616577
img_00514_mirrored.jpg,-0.0126000000163912
img_02031_mirrored.jpg,0.1052000001072883
img_08622_mirrored.jpg,0.0152000002562999
img_09247_mirrored.jpg,0.1093999966979026
img_13271_mirrored.jpg,-0.1659999936819076
img_04257.jpg,0.0131000000983476
img_13742_mirrored.jpg,0.0031000000890344
img_10502_mirrored.jpg,-0.0507999993860721
img_00022.jpg,0.0093999998643994
img_10645.jpg,-0.024100000038743
img_03360.jpg,-0.1623000055551529
img_00766_mirrored.jpg,0.0606999993324279
img_06395_mirrored.jpg,0.2702000141143799
img_02665_mirrored.jpg,0.0293000005185604
img_08635_mirrored.jpg,0.0414000004529953
img_01011_mirrored.jpg,0.0355999991297721
img_14404_mirrored.jpg,0.1330000013113021
img_00814.jpg,-0.1497000008821487
img_04793.jpg,-0.0806000009179115
img_10360.jpg,-0.3142000138759613
img_12825.jpg,-0.0031000000890344
img_07462.jpg,-0.3142000138759613
img_00299_mirrored.jpg,0.0496999993920326
img_06568.jpg,0.1445000022649765
img_08914.jpg,-0.0744000002741813
img_09167.jpg,-0.0351000018417835
img_12297.jpg,-0.0256999991834163
img_06765.jpg,-0.0780000016093254
img_12305_mirrored.jpg,-0.0507999993860721
img_01400.jpg,-0.3018999993801117
img_04361_mirrored.jpg,0.1486999988555908
img_08853_mirrored.jpg,0.3142000138759613
img_01641_mirrored.jpg,-0.1942999958992004
img_13226.jpg,-0.0386999994516372
img_10822.jpg,-0.0806000009179115
img_04836.jpg,-0.2046999931335449
img_01244.jpg,-0.0502999983727932
img_12452_mirrored.jpg,0.1859000027179718
img_09810.jpg,-0.2428999990224838
img_01272_mirrored.jpg,0.0287999995052814
img_10626.jpg,-0.1072999984025955
img_02483.jpg,-0.3142000138759613
img_02211_mirrored.jpg,-0.1597000062465667
img_03592.jpg,0.0905999988317489
img_02570_mirrored.jpg,0.0063000000081956
img_03322_mirrored.jpg,0.1000000014901161
img_11098_mirrored.jpg,0.0873999968171119
img_03339.jpg,-0.1046999990940094
img_13945_mirrored.jpg,0.1000000014901161
img_13499.jpg,0.1010999977588653
img_13002_mirrored.jpg,0.0465999990701675
img_03300.jpg,0.066100001335144
img_13128.jpg,-0.3046999871730804
img_12254_mirrored.jpg,0.0073000001721084
img_12281_mirrored.jpg,-0.3016000092029571
img_05859.jpg,-0.1571000069379806
img_09709.jpg,-0.024100000038743
img_05144_mirrored.jpg,0.0037000000011175
img_15033_mirrored.jpg,-0.5235999822616577
img_01898_mirrored.jpg,0.1482000052928924
img_01627.jpg,0.0769999995827674
img_12559.jpg,-0.1403000056743621
img_09195.jpg,-0.093199998140335
img_06082.jpg,0.0245999991893768
img_14089_mirrored.jpg,0.3142000138759613
img_10163.jpg,-0.0916000008583068
img_12479_mirrored.jpg,-0.006800000090152
img_15020.jpg,0.0
img_07359_mirrored.jpg,0.3142000138759613
img_02902_mirrored.jpg,0.2989999949932098
img_07733.jpg,-0.067500002682209
img_00650.jpg,0.0586000010371208
img_05702.jpg,-0.0549999997019767
img_09435_mirrored.jpg,0.0711999982595443
img_08009_mirrored.jpg,-0.1111000031232833
img_07024.jpg,-0.0037000000011175
img_02761_mirrored.jpg,0.006800000090152
img_10684_mirrored.jpg,0.1565999984741211
img_02519.jpg,-0.0152000002562999
img_03842_mirrored.jpg,0.1423999965190887
img_02585.jpg,0.1020999997854232
img_06497.jpg,0.017799999564886
img_00096_mirrored.jpg,0.0015999999595806
img_12884.jpg,-0.048700001090765
img_05864.jpg,0.0564999990165233
img_09487.jpg,0.1758999973535537
img_03062_mirrored.jpg,-0.0221999995410442
img_02951.jpg,-0.24269999563694
img_00698.jpg,0.0445000007748603
img_07955.jpg,-0.2220000028610229
img_14785.jpg,-0.5235999822616577
img_13447.jpg,-0.0215000007301569
img_13996.jpg,-0.1613000035285949
img_01992_mirrored.jpg,0.0980999991297721
img_12038_mirrored.jpg,0.0340000018477439
img_08367.jpg,-0.1251000016927719
img_02090.jpg,0.008899999782443
img_05932_mirrored.jpg,0.3142000138759613
img_12346_mirrored.jpg,-0.2418999969959259
img_07511.jpg,0.2424000054597854
img_15173_mirrored.jpg,-0.5235999822616577
img_14797.jpg,-0.5235999822616577
img_05002.jpg,-0.2973999977111816
img_04857_mirrored.jpg,0.1833000034093856
img_13692.jpg,0.0957999974489212
img_01791.jpg,-0.0366999991238117
img_08531_mirrored.jpg,0.0732999965548515
img_14432.jpg,-0.1623000055551529
img_05334.jpg,-0.0659999996423721
img_01714_mirrored.jpg,-0.1352999955415725
img_00317_mirrored.jpg,0.1571000069379806
img_00860.jpg,-0.2041999995708465
img_01364_mirrored.jpg,0.2732999920845032
img_11072_mirrored.jpg,0.0507999993860721
img_11383_mirrored.jpg,0.0386999994516372
img_04286.jpg,-0.0395999997854232
img_11901_mirrored.jpg,0.0308999996632337
img_09105_mirrored.jpg,0.0392999984323978
img_12127_mirrored.jpg,0.2287999987602234
img_00617.jpg,0.0639000013470649
img_00774_mirrored.jpg,0.0372000001370906
img_08652_mirrored.jpg,-0.09009999781847
img_07646.jpg,-0.013600000180304
img_05467_mirrored.jpg,0.2748999893665313
img_05506.jpg,-0.3142000138759613
img_08452_mirrored.jpg,-0.0073000001721084
img_04537.jpg,-0.0833000019192695
img_07386.jpg,-0.3142000138759613
img_02588.jpg,-0.0272000003606081
img_13498.jpg,-0.1633999943733215
img_12410.jpg,-0.0167999994009733
img_15022.jpg,0.0
img_02701.jpg,-0.0575999990105629
img_01715.jpg,0.1423999965190887
img_04082.jpg,-0.0245999991893768
img_14391.jpg,-0.1367000043392181
img_08426_mirrored.jpg,0.3142000138759613
img_02602.jpg,0.0198999997228384
img_13981_mirrored.jpg,0.1974000036716461
img_03289_mirrored.jpg,0.0905999988317489
img_00922_mirrored.jpg,0.2231000065803527
img_12062.jpg,-0.1015999987721443
img_03872.jpg,0.0571000017225742
img_06952_mirrored.jpg,0.1176000013947486
img_11880_mirrored.jpg,0.0037000000011175
img_10623_mirrored.jpg,0.0821999981999397
img_01266_mirrored.jpg,0.0916000008583068
img_11523.jpg,-0.2372000068426132
img_11794.jpg,-0.0355999991297721
img_02346_mirrored.jpg,0.1471000015735626
img_07289.jpg,-0.0502999983727932
img_00573_mirrored.jpg,0.1240999996662139
img_09309.jpg,-0.3142000138759613
img_08612_mirrored.jpg,-0.063400000333786
img_05808_mirrored.jpg,0.0194000005722045
img_05993_mirrored.jpg,0.0251000002026557
img_02976_mirrored.jpg,-0.0126000000163912
img_14791.jpg,-0.5235999822616577
img_07906.jpg,-0.271699994802475
img_02272_mirrored.jpg,0.066500000655651
img_09596_mirrored.jpg,0.0173000004142522
img_13136_mirrored.jpg,0.1659999936819076
img_09549.jpg,0.0104999998584389
img_05524_mirrored.jpg,-0.013600000180304
img_08560.jpg,0.1000000014901161
img_00489_mirrored.jpg,-0.0173000004142522
img_06869.jpg,-0.3142000138759613
img_01612_mirrored.jpg,-0.1695999950170517
img_05369_mirrored.jpg,0.1560000032186508
img_10342_mirrored.jpg,0.1528999954462051
img_00308.jpg,-0.1041999980807304
img_13034_mirrored.jpg,0.157600000500679
img_10607_mirrored.jpg,0.0104999998584389
img_04855.jpg,-0.1833000034093856
img_04844_mirrored.jpg,0.1407999992370605
img_13760_mirrored.jpg,0.0031000000890344
img_11247_mirrored.jpg,0.2535000145435333
img_07861.jpg,-0.1873999983072281
img_12881.jpg,-0.0277999993413686
img_08862.jpg,-0.2800999879837036
img_03560_mirrored.jpg,-0.1272000074386596
img_03609.jpg,0.0015999999595806
img_03968_mirrored.jpg,0.2576000094413757
img_13361.jpg,-0.0147000001743435
img_13516_mirrored.jpg,0.195700004696846
img_04049_mirrored.jpg,0.0905999988317489
img_04763.jpg,-0.0304000005125999
img_10696_mirrored.jpg,0.1617999970912933
img_08812.jpg,-0.3142000138759613
img_01605_mirrored.jpg,-0.1720999926328659
img_09053_mirrored.jpg,0.0031000000890344
img_04817.jpg,-0.0313999988138675
img_07160.jpg,-0.0434999987483024
img_11550_mirrored.jpg,-0.018300000578165
img_05674_mirrored.jpg,-0.0450000017881393
img_07405_mirrored.jpg,0.2942999899387359
img_14338_mirrored.jpg,0.0031000000890344
img_13623_mirrored.jpg,0.0847999975085258
img_05481_mirrored.jpg,0.0794000029563903
img_13897_mirrored.jpg,0.093699999153614
img_05659_mirrored.jpg,-0.201100006699562
img_01556_mirrored.jpg,0.0093999998643994
img_09739.jpg,-0.183799996972084
img_08697_mirrored.jpg,-0.0141000002622604
img_06753_mirrored.jpg,0.0147000001743435
img_06697.jpg,-0.0010000000474974
img_09142_mirrored.jpg,-0.0035000001080334
img_01643.jpg,0.1994999945163726
img_13088_mirrored.jpg,0.2434999942779541
img_14107_mirrored.jpg,0.3142000138759613
img_00368.jpg,-0.2293000072240829
img_00998_mirrored.jpg,-0.024100000038743
img_05641.jpg,0.1439999938011169
img_03076_mirrored.jpg,0.0215000007301569
img_05543_mirrored.jpg,0.0187999997287988
img_11232_mirrored.jpg,0.3142000138759613
img_12643_mirrored.jpg,0.1952999979257583
img_07414.jpg,-0.3142000138759613
img_11391.jpg,-0.1130999997258186
img_07134.jpg,0.0680999979376792
img_02393_mirrored.jpg,0.3142000138759613
img_10937_mirrored.jpg,0.002600000007078
img_01247_mirrored.jpg,0.0456000007688999
img_14659_mirrored.jpg,0.006800000090152
img_08497.jpg,-0.0230000000447034
img_09424_mirrored.jpg,-0.0141000002622604
img_01094_mirrored.jpg,0.0037000000011175
img_02699.jpg,-0.0461000017821788
img_13400.jpg,-0.0098999999463558
img_15061_mirrored.jpg,-0.5235999822616577
img_08440_mirrored.jpg,0.1847999989986419
img_04357.jpg,-0.1580999940633773
img_14943.jpg,-0.5235999822616577
img_00934.jpg,-0.2910999953746795
img_08289.jpg,-0.1512999981641769
img_03430.jpg,-0.2921999990940094
img_06307_mirrored.jpg,0.0979000031948089
img_14172_mirrored.jpg,-0.0597000010311603
img_02684.jpg,0.0627999976277351
img_14239_mirrored.jpg,-0.1136000007390976
img_10895.jpg,-0.0215000007301569
img_02713.jpg,0.0063000000081956
img_06659.jpg,0.1156999990344047
img_08582.jpg,0.1774999946355819
img_06271_mirrored.jpg,0.093199998140335
img_14329.jpg,-0.0544999986886978
img_04559_mirrored.jpg,-0.2915999889373779
img_00965.jpg,-0.2948000133037567
img_00415_mirrored.jpg,0.2833000123500824
img_12674.jpg,-0.0772999972105026
img_11572_mirrored.jpg,0.0308999996632337
img_10244_mirrored.jpg,0.2152999937534332
img_07878.jpg,-0.3021000027656555
img_01173.jpg,-0.0423999987542629
img_12196_mirrored.jpg,0.2921999990940094
img_00550.jpg,0.0198999997228384
img_14079.jpg,-0.1240999996662139
img_10778_mirrored.jpg,0.2226999998092651
img_11541_mirrored.jpg,0.0115000000223517
img_09527_mirrored.jpg,-0.2470999956130981
img_00434.jpg,-0.2477000057697296
img_07201.jpg,-0.0775000005960464
img_01981.jpg,-0.2063000053167343
img_14547_mirrored.jpg,0.3142000138759613
img_11107.jpg,0.0392999984323978
img_09532_mirrored.jpg,-0.1105000004172325
img_01942.jpg,-0.3142000138759613
img_11409_mirrored.jpg,-0.1292999982833862
img_07348_mirrored.jpg,0.1565999984741211
img_01302.jpg,-0.0905999988317489
img_10312_mirrored.jpg,0.2664999961853027
img_14171_mirrored.jpg,-0.0340000018477439
img_01972.jpg,-0.2689000070095062
img_07312_mirrored.jpg,0.1560000032186508
img_04578.jpg,-0.0109999999403953
img_05646.jpg,-0.0256999991834163
img_07469_mirrored.jpg,0.1334999948740005
img_06007.jpg,-0.1288000047206878
img_07012_mirrored.jpg,0.0821999981999397
img_05355_mirrored.jpg,0.1554999947547912
img_12574_mirrored.jpg,0.0262000001966953
img_02210_mirrored.jpg,-0.1339000016450882
img_08637_mirrored.jpg,0.0287999995052814
img_14047.jpg,-0.183799996972084
img_14080_mirrored.jpg,0.2524000108242035
img_08662_mirrored.jpg,-0.0165999997407197
img_14875_mirrored.jpg,0.5235999822616577
img_10926_mirrored.jpg,0.0093999998643994
img_11142.jpg,-0.093699999153614
img_02374_mirrored.jpg,0.3100000023841858
img_01587.jpg,-0.0706999972462654
img_11031_mirrored.jpg,-0.0895000025629997
img_08866_mirrored.jpg,0.209999993443489
img_05321_mirrored.jpg,0.0806000009179115
img_02170.jpg,-0.0187999997287988
img_13903.jpg,-0.0775000005960464
img_14271.jpg,0.0617999993264675
img_09690_mirrored.jpg,0.0491999983787536
img_14397_mirrored.jpg,0.221000000834465
img_05298.jpg,-0.0890000015497207
img_09417.jpg,-0.0450000017881393
img_02605.jpg,0.1049999967217445
img_08527.jpg,-0.1225000023841857
img_14591.jpg,-0.0208999998867511
img_04363.jpg,-0.1534000039100647
img_11339_mirrored.jpg,-0.0230000000447034
img_14860.jpg,-0.5235999822616577
img_04970_mirrored.jpg,0.3010999858379364
img_00077_mirrored.jpg,0.0031000000890344
img_00746_mirrored.jpg,-0.013600000180304
img_05173_mirrored.jpg,0.1036999970674514
img_01462_mirrored.jpg,0.3142000138759613
img_04876.jpg,0.100500002503395
img_10018.jpg,-0.0031000000890344
img_06623_mirrored.jpg,0.0266999993473291
img_03310_mirrored.jpg,0.0386999994516372
img_14701_mirrored.jpg,0.0414000004529953
img_02082_mirrored.jpg,-0.0245999991893768
img_05298_mirrored.jpg,0.0890000015497207
img_06093_mirrored.jpg,0.0046999999321997
img_02474.jpg,-0.3142000138759613
img_04929_mirrored.jpg,0.2424000054597854
img_06813_mirrored.jpg,0.1476999968290329
img_12354_mirrored.jpg,-0.0979000031948089
img_00849.jpg,-0.0167999994009733
img_01187_mirrored.jpg,0.0826999992132186
img_02864_mirrored.jpg,0.1597000062465667
img_15143_mirrored.jpg,-0.5235999822616577
img_12630.jpg,-0.3142000138759613
img_08956.jpg,-0.1282999962568283
img_01760.jpg,0.017799999564886
img_12045.jpg,0.0775000005960464
img_09055.jpg,-0.0031000000890344
img_10427_mirrored.jpg,0.0187999997287988
img_06855.jpg,-0.1617999970912933
img_14994_mirrored.jpg,-0.5235999822616577
img_02799_mirrored.jpg,0.0372000001370906
img_14600.jpg,-0.1099999994039535
img_09670.jpg,0.0147000001743435
img_02673.jpg,0.065200001001358
img_12475.jpg,-0.0078999996185302
img_01482.jpg,-0.3142000138759613
img_11376.jpg,0.1597000062465667
img_12771.jpg,0.0093999998643994
img_13168.jpg,-0.3142000138759613
img_03183_mirrored.jpg,0.0147000001743435
img_13803.jpg,-0.0093999998643994
img_01855.jpg,0.0381999984383583
img_12811_mirrored.jpg,0.0037000000011175
img_05803.jpg,-0.0377000011503696
img_03562_mirrored.jpg,-0.0711999982595443
img_15131_mirrored.jpg,-0.5235999822616577
img_14272_mirrored.jpg,-0.0198999997228384
img_07054_mirrored.jpg,-0.0187999997287988
img_05779.jpg,-0.0555000007152557
img_07089.jpg,-0.0031000000890344
img_12427_mirrored.jpg,0.0131000000983476
img_13723.jpg,0.0063000000081956
img_08930_mirrored.jpg,0.1695999950170517
img_12629.jpg,-0.3142000138759613
img_13731.jpg,-0.0057999999262392
img_07886_mirrored.jpg,0.3142000138759613
img_12944_mirrored.jpg,0.0496999993920326
img_01927.jpg,-0.3142000138759613
img_14651.jpg,0.0204000007361173
img_08773_mirrored.jpg,0.1476999968290329
img_02117.jpg,-0.0037000000011175
img_10183_mirrored.jpg,0.0544999986886978
img_03836_mirrored.jpg,0.1439999938011169
img_00188.jpg,0.1271000057458877
img_01216_mirrored.jpg,0.0842999964952468
img_04408.jpg,-0.3142000138759613
img_15062_mirrored.jpg,-0.5235999822616577
img_10056.jpg,0.0586000010371208
img_00553.jpg,0.0808999985456466
img_08847.jpg,-0.3142000138759613
img_09213.jpg,0.1099999994039535
img_06608_mirrored.jpg,-0.1220000013709068
img_01471_mirrored.jpg,0.3142000138759613
img_05830_mirrored.jpg,0.137700006365776
img_00017.jpg,0.0266999993473291
img_12106_mirrored.jpg,0.1728000044822693
img_04623.jpg,0.130400002002716
img_10269_mirrored.jpg,0.3142000138759613
img_09014_mirrored.jpg,-0.0152000002562999
img_05866.jpg,0.0386999994516372
img_07916_mirrored.jpg,0.0847999975085258
img_03924.jpg,-0.2657000124454498
img_00771.jpg,-0.0304000005125999
img_12367_mirrored.jpg,0.0251000002026557
img_14690_mirrored.jpg,0.0031000000890344
img_14073_mirrored.jpg,0.0957999974489212
img_12835_mirrored.jpg,0.0612999983131885
img_00469_mirrored.jpg,0.3142000138759613
img_09713_mirrored.jpg,0.0891999974846839
img_05796.jpg,-0.0304000005125999
img_05900.jpg,-0.2319999933242797
img_04796_mirrored.jpg,0.1052000001072883
img_13522_mirrored.jpg,0.3142000138759613
img_11292_mirrored.jpg,0.3142000138759613
img_14673.jpg,-0.0031000000890344
img_08178_mirrored.jpg,0.0324999988079071
img_08826.jpg,-0.1885000020265579
img_01186.jpg,-0.0833000019192695
img_00359_mirrored.jpg,0.1351000070571899
img_03474_mirrored.jpg,0.0266999993473291
img_10513.jpg,0.1460999995470047
img_10362_mirrored.jpg,0.3142000138759613
img_10590_mirrored.jpg,0.1528999954462051
img_00922.jpg,-0.2231000065803527
img_05887.jpg,-0.3142000138759613
img_11351.jpg,0.2063000053167343
img_03941.jpg,-0.3142000138759613
img_07462_mirrored.jpg,0.3142000138759613
img_06228.jpg,-0.0502999983727932
img_11089_mirrored.jpg,0.0397999994456768
img_09071_mirrored.jpg,0.1115000024437904
img_12617_mirrored.jpg,0.3142000138759613
img_06534.jpg,0.2497999966144561
img_04003_mirrored.jpg,0.0847999975085258
img_10026_mirrored.jpg,0.0031000000890344
img_02560_mirrored.jpg,0.0245999991893768
img_09013_mirrored.jpg,-0.018300000578165
img_09870_mirrored.jpg,-0.0093999998643994
img_03122.jpg,-0.0031000000890344
img_01995.jpg,-0.2193000018596649
img_02252.jpg,-0.0496999993920326
img_09430.jpg,-0.0617999993264675
img_03982_mirrored.jpg,0.0167999994009733
img_09972_mirrored.jpg,-0.0194000005722045
img_09982.jpg,0.0194000005722045
img_11862.jpg,-0.0078999996185302
img_00743.jpg,0.0046999999321997
img_03542.jpg,-0.0162000004202127
img_12515.jpg,-0.0194000005722045
img_13436_mirrored.jpg,0.0340000018477439
img_02851.jpg,-0.137700006365776
img_14471.jpg,-0.1873999983072281
img_09220_mirrored.jpg,0.0842999964952468
img_06548.jpg,-0.0215000007301569
img_13559.jpg,-0.3142000138759613
img_08484.jpg,0.2440000027418136
img_14483.jpg,-0.2820000052452087
img_05200_mirrored.jpg,0.0104999998584389
img_14400.jpg,-0.1728000044822693
img_13591.jpg,-0.2565999925136566
img_05370.jpg,-0.1580999940633773
img_03370_mirrored.jpg,0.1554999947547912
img_10398.jpg,-0.0225000008940696
img_03510.jpg,-0.2554999887943268
img_08026.jpg,0.0162000004202127
img_11219_mirrored.jpg,0.2466000020503997
img_09134_mirrored.jpg,-0.1974000036716461
img_09846_mirrored.jpg,0.2985000014305115
img_13263_mirrored.jpg,-0.0340000018477439
img_11938.jpg,-0.0173000004142522
img_01395.jpg,-0.2477000057697296
img_03572_mirrored.jpg,0.017799999564886
img_09293.jpg,-0.1821999996900558
img_00172_mirrored.jpg,0.0597000010311603
img_04621_mirrored.jpg,-0.1695999950170517
img_14440.jpg,-0.0126000000163912
img_06373_mirrored.jpg,0.1168000027537345
img_04505_mirrored.jpg,0.3142000138759613
img_02962_mirrored.jpg,0.25450000166893
img_12560.jpg,-0.1456000059843063
img_06671.jpg,-0.0131000000983476
img_04008.jpg,-0.0500999987125396
img_00958.jpg,-0.1218999996781349
img_05309.jpg,0.0723000019788742
img_01961_mirrored.jpg,0.0538999997079372
img_05715.jpg,0.0063000000081956
img_08533.jpg,-0.0313999988138675
img_04013.jpg,-0.2259999960660934
img_11856_mirrored.jpg,-0.0115000000223517
img_08481_mirrored.jpg,-0.2858999967575073
img_02576_mirrored.jpg,-0.0826999992132186
img_11635_mirrored.jpg,-0.0564999990165233
img_12690_mirrored.jpg,0.0450000017881393
img_09854.jpg,-0.2460999935865402
img_10342.jpg,-0.1528999954462051
img_09530.jpg,0.1360999941825866
img_09281.jpg,-0.263399988412857
img_11778_mirrored.jpg,-0.0283000003546476
img_14484.jpg,-0.3142000138759613
img_10126.jpg,0.008899999782443
img_01734_mirrored.jpg,0.0852999985218048
img_11489_mirrored.jpg,0.0507999993860721
img_08422.jpg,-0.3142000138759613
img_07729.jpg,-0.003400000045076
img_09318_mirrored.jpg,0.2702000141143799
img_11931.jpg,-0.0262000001966953
img_01944_mirrored.jpg,0.3142000138759613
img_00327_mirrored.jpg,0.1591999977827072
img_13258_mirrored.jpg,0.1182999983429908
img_07136.jpg,0.1125999987125396
img_11202_mirrored.jpg,0.181099995970726
img_11619_mirrored.jpg,0.1587000042200088
img_14074.jpg,-0.0612999983131885
img_14850.jpg,-0.5235999822616577
img_00669_mirrored.jpg,0.0098999999463558
img_13705_mirrored.jpg,-0.0073000001721084
img_07656_mirrored.jpg,0.060199998319149
img_08904.jpg,-0.3142000138759613
img_10544_mirrored.jpg,0.0230000000447034
img_01212_mirrored.jpg,0.0678000003099441
img_03851_mirrored.jpg,0.1800999939441681
img_13414.jpg,0.0098999999463558
img_08858_mirrored.jpg,0.3142000138759613
img_07410.jpg,-0.3142000138759613
img_02463.jpg,-0.1266999989748001
img_14594.jpg,-0.0754000023007392
img_10292_mirrored.jpg,0.3142000138759613
img_08906_mirrored.jpg,0.2953000068664551
img_06557.jpg,0.0304000005125999
img_14593_mirrored.jpg,0.0531999990344047
img_14105_mirrored.jpg,0.3142000138759613
img_02552.jpg,0.167600005865097
img_00544_mirrored.jpg,0.0131000000983476
img_06495_mirrored.jpg,0.0366999991238117
img_14072_mirrored.jpg,0.1292999982833862
img_10682_mirrored.jpg,0.1774999946355819
img_03017_mirrored.jpg,0.0659999996423721
img_00160_mirrored.jpg,0.032999999821186
img_02254_mirrored.jpg,0.0507999993860721
img_08632.jpg,-0.0555000007152557
img_13829.jpg,0.0266999993473291
img_02639_mirrored.jpg,-0.1089000031352043
img_09348.jpg,-0.2330999970436096
img_14503_mirrored.jpg,0.3142000138759613
img_05081_mirrored.jpg,-0.1190000027418136
img_02547_mirrored.jpg,-0.2748999893665313
img_11919_mirrored.jpg,-0.0586000010371208
img_11787_mirrored.jpg,0.008899999782443
img_01838_mirrored.jpg,0.1324999928474426
img_12129_mirrored.jpg,0.1770000010728836
img_14613_mirrored.jpg,0.0046999999321997
img_12573.jpg,-0.0167999994009733
img_08757_mirrored.jpg,0.1387999951839447
img_02818.jpg,-0.1395999938249588
img_00434_mirrored.jpg,0.2477000057697296
img_11708_mirrored.jpg,0.2428999990224838
img_05411_mirrored.jpg,0.3142000138759613
img_07332.jpg,-0.2046999931335449
img_06317_mirrored.jpg,0.0723000019788742
img_01543_mirrored.jpg,-0.0795999988913536
img_00060_mirrored.jpg,-0.033500000834465
img_12638.jpg,-0.2617999911308288
img_11490_mirrored.jpg,0.0445000007748603
img_04940_mirrored.jpg,0.3142000138759613
img_08215_mirrored.jpg,0.0419000014662742
img_11250.jpg,-0.3041999936103821
img_05705.jpg,-0.0586000010371208
img_10061.jpg,-0.0208999998867511
img_01280.jpg,0.0922000035643577
img_11046.jpg,-0.0826999992132186
img_06595_mirrored.jpg,-0.1340000033378601
img_10002_mirrored.jpg,0.0031000000890344
img_02730.jpg,0.1387999951839447
img_08352_mirrored.jpg,0.3142000138759613
img_01962_mirrored.jpg,0.0366999991238117
img_00539_mirrored.jpg,0.0266999993473291
img_02954_mirrored.jpg,0.3142000138759613
img_10666_mirrored.jpg,0.1471000015735626
img_06781_mirrored.jpg,0.0256999991834163
img_09888.jpg,-0.0749000012874603
img_12450.jpg,-0.1046999990940094
img_10650.jpg,-0.0245999991893768
img_02054_mirrored.jpg,-0.0948000028729438
img_09296.jpg,-0.1084000021219253
img_13078_mirrored.jpg,0.3142000138759613
img_00036.jpg,0.0962999984622001
img_12021.jpg,0.0037000000011175
img_01334.jpg,-0.1492000073194503
img_06353.jpg,-0.1597000062465667
img_01123.jpg,-0.0073000001721084
img_00886.jpg,-0.1445000022649765
img_08450_mirrored.jpg,-0.0162000004202127
img_04589_mirrored.jpg,-0.1233000010251998
img_00245_mirrored.jpg,0.0104999998584389
img_07168_mirrored.jpg,0.0597000010311603
img_03410_mirrored.jpg,0.277999997138977
img_00795.jpg,-0.1788000017404556
img_14408_mirrored.jpg,0.1367000043392181
img_03138_mirrored.jpg,0.0031000000890344
img_13476_mirrored.jpg,0.1471000015735626
img_13554.jpg,-0.3142000138759613
img_06032.jpg,-0.1282999962568283
img_03291_mirrored.jpg,0.0826999992132186
img_05338.jpg,-0.0450000017881393
img_06706_mirrored.jpg,-0.1423999965190887
img_09116_mirrored.jpg,0.0680999979376792
img_01019.jpg,-0.1046999990940094
img_10378.jpg,0.0283000003546476
img_08160.jpg,0.1994999945163726
img_12291_mirrored.jpg,0.0283000003546476
img_03743_mirrored.jpg,0.1159000024199485
img_07561.jpg,0.0304000005125999
img_05711.jpg,-0.0262000001966953
img_12955_mirrored.jpg,0.0167999994009733
img_12316.jpg,0.0513000003993511
img_08607_mirrored.jpg,-0.1146999970078468
img_00526_mirrored.jpg,-0.257099986076355
img_03896_mirrored.jpg,0.3142000138759613
img_01429_mirrored.jpg,0.3142000138759613
img_00684_mirrored.jpg,0.0355999991297721
img_07827_mirrored.jpg,0.0905999988317489
img_13007.jpg,-0.0776000022888183
img_00859_mirrored.jpg,0.1967000067234039
img_14760.jpg,-0.5235999822616577
img_04309_mirrored.jpg,-0.1099999994039535
img_09521.jpg,0.1367000043392181
img_08525.jpg,-0.1209999993443489
img_07408.jpg,-0.3142000138759613
img_11779_mirrored.jpg,-0.0266999993473291
img_11939.jpg,-0.0204000007361173
img_10318.jpg,-0.3142000138759613
img_00136.jpg,0.0606999993324279
img_00820.jpg,-0.1847999989986419
img_03451.jpg,-0.3142000138759613
img_03051.jpg,0.0167999994009733
img_12184.jpg,-0.3142000138759613
img_05866_mirrored.jpg,-0.0386999994516372
img_10078_mirrored.jpg,0.0392999984323978
img_06632.jpg,0.1570000052452087
img_00164.jpg,-0.0366999991238117
img_12439.jpg,0.0957999974489212
img_00688_mirrored.jpg,-0.006800000090152
img_05767.jpg,-0.0041999998502433
img_04684.jpg,0.0744000002741813
img_08097.jpg,-0.1062999963760376
img_11996.jpg,0.0078999996185302
img_11593_mirrored.jpg,0.2093999981880188
img_09292.jpg,-0.2115000039339065
img_14511_mirrored.jpg,0.2053000032901764
img_04861_mirrored.jpg,0.1518000066280365
img_09157_mirrored.jpg,-0.0063000000081956
img_01850_mirrored.jpg,0.1606999933719635
img_12682.jpg,-0.2854000031948089
img_11400_mirrored.jpg,-0.1574999988079071
img_11460_mirrored.jpg,-0.0685999989509582
img_08009.jpg,0.1111000031232833
img_10808.jpg,-0.150299996137619
img_11567_mirrored.jpg,0.05180000141263
img_05412_mirrored.jpg,0.3142000138759613
img_15085.jpg,0.5235999822616577
img_08172_mirrored.jpg,0.0821999981999397
img_02158.jpg,0.062899999320507
img_12873_mirrored.jpg,0.0351000018417835
img_10186_mirrored.jpg,0.0983999967575073
img_14698_mirrored.jpg,0.0126000000163912
img_08370_mirrored.jpg,0.1084000021219253
img_11137_mirrored.jpg,0.0450000017881393
img_01871.jpg,-0.2167000025510788
img_02059.jpg,0.0852999985218048
img_06320_mirrored.jpg,0.100500002503395
img_14530.jpg,-0.1058000028133392
img_07175_mirrored.jpg,0.0685999989509582
img_07399.jpg,-0.1419000029563903
img_09156.jpg,-0.0078999996185302
img_14679_mirrored.jpg,0.0031000000890344
img_11249.jpg,-0.2921999990940094
img_04587_mirrored.jpg,-0.0746000036597251
img_14268.jpg,0.1026000007987022
img_00126.jpg,-0.1000000014901161
img_13906_mirrored.jpg,-0.0198999997228384
img_04599_mirrored.jpg,0.0304000005125999
img_08552.jpg,0.2554999887943268
img_01169.jpg,-0.0288999993354082
img_00253_mirrored.jpg,0.09009999781847
img_09970.jpg,0.0126000000163912
img_10858_mirrored.jpg,0.0496999993920326
img_09469_mirrored.jpg,0.033500000834465
img_04313.jpg,0.0649000033736229
img_11169_mirrored.jpg,0.1655000001192093
img_11194_mirrored.jpg,0.1367000043392181
img_13366_mirrored.jpg,-0.0073000001721084
img_02341_mirrored.jpg,0.1587000042200088
img_07461_mirrored.jpg,0.3142000138759613
img_06384.jpg,-0.3142000138759613
img_14899_mirrored.jpg,0.5235999822616577
img_01308.jpg,-0.0456000007688999
img_05767_mirrored.jpg,0.0041999998502433
img_05364.jpg,-0.1534000039100647
img_01769_mirrored.jpg,0.0816999971866607
img_08443.jpg,-0.0496999993920326
img_12413_mirrored.jpg,0.0262000001966953
img_06812_mirrored.jpg,0.1445000022649765
img_12673_mirrored.jpg,0.0493000000715255
img_10756.jpg,-0.3142000138759613
img_06171.jpg,-0.017799999564886
img_04976_mirrored.jpg,0.2366999983787536
img_13208.jpg,0.094200000166893
img_06383.jpg,-0.3142000138759613
img_06989_mirrored.jpg,-0.0266999993473291
img_09833.jpg,-0.3142000138759613
img_07529.jpg,-0.0063000000081956
img_10480.jpg,0.2418999969959259
img_04978_mirrored.jpg,0.1744000017642974
img_02878_mirrored.jpg,0.0690999999642372
img_05929.jpg,-0.3142000138759613
img_03092.jpg,0.0262000001966953
img_09893_mirrored.jpg,0.0516000017523765
img_11663_mirrored.jpg,0.3142000138759613
img_14527_mirrored.jpg,0.1879999935626983
img_11614_mirrored.jpg,0.1853999942541122
img_05624.jpg,0.1933999955654144
img_13390.jpg,-0.2079000025987625
img_08006.jpg,0.0754000023007392
img_00326_mirrored.jpg,0.1554999947547912
img_05970.jpg,-0.0194000005722045
img_12404_mirrored.jpg,-0.0318999998271465
img_11666_mirrored.jpg,0.3142000138759613
img_14309_mirrored.jpg,-0.1282999962568283
img_15119_mirrored.jpg,-0.5235999822616577
img_02636.jpg,0.1597000062465667
img_03146.jpg,-0.0031000000890344
img_11510.jpg,0.1445000022649765
img_13222.jpg,0.0434999987483024
img_10954_mirrored.jpg,0.0031000000890344
img_00673_mirrored.jpg,0.0381999984383583
img_04466_mirrored.jpg,0.2775000035762787
img_11863_mirrored.jpg,0.0078999996185302
img_08299.jpg,-0.1456000059843063
img_11826.jpg,0.1110000014305114
img_11143_mirrored.jpg,0.1010999977588653
img_10092.jpg,-0.0617999993264675
img_13732_mirrored.jpg,0.0057999999262392
img_02424_mirrored.jpg,0.2648999989032745
img_00597.jpg,0.2374999970197677
img_09472.jpg,-0.0208999998867511
img_11570.jpg,-0.0297999996691942
img_00948.jpg,-0.0838000029325485
img_12070_mirrored.jpg,0.0586000010371208
img_06547.jpg,-0.0256999991834163
img_04611_mirrored.jpg,0.0555000007152557
img_00203.jpg,-0.0680999979376792
img_01610.jpg,0.2366999983787536
img_00696.jpg,0.0098999999463558
img_10040_mirrored.jpg,0.1125999987125396
img_10225_mirrored.jpg,0.1482000052928924
img_05195.jpg,-0.0225000008940696
img_08696.jpg,0.0115000000223517
img_11355_mirrored.jpg,-0.0592000000178813
img_15066_mirrored.jpg,-0.5235999822616577
img_06022.jpg,-0.0115000000223517
img_02717_mirrored.jpg,-0.0046999999321997
img_05346_mirrored.jpg,0.1052000001072883
img_14606.jpg,0.0167999994009733
img_14212.jpg,0.228300005197525
img_02929.jpg,-0.3142000138759613
img_09905.jpg,-0.1330000013113021
img_04623_mirrored.jpg,-0.130400002002716
img_03178.jpg,-0.0204000007361173
img_05014_mirrored.jpg,0.0277999993413686
img_06260.jpg,0.0073000001721084
img_04467_mirrored.jpg,0.2669999897480011
img_07564_mirrored.jpg,-0.135000005364418
img_14904_mirrored.jpg,0.5235999822616577
img_13856_mirrored.jpg,0.0297999996691942
img_10190_mirrored.jpg,0.1093999966979026
img_03544.jpg,0.0141000002622604
img_02345_mirrored.jpg,0.1471000015735626
img_05185.jpg,0.1136000007390976
img_14626.jpg,0.1031000018119812
img_06455_mirrored.jpg,0.0167999994009733
img_10731.jpg,-0.3142000138759613
img_01152_mirrored.jpg,-0.0769999995827674
img_12529.jpg,-0.2257000058889389
img_08743_mirrored.jpg,0.1664000004529953
img_11598_mirrored.jpg,0.1905999928712844
img_07572.jpg,0.1115000024437904
img_07437.jpg,-0.3142000138759613
img_02142.jpg,-0.0571000017225742
img_08613.jpg,0.063400000333786
img_14488.jpg,-0.3142000138759613
img_05783_mirrored.jpg,0.1026000007987022
img_02330_mirrored.jpg,0.1041999980807304
img_07236.jpg,0.006800000090152
img_13394_mirrored.jpg,0.0812000036239624
img_12818_mirrored.jpg,0.0031000000890344
img_13314_mirrored.jpg,-0.201100006699562
img_14244_mirrored.jpg,-0.2067999988794326
img_00015.jpg,0.0277999993413686
img_13307_mirrored.jpg,-0.1345999985933303
img_03688.jpg,0.0864000022411346
img_07550.jpg,-0.0800999999046325
img_00138.jpg,0.0775000005960464
img_04904.jpg,-0.3142000138759613
img_05733_mirrored.jpg,-0.1110000014305114
img_02001_mirrored.jpg,0.1937000006437301
img_03781_mirrored.jpg,-0.0120000001043081
img_11104.jpg,0.0167999994009733
img_14360_mirrored.jpg,0.0995000004768371
img_05717_mirrored.jpg,-0.0073000001721084
img_04003.jpg,-0.0847999975085258
img_01048_mirrored.jpg,-0.070200003683567
img_00579.jpg,0.0208999998867511
img_03675.jpg,0.0187999997287988
img_02947_mirrored.jpg,0.2142000049352646
img_11664.jpg,-0.3142000138759613
img_05687_mirrored.jpg,-0.0397999994456768
img_09316_mirrored.jpg,0.2942999899387359
img_11033_mirrored.jpg,-0.1413999944925308
img_12948.jpg,-0.0340000018477439
img_03793_mirrored.jpg,0.0983999967575073
img_07552_mirrored.jpg,0.1115000024437904
img_06217.jpg,0.0597000010311603
img_06440.jpg,-0.3037000000476837
img_09364.jpg,-0.2931999862194061
img_02394.jpg,-0.3142000138759613
img_10004.jpg,-0.0031000000890344
img_02774_mirrored.jpg,-0.018300000578165
img_02520_mirrored.jpg,0.0366999991238117
img_07933_mirrored.jpg,0.3010999858379364
img_08544.jpg,0.1308999955654144
img_06681.jpg,-0.0597000010311603
img_00700_mirrored.jpg,-0.0706999972462654
img_08183.jpg,-0.0073000001721084
img_10783.jpg,-0.3142000138759613
img_06224_mirrored.jpg,0.0800999999046325
img_07448.jpg,-0.3142000138759613
img_12322.jpg,-0.1340000033378601
img_00537.jpg,-0.0256999991834163
img_07476.jpg,0.008899999782443
img_00261_mirrored.jpg,0.0297999996691942
img_14044_mirrored.jpg,0.1136000007390976
img_10943_mirrored.jpg,0.0037000000011175
img_13103.jpg,-0.1833000034093856
img_11590.jpg,-0.1292999982833862
img_14407.jpg,-0.1360999941825866
img_02851_mirrored.jpg,0.137700006365776
img_03795.jpg,-0.0716999992728233
img_08792.jpg,0.0293000005185604
img_02069_mirrored.jpg,0.0152000002562999
img_02796.jpg,-0.0304000005125999
img_13648_mirrored.jpg,-0.0208999998867511
img_13066.jpg,-0.1130999997258186
img_08408_mirrored.jpg,0.1639000028371811
img_03207.jpg,-0.0754000023007392
img_12647.jpg,-0.2809999883174896
img_00676.jpg,-0.0560000017285347
img_05987.jpg,-0.1994999945163726
img_12068_mirrored.jpg,0.0749000012874603
img_01873.jpg,-0.261599987745285
img_09454_mirrored.jpg,-0.2863999903202057
img_10628_mirrored.jpg,0.1031000018119812
img_00604_mirrored.jpg,-0.1010999977588653
img_08178.jpg,-0.0324999988079071
img_14782.jpg,-0.5235999822616577
img_14357_mirrored.jpg,0.0592000000178813
img_04128_mirrored.jpg,0.0031000000890344
img_10845.jpg,0.0340000018477439
img_03052.jpg,0.013600000180304
img_12139_mirrored.jpg,0.2141000032424926
img_01394_mirrored.jpg,0.2508000135421753
img_15094_mirrored.jpg,-0.5235999822616577
img_07464.jpg,-0.3142000138759613
img_13157_mirrored.jpg,0.3142000138759613
img_06908_mirrored.jpg,0.3142000138759613
img_07905.jpg,-0.271699994802475
img_11419.jpg,0.1041999980807304
img_06464_mirrored.jpg,0.3142000138759613
img_11687_mirrored.jpg,0.3142000138759613
img_03883_mirrored.jpg,0.048700001090765
img_03311.jpg,-0.0546999983489513
img_12830_mirrored.jpg,0.0230000000447034
img_01724_mirrored.jpg,0.1027000024914741
img_06597_mirrored.jpg,-0.1189000010490417
img_08993.jpg,-0.0230000000447034
img_02827.jpg,-0.1754000037908554
img_05066_mirrored.jpg,-0.0073000001721084
img_09978.jpg,0.0230000000447034
img_06247_mirrored.jpg,0.0496999993920326
img_08559_mirrored.jpg,-0.096900001168251
img_01957.jpg,-0.1015999987721443
img_09542.jpg,0.1156999990344047
img_03036.jpg,-0.0509999990463256
img_01400_mirrored.jpg,0.3018999993801117
img_12118_mirrored.jpg,0.2973999977111816
img_01298_mirrored.jpg,0.100500002503395
img_00129_mirrored.jpg,0.0476000010967254
img_01522_mirrored.jpg,0.0198999997228384
img_05977.jpg,-0.2619000077247619
img_14881.jpg,-0.5235999822616577
img_12631_mirrored.jpg,0.3142000138759613
img_00347.jpg,-0.3142000138759613
img_09282_mirrored.jpg,0.2858000099658966
img_14418.jpg,-0.1800999939441681
img_02327.jpg,-0.1026000007987022
img_01478.jpg,-0.3142000138759613
img_04252_mirrored.jpg,0.0131000000983476
img_04787.jpg,-0.0083999997004866
img_04851_mirrored.jpg,0.1565999984741211
img_13667_mirrored.jpg,0.0852999985218048
img_05901_mirrored.jpg,0.1926999986171722
img_05073.jpg,-0.0073000001721084
img_01098_mirrored.jpg,0.0031000000890344
img_11459_mirrored.jpg,-0.0529000014066696
img_11963.jpg,0.0208999998867511
img_02632.jpg,0.1067999973893165
img_03577.jpg,-0.006800000090152
img_10998.jpg,-0.0219999998807907
img_10386.jpg,-0.0351000018417835
img_01285_mirrored.jpg,-0.0983999967575073
img_13688.jpg,0.0979000031948089
img_06777.jpg,-0.0414000004529953
img_11547.jpg,0.0104999998584389
img_10945_mirrored.jpg,0.0037000000011175
img_13743_mirrored.jpg,0.0031000000890344
img_10834.jpg,-0.2800999879837036
img_07696.jpg,-0.2142000049352646
img_11020_mirrored.jpg,0.0706999972462654
img_08672_mirrored.jpg,0.146599993109703
img_14332.jpg,-0.0167999994009733
img_08028_mirrored.jpg,-0.0230000000447034
img_10954.jpg,-0.0031000000890344
img_12219.jpg,-0.3142000138759613
img_00516_mirrored.jpg,-0.0465999990701675
img_13386_mirrored.jpg,0.1717000007629394
img_10908.jpg,0.024100000038743
img_01337.jpg,-0.1571000069379806
img_13913_mirrored.jpg,-0.1031000018119812
img_02986_mirrored.jpg,0.3142000138759613
img_08801.jpg,-0.0851000025868415
img_12739_mirrored.jpg,-0.017799999564886
img_08053_mirrored.jpg,0.0041999998502433
img_00670.jpg,-0.0098999999463558
img_14571_mirrored.jpg,0.2450000047683715
img_14346_mirrored.jpg,-0.0052000000141561
img_02465.jpg,-0.067500002682209
img_02926.jpg,-0.3142000138759613
img_12176.jpg,-0.1130999997258186
img_08495_mirrored.jpg,0.0293000005185604
img_14230.jpg,0.0749000012874603
img_02963_mirrored.jpg,0.2240999937057495
img_04838_mirrored.jpg,0.1770000010728836
img_11631_mirrored.jpg,0.1617999970912933
img_05317.jpg,-0.0381999984383583
img_03872_mirrored.jpg,-0.0571000017225742
img_03163.jpg,-0.0502999983727932
img_06604_mirrored.jpg,-0.2587000131607055
img_01502.jpg,0.0141000002622604
img_02874.jpg,-0.0156999994069337
img_08949_mirrored.jpg,0.0156999994069337
img_02606.jpg,0.1389999985694885
img_14286_mirrored.jpg,0.0581000000238418
img_05324.jpg,-0.094200000166893
img_06166_mirrored.jpg,0.0162000004202127
img_13140_mirrored.jpg,0.0649000033736229
img_07679.jpg,0.1072999984025955
img_11274_mirrored.jpg,0.0230000000447034
img_02741_mirrored.jpg,0.2157000005245208
img_11184.jpg,-0.3142000138759613
img_02230_mirrored.jpg,0.0560000017285347
img_12081_mirrored.jpg,0.1046999990940094
img_13134_mirrored.jpg,0.244499996304512
img_02473_mirrored.jpg,0.3142000138759613
img_13502.jpg,0.0450000017881393
img_13952.jpg,-0.1330000013113021
img_06045.jpg,-0.0041999998502433
img_09957.jpg,0.0644000023603439
img_15018_mirrored.jpg,-0.5235999822616577
img_00660_mirrored.jpg,-0.070200003683567
img_12360_mirrored.jpg,-0.1449999958276748
img_11159.jpg,-0.1512999981641769
img_00638_mirrored.jpg,-0.093199998140335
img_11057_mirrored.jpg,0.0152000002562999
img_05150_mirrored.jpg,0.0031000000890344
img_02137_mirrored.jpg,0.0256999991834163
img_01650.jpg,0.0361000001430511
img_10203.jpg,-0.0575999990105629
img_08768.jpg,-0.1863999962806701
img_02066_mirrored.jpg,0.0215000007301569
img_11695_mirrored.jpg,0.2608000040054321
img_01398_mirrored.jpg,0.2583999931812286
img_09046_mirrored.jpg,0.0031000000890344
img_05266.jpg,-0.0204000007361173
img_13245_mirrored.jpg,-0.1774999946355819
img_00625.jpg,0.0584999993443489
img_08682_mirrored.jpg,0.0073000001721084
img_11278.jpg,-0.1967999935150146
img_14387_mirrored.jpg,0.0340000018477439
img_10814.jpg,-0.3068000078201294
img_12331.jpg,0.0685999989509582
img_03137.jpg,-0.0031000000890344
img_11439.jpg,0.1099999994039535
img_08592.jpg,0.0434999987483024
img_04224_mirrored.jpg,-0.065200001001358
img_05580.jpg,0.0152000002562999
img_12104_mirrored.jpg,0.1554999947547912
img_05578.jpg,-0.0057999999262392
img_02094.jpg,-0.0057999999262392
img_10625_mirrored.jpg,0.1036999970674514
img_12338_mirrored.jpg,-0.1680999994277954
img_03495.jpg,-0.3142000138759613
img_04682_mirrored.jpg,-0.0340000018477439
img_06206.jpg,0.1050999984145164
img_08695_mirrored.jpg,-0.0083999997004866
img_04754_mirrored.jpg,0.2339999973773956
img_12356_mirrored.jpg,-0.1115000024437904
img_04088_mirrored.jpg,0.013600000180304
img_12556.jpg,-0.1115000024437904
img_02427_mirrored.jpg,0.1550000011920929
img_13511.jpg,-0.0680999979376792
img_00159.jpg,-0.0297999996691942
img_00924_mirrored.jpg,0.2105000019073486
img_10722_mirrored.jpg,0.3142000138759613
img_13916_mirrored.jpg,-0.1015999987721443
img_00424_mirrored.jpg,0.3136000037193298
img_11331_mirrored.jpg,0.0507999993860721
img_10862.jpg,-0.1225000023841857
img_09809.jpg,-0.2188999950885772
img_10540.jpg,-0.024100000038743
img_13039_mirrored.jpg,0.1419000029563903
img_14111.jpg,-0.1324999928474426
img_12229.jpg,-0.3142000138759613
img_12513_mirrored.jpg,0.0230000000447034
img_07027_mirrored.jpg,0.008899999782443
img_14839.jpg,-0.5235999822616577
img_02783.jpg,-0.09009999781847
img_10163_mirrored.jpg,0.0916000008583068
img_05646_mirrored.jpg,0.0256999991834163
img_13263.jpg,0.0340000018477439
img_01109_mirrored.jpg,0.0031000000890344
img_09739_mirrored.jpg,0.183799996972084
img_03275.jpg,0.0078999996185302
img_13104_mirrored.jpg,0.1550000011920929
img_13323.jpg,0.0141000002622604
img_13061.jpg,-0.130400002002716
img_08273.jpg,-0.1093999966979026
img_07509.jpg,0.2937000095844269
img_02203_mirrored.jpg,0.0439999997615814
img_04262.jpg,-0.0198999997228384
img_06512.jpg,-0.0706999972462654
img_13465_mirrored.jpg,0.1811999976634979
img_03705.jpg,-0.0507999993860721
img_00888_mirrored.jpg,0.1580999940633773
img_06384_mirrored.jpg,0.3142000138759613
img_14980.jpg,0.5235999822616577
img_09963.jpg,-0.0230000000447034
img_14246_mirrored.jpg,-0.1974000036716461
img_07067_mirrored.jpg,-0.0115000000223517
img_06740.jpg,-0.0083999997004866
img_07342.jpg,-0.3079000115394592
img_11809.jpg,0.0173000004142522
img_06674_mirrored.jpg,0.0266999993473291
img_00248.jpg,-0.0502999983727932
img_01068_mirrored.jpg,-0.0256999991834163
img_11427_mirrored.jpg,-0.1482000052928924
img_04656.jpg,0.0104999998584389
img_08333.jpg,-0.3142000138759613
img_06953_mirrored.jpg,0.1659999936819076
img_07567.jpg,0.1952999979257583
img_03225_mirrored.jpg,-0.2041999995708465
img_07828.jpg,-0.1172999963164329
img_10813.jpg,-0.3142000138759613
img_07671.jpg,0.0063000000081956
img_09500.jpg,-0.1251000016927719
img_09756_mirrored.jpg,0.1554999947547912
img_15070_mirrored.jpg,-0.5235999822616577
img_07176.jpg,-0.05180000141263
img_12488_mirrored.jpg,0.0355999991297721
img_05484_mirrored.jpg,0.3142000138759613
img_12649_mirrored.jpg,0.3142000138759613
img_08208_mirrored.jpg,0.0126000000163912
img_13678_mirrored.jpg,0.0041999998502433
img_00953.jpg,0.0115000000223517
img_09362.jpg,-0.3136000037193298
img_13166.jpg,-0.3142000138759613
img_08089_mirrored.jpg,0.0538999997079372
img_11316.jpg,0.0266999993473291
img_04343.jpg,-0.1032000035047531
img_04025_mirrored.jpg,-0.024100000038743
img_09184.jpg,0.0031000000890344
img_11854_mirrored.jpg,-0.018300000578165
img_01894_mirrored.jpg,0.1613000035285949
img_10014.jpg,-0.0037000000011175
img_13895.jpg,-0.0766000002622604
img_06645_mirrored.jpg,0.0236000008881092
img_07207_mirrored.jpg,0.0194000005722045
img_05776_mirrored.jpg,0.0065999999642372
img_05859_mirrored.jpg,0.1571000069379806
img_02591_mirrored.jpg,0.0904000028967857
img_05777.jpg,-0.0245999991893768
img_02269_mirrored.jpg,0.0256999991834163
img_01457.jpg,-0.0204000007361173
img_14281_mirrored.jpg,0.0313999988138675
img_11405_mirrored.jpg,-0.1528999954462051
img_08494_mirrored.jpg,0.0297999996691942
img_01832_mirrored.jpg,0.1843000054359436
img_13858.jpg,-0.017799999564886
img_12423.jpg,-0.0439999997615814
img_11930.jpg,-0.0215000007301569
img_03702_mirrored.jpg,0.0304000005125999
img_03747_mirrored.jpg,0.2257000058889389
img_06632_mirrored.jpg,-0.1570000052452087
img_03606_mirrored.jpg,0.0716999992728233
img_08513_mirrored.jpg,-0.1709000021219253
img_06046_mirrored.jpg,0.0052000000141561
img_02695.jpg,-0.0173000004142522
img_00853.jpg,-0.0588000006973743
img_12400.jpg,0.1110000014305114
img_02400.jpg,-0.3142000138759613
img_05675.jpg,0.0581000000238418
img_10081_mirrored.jpg,0.0283000003546476
img_09860.jpg,-0.1093999966979026
img_10094_mirrored.jpg,-0.033500000834465
img_14679.jpg,-0.0031000000890344
img_14949_mirrored.jpg,0.5235999822616577
img_06491.jpg,-0.1554999947547912
img_00107_mirrored.jpg,0.0010000000474974
img_05898.jpg,-0.3025999963283539
img_00022_mirrored.jpg,-0.0093999998643994
img_10606.jpg,-0.0104999998584389
img_12682_mirrored.jpg,0.2854000031948089
img_04554_mirrored.jpg,-0.1416999995708465
img_04463_mirrored.jpg,0.3131000101566314
img_15065_mirrored.jpg,-0.5235999822616577
img_01799_mirrored.jpg,0.0283000003546476
img_03486.jpg,-0.3142000138759613
img_12055.jpg,-0.062899999320507
img_13374_mirrored.jpg,-0.1072999984025955
img_08726_mirrored.jpg,0.0397999994456768
img_03382_mirrored.jpg,0.3142000138759613
img_06174.jpg,-0.0093999998643994
img_09298_mirrored.jpg,0.0890000015497207
img_04110.jpg,-0.0057999999262392
img_00271_mirrored.jpg,-0.1052000001072883
img_11497.jpg,0.006800000090152
img_02566_mirrored.jpg,0.0126000000163912
img_06477.jpg,-0.3142000138759613
img_02484_mirrored.jpg,0.3142000138759613
img_09360.jpg,-0.3142000138759613
img_08027.jpg,0.0198999997228384
img_10253_mirrored.jpg,0.2937000095844269
img_12215.jpg,-0.3142000138759613
img_00652.jpg,0.0948000028729438
img_11834_mirrored.jpg,0.0277999993413686
img_10505.jpg,0.1381999999284744
img_12847.jpg,0.0293000005185604
img_01209_mirrored.jpg,-0.0456000007688999
img_13319_mirrored.jpg,0.0293000005185604
img_00854_mirrored.jpg,0.0795999988913536
img_00468_mirrored.jpg,0.3142000138759613
img_03879_mirrored.jpg,0.0156999994069337
img_09640.jpg,-0.2014999985694885
img_07930.jpg,-0.3142000138759613
img_07360_mirrored.jpg,0.3142000138759613
img_13116_mirrored.jpg,0.3079000115394592
img_00984.jpg,-0.2404000014066696
img_08725.jpg,-0.0381999984383583
img_03236_mirrored.jpg,0.0718000009655952
img_15143.jpg,0.5235999822616577
img_05352.jpg,-0.137700006365776
img_03337_mirrored.jpg,0.1020999997854232
img_01553.jpg,-0.018300000578165
img_15000.jpg,0.5235999822616577
img_04021.jpg,-0.1162000000476837
img_10336.jpg,-0.0838000029325485
img_01725.jpg,-0.1458999961614608
img_06786.jpg,-0.0230000000447034
img_06201.jpg,-0.0361000001430511
img_09196.jpg,-0.093199998140335
img_06804_mirrored.jpg,0.146599993109703
img_12207.jpg,-0.0287999995052814
img_13513_mirrored.jpg,0.1136000007390976
img_10347.jpg,-0.3142000138759613
img_10647_mirrored.jpg,0.0187999997287988
img_13984_mirrored.jpg,0.2904999852180481
img_12409.jpg,-0.0204000007361173
img_03720_mirrored.jpg,-0.0063000000081956
img_04254.jpg,0.0057999999262392
img_11211_mirrored.jpg,0.3142000138759613
img_05112_mirrored.jpg,-0.0187999997287988
img_00607_mirrored.jpg,-0.0983999967575073
img_06360.jpg,-0.2998000085353851
img_07120.jpg,-0.0821999981999397
img_06289_mirrored.jpg,-0.1120999976992607
img_02970.jpg,-0.0989999994635582
img_13562.jpg,-0.2684000134468078
img_03034_mirrored.jpg,0.0215000007301569
img_09678.jpg,-0.0491999983787536
img_04601.jpg,-0.0557000003755092
img_13700_mirrored.jpg,0.0297999996691942
img_04034_mirrored.jpg,0.008899999782443
img_09545_mirrored.jpg,-0.0434999987483024
img_11727_mirrored.jpg,0.1722999960184097
img_05281_mirrored.jpg,0.0230000000447034
img_06499_mirrored.jpg,-0.0187999997287988
img_04545_mirrored.jpg,0.0204000007361173
img_07782_mirrored.jpg,0.137700006365776
img_10488_mirrored.jpg,-0.1099999994039535
img_03438.jpg,-0.1162000000476837
img_12816_mirrored.jpg,0.0037000000011175
img_10742.jpg,-0.1634999960660934
img_09102.jpg,-0.0272000003606081
img_03634_mirrored.jpg,-0.0962999984622001
img_11989.jpg,-0.0377000011503696
img_08445.jpg,0.0187999997287988
img_03350.jpg,-0.1601999998092651
img_00052_mirrored.jpg,-0.0073000001721084
img_07355.jpg,-0.1177999973297119
img_09398_mirrored.jpg,0.3142000138759613
img_07211_mirrored.jpg,-0.0046999999321997
img_03726.jpg,0.0073000001721084
img_08659_mirrored.jpg,-0.1199000030755996
img_10788.jpg,-0.2669999897480011
img_13654.jpg,-0.0120000001043081
img_10745_mirrored.jpg,0.2277999967336654
img_13686_mirrored.jpg,-0.0623000003397464
img_08906.jpg,-0.2953000068664551
img_02961_mirrored.jpg,0.2702000141143799
img_08742.jpg,-0.1418000012636184
img_06851.jpg,-0.0696000009775161
img_02831.jpg,-0.1429000049829483
img_09684.jpg,-0.1058000028133392
img_12788_mirrored.jpg,0.0046999999321997
img_01712_mirrored.jpg,-0.1062999963760376
img_11862_mirrored.jpg,0.0078999996185302
img_11290_mirrored.jpg,0.3142000138759613
img_00505_mirrored.jpg,0.0533999986946582
img_07541_mirrored.jpg,-0.1728000044822693
img_03175.jpg,0.0816999971866607
img_03305_mirrored.jpg,-0.1220000013709068
img_08729_mirrored.jpg,0.0346000008285045
img_10119_mirrored.jpg,0.0403000004589557
img_01960.jpg,-0.0716999992728233
img_05474.jpg,-0.1407999992370605
img_06848_mirrored.jpg,0.0272000003606081
img_10509.jpg,0.2057999968528747
img_02110.jpg,-0.0031000000890344
img_12784.jpg,0.0167999994009733
img_11133.jpg,-0.0649000033736229
img_11985.jpg,-0.0847999975085258
img_08678_mirrored.jpg,0.0283000003546476
img_14421_mirrored.jpg,0.1356000006198883
img_11246_mirrored.jpg,0.2040999978780746
img_05569_mirrored.jpg,0.0324999988079071
img_08689_mirrored.jpg,0.0083999997004866
img_13585.jpg,-0.3100000023841858
img_07573_mirrored.jpg,-0.1189000010490417
img_11742_mirrored.jpg,0.0795999988913536
img_06073.jpg,-0.0083999997004866
img_02409.jpg,-0.2418999969959259
img_01597.jpg,0.1879999935626983
img_14289.jpg,-0.0529000014066696
img_00864_mirrored.jpg,0.3142000138759613
img_01281_mirrored.jpg,-0.1015999987721443
img_07886.jpg,-0.3142000138759613
img_01386.jpg,-0.3142000138759613
img_06669_mirrored.jpg,0.0173000004142522
img_03598.jpg,-0.0952999964356422
img_05934.jpg,-0.3142000138759613
img_13138_mirrored.jpg,0.0948000028729438
img_13798.jpg,-0.0208999998867511
img_09280.jpg,-0.2264000028371811
img_10116_mirrored.jpg,0.0769999995827674
img_04005_mirrored.jpg,0.0456000007688999
img_14373.jpg,-0.0324999988079071
img_08048.jpg,-0.006800000090152
img_01169_mirrored.jpg,0.0288999993354082
img_03887.jpg,-0.1368999928236007
img_11926_mirrored.jpg,-0.0639000013470649
img_13974.jpg,-0.1895000040531158
img_00726_mirrored.jpg,0.0428999997675418
img_08732_mirrored.jpg,0.0187999997287988
img_11794_mirrored.jpg,0.0355999991297721
img_11364_mirrored.jpg,0.0131000000983476
img_14888.jpg,-0.5235999822616577
img_09409_mirrored.jpg,0.3142000138759613
img_11976_mirrored.jpg,-0.1266999989748001
img_00509.jpg,-0.0236000008881092
img_05742_mirrored.jpg,0.216399997472763
img_11052.jpg,-0.05180000141263
img_07192_mirrored.jpg,-0.0842999964952468
img_05800_mirrored.jpg,0.0403000004589557
img_05005.jpg,-0.2508000135421753
img_14050.jpg,-0.2827000021934509
img_03885_mirrored.jpg,0.0971999987959861
img_01130.jpg,-0.0586000010371208
img_15124.jpg,0.5235999822616577
img_07387_mirrored.jpg,0.3142000138759613
img_05552.jpg,0.1771000027656555
img_02740_mirrored.jpg,0.2020999938249588
img_06370.jpg,-0.2046999931335449
img_01021.jpg,-0.066500000655651
img_04858_mirrored.jpg,0.1780000030994415
img_13051_mirrored.jpg,0.3142000138759613
img_08731_mirrored.jpg,0.0215000007301569
img_02628.jpg,0.093199998140335
img_11146.jpg,-0.1089000031352043
img_13038.jpg,-0.1518000066280365
img_12803.jpg,-0.0031000000890344
img_09083.jpg,0.1084000021219253
img_13523_mirrored.jpg,0.3142000138759613
img_12570_mirrored.jpg,-0.0272000003606081
img_05442_mirrored.jpg,0.1194000020623207
img_14661.jpg,-0.006800000090152
img_02767.jpg,0.0037000000011175
img_05934_mirrored.jpg,0.3142000138759613
img_06586.jpg,0.048200000077486
img_10129.jpg,0.008899999782443
img_03088_mirrored.jpg,-0.0204000007361173
img_02374.jpg,-0.3100000023841858
img_07371_mirrored.jpg,0.2685999870300293
img_08562.jpg,0.1172999963164329
img_00257_mirrored.jpg,0.0842999964952468
img_10977.jpg,-0.0763999968767166
img_04413_mirrored.jpg,0.3136000037193298
img_00346_mirrored.jpg,0.3021000027656555
img_09892_mirrored.jpg,0.0355999991297721
img_14013_mirrored.jpg,0.3142000138759613
img_13161.jpg,-0.3142000138759613
img_13835_mirrored.jpg,-0.1591999977827072
img_02895_mirrored.jpg,0.3142000138759613
img_00647.jpg,0.0293000005185604
img_00400_mirrored.jpg,0.277999997138977
img_00366.jpg,-0.1468999981880188
img_14463_mirrored.jpg,0.3142000138759613
img_01263_mirrored.jpg,0.0885000005364418
img_08628_mirrored.jpg,0.0544999986886978
img_09607_mirrored.jpg,0.048700001090765
img_03958.jpg,-0.2529999911785126
img_12914.jpg,-0.0781000033020973
img_12569_mirrored.jpg,-0.0372000001370906
img_04442.jpg,-0.1199000030755996
img_13022_mirrored.jpg,0.1601999998092651
img_14069.jpg,-0.2277999967336654
img_14500.jpg,-0.3142000138759613
img_07524.jpg,-0.0204000007361173
img_11823_mirrored.jpg,-0.0961000025272369
img_00067.jpg,0.0152000002562999
img_01741.jpg,-0.017799999564886
img_06469.jpg,-0.3142000138759613
img_09852_mirrored.jpg,0.2737999856472015
img_00648_mirrored.jpg,-0.0450000017881393
img_08393.jpg,-0.2833000123500824
img_07344.jpg,-0.2896000146865845
img_12538_mirrored.jpg,0.1334999948740005
img_13190.jpg,-0.0560000017285347
img_02830.jpg,-0.146599993109703
img_05846.jpg,-0.164900004863739
img_01804_mirrored.jpg,0.1233000010251998
img_03731_mirrored.jpg,-0.1033999994397163
img_01371_mirrored.jpg,0.1240999996662139
img_02965.jpg,-0.1659999936819076
img_13550.jpg,-0.3142000138759613
img_03697_mirrored.jpg,0.0098999999463558
img_10583.jpg,-0.1398999989032745
img_06765_mirrored.jpg,0.0780000016093254
img_11047.jpg,-0.0826999992132186
img_08082_mirrored.jpg,0.0031000000890344
img_04789_mirrored.jpg,0.0230000000447034
img_10728_mirrored.jpg,0.3142000138759613
img_08472_mirrored.jpg,-0.0236000008881092
img_09432.jpg,-0.0847999975085258
img_10961_mirrored.jpg,0.0031000000890344
img_01940.jpg,-0.2754000127315521
img_03868_mirrored.jpg,0.1591999977827072
img_08840.jpg,-0.3142000138759613
img_12354.jpg,0.0979000031948089
img_12840.jpg,-0.1141000017523765
img_12361.jpg,0.1318999975919723
img_14731.jpg,-0.0256999991834163
img_06034.jpg,-0.0983999967575073
img_08901_mirrored.jpg,0.2451999932527542
img_07584_mirrored.jpg,-0.1105000004172325
img_04691_mirrored.jpg,-0.1151999980211258
img_02871.jpg,0.0219999998807907
img_14499.jpg,-0.3142000138759613
img_06895_mirrored.jpg,0.3142000138759613
img_13726_mirrored.jpg,0.0078999996185302
img_01261_mirrored.jpg,0.0744000002741813
img_08376.jpg,-0.2804999947547912
img_07049.jpg,-0.0131000000983476
img_05948.jpg,-0.3134999871253967
img_03086.jpg,0.0120000001043081
img_10194.jpg,-0.094200000166893
img_10140_mirrored.jpg,0.0524000003933906
img_08133_mirrored.jpg,0.0428999997675418
img_06330.jpg,-0.1512999981641769
img_09635_mirrored.jpg,0.048700001090765
img_15114_mirrored.jpg,-0.5235999822616577
img_04551_mirrored.jpg,-0.0427000001072883
img_10242.jpg,-0.18019999563694
img_05728.jpg,0.1288000047206878
img_13969.jpg,-0.1587000042200088
img_02555.jpg,0.0812000036239624
img_04870_mirrored.jpg,0.1497000008821487
img_10122.jpg,-0.0156999994069337
img_11352_mirrored.jpg,-0.1617999970912933
img_14826_mirrored.jpg,0.5235999822616577
img_12100.jpg,-0.1580999940633773
img_01929_mirrored.jpg,0.3142000138759613
img_05016.jpg,-0.0627000033855438
img_10765_mirrored.jpg,0.3142000138759613
img_04402.jpg,-0.1291999965906143
img_09233.jpg,-0.0644000023603439
img_06174_mirrored.jpg,0.0093999998643994
img_13333_mirrored.jpg,-0.120399996638298
img_03793.jpg,-0.0983999967575073
img_09940_mirrored.jpg,-0.0104999998584389
img_04755.jpg,-0.1937000006437301
img_06444_mirrored.jpg,0.257099986076355
img_00030_mirrored.jpg,-0.0524000003933906
img_01684_mirrored.jpg,0.0386999994516372
img_02195.jpg,-0.0711999982595443
img_04423.jpg,-0.2815999984741211
img_11223_mirrored.jpg,0.2601999938488006
img_11469_mirrored.jpg,-0.0775000005960464
img_12010.jpg,-0.05180000141263
img_02185.jpg,-0.0423999987542629
img_01209.jpg,0.0456000007688999
img_02572.jpg,0.0031000000890344
img_01055_mirrored.jpg,0.0262000001966953
img_03589.jpg,0.1744000017642974
img_08536_mirrored.jpg,-0.0943000018596649
img_14930_mirrored.jpg,0.5235999822616577
img_01262.jpg,-0.0826999992132186
img_13280_mirrored.jpg,-0.2517000138759613
img_04983_mirrored.jpg,0.1036999970674514
img_01489_mirrored.jpg,0.3142000138759613
img_10294_mirrored.jpg,0.3142000138759613
img_11012.jpg,-0.0403000004589557
img_06279_mirrored.jpg,0.0340000018477439
img_14749_mirrored.jpg,0.5235999822616577
img_01926_mirrored.jpg,0.3142000138759613
img_09735_mirrored.jpg,0.1534000039100647
img_05412.jpg,-0.3142000138759613
img_04559.jpg,0.2915999889373779
img_09720.jpg,-0.2198999971151352
img_09799.jpg,-0.1942999958992004
img_01073.jpg,0.0204000007361173
img_00659.jpg,0.0869000032544136
img_00176.jpg,-0.0790999978780746
img_11105_mirrored.jpg,-0.0225000008940696
img_04777_mirrored.jpg,0.006800000090152
img_02475_mirrored.jpg,0.3142000138759613
img_00297.jpg,-0.0461000017821788
img_00240_mirrored.jpg,0.0147000001743435
img_14842.jpg,-0.5235999822616577
img_10397_mirrored.jpg,0.0283000003546476
img_06262_mirrored.jpg,-0.002600000007078
img_04248_mirrored.jpg,0.0423999987542629
img_13130_mirrored.jpg,0.2822000086307525
img_14833.jpg,-0.5235999822616577
img_04181_mirrored.jpg,-0.0644000023603439
img_00569.jpg,-0.1125999987125396
img_09151.jpg,-0.0513000003993511
img_07512_mirrored.jpg,-0.2089000046253204
img_03784.jpg,-0.0377000011503696
img_08382_mirrored.jpg,0.3142000138759613
img_04479.jpg,-0.0266999993473291
img_09859.jpg,-0.1093999966979026
img_10981.jpg,0.0236000008881092
img_09993.jpg,-0.0057999999262392
img_00677.jpg,-0.0592000000178813
img_07618_mirrored.jpg,-0.0754000023007392
img_10004_mirrored.jpg,0.0031000000890344
img_15106.jpg,0.5235999822616577
img_00004.jpg,0.0
img_14784_mirrored.jpg,0.5235999822616577
img_06493.jpg,-0.0644000023603439
img_05197_mirrored.jpg,0.0194000005722045
img_00729.jpg,-0.0230000000447034
img_07724.jpg,0.0162000004202127
img_07254.jpg,-0.0476000010967254
img_07294.jpg,-0.0775000005960464
img_10729.jpg,-0.3142000138759613
img_01075.jpg,0.0187999997287988
img_14382_mirrored.jpg,0.0194000005722045
img_12741.jpg,0.0109999999403953
img_03628_mirrored.jpg,-0.2581000030040741
img_05551.jpg,0.1650000065565109
img_10640_mirrored.jpg,0.0381999984383583
img_12444_mirrored.jpg,-0.1445000022649765
img_13031_mirrored.jpg,0.1617999970912933
img_06009.jpg,-0.0612999983131885
img_13901.jpg,-0.0885000005364418
img_12655.jpg,-0.2696999907493591
img_03201.jpg,-0.0297999996691942
img_09998.jpg,-0.0037000000011175
img_13904.jpg,-0.0465999990701675
img_14085_mirrored.jpg,0.3142000138759613
img_09562.jpg,0.1706999987363815
img_06323.jpg,-0.1062999963760376
img_06628_mirrored.jpg,-0.0408000014722347
img_12156_mirrored.jpg,0.2502999901771545
img_09042_mirrored.jpg,0.0037000000011175
img_08066_mirrored.jpg,0.0037000000011175
img_07467_mirrored.jpg,0.1922000050544738
img_04373.jpg,-0.1334999948740005
img_09464.jpg,0.0555000007152557
img_11405.jpg,0.1528999954462051
img_12579.jpg,-0.0975999981164932
img_04456.jpg,-0.3142000138759613
img_06515_mirrored.jpg,0.0397999994456768
img_08599.jpg,0.0258000008761882
img_11802_mirrored.jpg,0.0780000016093254
img_14568_mirrored.jpg,0.2377000004053115
img_06886_mirrored.jpg,0.1784999966621399
img_06035.jpg,-0.0795999988913536
img_13583_mirrored.jpg,0.3142000138759613
img_13475.jpg,-0.1419000029563903
img_06350_mirrored.jpg,0.1292999982833862
img_10519.jpg,-0.0304000005125999
img_07628.jpg,0.0606999993324279
img_12693_mirrored.jpg,0.0318999998271465
img_04004_mirrored.jpg,0.0623000003397464
img_11950.jpg,-0.0256999991834163
img_01151_mirrored.jpg,-0.093199998140335
img_03159.jpg,-0.1146999970078468
img_03752.jpg,-0.1115000024437904
img_04706_mirrored.jpg,0.0208999998867511
img_00661_mirrored.jpg,-0.048200000077486
img_07944_mirrored.jpg,0.0230000000447034
img_03867.jpg,-0.1554999947547912
img_09078.jpg,0.0230000000447034
img_12250.jpg,0.0230000000447034
img_00202.jpg,-0.0623000003397464
img_03808_mirrored.jpg,0.0419000014662742
img_06573_mirrored.jpg,0.0690999999642372
img_08768_mirrored.jpg,0.1863999962806701
img_02527.jpg,-0.067500002682209
img_10405.jpg,0.064300000667572
img_13874_mirrored.jpg,0.0502999983727932
img_07580.jpg,0.2414000034332275
img_11899.jpg,-0.0109999999403953
img_04561.jpg,0.2486999928951263
img_09981_mirrored.jpg,-0.0204000007361173
img_01491_mirrored.jpg,0.2969000041484833
img_11662.jpg,-0.3142000138759613
img_06647.jpg,-0.024100000038743
img_02892.jpg,-0.3142000138759613
img_06388.jpg,-0.3142000138759613
img_07532.jpg,0.008899999782443
img_03095_mirrored.jpg,-0.0230000000447034
img_11698_mirrored.jpg,0.3142000138759613
img_00832.jpg,-0.1403000056743621
img_10176.jpg,0.1110000014305114
img_01977.jpg,-0.2811999917030334
img_00487_mirrored.jpg,-0.0147000001743435
img_05520_mirrored.jpg,-0.0167999994009733
img_08002_mirrored.jpg,-0.008899999782443
img_12964.jpg,-0.093699999153614
img_07196_mirrored.jpg,0.0690999999642372
img_01968.jpg,-0.0421999990940094
img_04748_mirrored.jpg,0.1114000007510185
img_07204.jpg,-0.0529000014066696
img_13972_mirrored.jpg,0.1613000035285949
img_10912.jpg,0.0256999991834163
img_00397.jpg,-0.3142000138759613
img_11253_mirrored.jpg,0.3142000138759613
img_10298_mirrored.jpg,0.3032000064849853
img_06507_mirrored.jpg,0.0627999976277351
img_06940_mirrored.jpg,0.1015999987721443
img_03782.jpg,-0.0040000001899898
img_03587_mirrored.jpg,-0.1528999954462051
img_04180.jpg,0.0821999981999397
img_10613.jpg,0.0131000000983476
img_09438.jpg,-0.0408000014722347
img_03972.jpg,-0.1439999938011169
img_02677.jpg,0.1079000011086463
img_13725.jpg,-0.006800000090152
img_10415.jpg,0.201100006699562
img_06297_mirrored.jpg,0.0649000033736229
img_03902.jpg,-0.3142000138759613
img_13506_mirrored.jpg,0.0126000000163912
img_13363_mirrored.jpg,-0.0078999996185302
img_03341.jpg,-0.1036999970674514
img_03139.jpg,-0.0031000000890344
img_09960_mirrored.jpg,0.0167999994009733
img_08673.jpg,-0.1141000017523765
img_10990_mirrored.jpg,-0.0649000033736229
img_07788.jpg,-0.1429000049829483
img_02219_mirrored.jpg,-0.0852999985218048
img_10852_mirrored.jpg,0.008899999782443
img_00409.jpg,-0.1240999996662139
img_03215.jpg,-0.0308999996632337
img_05108_mirrored.jpg,-0.0236000008881092
img_08015_mirrored.jpg,0.0262000001966953
img_07889.jpg,-0.2680999934673309
img_09266_mirrored.jpg,0.1617999970912933
img_09179.jpg,-0.0346000008285045
img_13432_mirrored.jpg,0.0744000002741813
img_01577_mirrored.jpg,0.0560000017285347
img_12767_mirrored.jpg,0.018300000578165
img_11814_mirrored.jpg,0.0073000001721084
img_04298.jpg,-0.0560000017285347
img_07502_mirrored.jpg,-0.0706000030040741
img_09734.jpg,-0.1449999958276748
img_04667_mirrored.jpg,-0.198400005698204
img_12623_mirrored.jpg,0.3142000138759613
img_01097.jpg,-0.0031000000890344
img_05825_mirrored.jpg,0.176499992609024
img_13946_mirrored.jpg,0.1041999980807304
img_12713_mirrored.jpg,-0.0230000000447034
img_10930_mirrored.jpg,0.0057999999262392
img_06957.jpg,-0.3142000138759613
img_08774_mirrored.jpg,0.1345999985933303
img_11859_mirrored.jpg,0.0052000000141561
img_00237_mirrored.jpg,0.0423999987542629
img_00461.jpg,-0.3142000138759613
img_12738_mirrored.jpg,-0.0187999997287988
img_00097_mirrored.jpg,0.0015999999595806
img_02669.jpg,0.00179999996908
img_09341_mirrored.jpg,0.1360999941825866
img_14224_mirrored.jpg,-0.1246000006794929
img_02465_mirrored.jpg,0.067500002682209
img_01035.jpg,-0.0083999997004866
img_03585_mirrored.jpg,-0.132200002670288
img_00262.jpg,-0.0156999994069337
img_12298_mirrored.jpg,0.0156999994069337
img_13803_mirrored.jpg,0.0093999998643994
img_06394.jpg,-0.2833000123500824
img_13017_mirrored.jpg,0.1403000056743621
img_12518.jpg,-0.0266999993473291
img_04342_mirrored.jpg,0.1000000014901161
img_09342_mirrored.jpg,0.1084000021219253
img_00383.jpg,-0.244499996304512
img_07158.jpg,-0.0414000004529953
img_08172.jpg,-0.0821999981999397
img_05534.jpg,-0.0847999975085258
img_00337_mirrored.jpg,0.1439999938011169
img_09862.jpg,-0.100500002503395
img_13175.jpg,-0.1926999986171722
img_02295.jpg,0.1130999997258186
img_01749.jpg,-0.0073000001721084
img_13531_mirrored.jpg,0.3142000138759613
img_05177_mirrored.jpg,0.0283000003546476
img_11696_mirrored.jpg,0.2896000146865845
img_13642.jpg,-0.0564999990165233
img_14682.jpg,-0.0037000000011175
img_13918.jpg,0.0445000007748603
img_12647_mirrored.jpg,0.2809999883174896
img_09509.jpg,0.0542999990284442
img_13098.jpg,-0.3142000138759613
img_04734.jpg,0.0522000007331371
img_00699.jpg,0.0604999996721744
img_08543.jpg,0.1508000046014785
img_02197_mirrored.jpg,0.0821999981999397
img_13776.jpg,-0.1141000017523765
img_00796.jpg,-0.200200006365776
img_10392_mirrored.jpg,0.0790999978780746
img_05539.jpg,-0.0377000011503696
img_14242_mirrored.jpg,-0.1889999955892563
img_14236_mirrored.jpg,-0.0194000005722045
img_07348.jpg,-0.1565999984741211
img_03694_mirrored.jpg,0.0147000001743435
img_01098.jpg,-0.0031000000890344
img_05246.jpg,-0.0910999998450279
img_14104.jpg,-0.3142000138759613
img_01301_mirrored.jpg,0.0979000031948089
img_05469.jpg,-0.25450000166893
img_04666_mirrored.jpg,-0.1952999979257583
img_14631_mirrored.jpg,0.0256999991834163
img_02814_mirrored.jpg,0.0304000005125999
img_10171_mirrored.jpg,-0.0434999987483024
img_03833_mirrored.jpg,0.1627999991178512
img_05820.jpg,-0.2146999984979629
img_01393_mirrored.jpg,0.2587000131607055
img_09832.jpg,-0.3142000138759613
img_13990.jpg,-0.3000000119209289
img_04581.jpg,-0.006800000090152
img_10097_mirrored.jpg,-0.0850000008940696
img_13728_mirrored.jpg,0.0078999996185302
img_06838_mirrored.jpg,-0.100500002503395
img_14902_mirrored.jpg,0.5235999822616577
img_03758_mirrored.jpg,0.0236000008881092
img_13134.jpg,-0.244499996304512
img_11152_mirrored.jpg,0.1456000059843063
img_11892_mirrored.jpg,0.0031000000890344
img_13905_mirrored.jpg,0.0313999988138675
img_05504_mirrored.jpg,0.3142000138759613
img_08169.jpg,-0.0593999996781349
img_11610.jpg,-0.1541000008583068
img_13294_mirrored.jpg,-0.1471000015735626
img_11019_mirrored.jpg,0.0706999972462654
img_08938.jpg,0.0277999993413686
img_05739_mirrored.jpg,0.1415999978780746
img_02404_mirrored.jpg,0.2685999870300293
img_12502_mirrored.jpg,0.0346000008285045
img_06893.jpg,-0.3142000138759613
img_05151.jpg,-0.0031000000890344
img_09393_mirrored.jpg,0.3142000138759613
img_00777.jpg,-0.0419000014662742
img_11912.jpg,-0.0957999974489212
img_04406_mirrored.jpg,0.304500013589859
img_03251.jpg,0.0073000001721084
img_08570.jpg,0.0696000009775161
img_05743_mirrored.jpg,0.2135999947786331
img_13892.jpg,-0.0419000014662742
img_05123_mirrored.jpg,0.0063000000081956
img_06259_mirrored.jpg,0.0120000001043081
img_14675.jpg,-0.0031000000890344
img_05526_mirrored.jpg,-0.008899999782443
img_10837.jpg,-0.1974000036716461
img_05505.jpg,-0.3142000138759613
img_04039.jpg,-0.0167999994009733
img_06381_mirrored.jpg,0.2296999990940094
img_01435.jpg,-0.3142000138759613
img_05418.jpg,-0.2660000026226043
img_13971_mirrored.jpg,0.1580999940633773
img_03982.jpg,-0.0167999994009733
img_00044.jpg,-0.018300000578165
img_09446_mirrored.jpg,-0.0206000003963708
img_10390.jpg,-0.0879999995231628
img_03131_mirrored.jpg,0.0037000000011175
img_02103_mirrored.jpg,0.0041999998502433
img_00207.jpg,-0.0581000000238418
img_04626.jpg,0.1256999969482422
img_09400_mirrored.jpg,0.3142000138759613
img_05884_mirrored.jpg,0.3093000054359436
img_04888.jpg,-0.0461000017821788
img_10214.jpg,-0.1318999975919723
img_06888.jpg,-0.2037000060081482
img_03809_mirrored.jpg,0.0377000011503696
img_00842_mirrored.jpg,-0.0571000017225742
img_13056_mirrored.jpg,0.2592000067234039
img_04037_mirrored.jpg,0.0098999999463558
img_05285_mirrored.jpg,-0.0031000000890344
img_05583_mirrored.jpg,-0.0778999999165535
img_09677_mirrored.jpg,0.0230999998748302
img_02510_mirrored.jpg,0.0104999998584389
img_05618_mirrored.jpg,-0.1345999985933303
img_06932.jpg,-0.2696999907493591
img_12379_mirrored.jpg,-0.1994999945163726
img_12634.jpg,-0.3142000138759613
img_00710.jpg,-0.0581000000238418
img_08640_mirrored.jpg,-0.0063000000081956
img_02240_mirrored.jpg,-0.008899999782443
img_01855_mirrored.jpg,-0.0381999984383583
img_14677_mirrored.jpg,0.0031000000890344
img_00675.jpg,-0.0507999993860721
img_03158.jpg,-0.1099999994039535
img_06930.jpg,-0.2764999866485595
img_12029.jpg,-0.0885000005364418
img_12978_mirrored.jpg,-0.1130999997258186
img_14452_mirrored.jpg,0.2486999928951263
img_10960_mirrored.jpg,0.0031000000890344
img_03996_mirrored.jpg,0.2800999879837036
img_13057_mirrored.jpg,0.2319999933242797
img_02844_mirrored.jpg,0.1833000034093856
img_07876_mirrored.jpg,0.3115000128746032
img_01999_mirrored.jpg,0.2529000043869018
img_09615_mirrored.jpg,-0.0063000000081956
img_08305.jpg,-0.1982000023126602
img_09434_mirrored.jpg,0.0806000009179115
img_13761_mirrored.jpg,0.0031000000890344
img_09514_mirrored.jpg,-0.201100006699562
img_00401_mirrored.jpg,0.277999997138977
img_03098_mirrored.jpg,-0.0194000005722045
img_12238_mirrored.jpg,0.3142000138759613
img_06042.jpg,0.0115000000223517
img_02072.jpg,-0.0057999999262392
img_00751_mirrored.jpg,0.0098999999463558
img_05318.jpg,-0.0456000007688999
img_08564.jpg,0.1423999965190887
img_02494_mirrored.jpg,0.3142000138759613
img_05184_mirrored.jpg,-0.1089000031352043
img_02894_mirrored.jpg,0.3142000138759613
img_05732_mirrored.jpg,-0.1278000026941299
img_06131.jpg,-0.0031000000890344
img_04784.jpg,0.017799999564886
img_02693_mirrored.jpg,0.013600000180304
img_11439_mirrored.jpg,-0.1099999994039535
img_04570.jpg,-0.0219999998807907
img_03383_mirrored.jpg,0.3073999881744385
img_01857.jpg,0.0204000007361173
img_14167.jpg,-0.0057999999262392
img_08789.jpg,0.0571000017225742
img_02610.jpg,0.1659999936819076
img_08378.jpg,-0.3109999895095825
img_06859_mirrored.jpg,0.2732999920845032
img_05630_mirrored.jpg,-0.1926999986171722
img_05213.jpg,-0.0304000005125999
img_04612.jpg,-0.0297999996691942
img_01786.jpg,-0.0372000001370906
img_10763.jpg,-0.3142000138759613
img_14769_mirrored.jpg,0.5235999822616577
img_03293_mirrored.jpg,0.0623000003397464
img_11160_mirrored.jpg,0.1497000008821487
img_00421.jpg,-0.3142000138759613
img_04068.jpg,0.0274999998509883
img_08828_mirrored.jpg,0.1456000059843063
img_14820.jpg,-0.5235999822616577
img_02096.jpg,-0.0057999999262392
img_12418_mirrored.jpg,0.0581000000238418
img_08917_mirrored.jpg,0.0236000008881092
img_03306_mirrored.jpg,-0.1125999987125396
img_03285_mirrored.jpg,0.0833000019192695
img_10797.jpg,-0.0895000025629997
img_06869_mirrored.jpg,0.3142000138759613
img_10972_mirrored.jpg,0.0908000022172927
img_04455.jpg,-0.3142000138759613
img_01691_mirrored.jpg,0.0555000007152557
img_10647.jpg,-0.0187999997287988
img_05051.jpg,-0.091899998486042
img_11213_mirrored.jpg,0.3131000101566314
img_06065_mirrored.jpg,0.0173000004142522
img_13177.jpg,-0.0842999964952468
img_05367.jpg,-0.1601999998092651
img_01213_mirrored.jpg,0.0833000019192695
img_15028.jpg,0.5235999822616577
img_06018.jpg,-0.0073000001721084
img_02726_mirrored.jpg,-0.1070000007748603
img_09629.jpg,0.1423999965190887
img_03723.jpg,0.0063000000081956
img_12999_mirrored.jpg,0.0785000026226043
img_12648.jpg,-0.3142000138759613
img_05616.jpg,0.1722999960184097
img_01077_mirrored.jpg,-0.013600000180304
img_15100_mirrored.jpg,-0.5235999822616577
img_11763.jpg,-0.0820999965071678
img_11566.jpg,-0.0649000033736229
img_14317_mirrored.jpg,0.0763999968767166
img_07114_mirrored.jpg,0.0340000018477439
img_10772_mirrored.jpg,0.2549999952316284
img_04148.jpg,-0.0031000000890344
img_06251.jpg,-0.0513000003993511
img_07895_mirrored.jpg,0.2198999971151352
img_14064.jpg,-0.2973999977111816
img_02941_mirrored.jpg,0.3142000138759613
img_02491_mirrored.jpg,0.3142000138759613
img_03057.jpg,-0.0063000000081956
img_10599.jpg,0.0046999999321997
img_11135.jpg,-0.0491999983787536
img_05983_mirrored.jpg,0.2833000123500824
img_12759_mirrored.jpg,-0.0524000003933906
img_10154_mirrored.jpg,0.0283000003546476
img_12347.jpg,0.2502999901771545
img_11136.jpg,-0.0434999987483024
img_10938_mirrored.jpg,0.002600000007078
img_00656.jpg,0.1168000027537345
img_05492.jpg,-0.3142000138759613
img_08099_mirrored.jpg,0.0685999989509582
img_12902_mirrored.jpg,-0.1847999989986419
img_06767_mirrored.jpg,0.0538999997079372
img_03947.jpg,-0.3142000138759613
img_10452_mirrored.jpg,0.100500002503395
img_07900_mirrored.jpg,0.3142000138759613
img_04542_mirrored.jpg,0.0346000008285045
img_08230_mirrored.jpg,-0.0162000004202127
img_12746.jpg,-0.0083999997004866
img_00276_mirrored.jpg,0.0351000018417835
img_03019_mirrored.jpg,0.0423999987542629
img_13941_mirrored.jpg,0.05180000141263
img_10828_mirrored.jpg,0.0800999999046325
img_05925.jpg,-0.3142000138759613
img_09789_mirrored.jpg,0.3142000138759613
img_07027.jpg,-0.008899999782443
img_05535_mirrored.jpg,0.0775000005960464
img_09280_mirrored.jpg,0.2264000028371811
img_13019_mirrored.jpg,0.1524000018835067
img_08856.jpg,-0.3142000138759613
img_12749.jpg,0.0131000000983476
img_08526_mirrored.jpg,0.1246000006794929
img_07650_mirrored.jpg,0.0245999991893768
img_08086_mirrored.jpg,0.0277999993413686
img_14603_mirrored.jpg,0.0450000017881393
img_08040.jpg,0.0109999999403953
img_02003.jpg,-0.1367000043392181
img_13840.jpg,0.1811999976634979
img_07289_mirrored.jpg,0.0502999983727932
img_01446.jpg,-0.2434999942779541
img_12838.jpg,-0.0979000031948089
img_00937_mirrored.jpg,0.2723000049591064
img_07287.jpg,-0.0653999969363212
img_04069_mirrored.jpg,-0.0461000017821788
img_01288_mirrored.jpg,0.0366999991238117
img_05378.jpg,-0.1770000010728836
img_02417_mirrored.jpg,0.3142000138759613
img_13826.jpg,-0.0706999972462654
img_14292_mirrored.jpg,0.0381999984383583
img_11490.jpg,-0.0445000007748603
img_12165.jpg,-0.3142000138759613
img_11347_mirrored.jpg,-0.295199990272522
img_07019.jpg,0.0167999994009733
img_12214.jpg,-0.3142000138759613
img_04732.jpg,0.0156999994069337
img_12266.jpg,-0.033500000834465
img_10953_mirrored.jpg,0.0031000000890344
img_12027_mirrored.jpg,0.0564999990165233
img_05419.jpg,-0.2660000026226043
img_07402_mirrored.jpg,0.2140000015497207
img_11935.jpg,-0.0187999997287988
img_10038.jpg,-0.1052000001072883
img_07920.jpg,-0.0156999994069337
img_04399.jpg,-0.0926999971270561
img_04367_mirrored.jpg,0.1580999940633773
img_12750_mirrored.jpg,-0.0434999987483024
img_13981.jpg,-0.1974000036716461
img_05327_mirrored.jpg,0.100500002503395
img_14611_mirrored.jpg,-0.0083999997004866
img_10826_mirrored.jpg,0.0304000005125999
img_15111_mirrored.jpg,-0.5235999822616577
img_03116.jpg,-0.0037000000011175
img_10635.jpg,-0.0313999988138675
img_13277.jpg,0.1664000004529953
img_02524.jpg,-0.0785000026226043
img_07042_mirrored.jpg,0.018300000578165
img_08077_mirrored.jpg,0.0031000000890344
img_04709.jpg,-0.0456000007688999
img_08492.jpg,-0.0225000008940696
img_06122_mirrored.jpg,0.0031000000890344
img_12867.jpg,-0.0098999999463558
img_00705_mirrored.jpg,-0.1439999938011169
img_09543.jpg,0.0905999988317489
img_05175_mirrored.jpg,0.0680999979376792
img_14658.jpg,-0.0063000000081956
img_12851_mirrored.jpg,-0.1020999997854232
img_13080_mirrored.jpg,0.3142000138759613
img_00283.jpg,-0.070200003683567
img_09467.jpg,-0.0324999988079071
img_02398_mirrored.jpg,0.3142000138759613
img_03421_mirrored.jpg,0.3142000138759613
img_02583_mirrored.jpg,-0.1643999963998794
img_00073.jpg,-0.006800000090152
img_04164_mirrored.jpg,0.1110000014305114
img_10777.jpg,-0.2131000012159347
img_10334_mirrored.jpg,0.1554999947547912
img_06926.jpg,-0.3142000138759613
img_13602.jpg,-0.0293000005185604
img_06573.jpg,-0.0690999999642372
img_04827_mirrored.jpg,0.0825999975204467
img_10437_mirrored.jpg,-0.0737000033259391
img_01174_mirrored.jpg,0.0423999987542629
img_12119.jpg,-0.3142000138759613
img_08149_mirrored.jpg,0.0549999997019767
img_15146.jpg,0.5235999822616577
img_08635.jpg,-0.0414000004529953
img_02359.jpg,-0.1439999938011169
img_08254.jpg,-0.1031000018119812
img_00139_mirrored.jpg,-0.1000000014901161
img_09092_mirrored.jpg,0.0198999997228384
img_10819.jpg,-0.1791000068187713
img_13641.jpg,-0.0885000005364418
img_03312_mirrored.jpg,0.0696000009775161
img_14744_mirrored.jpg,0.0414000004529953
img_01632.jpg,-0.0187999997287988
img_00264.jpg,0.0147000001743435
img_13111.jpg,-0.1695999950170517
img_13391_mirrored.jpg,0.1826999932527542
img_05229_mirrored.jpg,-0.093699999153614
img_02604.jpg,0.0727000012993812
img_00325.jpg,-0.1492000073194503
img_05717.jpg,0.0073000001721084
img_12120_mirrored.jpg,0.3142000138759613
img_01884_mirrored.jpg,0.3142000138759613
img_12463.jpg,-0.033500000834465
img_02735_mirrored.jpg,0.0465999990701675
img_07803.jpg,-0.1141000017523765
img_08356.jpg,-0.3142000138759613
img_01091.jpg,-0.0041999998502433
img_04445_mirrored.jpg,0.1401000022888183
img_12625.jpg,-0.3016000092029571
img_06191_mirrored.jpg,0.0507999993860721
img_08797.jpg,-0.0297999996691942
img_07139_mirrored.jpg,-0.0763999968767166
img_01044.jpg,0.1084000021219253
img_02000.jpg,-0.2236000001430511
img_08192.jpg,-0.0236000008881092
img_14496_mirrored.jpg,0.2854000031948089
img_12146_mirrored.jpg,0.3142000138759613
img_15157.jpg,0.5235999822616577
img_08182.jpg,-0.013600000180304
img_14163.jpg,-0.0198999997228384
img_06427_mirrored.jpg,0.2816999852657318
img_00294.jpg,-0.0696000009775161
img_04477.jpg,-0.0623000003397464
img_12388_mirrored.jpg,0.0266999993473291
img_13784_mirrored.jpg,-0.0507999993860721
img_06351_mirrored.jpg,0.1381999999284744
img_12147.jpg,-0.3142000138759613
img_06453.jpg,-0.0355999991297721
img_10662.jpg,-0.210999995470047
img_09235_mirrored.jpg,0.0491999983787536
img_02149_mirrored.jpg,0.1020999997854232
img_10086_mirrored.jpg,0.0806000009179115
img_02371_mirrored.jpg,0.3142000138759613
img_13381_mirrored.jpg,-0.0864000022411346
img_02972_mirrored.jpg,0.0763999968767166
img_01638.jpg,0.1433999985456466
img_14022.jpg,-0.2355999946594238
img_04552.jpg,0.0780000016093254
img_10256.jpg,-0.2198999971151352
img_01769.jpg,-0.0816999971866607
img_14475.jpg,-0.1482000052928924
img_04167_mirrored.jpg,0.0812000036239624
img_14222.jpg,0.0989999994635582
img_03135.jpg,-0.0031000000890344
img_14301.jpg,0.0063000000081956
img_04637.jpg,0.1189000010490417
img_14098.jpg,-0.3142000138759613
img_07773_mirrored.jpg,0.224600002169609
img_03936.jpg,-0.3079000115394592
img_10156_mirrored.jpg,0.0581000000238418
img_06636_mirrored.jpg,-0.2016000002622604
img_14660_mirrored.jpg,0.0073000001721084
img_10073.jpg,-0.0386999994516372
img_07244_mirrored.jpg,0.0711999982595443
img_00094_mirrored.jpg,0.0015999999595806
img_00470_mirrored.jpg,0.3142000138759613
img_12871.jpg,-0.0256999991834163
img_05619_mirrored.jpg,-0.1215000003576278
img_07119_mirrored.jpg,0.070200003683567
img_10354.jpg,-0.3142000138759613
img_07433_mirrored.jpg,0.0465000011026859
img_00234_mirrored.jpg,0.0533999986946582
img_14663.jpg,-0.0063000000081956
img_04719_mirrored.jpg,0.0361000001430511
img_11362.jpg,-0.0230000000447034
img_11254.jpg,-0.3142000138759613
img_04232.jpg,0.2016000002622604
img_00987_mirrored.jpg,0.2513000071048736
img_15052_mirrored.jpg,-0.5235999822616577
img_03320_mirrored.jpg,0.100500002503395
img_06156_mirrored.jpg,-0.0639000013470649
img_02001.jpg,-0.1937000006437301
img_04292_mirrored.jpg,0.0922000035643577
img_09838_mirrored.jpg,0.2303999960422516
img_01792_mirrored.jpg,0.0293000005185604
img_08055.jpg,-0.0037000000011175
img_11900_mirrored.jpg,0.0215000007301569
img_14818_mirrored.jpg,0.5235999822616577
img_12709.jpg,0.0272000003606081
img_00176_mirrored.jpg,0.0790999978780746
img_01848_mirrored.jpg,0.1544999927282333
img_03257.jpg,-0.0194000005722045
img_00251_mirrored.jpg,0.0816999971866607
img_00450.jpg,-0.3142000138759613
img_06799_mirrored.jpg,0.2083999961614608
img_14599.jpg,-0.1225000023841857
img_13930_mirrored.jpg,0.1010999977588653
img_00865.jpg,-0.3142000138759613
img_03684_mirrored.jpg,-0.1115000024437904
img_06955_mirrored.jpg,0.3088000118732452
img_09407_mirrored.jpg,0.3142000138759613
img_02915.jpg,-0.183799996972084
img_09792_mirrored.jpg,0.3142000138759613
img_14527.jpg,-0.1879999935626983
img_03417_mirrored.jpg,0.2538999915122986
img_07209.jpg,-0.0109999999403953
img_09448_mirrored.jpg,-0.064300000667572
img_04361.jpg,-0.1486999988555908
img_15150_mirrored.jpg,-0.5235999822616577
img_01059_mirrored.jpg,0.0126000000163912
img_09159_mirrored.jpg,-0.0109999999403953
img_07918_mirrored.jpg,0.048700001090765
img_08358_mirrored.jpg,0.3142000138759613
img_05279_mirrored.jpg,0.0408000014722347
img_04001_mirrored.jpg,0.1445000022649765
img_05196.jpg,-0.0215000007301569
img_10315_mirrored.jpg,0.3142000138759613
img_08063.jpg,-0.0031000000890344
img_14519.jpg,-0.3142000138759613
img_07017_mirrored.jpg,-0.0152000002562999
img_01668.jpg,0.0983999967575073
img_02722.jpg,0.0318999998271465
img_11030.jpg,0.0601000003516674
img_12654.jpg,-0.2737999856472015
img_05614_mirrored.jpg,-0.191100001335144
img_02666_mirrored.jpg,0.0251000002026557
img_07290.jpg,-0.0450000017881393
img_00332.jpg,-0.1597000062465667
img_14917_mirrored.jpg,0.5235999822616577
img_13343_mirrored.jpg,0.018300000578165
img_12099_mirrored.jpg,0.153899997472763
img_07999.jpg,-0.0078999996185302
img_07538_mirrored.jpg,-0.1269000023603439
img_11244.jpg,-0.1523000001907348
img_12827.jpg,-0.0031000000890344
img_13910_mirrored.jpg,-0.0644000023603439
img_14449.jpg,-0.1601999998092651
img_08339_mirrored.jpg,0.3142000138759613
img_06826_mirrored.jpg,0.120399996638298
img_07539_mirrored.jpg,-0.1565999984741211
img_04192_mirrored.jpg,0.0078999996185302
img_11545_mirrored.jpg,-0.0052000000141561
img_14592.jpg,-0.0340000018477439
img_11653.jpg,-0.3037000000476837
img_14323.jpg,-0.2272000014781952
img_07401.jpg,-0.1826000064611435
img_02119_mirrored.jpg,0.0037000000011175
img_11983.jpg,-0.0910999998450279
img_01261.jpg,-0.0744000002741813
img_04640_mirrored.jpg,-0.096900001168251
img_02906.jpg,-0.1639000028371811
img_04769_mirrored.jpg,0.0057999999262392
img_02942_mirrored.jpg,0.2948000133037567
img_00340.jpg,-0.1780000030994415
img_02268_mirrored.jpg,0.0131000000983476
img_00529_mirrored.jpg,-0.1554999947547912
img_15039_mirrored.jpg,-0.5235999822616577
img_12887_mirrored.jpg,0.0764999985694885
img_00131.jpg,0.018300000578165
img_05028.jpg,-0.1367000043392181
img_06455.jpg,-0.0167999994009733
img_01580_mirrored.jpg,0.1067999973893165
img_06582_mirrored.jpg,0.0800999999046325
img_04650_mirrored.jpg,-0.0826999992132186
img_04904_mirrored.jpg,0.3142000138759613
img_09304_mirrored.jpg,0.2391999959945678
img_06347.jpg,-0.1659999936819076
img_05925_mirrored.jpg,0.3142000138759613
img_10636.jpg,-0.0297999996691942
img_06429_mirrored.jpg,0.3120999932289123
img_03357_mirrored.jpg,0.1492000073194503
img_14540.jpg,0.0120000001043081
img_12035.jpg,-0.0816999971866607
img_04213.jpg,-0.0795999988913536
img_00418_mirrored.jpg,0.3142000138759613
img_06597.jpg,0.1189000010490417
img_07785.jpg,-0.1435000002384185
img_13757_mirrored.jpg,0.0031000000890344
img_10212.jpg,-0.1182999983429908
img_01197.jpg,0.1026000007987022
img_07423.jpg,-0.2408999949693679
img_03029.jpg,-0.008899999782443
img_06751_mirrored.jpg,-0.0173000004142522
img_13725_mirrored.jpg,0.006800000090152
img_06013_mirrored.jpg,-0.0293000005185604
img_10785.jpg,-0.2833000123500824
img_09780.jpg,-0.2606000006198883
img_14961_mirrored.jpg,-0.5235999822616577
img_09896.jpg,-0.1738000065088272
img_09831_mirrored.jpg,0.3142000138759613
img_12283_mirrored.jpg,-0.2524000108242035
img_01133_mirrored.jpg,0.0895000025629997
img_12537.jpg,-0.1324999928474426
img_00289.jpg,-0.1010999977588653
img_03617.jpg,0.1722999960184097
img_12458_mirrored.jpg,0.1482000052928924
img_05314_mirrored.jpg,-0.096900001168251
img_05598.jpg,-0.0905999988317489
img_10060.jpg,-0.0215000007301569
img_12696.jpg,-0.1094999983906745
img_06275.jpg,-0.0859000012278556
img_11193.jpg,-0.1623000055551529
img_04494.jpg,-0.3142000138759613
img_14159.jpg,-0.0287999995052814
img_01690_mirrored.jpg,0.0592000000178813
img_09607.jpg,-0.048700001090765
img_03673.jpg,-0.0245999991893768
img_07162.jpg,-0.0423999987542629
img_05348.jpg,-0.1093999966979026
img_10875_mirrored.jpg,-0.0046999999321997
img_06803_mirrored.jpg,0.153899997472763
img_00889.jpg,-0.1702000051736831
img_10549.jpg,-0.0549999997019767
img_10550_mirrored.jpg,0.0581000000238418
img_06538_mirrored.jpg,-0.1136000007390976
img_09464_mirrored.jpg,-0.0555000007152557
img_05483_mirrored.jpg,0.3088999986648559
img_12633_mirrored.jpg,0.3142000138759613
img_02387_mirrored.jpg,0.1066000014543533
img_10751.jpg,-0.3142000138759613
img_00945.jpg,-0.1026000007987022
img_05719_mirrored.jpg,-0.0052000000141561
img_06082_mirrored.jpg,-0.0245999991893768
img_09875_mirrored.jpg,0.2318000048398971
img_03061_mirrored.jpg,-0.0043999999761581
img_12103.jpg,-0.1554999947547912
img_13213_mirrored.jpg,-0.2931999862194061
img_06036_mirrored.jpg,0.0560000017285347
img_04517_mirrored.jpg,0.150299996137619
img_03056.jpg,-0.0046999999321997
img_08141.jpg,-0.0612999983131885
img_03838_mirrored.jpg,0.1429000049829483
img_13025.jpg,-0.1512999981641769
img_07121_mirrored.jpg,0.0957999974489212
img_02223_mirrored.jpg,0.063400000333786
img_08302.jpg,-0.1597000062465667
img_00194_mirrored.jpg,-0.1817000061273574
img_00969.jpg,-0.2152000069618225
img_00626_mirrored.jpg,-0.070200003683567
img_09733.jpg,-0.1423999965190887
img_02157_mirrored.jpg,-0.0597000010311603
img_05998_mirrored.jpg,0.1844000071287155
img_13313.jpg,0.201100006699562
img_00723.jpg,-0.0732999965548515
img_02903.jpg,-0.2727999985218048
img_08887_mirrored.jpg,0.1010999977588653
img_07438.jpg,-0.3142000138759613
img_08023_mirrored.jpg,0.0120000001043081
img_05296_mirrored.jpg,0.0926999971270561
img_05365_mirrored.jpg,0.1565999984741211
img_02232_mirrored.jpg,0.0346000008285045
img_12706.jpg,-0.1177999973297119
img_02229_mirrored.jpg,0.0659999996423721
img_02297_mirrored.jpg,-0.0785000026226043
img_07322_mirrored.jpg,0.1550000011920929
img_14184.jpg,-0.0340000018477439
img_06106_mirrored.jpg,0.0031000000890344
img_12481.jpg,0.013600000180304
img_08109.jpg,0.1099999994039535
img_13238_mirrored.jpg,-0.0560000017285347
img_12401_mirrored.jpg,-0.096900001168251
img_14733.jpg,-0.0204000007361173
img_15016_mirrored.jpg,-0.5235999822616577
img_02880.jpg,-0.1033999994397163
img_02350.jpg,-0.1601999998092651
img_07502.jpg,0.0706000030040741
img_10940.jpg,-0.0031000000890344
img_00005.jpg,-0.0127999996766448
img_06031_mirrored.jpg,0.1278000026941299
img_03819.jpg,-0.0423999987542629
img_06083_mirrored.jpg,-0.0236000008881092
img_13396.jpg,-0.0423999987542629
img_09503.jpg,-0.1146999970078468
img_04615_mirrored.jpg,-0.0756999999284744
img_05684_mirrored.jpg,-0.0979000031948089
img_12323.jpg,-0.1334999948740005
img_06732_mirrored.jpg,0.0073000001721084
img_11978_mirrored.jpg,-0.05180000141263
img_12723_mirrored.jpg,0.0236000008881092
img_14592_mirrored.jpg,0.0340000018477439
img_14374.jpg,-0.0351000018417835
img_00241.jpg,0.0078999996185302
img_09924.jpg,-0.0318999998271465
img_13677_mirrored.jpg,0.0041999998502433
img_14248.jpg,0.1456000059843063
img_03649_mirrored.jpg,0.017799999564886
img_10452.jpg,-0.100500002503395
img_03593_mirrored.jpg,-0.0597000010311603
img_08332.jpg,-0.3142000138759613
img_04886_mirrored.jpg,0.0236000008881092
img_02655.jpg,0.1843000054359436
img_04022_mirrored.jpg,0.0842999964952468
img_03779.jpg,0.0198999997228384
img_00355_mirrored.jpg,0.2560000121593475
img_15003.jpg,0.5235999822616577
img_09656_mirrored.jpg,0.0063000000081956
img_07823_mirrored.jpg,0.0283000003546476
img_11591.jpg,-0.157600000500679
img_01751.jpg,-0.006800000090152
img_09864_mirrored.jpg,0.0749000012874603
img_08734_mirrored.jpg,0.018300000578165
img_03419_mirrored.jpg,0.2994999885559082
img_02821.jpg,-0.1994999945163726
img_13797_mirrored.jpg,0.0219999998807907
img_05129.jpg,-0.0037000000011175
img_06718.jpg,-0.2224999964237213
img_04318_mirrored.jpg,0.0685999989509582
img_15120.jpg,0.5235999822616577
img_11320.jpg,0.0187999997287988
img_14634.jpg,-0.0313999988138675
img_00540_mirrored.jpg,0.0245999991893768
img_00108_mirrored.jpg,0.0010000000474974
img_07432_mirrored.jpg,0.0208999998867511
img_05740.jpg,-0.1762000024318695
img_11095.jpg,-0.093199998140335
img_10618_mirrored.jpg,0.0131000000983476
img_03918_mirrored.jpg,0.1580999940633773
img_08501.jpg,-0.0093999998643994
img_03609_mirrored.jpg,-0.0015999999595806
img_13957_mirrored.jpg,0.1591999977827072
img_02667.jpg,-0.0208999998867511
img_10012.jpg,-0.0037000000011175
img_09493.jpg,0.0408000014722347
img_12279_mirrored.jpg,-0.2644000053405761
img_09768_mirrored.jpg,0.0147000001743435
img_01975_mirrored.jpg,0.3125999867916107
img_05671.jpg,0.0126000000163912
img_01672.jpg,0.0293000005185604
img_02381.jpg,-0.1518000066280365
img_00570.jpg,-0.1240999996662139
img_04052.jpg,-0.0308999996632337
img_14685_mirrored.jpg,0.0037000000011175
img_03316_mirrored.jpg,0.0879999995231628
img_06013.jpg,0.0293000005185604
img_07824_mirrored.jpg,0.0403000004589557
img_08839_mirrored.jpg,0.29789999127388
img_00613_mirrored.jpg,-0.1508000046014785
img_06579.jpg,-0.1156999990344047
img_08283.jpg,-0.1601999998092651
img_02006_mirrored.jpg,0.0445000007748603
img_02586.jpg,0.0680999979376792
img_02853_mirrored.jpg,0.1120999976992607
img_09405.jpg,-0.3142000138759613
img_02467.jpg,-0.0287999995052814
img_03361_mirrored.jpg,0.1627999991178512
img_12832.jpg,-0.0434999987483024
img_02814.jpg,-0.0304000005125999
img_06920.jpg,-0.2004999965429306
img_05225.jpg,-0.0251000002026557
img_14721.jpg,0.1120999976992607
img_00810.jpg,-0.1456000059843063
img_10646.jpg,-0.0204000007361173
img_08736_mirrored.jpg,0.0256999991834163
img_01516.jpg,-0.0592000000178813
img_00177.jpg,-0.0744000002741813
img_07910_mirrored.jpg,0.1623000055551529
img_12911.jpg,-0.0439999997615814
img_14729.jpg,-0.0198999997228384
img_10234_mirrored.jpg,0.1665000021457672
img_01613.jpg,0.1282999962568283
img_14678.jpg,-0.0031000000890344
img_04400.jpg,-0.0895000025629997
img_12724.jpg,-0.0397999994456768
img_03182_mirrored.jpg,0.0173000004142522
img_01433.jpg,-0.3142000138759613
img_02900_mirrored.jpg,0.3142000138759613
img_02377_mirrored.jpg,0.257099986076355
img_05526.jpg,0.008899999782443
img_02470.jpg,-0.1049999967217445
img_02521_mirrored.jpg,0.05180000141263
img_10150.jpg,0.0073000001721084
img_13929_mirrored.jpg,0.1031000018119812
img_03702.jpg,-0.0304000005125999
img_05482.jpg,-0.1818999946117401
img_11744_mirrored.jpg,0.2472999989986419
img_01637_mirrored.jpg,-0.1129999980330467
img_14643_mirrored.jpg,-0.0251000002026557
img_06511_mirrored.jpg,0.0795999988913536
img_13107_mirrored.jpg,0.1072999984025955
img_07610_mirrored.jpg,-0.1889999955892563
img_01725_mirrored.jpg,0.1458999961614608
img_03816_mirrored.jpg,0.0245999991893768
img_06934.jpg,-0.224600002169609
img_01752_mirrored.jpg,0.0063000000081956
img_02836_mirrored.jpg,0.1435000002384185
img_01964.jpg,0.0115000000223517
img_02938.jpg,-0.3142000138759613
img_09546.jpg,-0.0230000000447034
img_00819.jpg,-0.1833000034093856
img_02920_mirrored.jpg,0.3142000138759613
img_05015.jpg,-0.0403000004589557
img_05342_mirrored.jpg,0.0847999975085258
img_08564_mirrored.jpg,-0.1423999965190887
img_12322_mirrored.jpg,0.1340000033378601
img_12500.jpg,-0.0529000014066696
img_11967.jpg,0.1105000004172325
img_00776.jpg,-0.0408000014722347
img_02361_mirrored.jpg,0.1597000062465667
img_08088.jpg,-0.0450999997556209
img_14369_mirrored.jpg,0.0386999994516372
img_12294.jpg,-0.0351000018417835
img_12198.jpg,-0.2669999897480011
img_06677_mirrored.jpg,0.048700001090765
img_12641_mirrored.jpg,0.2236000001430511
img_11903.jpg,-0.0507999993860721
img_09011_mirrored.jpg,-0.0208999998867511
img_13586_mirrored.jpg,0.2885000109672546
img_08949.jpg,-0.0156999994069337
img_12169_mirrored.jpg,0.2477000057697296
img_09573_mirrored.jpg,-0.0313999988138675
img_14207.jpg,0.123599998652935
img_11686_mirrored.jpg,0.3142000138759613
img_09206_mirrored.jpg,-0.0445000007748603
img_12301_mirrored.jpg,0.0052000000141561
img_01721.jpg,-0.0471000000834465
img_02850_mirrored.jpg,0.1512999981641769
img_08072.jpg,-0.0031000000890344
img_12473_mirrored.jpg,0.0057999999262392
img_02831_mirrored.jpg,0.1429000049829483
img_03820.jpg,-0.0423999987542629
img_13011.jpg,-0.1036999970674514
img_03810_mirrored.jpg,0.0308999996632337
img_03940.jpg,-0.3142000138759613
img_13644_mirrored.jpg,-0.0272000003606081
img_14245_mirrored.jpg,-0.2073000073432922
img_02804.jpg,-0.0381999984383583
img_05047.jpg,-0.0162000004202127
img_08881.jpg,-0.2351000010967254
img_12315_mirrored.jpg,-0.0864000022411346
img_05747_mirrored.jpg,0.1067999973893165
img_06898.jpg,-0.3142000138759613
img_13785.jpg,0.0507999993860721
img_12856_mirrored.jpg,-0.063400000333786
img_02244.jpg,-0.0073000001721084
img_04310.jpg,0.1151999980211258
img_13094.jpg,-0.3142000138759613
img_01190.jpg,-0.0685999989509582
img_13512_mirrored.jpg,0.0910999998450279
img_04705.jpg,-0.0131000000983476
img_04040.jpg,-0.0313999988138675
img_01185_mirrored.jpg,0.0812000036239624
img_09463_mirrored.jpg,-0.0555000007152557
img_11543_mirrored.jpg,0.0098999999463558
img_01154.jpg,0.0392999984323978
img_05363.jpg,-0.150299996137619
img_13812.jpg,-0.0428999997675418
img_01254.jpg,0.0031000000890344
img_07608.jpg,0.1590999960899353
img_06898_mirrored.jpg,0.3142000138759613
img_02616.jpg,0.1371999979019165
img_07923_mirrored.jpg,-0.0093999998643994
img_07516.jpg,0.0754000023007392
img_10483.jpg,0.1345999985933303
img_08278.jpg,-0.1439999938011169
img_08693_mirrored.jpg,-0.0037000000011175
img_15065.jpg,0.5235999822616577
img_03178_mirrored.jpg,0.0204000007361173
img_05585.jpg,0.1266999989748001
img_07116_mirrored.jpg,0.05180000141263
img_07030_mirrored.jpg,-0.0366999991238117
img_04133_mirrored.jpg,0.0037000000011175
img_13777_mirrored.jpg,0.1046999990940094
img_09020.jpg,-0.006800000090152
img_07121.jpg,-0.0957999974489212
img_13908_mirrored.jpg,-0.0351000018417835
img_03854.jpg,-0.1580999940633773
img_08938_mirrored.jpg,-0.0277999993413686
img_01428.jpg,-0.2985000014305115
img_04612_mirrored.jpg,0.0297999996691942
img_13102_mirrored.jpg,0.2250999957323074
img_00665_mirrored.jpg,0.0147000001743435
img_04480.jpg,-0.0313999988138675
img_06887_mirrored.jpg,0.1976999938488006
img_14736_mirrored.jpg,0.0126000000163912
img_02012_mirrored.jpg,-0.0152000002562999
img_14627.jpg,0.0795999988913536
img_04373_mirrored.jpg,0.1334999948740005
img_09600_mirrored.jpg,0.0471000000834465
img_11150.jpg,-0.1340000033378601
img_06049.jpg,-0.0078999996185302
img_14703_mirrored.jpg,0.0564999990165233
img_14141.jpg,0.0502000004053115
img_09443_mirrored.jpg,0.0147000001743435
img_02116.jpg,-0.0037000000011175
img_01933.jpg,-0.2339999973773956
img_02550.jpg,0.2381999939680099
img_08288.jpg,-0.1486999988555908
img_01863.jpg,-0.0445000007748603
img_06865_mirrored.jpg,0.3142000138759613
img_11401_mirrored.jpg,-0.183799996972084
img_07622.jpg,-0.0304000005125999
img_04520.jpg,-0.0386999994516372
img_00489.jpg,0.0173000004142522
img_04529_mirrored.jpg,-0.0109999999403953
img_13077.jpg,-0.3142000138759613
img_07447.jpg,-0.3142000138759613
img_02490_mirrored.jpg,0.3142000138759613
img_12764.jpg,-0.024100000038743
img_05836.jpg,-0.1449999958276748
img_07615.jpg,0.1643999963998794
img_07092.jpg,-0.0037000000011175
img_10512.jpg,0.1796000003814697
img_03655_mirrored.jpg,-0.0804999992251396
img_14919.jpg,-0.5235999822616577
img_14103.jpg,-0.3142000138759613
img_03089.jpg,0.0230000000447034
img_07023_mirrored.jpg,0.0037000000011175
img_01083.jpg,-0.006800000090152
img_11732_mirrored.jpg,0.0952999964356422
img_08427.jpg,-0.3142000138759613
img_13547.jpg,-0.2502999901771545
img_06066.jpg,-0.0219999998807907
img_08095.jpg,-0.1110000014305114
img_14156_mirrored.jpg,-0.0575999990105629
img_02909.jpg,-0.1356000006198883
img_02728.jpg,0.1367000043392181
img_08057.jpg,-0.0031000000890344
img_13613_mirrored.jpg,0.3142000138759613
img_00734.jpg,-0.0057999999262392
img_10492.jpg,0.1435000002384185
img_06287_mirrored.jpg,-0.0957999974489212
img_09680_mirrored.jpg,0.0769999995827674
img_10288.jpg,-0.2942999899387359
img_13997.jpg,-0.1367000043392181
img_13154_mirrored.jpg,0.3142000138759613
img_06230_mirrored.jpg,0.0230000000447034
img_05307_mirrored.jpg,-0.0471000000834465
img_14007_mirrored.jpg,0.3142000138759613
img_09306_mirrored.jpg,0.3142000138759613
img_06698.jpg,0.0052000000141561
img_13993.jpg,-0.2355999946594238
img_05533.jpg,-0.0842999964952468
img_05308_mirrored.jpg,-0.060199998319149
img_13137_mirrored.jpg,0.1324999928474426
img_01207.jpg,0.1115000024437904
img_10305_mirrored.jpg,0.1020999997854232
img_06557_mirrored.jpg,-0.0304000005125999
img_07990_mirrored.jpg,-0.0147000001743435
img_10106.jpg,0.1308999955654144
img_01240_mirrored.jpg,0.0496999993920326
img_09998_mirrored.jpg,0.0037000000011175
img_03469.jpg,-0.1627999991178512
img_08237_mirrored.jpg,-0.1031000018119812
img_14008_mirrored.jpg,0.3142000138759613
img_14963_mirrored.jpg,-0.5235999822616577
img_05771_mirrored.jpg,-0.0167999994009733
img_03677_mirrored.jpg,-0.0445000007748603
img_05421_mirrored.jpg,0.2486999928951263
img_08084.jpg,-0.008899999782443
img_08257.jpg,-0.0885000005364418
img_12853.jpg,0.1151999980211258
img_06690.jpg,0.0073000001721084
img_10144_mirrored.jpg,0.0445000007748603
img_10601_mirrored.jpg,-0.0020999999251216
img_07490.jpg,-0.0575999990105629
img_01730.jpg,-0.1915999948978424
img_02410.jpg,-0.2554999887943268
img_11694_mirrored.jpg,0.3021000027656555
img_07846_mirrored.jpg,0.3142000138759613
img_12087_mirrored.jpg,0.1407999992370605
img_07199.jpg,-0.0895000025629997
img_07741_mirrored.jpg,0.0806000009179115
img_08071.jpg,-0.0037000000011175
img_08886_mirrored.jpg,0.1052000001072883
img_00784.jpg,-0.0194000005722045
img_06160.jpg,0.1141000017523765
img_11775.jpg,-0.1393000036478042
img_12949.jpg,-0.0256999991834163
img_11323.jpg,-0.0397999994456768
img_14979.jpg,0.5235999822616577
img_06917.jpg,-0.228300005197525
img_09592_mirrored.jpg,0.0167999994009733
img_05508.jpg,-0.3142000138759613
img_14991.jpg,0.5235999822616577
img_05222.jpg,-0.0716999992728233
img_06731.jpg,-0.0104999998584389
img_00891_mirrored.jpg,0.2105000019073486
img_05058.jpg,-0.06700000166893
img_05770.jpg,0.0141000002622604
img_08327_mirrored.jpg,0.1067999973893165
img_12175_mirrored.jpg,0.1000000014901161
img_13403_mirrored.jpg,0.0020999999251216
img_11411_mirrored.jpg,-0.1990000009536743
img_10645_mirrored.jpg,0.024100000038743
img_01816.jpg,-0.1524000018835067
img_06331.jpg,-0.1565999984741211
img_08955_mirrored.jpg,0.1178999990224838
img_01175.jpg,-0.0419000014662742
img_12318_mirrored.jpg,0.0555000007152557
img_00289_mirrored.jpg,0.1010999977588653
img_10192_mirrored.jpg,0.1036999970674514
img_01203.jpg,0.2053000032901764
img_13199_mirrored.jpg,0.0318999998271465
img_09429.jpg,-0.0450000017881393
img_11440.jpg,0.1387999951839447
img_03664_mirrored.jpg,-0.1817000061273574
img_06386_mirrored.jpg,0.3142000138759613
img_02048.jpg,-0.006800000090152
img_06253_mirrored.jpg,0.048700001090765
img_05939_mirrored.jpg,0.2486999928951263
img_00923_mirrored.jpg,0.2105000019073486
img_09449_mirrored.jpg,-0.1093999966979026
img_12009.jpg,-0.0507999993860721
img_04615.jpg,0.0756999999284744
img_03543_mirrored.jpg,-0.0104999998584389
img_14189.jpg,-0.1324999928474426
img_01011.jpg,-0.0355999991297721
img_01551.jpg,-0.0251000002026557
img_06585.jpg,0.0194000005722045
img_06870_mirrored.jpg,0.3142000138759613
img_01726_mirrored.jpg,0.1752000004053115
img_07297.jpg,-0.1026000007987022
img_01343.jpg,-0.1633999943733215
img_09426_mirrored.jpg,-0.0078999996185302
img_03584_mirrored.jpg,-0.1146000027656555
img_04824.jpg,-0.0304000005125999
img_05083_mirrored.jpg,-0.1020999997854232
img_03608.jpg,-0.0272000003606081
img_04381_mirrored.jpg,0.2506000101566314
img_10942_mirrored.jpg,0.0031000000890344
img_08958.jpg,-0.120399996638298
img_14342_mirrored.jpg,0.0104999998584389
img_07412_mirrored.jpg,0.3142000138759613
img_12938_mirrored.jpg,0.0456000007688999
img_07475_mirrored.jpg,-0.0109999999403953
img_00893_mirrored.jpg,0.2492000013589859
img_10599_mirrored.jpg,-0.0046999999321997
img_12551.jpg,-0.1659999936819076
img_14520.jpg,-0.2915999889373779
img_06693_mirrored.jpg,-0.0057999999262392
img_08403_mirrored.jpg,0.0414000004529953
img_11361_mirrored.jpg,0.0318999998271465
img_11210_mirrored.jpg,0.3142000138759613
img_09144.jpg,-0.0806000009179115
img_06720.jpg,-0.2146999984979629
img_02874_mirrored.jpg,0.0156999994069337
img_10316.jpg,-0.3142000138759613
img_04418.jpg,-0.2502999901771545
img_02705.jpg,-0.0524000003933906
img_04180_mirrored.jpg,-0.0821999981999397
img_14545_mirrored.jpg,0.1974000036716461
img_06714.jpg,-0.1013000011444091
img_14887_mirrored.jpg,0.5235999822616577
img_03176.jpg,0.060199998319149
img_10574.jpg,0.1407999992370605
img_07691_mirrored.jpg,0.1381999999284744
img_02536_mirrored.jpg,-0.0098999999463558
img_05231_mirrored.jpg,-0.126800000667572
img_10011.jpg,-0.0037000000011175
img_09593_mirrored.jpg,0.0141000002622604
img_12841.jpg,-0.1099999994039535
img_14434_mirrored.jpg,-0.070200003683567
img_01382.jpg,-0.3142000138759613
img_15015.jpg,0.5235999822616577
img_05167.jpg,-0.0639000013470649
img_00493_mirrored.jpg,-0.0098999999463558
img_05716.jpg,0.006800000090152
img_01607_mirrored.jpg,-0.2301999926567077
img_12383.jpg,0.0842999964952468
img_04968_mirrored.jpg,0.3142000138759613
img_00266.jpg,0.0399000011384487
img_12100_mirrored.jpg,0.1580999940633773
img_05369.jpg,-0.1560000032186508
img_03399_mirrored.jpg,0.1951999962329864
img_10425.jpg,-0.0287999995052814
img_10035_mirrored.jpg,0.06700000166893
img_09798_mirrored.jpg,0.2319999933242797
img_13182_mirrored.jpg,-0.0187999997287988
img_01285.jpg,0.0983999967575073
img_00059_mirrored.jpg,-0.032999999821186
img_03882_mirrored.jpg,0.048700001090765
img_14238.jpg,0.0737999975681305
img_00812_mirrored.jpg,0.1429000049829483
img_10869_mirrored.jpg,-0.0204000007361173
img_04371.jpg,-0.1800999939441681
img_06192_mirrored.jpg,0.063400000333786
img_14413_mirrored.jpg,0.1784999966621399
img_10101.jpg,0.1826999932527542
img_02467_mirrored.jpg,0.0287999995052814
img_14505.jpg,-0.3052999973297119
img_09393.jpg,-0.3142000138759613
img_04868.jpg,-0.1315000057220459
img_03963.jpg,-0.3109999895095825
img_05769.jpg,0.0109999999403953
img_01990_mirrored.jpg,0.0559000000357627
img_09707.jpg,-0.0187999997287988
img_01947.jpg,-0.2759000062942505
img_08017.jpg,-0.0324999988079071
img_01410_mirrored.jpg,0.3142000138759613
img_00680_mirrored.jpg,0.0555000007152557
img_10458.jpg,-0.0926999971270561
img_10135_mirrored.jpg,0.0428999997675418
img_10446.jpg,0.0979000031948089
img_00235_mirrored.jpg,0.05180000141263
img_08432_mirrored.jpg,0.3142000138759613
img_11526_mirrored.jpg,0.1371999979019165
img_14639_mirrored.jpg,-0.0098999999463558
img_11874.jpg,-0.002600000007078
img_12133_mirrored.jpg,0.0948000028729438
img_09687.jpg,-0.0869000032544136
img_14121_mirrored.jpg,-0.0126000000163912
img_05825.jpg,-0.176499992609024
img_05928.jpg,-0.3142000138759613
img_09523_mirrored.jpg,-0.1958000063896179
img_14695_mirrored.jpg,0.0031000000890344
img_13236.jpg,0.0141000002622604
img_10836.jpg,-0.2345999926328659
img_05494.jpg,-0.3142000138759613
img_04348_mirrored.jpg,0.1251000016927719
img_03060_mirrored.jpg,0.0083999997004866
img_09120_mirrored.jpg,0.0806000009179115
img_01251_mirrored.jpg,0.0147000001743435
img_13143_mirrored.jpg,0.0476000010967254
img_13577_mirrored.jpg,0.2041999995708465
img_08159.jpg,0.1859000027179718
img_03302.jpg,0.1015999987721443
img_12272_mirrored.jpg,-0.0194000005722045
img_15081.jpg,0.5235999822616577
img_14683.jpg,-0.0037000000011175
img_02513_mirrored.jpg,-0.0141000002622604
img_08346.jpg,-0.2502999901771545
img_09225_mirrored.jpg,0.1084000021219253
img_11878_mirrored.jpg,0.0031000000890344
img_13606_mirrored.jpg,-0.0083999997004866
img_04663.jpg,0.1748999953269958
img_08899.jpg,-0.1160999983549118
img_05972_mirrored.jpg,-0.0104999998584389
img_11535_mirrored.jpg,-0.0037000000011175
img_04410_mirrored.jpg,0.3142000138759613
img_11748_mirrored.jpg,0.3120999932289123
img_10518.jpg,-0.0377000011503696
img_08771.jpg,-0.167600005865097
img_12767.jpg,-0.018300000578165
img_03978_mirrored.jpg,0.0790999978780746
img_11234.jpg,-0.2842999994754791
img_01742_mirrored.jpg,0.0131000000983476
img_07749_mirrored.jpg,0.0324999988079071
img_02619.jpg,0.2034000009298324
img_08155.jpg,0.1026000007987022
img_11569_mirrored.jpg,0.0346000008285045
img_08829_mirrored.jpg,0.1456000059843063
img_11557_mirrored.jpg,0.0649000033736229
img_06772.jpg,-0.0318999998271465
img_03425_mirrored.jpg,0.3142000138759613
img_01074_mirrored.jpg,-0.0194000005722045
img_11008.jpg,-0.0386999994516372
img_10104_mirrored.jpg,-0.1915999948978424
img_11536_mirrored.jpg,0.0031000000890344
img_08345.jpg,-0.2533999979496002
img_11248_mirrored.jpg,0.2768999934196472
img_10280_mirrored.jpg,0.2858999967575073
img_14424.jpg,-0.1141000017523765
img_02391.jpg,-0.2301999926567077
img_10052_mirrored.jpg,-0.1017000004649162
img_06978.jpg,-0.2754000127315521
img_04360_mirrored.jpg,0.1482000052928924
img_00303_mirrored.jpg,0.0885000005364418
img_07177_mirrored.jpg,0.032999999821186
img_11315.jpg,0.0252000000327825
img_03252.jpg,0.0109999999403953
img_11558_mirrored.jpg,0.0812000036239624
img_09519_mirrored.jpg,-0.1168000027537345
img_13845_mirrored.jpg,0.0428999997675418
img_01469_mirrored.jpg,0.3142000138759613
img_14862_mirrored.jpg,0.5235999822616577
img_08813_mirrored.jpg,0.3142000138759613
img_04897_mirrored.jpg,0.2293999940156936
img_14429_mirrored.jpg,0.1492000073194503
img_10961.jpg,-0.0031000000890344
img_01871_mirrored.jpg,0.2167000025510788
img_14575.jpg,-0.1120999976992607
img_05940_mirrored.jpg,0.2309000045061111
img_09025.jpg,-0.0057999999262392
img_14070_mirrored.jpg,0.1974000036716461
img_07354.jpg,-0.1128999963402748
img_05325.jpg,-0.09740000218153
img_08867_mirrored.jpg,0.2026000022888183
img_03079.jpg,-0.0277999993413686
img_01682_mirrored.jpg,0.0215000007301569
img_14255.jpg,-0.0162000004202127
img_07352_mirrored.jpg,0.0890000015497207
img_02564_mirrored.jpg,0.018300000578165
img_06129.jpg,-0.0031000000890344
img_12097.jpg,-0.1486999988555908
img_02099.jpg,-0.0052000000141561
img_06065.jpg,-0.0173000004142522
img_06969.jpg,-0.0377000011503696
img_01222_mirrored.jpg,0.0236000008881092
img_07158_mirrored.jpg,0.0414000004529953
img_01998_mirrored.jpg,0.2675999999046325
img_09911.jpg,0.0256999991834163
img_14346.jpg,0.0052000000141561
img_01046_mirrored.jpg,-0.1052000001072883
img_13655.jpg,-0.0120000001043081
img_07008_mirrored.jpg,0.1230000033974647
img_12552_mirrored.jpg,0.153899997472763
img_00286_mirrored.jpg,0.0926999971270561
img_05195_mirrored.jpg,0.0225000008940696
img_12676_mirrored.jpg,0.228300005197525
img_14651_mirrored.jpg,-0.0204000007361173
img_07814_mirrored.jpg,-0.0711999982595443
img_11307.jpg,-0.2800999879837036
img_13610_mirrored.jpg,0.1887000054121017
img_03030_mirrored.jpg,0.0093999998643994
img_12319.jpg,-0.0842999964952468
img_02312_mirrored.jpg,0.0979000031948089
img_04398_mirrored.jpg,0.100500002503395
img_13833_mirrored.jpg,-0.1120999976992607
img_00109_mirrored.jpg,0.0010000000474974
img_05786.jpg,-0.1031000018119812
img_07834_mirrored.jpg,0.2549999952316284
img_00011.jpg,-0.1403000056743621
img_08679_mirrored.jpg,0.0204000007361173
img_08347_mirrored.jpg,0.2477000057697296
img_05355.jpg,-0.1554999947547912
img_09090_mirrored.jpg,0.0147000001743435
img_01677.jpg,-0.0120000001043081
img_04680_mirrored.jpg,-0.0225000008940696
img_08602.jpg,0.0716999992728233
img_10920_mirrored.jpg,-0.0073000001721084
img_03395.jpg,-0.0958999991416931
img_02267_mirrored.jpg,0.002600000007078
img_09253_mirrored.jpg,0.1492000073194503
img_03799.jpg,-0.0366999991238117
img_07089_mirrored.jpg,0.0031000000890344
img_02749_mirrored.jpg,0.0571000017225742
img_12171.jpg,-0.1691000014543533
img_10297.jpg,-0.3142000138759613
img_08972.jpg,-0.0052000000141561
img_00549_mirrored.jpg,-0.0046999999321997
img_10582_mirrored.jpg,0.0724000036716461
img_09934.jpg,-0.0833000019192695
img_03327.jpg,-0.063400000333786
img_06306.jpg,-0.1041999980807304
img_03290_mirrored.jpg,0.0879999995231628
img_12292.jpg,-0.0351000018417835
img_01536_mirrored.jpg,-0.289000004529953
img_01136_mirrored.jpg,0.1099999994039535
img_10620_mirrored.jpg,0.0366999991238117
img_08916.jpg,-0.0355999991297721
img_08283_mirrored.jpg,0.1601999998092651
img_14343.jpg,-0.0098999999463558
img_03429_mirrored.jpg,0.3142000138759613
img_11215.jpg,-0.2869000136852264
img_01810_mirrored.jpg,0.2120999991893768
img_09994.jpg,-0.0052000000141561
img_14849_mirrored.jpg,0.5235999822616577
img_08582_mirrored.jpg,-0.1774999946355819
img_01939.jpg,-0.2442999929189682
img_13739_mirrored.jpg,0.002600000007078
img_14027_mirrored.jpg,0.3142000138759613
img_00123_mirrored.jpg,0.0916000008583068
img_13510_mirrored.jpg,0.0502999983727932
img_04096_mirrored.jpg,-0.0256999991834163
img_00305.jpg,-0.1010999977588653
img_03192.jpg,-0.0308999996632337
img_00602.jpg,0.1528999954462051
img_03796.jpg,-0.0597000010311603
img_03521_mirrored.jpg,-0.0173000004142522
img_11553.jpg,-0.0104999998584389
img_06896_mirrored.jpg,0.3142000138759613
img_02490.jpg,-0.3142000138759613
img_07585.jpg,0.09740000218153
img_13333.jpg,0.120399996638298
img_10789_mirrored.jpg,0.2456000000238418
img_13832_mirrored.jpg,-0.0852999985218048
img_05854_mirrored.jpg,0.1371999979019165
img_11442.jpg,0.1814000010490417
img_02121.jpg,-0.0031000000890344
img_02710.jpg,-0.0236000008881092
img_04665.jpg,0.1879999935626983
img_14781_mirrored.jpg,0.5235999822616577
img_05116.jpg,-0.0046999999321997
img_11045.jpg,-0.0706999972462654
img_11021.jpg,-0.0833000019192695
img_03243.jpg,-0.0377000011503696
img_00146_mirrored.jpg,0.013600000180304
img_14069_mirrored.jpg,0.2277999967336654
img_08591.jpg,0.0763999968767166
img_07549_mirrored.jpg,0.0606999993324279
img_04721_mirrored.jpg,0.0198999997228384
img_11061.jpg,0.0098999999463558
img_03615_mirrored.jpg,-0.1926999986171722
img_15005.jpg,0.5235999822616577
img_01658_mirrored.jpg,-0.0476000010967254
img_10542_mirrored.jpg,0.017799999564886
img_12642_mirrored.jpg,0.1994999945163726
img_11824_mirrored.jpg,-0.1141000017523765
img_13457.jpg,-0.1368999928236007
img_01039.jpg,0.034800000488758
img_10078.jpg,-0.0392999984323978
img_08970.jpg,-0.0037000000011175
img_12086.jpg,-0.1340000033378601
img_09505.jpg,-0.0723000019788742
img_00287_mirrored.jpg,0.09740000218153
img_11750_mirrored.jpg,0.2858999967575073
img_11107_mirrored.jpg,-0.0392999984323978
img_11246.jpg,-0.2040999978780746
img_06680.jpg,-0.0606999993324279
img_06738_mirrored.jpg,0.0073000001721084
img_00554_mirrored.jpg,-0.1071999967098236
img_00974_mirrored.jpg,0.067500002682209
img_00429_mirrored.jpg,0.2994999885559082
img_02257_mirrored.jpg,0.048200000077486
img_02729.jpg,0.1407999992370605
img_06030_mirrored.jpg,0.1168000027537345
img_09293_mirrored.jpg,0.1821999996900558
img_01194_mirrored.jpg,-0.0324999988079071
img_07739_mirrored.jpg,0.1031000018119812
img_02698_mirrored.jpg,0.0428999997675418
img_05647_mirrored.jpg,0.0198999997228384
img_03145.jpg,-0.0031000000890344
img_03626_mirrored.jpg,-0.2286999970674514
img_14776.jpg,-0.5235999822616577
img_14590.jpg,-0.0152000002562999
img_00389_mirrored.jpg,0.3034999966621399
img_11171_mirrored.jpg,0.1900999993085861
img_03405.jpg,-0.3142000138759613
img_04436_mirrored.jpg,0.2414000034332275
img_13188.jpg,-0.0215000007301569
img_08319_mirrored.jpg,0.210999995470047
img_01118.jpg,-0.0031000000890344
img_05865.jpg,0.0456000007688999
img_01691.jpg,-0.0555000007152557
img_03807_mirrored.jpg,0.0414000004529953
img_08902_mirrored.jpg,0.3142000138759613
img_05149.jpg,-0.0031000000890344
img_12590_mirrored.jpg,0.3142000138759613
img_09358_mirrored.jpg,0.3142000138759613
img_05323_mirrored.jpg,0.0910999998450279
img_13692_mirrored.jpg,-0.0957999974489212
img_07266_mirrored.jpg,-0.1120999976992607
img_03377_mirrored.jpg,0.2612999975681305
img_04937_mirrored.jpg,0.3142000138759613
img_11747.jpg,-0.3142000138759613
img_11307_mirrored.jpg,0.2800999879837036
img_06707_mirrored.jpg,-0.1429000049829483
img_00825.jpg,-0.1591999977827072
img_04397_mirrored.jpg,0.1146999970078468
img_09307_mirrored.jpg,0.3142000138759613
img_09980_mirrored.jpg,-0.0208999998867511
img_04185_mirrored.jpg,0.0167999994009733
img_00420.jpg,-0.3142000138759613
img_08416_mirrored.jpg,0.3142000138759613
img_08206.jpg,-0.0297999996691942
img_04419.jpg,-0.2486999928951263
img_11937_mirrored.jpg,0.0147000001743435
img_00045_mirrored.jpg,0.0194000005722045
img_01748_mirrored.jpg,0.0063000000081956
img_12155.jpg,-0.2309000045061111
img_05008_mirrored.jpg,0.1544999927282333
img_13869.jpg,-0.0208999998867511
img_01998.jpg,-0.2675999999046325
img_06524_mirrored.jpg,-0.0386999994516372
img_09740.jpg,-0.183799996972084
img_10657.jpg,-0.1794999986886978
img_00882_mirrored.jpg,0.1617999970912933
img_13055.jpg,-0.2795999944210052
img_07083.jpg,-0.0031000000890344
img_14068_mirrored.jpg,0.2424000054597854
img_07777.jpg,-0.1784999966621399
img_13702_mirrored.jpg,0.0230000000447034
img_12680_mirrored.jpg,0.3142000138759613
img_04132.jpg,-0.0031000000890344
img_14838.jpg,-0.5235999822616577
img_07460.jpg,-0.3142000138759613
img_00169_mirrored.jpg,0.0283000003546476
img_08426.jpg,-0.3142000138759613
img_09163.jpg,-0.008899999782443
img_14352.jpg,0.0194000005722045
img_09572.jpg,0.0194000005722045
img_07210_mirrored.jpg,0.0109999999403953
img_04597.jpg,0.0780000016093254
img_11971.jpg,0.1808000057935714
img_09005.jpg,0.0225000008940696
img_13983.jpg,-0.2632000148296356
img_07195_mirrored.jpg,0.0513000003993511
img_08815_mirrored.jpg,0.3142000138759613
img_03666.jpg,0.1356000006198883
img_13868_mirrored.jpg,0.0141000002622604
img_04015.jpg,-0.2748999893665313
img_11517_mirrored.jpg,0.0838000029325485
img_02914_mirrored.jpg,0.1772000044584274
img_01326_mirrored.jpg,0.1524000018835067
img_13580_mirrored.jpg,0.224600002169609
img_02576.jpg,0.0826999992132186
img_01485_mirrored.jpg,0.3142000138759613
img_11557.jpg,-0.0649000033736229
img_03624_mirrored.jpg,-0.1641999930143356
img_00943_mirrored.jpg,0.1272000074386596
img_14323_mirrored.jpg,0.2272000014781952
img_03969.jpg,-0.2345999926328659
img_12178_mirrored.jpg,0.1559000015258789
img_04850.jpg,-0.1486999988555908
img_14778.jpg,-0.5235999822616577
img_14265.jpg,0.1177999973297119
img_09997.jpg,-0.0041999998502433
img_07805.jpg,-0.1334999948740005
img_14892.jpg,0.0
img_00614_mirrored.jpg,-0.1508000046014785
img_14690.jpg,-0.0031000000890344
img_13489_mirrored.jpg,0.1110000014305114
img_01336_mirrored.jpg,0.1534000039100647
img_01493.jpg,-0.1550000011920929
img_13689.jpg,0.0979000031948089
img_10776.jpg,-0.2031999975442886
img_05350.jpg,-0.1262000054121017
img_09470_mirrored.jpg,0.0297999996691942
img_15115.jpg,0.5235999822616577
img_10837_mirrored.jpg,0.1974000036716461
img_03445.jpg,-0.266400009393692
img_01865.jpg,-0.0728000029921531
img_03113_mirrored.jpg,0.0046999999321997
img_07847.jpg,-0.3142000138759613
img_04390.jpg,-0.2858999967575073
img_08026_mirrored.jpg,-0.0162000004202127
img_13884_mirrored.jpg,0.0251000002026557
img_10008.jpg,-0.0037000000011175
img_09010.jpg,0.0215000007301569
img_08227_mirrored.jpg,0.0627999976277351
img_04741.jpg,0.1387999951839447
img_10986.jpg,0.1107999980449676
img_06853.jpg,-0.1084000021219253
img_11387_mirrored.jpg,0.1079000011086463
img_09462.jpg,0.0847999975085258
img_05985.jpg,-0.2335000038146972
img_01764.jpg,-0.0156999994069337
img_01752.jpg,-0.0063000000081956
img_04983.jpg,-0.1036999970674514
img_13666_mirrored.jpg,0.1046999990940094
img_12450_mirrored.jpg,0.1046999990940094
img_11020.jpg,-0.0706999972462654
img_13843_mirrored.jpg,-0.1136000007390976
img_00225_mirrored.jpg,0.018300000578165
img_09311.jpg,-0.3142000138759613
img_11657.jpg,-0.3142000138759613
img_05677.jpg,0.0847999975085258
img_02027.jpg,-0.1125999987125396
img_00500.jpg,-0.0838000029325485
img_03578.jpg,-0.0063000000081956
img_09565_mirrored.jpg,-0.0785000026226043
img_03134.jpg,-0.0031000000890344
img_13005.jpg,-0.063400000333786
img_11447.jpg,0.1774999946355819
img_12579_mirrored.jpg,0.0975999981164932
img_14006.jpg,-0.270900011062622
img_02163_mirrored.jpg,-0.0852999985218048
img_04829.jpg,-0.1280000060796737
img_13309.jpg,0.1811999976634979
img_06313.jpg,-0.0456000007688999
img_14819.jpg,-0.5235999822616577
img_01162_mirrored.jpg,0.0141000002622604
img_00104_mirrored.jpg,0.0010000000474974
img_11473.jpg,-0.0204000007361173
img_10980.jpg,0.0198999997228384
img_03754_mirrored.jpg,0.0617999993264675
img_02884.jpg,-0.2102999985218048
img_04418_mirrored.jpg,0.2502999901771545
img_06366_mirrored.jpg,0.2973999977111816
img_14447.jpg,-0.1041999980807304
img_03682.jpg,0.1000000014901161
img_02199.jpg,-0.0816999971866607
img_10182_mirrored.jpg,-0.00089999998454
img_04119_mirrored.jpg,0.0046999999321997
img_06544.jpg,-0.0215000007301569
img_12327.jpg,-0.0806000009179115
img_01688.jpg,-0.060199998319149
img_15045.jpg,0.5235999822616577
img_06825.jpg,-0.1340000033378601
img_14831.jpg,-0.5235999822616577
img_00689_mirrored.jpg,-0.0057999999262392
img_03481.jpg,-0.3142000138759613
img_03966_mirrored.jpg,0.274399995803833
img_01721_mirrored.jpg,0.0471000000834465
img_09412_mirrored.jpg,0.2754000127315521
img_07634_mirrored.jpg,-0.1162000000476837
img_11699_mirrored.jpg,0.3142000138759613
img_11749.jpg,-0.2985000014305115
img_08857_mirrored.jpg,0.3142000138759613
img_14021.jpg,-0.2456000000238418
img_07581_mirrored.jpg,-0.2079000025987625
img_13768_mirrored.jpg,0.0496999993920326
img_10957_mirrored.jpg,0.0031000000890344
img_05901.jpg,-0.1926999986171722
img_12302.jpg,-0.0037000000011175
img_02808.jpg,-0.0187999997287988
img_03100.jpg,0.013600000180304
img_03732_mirrored.jpg,-0.1260000020265579
img_09763.jpg,0.0471000000834465
img_06232_mirrored.jpg,0.0141000002622604
img_08027_mirrored.jpg,-0.0198999997228384
img_08885_mirrored.jpg,0.1182999983429908
img_08476.jpg,0.135900005698204
img_03814_mirrored.jpg,0.0194000005722045
img_02189_mirrored.jpg,0.0346000008285045
img_05459.jpg,-0.3142000138759613
img_09388_mirrored.jpg,0.3142000138759613
img_08966.jpg,0.0156999994069337
img_06512_mirrored.jpg,0.0706999972462654
img_00810_mirrored.jpg,0.1456000059843063
img_00230_mirrored.jpg,0.0533999986946582
img_09659.jpg,-0.0041999998502433
img_07189_mirrored.jpg,-0.1922000050544738
img_04328.jpg,-0.0995000004768371
img_15132.jpg,0.5235999822616577
img_05069.jpg,-0.0046999999321997
img_14054.jpg,-0.3142000138759613
img_09863_mirrored.jpg,0.0922000035643577
img_00464_mirrored.jpg,0.3142000138759613
img_00819_mirrored.jpg,0.1833000034093856
img_07200_mirrored.jpg,0.0852999985218048
img_09984.jpg,0.0141000002622604
img_00351_mirrored.jpg,0.3142000138759613
img_04320.jpg,-0.0737999975681305
img_13424_mirrored.jpg,0.070200003683567
img_05633_mirrored.jpg,-0.0926999971270561
img_02238.jpg,0.0052000000141561
img_10580_mirrored.jpg,0.0524000003933906
img_05818.jpg,-0.1767999976873397
img_12122.jpg,-0.3142000138759613
img_02674_mirrored.jpg,-0.0785000026226043
img_13429_mirrored.jpg,0.1084000021219253
img_08710_mirrored.jpg,0.100100003182888
img_13291_mirrored.jpg,-0.1125999987125396
img_11128.jpg,-0.100500002503395
img_06238_mirrored.jpg,-0.0115000000223517
img_09563_mirrored.jpg,-0.1460999995470047
img_10109.jpg,0.0586000010371208
img_09991_mirrored.jpg,0.0063000000081956
img_06059.jpg,0.1146999970078468
img_15134.jpg,0.5235999822616577
img_11379.jpg,0.1717000007629394
img_02228_mirrored.jpg,0.0833000019192695
img_03147_mirrored.jpg,0.0063000000081956
img_02109.jpg,-0.0031000000890344
img_12712.jpg,0.0272000003606081
img_01066_mirrored.jpg,-0.0245999991893768
img_11499.jpg,0.0093999998643994
img_01229.jpg,0.0098999999463558
img_13158_mirrored.jpg,0.3142000138759613
img_01010.jpg,-0.0198999997228384
img_09256.jpg,-0.1606999933719635
img_02392_mirrored.jpg,0.3142000138759613
img_10754_mirrored.jpg,0.3142000138759613
img_00390.jpg,-0.3142000138759613
img_12032.jpg,-0.0952999964356422
img_01615.jpg,0.0922000035643577
img_06964_mirrored.jpg,0.1665000021457672
img_14727.jpg,0.0450000017881393
img_00541_mirrored.jpg,0.0219999998807907
img_05473.jpg,-0.1774999946355819
img_13118.jpg,-0.3142000138759613
img_09649.jpg,-0.0533999986946582
img_05072_mirrored.jpg,0.0073000001721084
img_11067_mirrored.jpg,0.0236000008881092
img_04882_mirrored.jpg,-0.0208999998867511
img_12617.jpg,-0.3142000138759613
img_00273_mirrored.jpg,-0.1036999970674514
img_08232.jpg,0.0392999984323978
img_13453_mirrored.jpg,0.0381999984383583
img_06692.jpg,0.0063000000081956
img_11119.jpg,-0.0625
img_13416_mirrored.jpg,-0.0162000004202127
img_05952_mirrored.jpg,0.2885000109672546
img_05377_mirrored.jpg,0.1669999957084655
img_11609.jpg,-0.1445000022649765
img_15124_mirrored.jpg,-0.5235999822616577
img_14737_mirrored.jpg,0.0156999994069337
img_01499_mirrored.jpg,-0.0104999998584389
img_00282.jpg,-0.06700000166893
img_04164.jpg,-0.1110000014305114
img_06976.jpg,-0.1991000026464462
img_01945_mirrored.jpg,0.2953000068664551
img_12999.jpg,-0.0785000026226043
img_06362_mirrored.jpg,0.3142000138759613
img_01290.jpg,-0.0680999979376792
img_11730_mirrored.jpg,0.1141000017523765
img_10459.jpg,-0.0749000012874603
img_06207.jpg,0.1072999984025955
img_01863_mirrored.jpg,0.0445000007748603
img_12049_mirrored.jpg,-0.1151999980211258
img_12983_mirrored.jpg,0.0381999984383583
img_00167_mirrored.jpg,0.0318999998271465
img_10675_mirrored.jpg,0.1528999954462051
img_02548_mirrored.jpg,-0.2833000123500824
img_01052.jpg,-0.0225000008940696
img_03602_mirrored.jpg,0.1141000017523765
img_14070.jpg,-0.1974000036716461
img_04056.jpg,0.013600000180304
img_02334.jpg,-0.1318999975919723
img_06446_mirrored.jpg,0.2325000017881393
img_04299_mirrored.jpg,0.0392999984323978
img_05978_mirrored.jpg,0.3088999986648559
img_14148_mirrored.jpg,-0.2973999977111816
img_01889.jpg,-0.3136000037193298
img_12231.jpg,-0.3142000138759613
img_08935.jpg,0.0245999991893768
img_15088.jpg,0.5235999822616577
img_11548_mirrored.jpg,-0.013600000180304
img_11923.jpg,0.1156999990344047
img_15009.jpg,0.5235999822616577
img_05867.jpg,0.0308999996632337
img_02805.jpg,-0.0381999984383583
img_05774_mirrored.jpg,-0.018300000578165
img_14278_mirrored.jpg,0.017799999564886
img_13756_mirrored.jpg,0.0031000000890344
img_03973.jpg,-0.1189000010490417
img_10693_mirrored.jpg,0.1471000015735626
img_00524.jpg,0.2973999977111816
img_12726_mirrored.jpg,0.0879999995231628
img_13549_mirrored.jpg,0.2759000062942505
img_09164_mirrored.jpg,0.0126000000163912
img_13273.jpg,0.1256999969482422
img_03947_mirrored.jpg,0.3142000138759613
img_11506_mirrored.jpg,-0.0741999968886375
img_09873.jpg,-0.1220000013709068
img_00604.jpg,0.1010999977588653
img_02861_mirrored.jpg,0.1524000018835067
img_07402.jpg,-0.2140000015497207
img_05378_mirrored.jpg,0.1770000010728836
img_14144_mirrored.jpg,-0.13680000603199
img_10878_mirrored.jpg,0.0083999997004866
img_02919_mirrored.jpg,0.2915000021457672
img_15072_mirrored.jpg,-0.5235999822616577
img_14995.jpg,0.5235999822616577
img_04339.jpg,-0.0744000002741813
img_14156.jpg,0.0575999990105629
img_12796.jpg,-0.0052000000141561
img_12459_mirrored.jpg,0.1120999976992607
img_07031_mirrored.jpg,-0.0559000000357627
img_13485.jpg,-0.1633999943733215
img_11842.jpg,0.0141000002622604
img_02492.jpg,-0.3142000138759613
img_02104.jpg,-0.0037000000011175
img_12378.jpg,0.201100006699562
img_04161.jpg,-0.0816999971866607
img_13943_mirrored.jpg,0.0838000029325485
img_09695.jpg,-0.032999999821186
img_07980.jpg,-0.0948000028729438
img_00838_mirrored.jpg,0.1587000042200088
img_05354_mirrored.jpg,0.150299996137619
img_04216_mirrored.jpg,0.0790999978780746
img_14020.jpg,-0.2529000043869018
img_11122_mirrored.jpg,0.093199998140335
img_13595_mirrored.jpg,0.1089000031352043
img_12024_mirrored.jpg,0.0230000000447034
img_07284_mirrored.jpg,0.0910999998450279
img_10906.jpg,0.0162000004202127
img_10658_mirrored.jpg,0.1876000016927719
img_10252_mirrored.jpg,0.3041999936103821
img_07095.jpg,-0.0037000000011175
img_02451.jpg,-0.3142000138759613
img_13231.jpg,-0.0162000004202127
img_03451_mirrored.jpg,0.3142000138759613
img_10226_mirrored.jpg,0.1492000073194503
img_10364.jpg,-0.3142000138759613
img_03759_mirrored.jpg,0.0173000004142522
img_08688_mirrored.jpg,0.0073000001721084
img_00335_mirrored.jpg,0.1429000049829483
img_09708_mirrored.jpg,0.0215000007301569
img_11230_mirrored.jpg,0.3142000138759613
img_05727_mirrored.jpg,-0.1130999997258186
img_03892.jpg,-0.2763000130653381
img_12197.jpg,-0.2786000072956085
img_01408_mirrored.jpg,0.3142000138759613
img_14422_mirrored.jpg,0.1177999973297119
img_14915_mirrored.jpg,0.5235999822616577
img_12700_mirrored.jpg,0.2800999879837036
img_09130_mirrored.jpg,-0.1203000023961067
img_10310.jpg,-0.1932000070810318
img_01579.jpg,-0.1013000011444091
img_05766.jpg,-0.0041999998502433
img_09594_mirrored.jpg,0.0115000000223517
img_05203.jpg,-0.0304000005125999
img_10690.jpg,-0.1292999982833862
img_09579.jpg,0.1031000018119812
img_08031.jpg,0.0256999991834163
img_00015_mirrored.jpg,-0.0277999993413686
img_00559.jpg,0.1811999976634979
img_10148.jpg,-0.0131000000983476
img_07446_mirrored.jpg,0.3142000138759613
img_06535.jpg,0.2188999950885772
img_08114.jpg,0.0236000008881092
img_01524.jpg,-0.0109999999403953
img_07092_mirrored.jpg,0.0037000000011175
img_00946_mirrored.jpg,0.1036999970674514
img_11514_mirrored.jpg,-0.1052000001072883
img_01442.jpg,-0.2822000086307525
img_13376_mirrored.jpg,-0.1411000043153762
img_05173.jpg,-0.1036999970674514
img_02371.jpg,-0.3142000138759613
img_15115_mirrored.jpg,-0.5235999822616577
img_01664.jpg,0.1093999966979026
img_13958_mirrored.jpg,0.1601999998092651
img_12351.jpg,0.1356000006198883
img_11286.jpg,-0.3142000138759613
img_15168.jpg,0.5235999822616577
img_14925_mirrored.jpg,0.5235999822616577
img_12953.jpg,0.0057999999262392
img_05521.jpg,0.018300000578165
img_05428.jpg,-0.3142000138759613
img_09134.jpg,0.1974000036716461
img_04326_mirrored.jpg,0.1010999977588653
img_04887.jpg,-0.033500000834465
img_07802.jpg,-0.1120999976992607
img_09523.jpg,0.1958000063896179
img_11963_mirrored.jpg,-0.0208999998867511
img_00269_mirrored.jpg,-0.0890000015497207
img_01429.jpg,-0.3142000138759613
img_06199_mirrored.jpg,0.0696000009775161
img_09212_mirrored.jpg,-0.1146999970078468
img_00039.jpg,0.0564999990165233
img_12117_mirrored.jpg,0.2685000002384186
img_02815_mirrored.jpg,0.0590000003576278
img_06862_mirrored.jpg,0.3142000138759613
img_02044_mirrored.jpg,0.0046999999321997
img_05404_mirrored.jpg,0.1872999966144561
img_05165.jpg,-0.0549999997019767
img_09013.jpg,0.018300000578165
img_05309_mirrored.jpg,-0.0723000019788742
img_14453_mirrored.jpg,0.2833000123500824
img_14215.jpg,0.2335000038146972
img_11265_mirrored.jpg,0.2612999975681305
img_02480_mirrored.jpg,0.3142000138759613
img_08572.jpg,-0.0230000000447034
img_13900.jpg,-0.0926999971270561
img_03606.jpg,-0.0716999992728233
img_00613.jpg,0.1508000046014785
img_02632_mirrored.jpg,-0.1067999973893165
img_06576_mirrored.jpg,0.1189000010490417
img_04686.jpg,0.093699999153614
img_01683_mirrored.jpg,0.0304000005125999
img_06624_mirrored.jpg,0.0225000008940696
img_06307.jpg,-0.0979000031948089
img_04067_mirrored.jpg,-0.0115000000223517
img_03050.jpg,0.0167999994009733
img_15104.jpg,0.5235999822616577
img_13474.jpg,-0.1381999999284744
img_10938.jpg,-0.002600000007078
img_09888_mirrored.jpg,0.0749000012874603
img_07747_mirrored.jpg,0.0304000005125999
img_01667.jpg,0.1105000004172325
img_13848.jpg,-0.0816999971866607
img_04807_mirrored.jpg,0.0313999988138675
img_02771_mirrored.jpg,-0.0131000000983476
img_05685.jpg,0.0806000009179115
img_02924.jpg,-0.3142000138759613
img_06549.jpg,-0.017799999564886
img_14827.jpg,0.0
img_12056_mirrored.jpg,0.0785000026226043
img_08566.jpg,0.1512999981641769
img_01972_mirrored.jpg,0.2689000070095062
img_11518.jpg,-0.1062000021338462
img_03313.jpg,-0.0759000033140182
img_02124_mirrored.jpg,0.0031000000890344
img_13658.jpg,-0.0157999992370605
img_13395.jpg,-0.0586000010371208
img_01461_mirrored.jpg,0.3142000138759613
img_13817.jpg,-0.0304000005125999
img_08043.jpg,-0.0046999999321997
img_13144_mirrored.jpg,0.1156999990344047
img_12772.jpg,0.0147000001743435
img_14952_mirrored.jpg,-0.0
img_13018.jpg,-0.1471000015735626
img_09784_mirrored.jpg,0.3142000138759613
img_10132.jpg,-0.0208999998867511
img_01287_mirrored.jpg,0.033500000834465
img_08984_mirrored.jpg,-0.1151999980211258
img_01899_mirrored.jpg,0.1565999984741211
img_06081.jpg,0.0245999991893768
img_00947_mirrored.jpg,0.0962999984622001
img_07621_mirrored.jpg,0.0266999993473291
img_09708.jpg,-0.0215000007301569
img_07905_mirrored.jpg,0.271699994802475
img_13546_mirrored.jpg,0.2196000069379806
img_04712_mirrored.jpg,0.0592000000178813
img_04513_mirrored.jpg,0.3142000138759613
img_08284.jpg,-0.157600000500679
img_02093_mirrored.jpg,0.0046999999321997
img_00557_mirrored.jpg,-0.1665000021457672
img_09518.jpg,0.1230000033974647
img_11981_mirrored.jpg,0.0759000033140182
img_08869_mirrored.jpg,0.224600002169609
img_08251.jpg,-0.0957999974489212
img_03232.jpg,-0.033500000834465
img_06414_mirrored.jpg,0.2231000065803527
img_00600.jpg,0.2277999967336654
img_06520.jpg,-0.0156999994069337
img_09841_mirrored.jpg,0.2004999965429306
img_09866_mirrored.jpg,0.0366999991238117
img_00638.jpg,0.093199998140335
img_00892_mirrored.jpg,0.226500004529953
img_02723_mirrored.jpg,-0.0447000004351139
img_02693.jpg,-0.013600000180304
img_01635_mirrored.jpg,-0.0417000018060207
img_01085.jpg,-0.0073000001721084
img_07278_mirrored.jpg,0.0922000035643577
img_08336_mirrored.jpg,0.3142000138759613
img_03400.jpg,-0.2269999980926513
img_02319.jpg,-0.0524000003933906
img_15017_mirrored.jpg,-0.5235999822616577
img_08623.jpg,-0.0204000007361173
img_02438_mirrored.jpg,0.261599987745285
img_01467_mirrored.jpg,0.3142000138759613
img_06709_mirrored.jpg,-0.1177999973297119
img_05455_mirrored.jpg,0.3142000138759613
img_01585_mirrored.jpg,0.1046999990940094
img_13524_mirrored.jpg,0.3142000138759613
img_05617.jpg,0.153899997472763
img_08019.jpg,-0.0318999998271465
img_03303.jpg,0.1110000014305114
img_07413.jpg,-0.3142000138759613
img_03971.jpg,-0.2016000002622604
img_03927.jpg,-0.3142000138759613
img_10901_mirrored.jpg,0.0147000001743435
img_03631_mirrored.jpg,-0.1717000007629394
img_07395_mirrored.jpg,0.1282999962568283
img_07630_mirrored.jpg,-0.0869000032544136
img_06499.jpg,0.0187999997287988
img_05291.jpg,-0.067500002682209
img_02622.jpg,0.2581000030040741
img_10259_mirrored.jpg,0.1371999979019165
img_11868_mirrored.jpg,0.0046999999321997
img_13388_mirrored.jpg,0.2250999957323074
img_00950_mirrored.jpg,0.048200000077486
img_09562_mirrored.jpg,-0.1706999987363815
img_14308.jpg,0.0869000032544136
img_06115.jpg,-0.0037000000011175
img_01727.jpg,-0.183799996972084
img_10284_mirrored.jpg,0.2402999997138977
img_11397_mirrored.jpg,-0.0507999993860721
img_05234.jpg,0.1968999952077865
img_09688_mirrored.jpg,0.0723000019788742
img_12280.jpg,0.2942999899387359
img_12846_mirrored.jpg,-0.0225000008940696
img_00509_mirrored.jpg,0.0236000008881092
img_05489.jpg,-0.3142000138759613
img_02630_mirrored.jpg,-0.096900001168251
img_01608_mirrored.jpg,-0.2414000034332275
img_08845.jpg,-0.3142000138759613
img_11038.jpg,0.2026000022888183
img_08150.jpg,-0.0381999984383583
img_09759.jpg,-0.1613000035285949
img_08257_mirrored.jpg,0.0885000005364418
img_10107.jpg,0.0916000008583068
img_12246.jpg,0.0256999991834163
img_10261_mirrored.jpg,0.0989999994635582
img_00142.jpg,0.0716999992728233
img_00399_mirrored.jpg,0.306300014257431
img_03817.jpg,-0.0277999993413686
img_00504.jpg,-0.066500000655651
img_10919_mirrored.jpg,-0.0162000004202127
img_01067_mirrored.jpg,-0.0256999991834163
img_11934.jpg,-0.0225000008940696
img_04546.jpg,-0.018300000578165
img_11636.jpg,0.0456000007688999
img_05227.jpg,0.0445000007748603
img_14796_mirrored.jpg,0.5235999822616577
img_11255.jpg,-0.3142000138759613
img_01448.jpg,-0.218299999833107
img_08046.jpg,-0.006800000090152
img_10860_mirrored.jpg,0.0922000035643577
img_12190_mirrored.jpg,0.3142000138759613
img_07613.jpg,0.1968999952077865
img_11980_mirrored.jpg,0.0520000010728836
img_14616_mirrored.jpg,0.0083999997004866
img_08030_mirrored.jpg,-0.0256999991834163
img_15150.jpg,0.5235999822616577
img_03414.jpg,-0.2508000135421753
img_08529_mirrored.jpg,0.1041999980807304
img_07375.jpg,-0.2428999990224838
img_12040_mirrored.jpg,-0.0225000008940696
img_13410.jpg,-0.0073000001721084
img_08177.jpg,-0.0419000014662742
img_05176.jpg,-0.0680999979376792
img_14389.jpg,-0.0806000009179115
img_01449.jpg,-0.1905999928712844
img_02139_mirrored.jpg,0.0445000007748603
img_04803.jpg,-0.048700001090765
img_10090_mirrored.jpg,0.0732999965548515
img_11868.jpg,-0.0046999999321997
img_05747.jpg,-0.1067999973893165
img_09142.jpg,0.0035000001080334
img_14998.jpg,0.5235999822616577
img_00282_mirrored.jpg,0.06700000166893
img_04695_mirrored.jpg,-0.0513000003993511
img_10866_mirrored.jpg,0.0847999975085258
img_14025.jpg,-0.277999997138977
img_12959_mirrored.jpg,0.0737999975681305
img_14926_mirrored.jpg,-0.0
img_06578_mirrored.jpg,0.1215000003576278
img_05986.jpg,-0.1994999945163726
img_07380.jpg,-0.3142000138759613
img_04865_mirrored.jpg,0.1141000017523765
img_13287_mirrored.jpg,-0.0952999964356422
img_02507.jpg,-0.0639000013470649
img_11685_mirrored.jpg,0.3142000138759613
img_07565.jpg,0.1757999956607818
img_14310.jpg,0.1407999992370605
img_14459_mirrored.jpg,0.3142000138759613
img_01315.jpg,-0.1000000014901161
img_10955.jpg,-0.0031000000890344
img_13708_mirrored.jpg,-0.017799999564886
img_09584_mirrored.jpg,-0.1000000014901161
img_13346.jpg,-0.0167999994009733
img_02752_mirrored.jpg,0.0324999988079071
img_05150.jpg,-0.0031000000890344
img_02504_mirrored.jpg,0.2560000121593475
img_01829_mirrored.jpg,0.1754000037908554
img_14084.jpg,-0.3142000138759613
img_05331_mirrored.jpg,0.0910999998450279
img_01031_mirrored.jpg,0.0041999998502433
img_04807.jpg,-0.0313999988138675
img_03937.jpg,-0.2816999852657318
img_10297_mirrored.jpg,0.3142000138759613
img_04848_mirrored.jpg,0.1429000049829483
img_12508_mirrored.jpg,0.0361000001430511
img_08661_mirrored.jpg,-0.05180000141263
img_01917.jpg,-0.3142000138759613
img_09412.jpg,-0.2754000127315521
img_15133_mirrored.jpg,-0.5235999822616577
img_09698.jpg,-0.0392999984323978
img_06683.jpg,-0.0529000014066696
img_08163_mirrored.jpg,-0.1732999980449676
img_10583_mirrored.jpg,0.1398999989032745
img_02723.jpg,0.0447000004351139
img_06346.jpg,-0.1571000069379806
img_11972_mirrored.jpg,-0.2046999931335449
img_07760_mirrored.jpg,0.0194000005722045
img_10544.jpg,-0.0230000000447034
img_08169_mirrored.jpg,0.0593999996781349
img_06011.jpg,0.0256999991834163
img_02755.jpg,-0.0162000004202127
img_04244_mirrored.jpg,0.0869000032544136
img_03003_mirrored.jpg,0.0966999977827072
img_12507_mirrored.jpg,0.0340000018477439
img_04412.jpg,-0.3142000138759613
img_13150_mirrored.jpg,0.3142000138759613
img_09934_mirrored.jpg,0.0833000019192695
img_06468_mirrored.jpg,0.3142000138759613
img_10761.jpg,-0.2896000146865845
img_00835_mirrored.jpg,0.150299996137619
img_02910.jpg,-0.1407999992370605
img_06661.jpg,0.0952999964356422
img_14951.jpg,0.0
img_06949_mirrored.jpg,-0.0098999999463558
img_05800.jpg,-0.0403000004589557
img_05092_mirrored.jpg,0.0272000003606081
img_02278_mirrored.jpg,0.0905999988317489
img_08651.jpg,0.0684999972581863
img_11204_mirrored.jpg,0.2953000068664551
img_10755.jpg,-0.3142000138759613
img_02557.jpg,0.0361000001430511
img_07705_mirrored.jpg,0.0304000005125999
img_09271.jpg,-0.1738000065088272
img_12974.jpg,0.06700000166893
img_13921_mirrored.jpg,0.0680999979376792
img_03922.jpg,-0.2302999943494796
img_10183.jpg,-0.0544999986886978
img_06227.jpg,-0.0502999983727932
img_07588.jpg,0.1093999966979026
img_09943_mirrored.jpg,0.0109999999403953
img_04701_mirrored.jpg,0.0131000000983476
img_07329.jpg,-0.1524000018835067
img_00792_mirrored.jpg,0.1086999997496604
img_08679.jpg,-0.0204000007361173
img_09032.jpg,-0.0031000000890344
img_07570_mirrored.jpg,-0.1429000049829483
img_03912_mirrored.jpg,0.1669999957084655
img_00911.jpg,-0.3142000138759613
img_12392.jpg,0.0507999993860721
img_06782_mirrored.jpg,0.0208999998867511
img_03418_mirrored.jpg,0.2698999941349029
img_01221_mirrored.jpg,0.0308999996632337
img_10042.jpg,-0.0806000009179115
img_14891_mirrored.jpg,-0.0
img_12074.jpg,-0.05180000141263
img_01918_mirrored.jpg,0.289000004529953
img_00813.jpg,-0.1449999958276748
img_10100_mirrored.jpg,-0.1659999936819076
img_09541.jpg,0.1512999981641769
img_01190_mirrored.jpg,0.0685999989509582
img_07643_mirrored.jpg,0.0141000002622604
img_12814_mirrored.jpg,0.0037000000011175
img_07987_mirrored.jpg,0.0586000010371208
img_01260.jpg,-0.0644000023603439
img_04594_mirrored.jpg,-0.1627999991178512
img_13576.jpg,-0.2115000039339065
img_12184_mirrored.jpg,0.3142000138759613
img_01715_mirrored.jpg,-0.1423999965190887
img_11746.jpg,-0.3125999867916107
img_02355_mirrored.jpg,0.164900004863739
img_14950.jpg,-0.5235999822616577
img_02849.jpg,-0.1597000062465667
img_08305_mirrored.jpg,0.1982000023126602
img_08685.jpg,-0.0046999999321997
img_14521.jpg,-0.2915999889373779
img_06850_mirrored.jpg,0.0549999997019767
img_03426.jpg,-0.3142000138759613
img_04553_mirrored.jpg,-0.1024999991059303
img_04434.jpg,-0.306300014257431
img_02547.jpg,0.2748999893665313
img_11842_mirrored.jpg,-0.0141000002622604
img_06367_mirrored.jpg,0.2827000021934509
img_03303_mirrored.jpg,-0.1110000014305114
img_11431.jpg,0.048700001090765
img_10706_mirrored.jpg,0.0152000002562999
img_07754.jpg,-0.0414000004529953
img_06166.jpg,-0.0162000004202127
img_12640_mirrored.jpg,0.2236000001430511
img_07926_mirrored.jpg,0.121799997985363
img_12307_mirrored.jpg,-0.098300002515316
img_15127.jpg,0.0
img_12937_mirrored.jpg,0.0414000004529953
img_10907.jpg,0.0208999998867511
img_07738.jpg,-0.1072999984025955
img_00954.jpg,0.0093999998643994
img_02159.jpg,0.0864999964833259
img_06606.jpg,0.2329999953508377
img_06678_mirrored.jpg,0.0544999986886978
img_00623.jpg,0.0040000001899898
img_02182.jpg,-0.0361000001430511
img_03473.jpg,-0.0423999987542629
img_05857.jpg,-0.1497000008821487
img_01198_mirrored.jpg,-0.1265999972820282
img_09018.jpg,-0.0046999999321997
img_10049.jpg,0.050500001758337
img_14893_mirrored.jpg,-0.0
img_03132.jpg,-0.0031000000890344
img_06671_mirrored.jpg,0.0131000000983476
img_04511.jpg,-0.3142000138759613
img_15085_mirrored.jpg,-0.5235999822616577
img_06155_mirrored.jpg,-0.0410999990999698
img_03198_mirrored.jpg,0.0423999987542629
img_11040.jpg,0.1456000059843063
img_08326.jpg,-0.0905999988317489
img_04030.jpg,0.0098999999463558
img_08699_mirrored.jpg,-0.017799999564886
img_08446_mirrored.jpg,-0.0204000007361173
img_05360_mirrored.jpg,0.1544999927282333
img_03835.jpg,-0.1471000015735626
img_11769.jpg,-0.274399995803833
img_13968.jpg,-0.1606999933719635
img_01640_mirrored.jpg,-0.1841000020503997
img_04004.jpg,-0.0623000003397464
img_00957_mirrored.jpg,0.0577999986708164
img_07197.jpg,-0.0821999981999397
img_13767.jpg,-0.0313999988138675
img_03209.jpg,-0.0812000036239624
img_13300.jpg,-0.0204000007361173
img_08230.jpg,0.0162000004202127
img_05994.jpg,-0.0386999994516372
img_14470.jpg,-0.2198999971151352
img_15105.jpg,0.5235999822616577
img_04446_mirrored.jpg,0.163100004196167
img_05759.jpg,-0.0041999998502433
img_00845_mirrored.jpg,-0.0297999996691942
img_10626_mirrored.jpg,0.1072999984025955
img_00333_mirrored.jpg,0.1706999987363815
img_09653.jpg,-0.0198999997228384
img_06981.jpg,-0.2220000028610229
img_05337.jpg,-0.0461000017821788
img_08031_mirrored.jpg,-0.0256999991834163
img_05577.jpg,-0.0078999996185302
img_01437_mirrored.jpg,0.3142000138759613
img_06442.jpg,-0.2806000113487243
img_12945_mirrored.jpg,0.048200000077486
img_00899_mirrored.jpg,0.3142000138759613
img_13382.jpg,-0.0450000017881393
img_00655_mirrored.jpg,-0.1141000017523765
img_10853.jpg,-0.0115000000223517
img_00420_mirrored.jpg,0.3142000138759613
img_12596_mirrored.jpg,0.3142000138759613
img_01009.jpg,-0.0093999998643994
img_08365.jpg,-0.1659999936819076
img_04681.jpg,0.0340000018477439
img_06792_mirrored.jpg,0.1264999955892563
img_12739.jpg,0.017799999564886
img_14083.jpg,-0.3142000138759613
img_00854.jpg,-0.0795999988913536
img_08454.jpg,-0.0152000002562999
img_09433.jpg,-0.0873999968171119
img_04238_mirrored.jpg,-0.0242999996989965
img_09729.jpg,-0.1403000056743621
img_10131_mirrored.jpg,0.0120000001043081
img_07733_mirrored.jpg,0.067500002682209
img_10020.jpg,-0.0031000000890344
img_05138_mirrored.jpg,0.0031000000890344
img_09798.jpg,-0.2319999933242797
img_02141_mirrored.jpg,0.0571000017225742
img_14155.jpg,0.0852999985218048
img_03029_mirrored.jpg,0.008899999782443
img_03722_mirrored.jpg,-0.006800000090152
img_02801_mirrored.jpg,0.0403000004589557
img_06121_mirrored.jpg,0.0037000000011175
img_04346_mirrored.jpg,0.1089000031352043
img_03469_mirrored.jpg,0.1627999991178512
img_08000_mirrored.jpg,0.0083999997004866
img_03932_mirrored.jpg,0.3142000138759613
img_03773.jpg,0.0046999999321997
img_08143.jpg,-0.0780000016093254
img_05789.jpg,-0.070200003683567
img_10690_mirrored.jpg,0.1292999982833862
img_01277_mirrored.jpg,-0.0542000010609626
img_05500_mirrored.jpg,0.3142000138759613
img_11218_mirrored.jpg,0.2639000117778778
img_00867_mirrored.jpg,0.3142000138759613
img_13327_mirrored.jpg,-0.0696000009775161
img_14493.jpg,-0.3142000138759613
img_03833.jpg,-0.1627999991178512
img_12855.jpg,0.0859000012278556
img_12050.jpg,0.0922000035643577
img_13616_mirrored.jpg,0.3010999858379364
img_04139_mirrored.jpg,0.0031000000890344
img_00180.jpg,-0.0555000007152557
img_10086.jpg,-0.0806000009179115
img_06831_mirrored.jpg,0.1429000049829483
img_03639_mirrored.jpg,-0.1177999973297119
img_13471_mirrored.jpg,0.1345999985933303
img_01040_mirrored.jpg,-0.0564999990165233
img_09488_mirrored.jpg,-0.1784999966621399
img_00965_mirrored.jpg,0.2948000133037567
img_13805_mirrored.jpg,0.018300000578165
img_08262_mirrored.jpg,0.0465999990701675
img_06685.jpg,-0.0423999987542629
img_02991.jpg,-0.2538999915122986
img_11818_mirrored.jpg,-0.0109999999403953
img_10997_mirrored.jpg,0.0251000002026557
img_11545.jpg,0.0052000000141561
img_14492.jpg,-0.3142000138759613
img_01088.jpg,-0.0057999999262392
img_13131.jpg,-0.2707000076770782
img_08258.jpg,-0.0790999978780746
img_02434_mirrored.jpg,0.1436000019311905
img_10984.jpg,0.0732999965548515
img_13327.jpg,0.0696000009775161
img_05652_mirrored.jpg,-0.0573000013828277
img_00053_mirrored.jpg,-0.0131000000983476
img_14650.jpg,0.0215000007301569
img_14864_mirrored.jpg,-0.0
img_05635.jpg,0.0995000004768371
img_02298_mirrored.jpg,-0.0476000010967254
img_01176.jpg,-0.0408000014722347
img_09854_mirrored.jpg,0.2460999935865402
img_00654.jpg,0.1093999966979026
img_05685_mirrored.jpg,-0.0806000009179115
img_08918.jpg,-0.0236000008881092
img_10344.jpg,-0.3142000138759613
img_04299.jpg,-0.0392999984323978
img_11774_mirrored.jpg,0.1393000036478042
img_08166.jpg,0.0659999996423721
img_00658_mirrored.jpg,-0.1020999997854232
img_01510_mirrored.jpg,0.0555999986827373
img_09331.jpg,-0.3142000138759613
img_13491_mirrored.jpg,0.1225000023841857
img_11856.jpg,0.0115000000223517
img_13595.jpg,-0.1089000031352043
img_02688_mirrored.jpg,0.018300000578165
img_01958_mirrored.jpg,0.0995000004768371
img_00655.jpg,0.1141000017523765
img_03353.jpg,-0.1534000039100647
img_00470.jpg,-0.3142000138759613
img_08519.jpg,0.0471000000834465
img_04088.jpg,-0.013600000180304
img_04277.jpg,-0.0318999998271465
img_03871_mirrored.jpg,-0.0706999972462654
img_06078_mirrored.jpg,-0.0204000007361173
img_12013_mirrored.jpg,0.0491999983787536
img_03791.jpg,-0.1062999963760376
img_08674_mirrored.jpg,0.0812000036239624
img_01690.jpg,-0.0592000000178813
img_13954.jpg,-0.1449999958276748
img_09018_mirrored.jpg,0.0046999999321997
img_03874_mirrored.jpg,-0.0392999984323978
img_14810_mirrored.jpg,0.5235999822616577
img_05048.jpg,-0.0361000001430511
img_08837.jpg,-0.2412000000476837
img_07500_mirrored.jpg,-0.0251000002026557
img_09063_mirrored.jpg,0.048700001090765
img_11792.jpg,-0.0162000004202127
img_10584_mirrored.jpg,0.1722999960184097
img_09001.jpg,0.013600000180304
img_07106.jpg,-0.0031000000890344
img_13810_mirrored.jpg,0.0414000004529953
img_08892_mirrored.jpg,0.0377000011503696
img_08617.jpg,-0.018300000578165
img_12301.jpg,-0.0052000000141561
img_02643_mirrored.jpg,-0.0293000005185604
img_09339.jpg,-0.1544999927282333
img_09999.jpg,-0.0037000000011175
img_08627.jpg,-0.0423999987542629
img_02535.jpg,-0.0173000004142522
img_13033.jpg,-0.1550000011920929
img_11493_mirrored.jpg,0.024100000038743
img_09670_mirrored.jpg,-0.0147000001743435
img_05970_mirrored.jpg,0.0194000005722045
img_14090_mirrored.jpg,0.3142000138759613
img_06922.jpg,-0.2364999949932098
img_02822.jpg,-0.2115000039339065
img_02756_mirrored.jpg,0.0126000000163912
img_10214_mirrored.jpg,0.1318999975919723
img_14608_mirrored.jpg,-0.0187999997287988
img_01431.jpg,-0.3142000138759613
img_08438_mirrored.jpg,0.2800999879837036
img_10670_mirrored.jpg,0.1351000070571899
img_13378.jpg,0.1471000015735626
img_08268.jpg,-0.0838000029325485
img_11807.jpg,0.018300000578165
img_06638.jpg,0.1900999993085861
img_08060.jpg,-0.0031000000890344
img_15123_mirrored.jpg,-0.5235999822616577
img_12470.jpg,-0.0020999999251216
img_08194_mirrored.jpg,0.0381999984383583
img_00431_mirrored.jpg,0.2770000100135803
img_14082_mirrored.jpg,0.3142000138759613
img_08297_mirrored.jpg,0.1732999980449676
img_01180.jpg,-0.0277999993413686
img_11189_mirrored.jpg,0.2696999907493591
img_06381.jpg,-0.2296999990940094
img_02322_mirrored.jpg,0.0581000000238418
img_02956.jpg,-0.3142000138759613
img_10085.jpg,-0.0744000002741813
img_06861.jpg,-0.3142000138759613
img_06725_mirrored.jpg,0.063400000333786
img_15015_mirrored.jpg,-0.5235999822616577
img_01445.jpg,-0.2538999915122986
img_12176_mirrored.jpg,0.1130999997258186
img_12621.jpg,-0.3142000138759613
img_01115_mirrored.jpg,0.0031000000890344
img_14677.jpg,-0.0031000000890344
img_09455_mirrored.jpg,-0.2926999926567077
img_05218.jpg,-0.0790999978780746
img_09575_mirrored.jpg,-0.0597000010311603
img_09002_mirrored.jpg,-0.0167999994009733
img_03296_mirrored.jpg,0.0156999994069337
img_07438_mirrored.jpg,0.3142000138759613
img_04236_mirrored.jpg,-0.0732999965548515
img_15118.jpg,0.5235999822616577
img_07225_mirrored.jpg,0.0507999993860721
img_14254_mirrored.jpg,0.0313999988138675
img_09244_mirrored.jpg,0.1041999980807304
img_09026_mirrored.jpg,0.0052000000141561
img_02923.jpg,-0.3142000138759613
img_08661.jpg,0.05180000141263
img_01744.jpg,-0.006800000090152
img_13124.jpg,-0.3142000138759613
img_12076.jpg,-0.0697999969124794
img_00708.jpg,0.0995000004768371
img_04396_mirrored.jpg,0.1360999941825866
img_01541.jpg,0.1356000006198883
img_03409_mirrored.jpg,0.2948000133037567
img_10053_mirrored.jpg,-0.1067999973893165
img_12186.jpg,-0.3142000138759613
img_04977.jpg,-0.2041999995708465
img_00893.jpg,-0.2492000013589859
img_02126.jpg,-0.0031000000890344
img_10891.jpg,0.09009999781847
img_06513.jpg,-0.0581000000238418
img_11470_mirrored.jpg,-0.0533999986946582
img_13364.jpg,0.008899999782443
img_14701.jpg,-0.0414000004529953
img_01048.jpg,0.070200003683567
img_12207_mirrored.jpg,0.0287999995052814
img_09508.jpg,-0.0043999999761581
img_01583.jpg,-0.1272000074386596
img_05377.jpg,-0.1669999957084655
img_04461.jpg,-0.3142000138759613
img_14746_mirrored.jpg,0.5235999822616577
img_12070.jpg,-0.0586000010371208
img_04752.jpg,-0.2366999983787536
img_11410_mirrored.jpg,-0.1492999941110611
img_01413.jpg,-0.198400005698204
img_02940_mirrored.jpg,0.3142000138759613
img_12065_mirrored.jpg,0.0989999994635582
img_09620.jpg,0.0046999999321997
img_11498.jpg,0.0093999998643994
img_02477_mirrored.jpg,0.3142000138759613
img_05931.jpg,-0.3142000138759613
img_04982_mirrored.jpg,0.1031000018119812
img_02776_mirrored.jpg,0.008899999782443
img_02789_mirrored.jpg,0.0890000015497207
img_07000.jpg,-0.0120000001043081
img_07237.jpg,0.0046999999321997
img_12872.jpg,-0.0308999996632337
img_06162_mirrored.jpg,-0.0852999985218048
img_07841_mirrored.jpg,0.3142000138759613
img_01007.jpg,-0.0098999999463558
img_03877_mirrored.jpg,0.0098999999463558
img_14200_mirrored.jpg,-0.153899997472763
img_13095_mirrored.jpg,0.3142000138759613
img_06431_mirrored.jpg,0.3142000138759613
img_11936_mirrored.jpg,0.0152000002562999
img_04472.jpg,-0.2057999968528747
img_08223.jpg,-0.0916000008583068
img_07491_mirrored.jpg,0.048200000077486
img_05310.jpg,0.0852999985218048
img_02017.jpg,-0.0083999997004866
img_12124.jpg,-0.2969000041484833
img_00070.jpg,-0.0052000000141561
img_00076_mirrored.jpg,0.0041999998502433
img_10555.jpg,-0.0428999997675418
img_08961_mirrored.jpg,0.0445000007748603
img_06244.jpg,-0.0355999991297721
img_02708.jpg,-0.0381999984383583
img_11455.jpg,-0.0245999991893768
img_07677.jpg,0.0531999990344047
img_09164.jpg,-0.0126000000163912
img_05052_mirrored.jpg,0.099600002169609
img_02207.jpg,0.0568000003695488
img_03699.jpg,-0.008899999782443
img_09153.jpg,-0.0256999991834163
img_02733.jpg,0.0910999998450279
img_00201.jpg,-0.0529000014066696
img_04475_mirrored.jpg,0.1230000033974647
img_13072_mirrored.jpg,0.3142000138759613
img_10406.jpg,0.1115999966859817
img_08211.jpg,0.0031000000890344
img_04312.jpg,0.0885000005364418
img_07255.jpg,-0.0318999998271465
img_07271_mirrored.jpg,0.0524000003933906
img_13922.jpg,-0.0806000009179115
img_07934_mirrored.jpg,0.2915999889373779
img_06565.jpg,0.1806000024080276
img_03707_mirrored.jpg,0.0592000000178813
img_01321.jpg,-0.120399996638298
img_11024_mirrored.jpg,0.0769999995827674
img_13284.jpg,0.1587000042200088
img_00047_mirrored.jpg,0.0167999994009733
img_05301.jpg,-0.0533999986946582
img_06375.jpg,-0.0885000005364418
img_10299.jpg,-0.2732999920845032
img_06919.jpg,-0.2131000012159347
img_01016.jpg,-0.1230000033974647
img_10566.jpg,0.0037000000011175
img_03990_mirrored.jpg,0.2653000056743622
img_12598_mirrored.jpg,0.3142000138759613
img_00077.jpg,-0.0031000000890344
img_10027.jpg,-0.0041999998502433
img_07377_mirrored.jpg,0.2408999949693679
img_11768.jpg,-0.2680000066757202
img_09332_mirrored.jpg,0.3142000138759613
img_12114.jpg,-0.2057999968528747
img_09661_mirrored.jpg,0.0063000000081956
img_03171.jpg,0.1026000007987022
img_01120_mirrored.jpg,0.0031000000890344
img_04985.jpg,-0.0821999981999397
img_08798.jpg,-0.0414000004529953
img_12261.jpg,-0.0852999985218048
img_12778_mirrored.jpg,-0.0256999991834163
img_02007.jpg,0.0245999991893768
img_00498_mirrored.jpg,0.0471000000834465
img_10412_mirrored.jpg,-0.2969000041484833
img_00237.jpg,-0.0423999987542629
img_00849_mirrored.jpg,0.0167999994009733
img_02380.jpg,-0.1811999976634979
img_08737.jpg,-0.0287999995052814
img_04783.jpg,0.0156999994069337
img_13264_mirrored.jpg,-0.0606999993324279
img_03689_mirrored.jpg,-0.0864000022411346
img_00149.jpg,-0.017799999564886
img_02978_mirrored.jpg,-0.0078999996185302
img_02083_mirrored.jpg,-0.0236000008881092
img_13561_mirrored.jpg,0.2492000013589859
img_08167.jpg,-0.0377000011503696
img_03778.jpg,0.0167999994009733
img_08902.jpg,-0.3142000138759613
img_03622.jpg,0.1266999989748001
img_03233_mirrored.jpg,0.0346000008285045
img_06151_mirrored.jpg,0.0434999987483024
img_12208.jpg,-0.0287999995052814
img_05168_mirrored.jpg,0.0744000002741813
img_09451_mirrored.jpg,-0.1816000044345855
img_04749_mirrored.jpg,0.1454000025987625
img_00831_mirrored.jpg,0.130400002002716
img_06528.jpg,0.164900004863739
img_09017_mirrored.jpg,0.0041999998502433
img_04716.jpg,-0.0513000003993511
img_05117_mirrored.jpg,0.0041999998502433
img_06773.jpg,-0.0340000018477439
img_11784_mirrored.jpg,-0.0120000001043081
img_07236_mirrored.jpg,-0.006800000090152
img_10442_mirrored.jpg,-0.1806000024080276
img_11198_mirrored.jpg,0.0864000022411346
img_00156.jpg,-0.0173000004142522
img_01932.jpg,-0.2524000108242035
img_03171_mirrored.jpg,-0.1026000007987022
img_01132_mirrored.jpg,0.0749000012874603
img_10411_mirrored.jpg,-0.3005000054836273
img_08643.jpg,0.0063000000081956
img_12777.jpg,0.0256999991834163
img_05909_mirrored.jpg,0.1744000017642974
img_04092.jpg,0.0152000002562999
img_05496.jpg,-0.3142000138759613
img_01327_mirrored.jpg,0.1565999984741211
img_11145.jpg,-0.1041999980807304
img_02842_mirrored.jpg,0.1738000065088272
img_14484_mirrored.jpg,0.3142000138759613
img_04488.jpg,-0.3142000138759613
img_10001.jpg,-0.0037000000011175
img_05674.jpg,0.0450000017881393
img_14501_mirrored.jpg,0.3142000138759613
img_08196_mirrored.jpg,0.048200000077486
img_00373_mirrored.jpg,0.3142000138759613
img_04930_mirrored.jpg,0.2664999961853027
img_11997.jpg,0.0078999996185302
img_13247_mirrored.jpg,-0.123599998652935
img_02320_mirrored.jpg,0.0450000017881393
img_06181_mirrored.jpg,0.0386999994516372
img_08331.jpg,-0.2707000076770782
img_10786.jpg,-0.2770000100135803
img_00582_mirrored.jpg,-0.0829999968409538
img_12916_mirrored.jpg,0.0905999988317489
img_10698.jpg,0.1010999977588653
img_11158_mirrored.jpg,0.1550000011920929
img_11873.jpg,-0.002600000007078
img_14184_mirrored.jpg,0.0340000018477439
img_05471_mirrored.jpg,0.2261999994516372
img_07767.jpg,-0.0995000004768371
img_03101.jpg,0.0093999998643994
img_06983_mirrored.jpg,0.1534000039100647
img_06728.jpg,-0.0293000005185604
img_06956.jpg,-0.3142000138759613
img_13341_mirrored.jpg,0.0215000007301569
img_07568_mirrored.jpg,-0.183799996972084
img_13916.jpg,0.1015999987721443
img_03468.jpg,-0.1895000040531158
img_14416_mirrored.jpg,0.1859000027179718
img_08206_mirrored.jpg,0.0297999996691942
img_06365.jpg,-0.3057999908924103
img_11848_mirrored.jpg,-0.0256999991834163
img_11969_mirrored.jpg,-0.1357000023126602
img_12309.jpg,0.1497000008821487
img_13928_mirrored.jpg,0.1041999980807304
img_05008.jpg,-0.1544999927282333
img_02926_mirrored.jpg,0.3142000138759613
img_04730.jpg,-0.0010000000474974
img_05607.jpg,-0.032999999821186
img_03478.jpg,-0.1923999935388565
img_02609_mirrored.jpg,-0.1744000017642974
img_07851.jpg,-0.2450000047683715
img_02674.jpg,0.0785000026226043
img_02523.jpg,-0.0785000026226043
img_05755.jpg,-0.008899999782443
img_10067_mirrored.jpg,0.008899999782443
img_08969.jpg,0.0046999999321997
img_04642_mirrored.jpg,-0.1136000007390976
img_07104.jpg,-0.0031000000890344
img_02934_mirrored.jpg,0.3142000138759613
img_07223.jpg,-0.0471000000834465
img_04036.jpg,-0.0098999999463558
img_07658.jpg,-0.0597000010311603
img_07537_mirrored.jpg,-0.0953999981284141
img_10791_mirrored.jpg,0.1869000047445297
img_00280.jpg,-0.060199998319149
img_00725_mirrored.jpg,0.0428999997675418
img_02866_mirrored.jpg,-0.1000000014901161
img_00134_mirrored.jpg,-0.0346000008285045
img_08388_mirrored.jpg,0.3142000138759613
img_10379_mirrored.jpg,-0.0272000003606081
img_08922.jpg,-0.1611000001430511
img_01921_mirrored.jpg,0.3142000138759613
img_14290_mirrored.jpg,0.048700001090765
img_06944_mirrored.jpg,0.0529000014066696
img_13620.jpg,-0.1942999958992004
img_07936.jpg,-0.2319999933242797
img_12958.jpg,-0.060199998319149
img_05688_mirrored.jpg,-0.0219999998807907
img_08546.jpg,0.1182999983429908
img_13418_mirrored.jpg,-0.0194000005722045
img_13721_mirrored.jpg,-0.0104999998584389
img_06560.jpg,0.0819000005722045
img_11117.jpg,-0.032999999821186
img_05848_mirrored.jpg,0.1423999965190887
img_14507.jpg,-0.2554999887943268
img_07915.jpg,-0.0957999974489212
img_12090_mirrored.jpg,0.157600000500679
img_02304.jpg,-0.0873999968171119
img_14354_mirrored.jpg,0.0147000001743435
img_12493.jpg,-0.1031000018119812
img_09230.jpg,-0.0905999988317489
img_03097.jpg,0.0204000007361173
img_10732_mirrored.jpg,0.3010999858379364
img_07780.jpg,-0.1445000022649765
img_13218.jpg,0.1800999939441681
img_11650_mirrored.jpg,0.1821999996900558
img_14619.jpg,0.0351000018417835
img_03292_mirrored.jpg,0.0737999975681305
img_06218.jpg,-0.0372000001370906
img_09169.jpg,-0.0461000017821788
img_06774_mirrored.jpg,0.0366999991238117
img_02514.jpg,0.0152000002562999
img_02920.jpg,-0.3142000138759613
img_07532_mirrored.jpg,-0.008899999782443
img_12968_mirrored.jpg,0.048700001090765
img_05592.jpg,0.1324999928474426
img_00704_mirrored.jpg,-0.1429000049829483
img_05757_mirrored.jpg,0.0041999998502433
img_09189_mirrored.jpg,0.0469000004231929
img_09068_mirrored.jpg,0.0922000035643577
img_01790.jpg,-0.0408000014722347
img_00492.jpg,0.0126000000163912
img_11959.jpg,-0.0763999968767166
img_13853_mirrored.jpg,0.0728000029921531
img_14422.jpg,-0.1177999973297119
img_11011_mirrored.jpg,0.0414000004529953
img_10915_mirrored.jpg,-0.0215000007301569
img_13660.jpg,-0.0723000019788742
img_07085.jpg,-0.0031000000890344
img_06452_mirrored.jpg,0.0617999993264675
img_09119_mirrored.jpg,0.0826999992132186
img_06644.jpg,-0.0262000001966953
img_13370.jpg,0.0141000002622604
img_00402.jpg,-0.1926999986171722
img_02952_mirrored.jpg,0.2705000042915344
img_07155.jpg,-0.0283000003546476
img_04312_mirrored.jpg,-0.0885000005364418
img_07990.jpg,0.0147000001743435
img_05643.jpg,0.0995000004768371
img_07262_mirrored.jpg,-0.0737999975681305
img_13265_mirrored.jpg,-0.0895000025629997
img_09863.jpg,-0.0922000035643577
img_08639.jpg,-0.0120000001043081
img_11309_mirrored.jpg,0.1796000003814697
img_08611.jpg,0.0859000012278556
img_03873.jpg,0.0571000017225742
img_08434.jpg,-0.3142000138759613
img_12561.jpg,-0.1482000052928924
img_13194.jpg,-0.0864000022411346
img_06860.jpg,-0.2797000110149383
img_08980.jpg,0.0864000022411346
img_03653.jpg,0.0087000001221895
img_11318_mirrored.jpg,-0.0219999998807907
img_01811.jpg,-0.2067999988794326
img_03233.jpg,-0.0346000008285045
img_02572_mirrored.jpg,-0.0031000000890344
img_00349_mirrored.jpg,0.3142000138759613
img_03824.jpg,-0.1617999970912933
img_07523.jpg,-0.024100000038743
img_09356_mirrored.jpg,0.3142000138759613
img_09016_mirrored.jpg,-0.0063000000081956
img_07559_mirrored.jpg,0.060199998319149
img_14966.jpg,0.5235999822616577
img_08227.jpg,-0.0627999976277351
img_07429_mirrored.jpg,0.0821999981999397
img_12722.jpg,-0.0115000000223517
img_05178.jpg,0.0204000007361173
img_02612_mirrored.jpg,-0.1381999999284744
img_01219_mirrored.jpg,0.0639000013470649
img_04593_mirrored.jpg,-0.1817000061273574
img_02981.jpg,-0.0833000019192695
img_10032_mirrored.jpg,0.0502999983727932
img_04335_mirrored.jpg,0.0465999990701675
img_11832.jpg,-0.0230000000447034
img_12357_mirrored.jpg,-0.1246000006794929
img_08879.jpg,-0.2707000076770782
img_07178.jpg,0.0262000001966953
img_10921.jpg,0.0073000001721084
img_08021_mirrored.jpg,0.024100000038743
img_13557_mirrored.jpg,0.3142000138759613
img_01371.jpg,-0.1240999996662139
img_09548_mirrored.jpg,0.0204000007361173
img_13674_mirrored.jpg,-0.0115000000223517
img_10827.jpg,-0.049600001424551
img_01330.jpg,-0.1591999977827072
img_03783.jpg,-0.0251000002026557
img_02800_mirrored.jpg,0.0392999984323978
img_11216.jpg,-0.2759000062942505
img_14154_mirrored.jpg,-0.1172999963164329
img_07834.jpg,-0.2549999952316284
img_09426.jpg,0.0078999996185302
img_10747.jpg,-0.2477000057697296
img_13811.jpg,-0.0428999997675418
img_07079_mirrored.jpg,0.0046999999321997
img_12576.jpg,-0.0529000014066696
img_02696_mirrored.jpg,0.0287999995052814
img_01211.jpg,-0.05180000141263
img_09682_mirrored.jpg,0.100500002503395
img_04938_mirrored.jpg,0.3142000138759613
img_04430_mirrored.jpg,0.3142000138759613
img_01572.jpg,0.1156999990344047
img_12539_mirrored.jpg,0.1371999979019165
img_00270_mirrored.jpg,-0.0983999967575073
img_02362_mirrored.jpg,0.1680999994277954
img_13479.jpg,-0.1774999946355819
img_11356_mirrored.jpg,0.0324999988079071
img_04536.jpg,-0.0859000012278556
img_06675_mirrored.jpg,0.0351000018417835
img_08047_mirrored.jpg,0.006800000090152
img_03995.jpg,-0.2926999926567077
img_07891.jpg,-0.228300005197525
img_15010_mirrored.jpg,-0.5235999822616577
img_08476_mirrored.jpg,-0.135900005698204
img_03482.jpg,-0.3142000138759613
img_12654_mirrored.jpg,0.2737999856472015
img_09074_mirrored.jpg,0.0612999983131885
img_09786_mirrored.jpg,0.3142000138759613
img_02403_mirrored.jpg,0.2791000008583069
img_14889.jpg,-0.5235999822616577
img_01157.jpg,-0.0156999994069337
img_12511_mirrored.jpg,0.0355999991297721
img_10591_mirrored.jpg,0.1162000000476837
img_13398_mirrored.jpg,0.024100000038743
img_00514.jpg,0.0126000000163912
img_00020.jpg,0.0198999997228384
img_02276.jpg,-0.0910999998450279
img_15128_mirrored.jpg,-0.0
img_11115_mirrored.jpg,-0.0723000019788742
img_04009_mirrored.jpg,0.0837000012397766
img_09581_mirrored.jpg,-0.1146999970078468
img_02450.jpg,-0.3142000138759613
img_03318.jpg,-0.0962999984622001
img_09105.jpg,-0.0392999984323978
img_06335_mirrored.jpg,0.1571000069379806
img_07714_mirrored.jpg,0.0063000000081956
img_14118.jpg,0.0245999991893768
img_05056_mirrored.jpg,0.1067999973893165
img_05555_mirrored.jpg,-0.2931999862194061
img_13694.jpg,0.0507999993860721
img_11836_mirrored.jpg,0.0262000001966953
img_01496.jpg,-0.0496999993920326
img_03988_mirrored.jpg,0.1202000007033348
img_04860.jpg,-0.1613000035285949
img_06963_mirrored.jpg,0.2046999931335449
img_02460.jpg,-0.2152000069618225
img_14750.jpg,-0.5235999822616577
img_02908_mirrored.jpg,0.1356000006198883
img_07565_mirrored.jpg,-0.1757999956607818
img_10579_mirrored.jpg,-0.0879999995231628
img_01168_mirrored.jpg,0.0256999991834163
img_13766_mirrored.jpg,0.0313999988138675
img_13400_mirrored.jpg,0.0098999999463558
img_06594.jpg,0.1544999927282333
img_05009.jpg,-0.1199000030755996
img_06801_mirrored.jpg,0.1780000030994415
img_12112.jpg,-0.1728000044822693
img_13180_mirrored.jpg,-0.0283000003546476
img_08994.jpg,-0.0215000007301569
img_14469_mirrored.jpg,0.26910001039505
img_05259_mirrored.jpg,-0.0052000000141561
img_11129_mirrored.jpg,0.0979000031948089
img_01335_mirrored.jpg,0.1508000046014785
img_05277.jpg,-0.048700001090765
img_14571.jpg,-0.2450000047683715
img_10264.jpg,-0.1098000034689903
img_07811.jpg,-0.1606999933719635
img_09401_mirrored.jpg,0.3142000138759613
img_12142_mirrored.jpg,0.3142000138759613
img_07513_mirrored.jpg,-0.167600005865097
img_04347_mirrored.jpg,0.1168000027537345
img_05038_mirrored.jpg,-0.0098999999463558
img_02076.jpg,0.018300000578165
img_15130.jpg,0.5235999822616577
img_07269_mirrored.jpg,0.0392999984323978
img_04660.jpg,0.0780000016093254
img_04964_mirrored.jpg,0.2300000041723251
img_12877_mirrored.jpg,0.0423999987542629
img_11170_mirrored.jpg,0.1780000030994415
img_04209_mirrored.jpg,0.0386999994516372
img_02393.jpg,-0.3142000138759613
img_14596_mirrored.jpg,0.1023000031709671
img_03430_mirrored.jpg,0.2921999990940094
img_12645.jpg,-0.2287999987602234
img_05332_mirrored.jpg,0.0838000029325485
img_11174.jpg,-0.1606999933719635
img_09870.jpg,0.0093999998643994
img_05942_mirrored.jpg,0.2067999988794326
img_02491.jpg,-0.3142000138759613
img_08329.jpg,-0.1397999972105026
img_10167.jpg,-0.0377000011503696
img_12614_mirrored.jpg,0.2716000080108642
img_08727.jpg,-0.0408000014722347
img_07904_mirrored.jpg,0.2764999866485595
img_00668_mirrored.jpg,0.0104999998584389
img_04662.jpg,0.1457999944686889
img_10831_mirrored.jpg,0.1959999948740005
img_14312_mirrored.jpg,-0.1439999938011169
img_08412_mirrored.jpg,0.3142000138759613
img_14142.jpg,0.0800999999046325
img_03487.jpg,-0.3142000138759613
img_05099.jpg,0.0115000000223517
img_05797.jpg,-0.0346000008285045
img_11197_mirrored.jpg,0.0895000025629997
img_04715_mirrored.jpg,0.0555000007152557
img_05230_mirrored.jpg,-0.1160999983549118
img_00906.jpg,-0.3142000138759613
img_01403_mirrored.jpg,0.3142000138759613
img_11727.jpg,-0.1722999960184097
img_01634.jpg,0.0256999991834163
img_10321.jpg,-0.3142000138759613
img_13512.jpg,-0.0910999998450279
img_00985_mirrored.jpg,0.2770000100135803
img_10725.jpg,-0.3142000138759613
img_14079_mirrored.jpg,0.1240999996662139
img_05875.jpg,-0.0614000000059604
img_13163_mirrored.jpg,0.3142000138759613
img_00036_mirrored.jpg,-0.0962999984622001
img_00588.jpg,0.1774999946355819
img_13519.jpg,-0.2942999899387359
img_11432.jpg,0.0245999991893768
img_08410_mirrored.jpg,0.3142000138759613
img_12972_mirrored.jpg,-0.0372000001370906
img_10847_mirrored.jpg,-0.033500000834465
img_08016.jpg,-0.0256999991834163
img_06591_mirrored.jpg,-0.1932000070810318
img_00163.jpg,-0.0372000001370906
img_11344_mirrored.jpg,-0.193900004029274
img_12637_mirrored.jpg,0.3104999959468841
img_15137.jpg,0.5235999822616577
img_03272.jpg,-0.0297999996691942
img_12850_mirrored.jpg,-0.0659999996423721
img_09881.jpg,-0.2811999917030334
img_14274_mirrored.jpg,0.0198999997228384
img_03396_mirrored.jpg,0.1128999963402748
img_11487.jpg,-0.0586000010371208
img_13573.jpg,-0.2592000067234039
img_01182_mirrored.jpg,0.0529000014066696
img_04330_mirrored.jpg,0.0847999975085258
img_14217.jpg,0.1680999994277954
img_04074.jpg,0.1182999983429908
img_01224_mirrored.jpg,0.0152000002562999
img_09884.jpg,-0.201100006699562
img_08897.jpg,-0.0167999994009733
img_08355_mirrored.jpg,0.3142000138759613
img_04463.jpg,-0.3131000101566314
img_12144_mirrored.jpg,0.3142000138759613
img_00503.jpg,-0.0763999968767166
img_07302.jpg,-0.1246000006794929
img_12443.jpg,0.1482000052928924
img_01893.jpg,-0.1847999989986419
img_03825_mirrored.jpg,0.1777999997138977
img_07765_mirrored.jpg,0.0471000000834465
img_04464.jpg,-0.3131000101566314
img_07192.jpg,0.0842999964952468
img_08198_mirrored.jpg,0.05180000141263
img_14267.jpg,0.1151999980211258
img_09961_mirrored.jpg,0.0219999998807907
img_04671_mirrored.jpg,-0.123599998652935
img_05122.jpg,-0.006800000090152
img_12127.jpg,-0.2287999987602234
img_03413.jpg,-0.2518999874591827
img_02672_mirrored.jpg,-0.0516000017523765
img_02278.jpg,-0.0905999988317489
img_13262_mirrored.jpg,0.0366999991238117
img_10207.jpg,-0.0995000004768371
img_07390.jpg,-0.262800008058548
img_10350_mirrored.jpg,0.3142000138759613
img_11948.jpg,-0.0381999984383583
img_00501_mirrored.jpg,0.0873999968171119
img_02456.jpg,-0.2617999911308288
img_15024_mirrored.jpg,-0.5235999822616577
img_11608.jpg,-0.1407999992370605
img_09609.jpg,-0.0392999984323978
img_09221.jpg,-0.0957999974489212
img_11985_mirrored.jpg,0.0847999975085258
img_09947_mirrored.jpg,-0.0109999999403953
img_13668_mirrored.jpg,0.0606999993324279
img_07669_mirrored.jpg,-0.006800000090152
img_04794_mirrored.jpg,0.0922000035643577
img_11308.jpg,-0.2377000004053115
img_06403.jpg,-0.3136000037193298
img_10718.jpg,-0.3131999969482422
img_00895.jpg,-0.2946000099182129
img_05611.jpg,0.1096000000834465
img_00993_mirrored.jpg,0.0754000023007392
img_01685.jpg,-0.0456000007688999
img_01320_mirrored.jpg,0.1130999997258186
img_13232.jpg,-0.0120000001043081
img_08593_mirrored.jpg,0.0256999991834163
img_11422.jpg,0.1026000007987022
img_11105.jpg,0.0225000008940696
img_00334_mirrored.jpg,0.1821999996900558
img_05518.jpg,-0.0403000004589557
img_05968_mirrored.jpg,0.0355999991297721
img_13300_mirrored.jpg,0.0204000007361173
img_13869_mirrored.jpg,0.0208999998867511
img_00564.jpg,0.0408000014722347
img_02229.jpg,-0.0659999996423721
img_09938.jpg,0.0156999994069337
img_10494.jpg,0.1041999980807304
img_04496.jpg,-0.3142000138759613
img_01147.jpg,0.0846000015735626
img_08475.jpg,0.1030000001192092
img_04806_mirrored.jpg,0.0313999988138675
img_08621_mirrored.jpg,0.0120000001043081
img_08817_mirrored.jpg,0.3142000138759613
img_13138.jpg,-0.0948000028729438
img_07171.jpg,-0.0812000036239624
img_04465_mirrored.jpg,0.2896000146865845
img_06555_mirrored.jpg,0.0057999999262392
img_10532.jpg,0.1079000011086463
img_03686_mirrored.jpg,-0.1156999990344047
img_14828_mirrored.jpg,-0.0
img_06354_mirrored.jpg,0.1738000065088272
img_02497_mirrored.jpg,0.3142000138759613
img_00786_mirrored.jpg,0.0245999991893768
img_01850.jpg,-0.1606999933719635
img_03386_mirrored.jpg,0.257099986076355
img_04538_mirrored.jpg,0.0759000033140182
img_11039_mirrored.jpg,-0.1817000061273574
img_13350.jpg,-0.0456000007688999
img_07334_mirrored.jpg,0.2475000023841858
img_01298.jpg,-0.100500002503395
img_14259_mirrored.jpg,-0.0623000003397464
img_04563_mirrored.jpg,-0.176499992609024
img_05397.jpg,-0.1120999976992607
img_11291.jpg,-0.3142000138759613
img_14123.jpg,-0.0293000005185604
img_06881.jpg,-0.1393000036478042
img_01319.jpg,-0.1062999963760376
img_10197_mirrored.jpg,0.06700000166893
img_04388.jpg,-0.3079000115394592
img_05138.jpg,-0.0031000000890344
img_07922.jpg,0.0093999998643994
img_07694_mirrored.jpg,0.2178000062704086
img_14657_mirrored.jpg,0.0046999999321997
img_11891_mirrored.jpg,0.0031000000890344
img_03012_mirrored.jpg,0.2105000019073486
img_03676_mirrored.jpg,-0.0219999998807907
img_05529.jpg,-0.033500000834465
img_06353_mirrored.jpg,0.1597000062465667
img_05126.jpg,-0.0046999999321997
img_01042_mirrored.jpg,-0.0872000008821487
img_07989_mirrored.jpg,-0.0198999997228384
img_03588.jpg,0.1806000024080276
img_03242.jpg,-0.0476000010967254
img_09698_mirrored.jpg,0.0392999984323978
img_03141_mirrored.jpg,0.0031000000890344
img_13331_mirrored.jpg,-0.1120999976992607
img_08041_mirrored.jpg,-0.0063000000081956
img_03428_mirrored.jpg,0.3142000138759613
img_00152.jpg,-0.0126000000163912
img_13992_mirrored.jpg,0.262800008058548
img_12822.jpg,-0.0031000000890344
img_05076.jpg,0.0397999994456768
img_12150_mirrored.jpg,0.2833000123500824
img_10681.jpg,-0.1853999942541122
img_12759.jpg,0.0524000003933906
img_13719_mirrored.jpg,-0.018300000578165
img_04151_mirrored.jpg,0.0031000000890344
img_13836.jpg,0.1791000068187713
img_04251_mirrored.jpg,0.0167999994009733
img_06614.jpg,0.1262000054121017
img_00269.jpg,0.0890000015497207
img_06483.jpg,-0.3142000138759613
img_06611_mirrored.jpg,-0.0948000028729438
img_00602_mirrored.jpg,-0.1528999954462051
img_11806.jpg,0.0162000004202127
img_13805.jpg,-0.018300000578165
img_12666.jpg,-0.0838000029325485
img_03203_mirrored.jpg,0.033500000834465
img_12051_mirrored.jpg,-0.0606999993324279
img_00330.jpg,-0.1550000011920929
img_02579_mirrored.jpg,-0.1266999989748001
img_02086_mirrored.jpg,-0.0198999997228384
img_01315_mirrored.jpg,0.1000000014901161
img_00548.jpg,-0.006800000090152
img_03974.jpg,-0.1046999990940094
img_00218_mirrored.jpg,-0.0083999997004866
img_01754.jpg,0.0041999998502433
img_07393_mirrored.jpg,0.1554999947547912
img_11589.jpg,-0.100500002503395
img_07056.jpg,0.024100000038743
img_00241_mirrored.jpg,-0.0078999996185302
img_03735_mirrored.jpg,-0.1439999938011169
img_07901_mirrored.jpg,0.3142000138759613
img_04423_mirrored.jpg,0.2815999984741211
img_02250.jpg,-0.0450000017881393
img_05159_mirrored.jpg,0.0057999999262392
img_04906.jpg,-0.3142000138759613
img_08102.jpg,0.0194000005722045
img_09975_mirrored.jpg,-0.024100000038743
img_04217.jpg,-0.0749000012874603
img_03980_mirrored.jpg,0.0476000010967254
img_08953_mirrored.jpg,0.096900001168251
img_09226.jpg,-0.1062999963760376
img_10068.jpg,-0.0126000000163912
img_10638_mirrored.jpg,0.0340000018477439
img_08033_mirrored.jpg,-0.024100000038743
img_07034_mirrored.jpg,-0.1089000031352043
img_13417_mirrored.jpg,-0.018300000578165
img_05736_mirrored.jpg,0.0592000000178813
img_00362.jpg,-0.0922000035643577
img_09878.jpg,-0.3142000138759613
img_03741_mirrored.jpg,0.0586000010371208
img_05007_mirrored.jpg,0.1853999942541122
img_07958.jpg,-0.1246000006794929
img_11750.jpg,-0.2858999967575073
img_11952_mirrored.jpg,0.0428999997675418
img_04803_mirrored.jpg,0.048700001090765
img_12239_mirrored.jpg,0.3142000138759613
img_02624_mirrored.jpg,-0.2408999949693679
img_05681_mirrored.jpg,-0.1141000017523765
img_13959.jpg,-0.1591999977827072
img_08086.jpg,-0.0277999993413686
img_01742.jpg,-0.0131000000983476
img_04386_mirrored.jpg,0.3142000138759613
img_11934_mirrored.jpg,0.0225000008940696
img_13486_mirrored.jpg,0.1518000066280365
img_11338.jpg,0.013600000180304
img_10243_mirrored.jpg,0.2120999991893768
img_09640_mirrored.jpg,0.2014999985694885
img_07651.jpg,-0.032999999821186
img_00706_mirrored.jpg,-0.1371999979019165
img_09394.jpg,-0.3142000138759613
img_00961_mirrored.jpg,0.2991999983787536
img_07140_mirrored.jpg,-0.0529000014066696
img_03728_mirrored.jpg,-0.0230999998748302
img_06918_mirrored.jpg,0.2131000012159347
img_12940.jpg,-0.0507999993860721
img_11898_mirrored.jpg,0.0052000000141561
img_00005_mirrored.jpg,0.0127999996766448
img_01681_mirrored.jpg,0.0147000001743435
img_02476_mirrored.jpg,0.3142000138759613
img_05863_mirrored.jpg,-0.1010999977588653
img_03643.jpg,0.1439999938011169
img_01766.jpg,-0.0362999998033046
img_11954.jpg,-0.0690999999642372
img_00631_mirrored.jpg,-0.1937000006437301
img_10723_mirrored.jpg,0.3142000138759613
img_12379.jpg,0.1994999945163726
img_14364.jpg,-0.1010999977588653
img_04930.jpg,-0.2664999961853027
img_10838_mirrored.jpg,0.1639000028371811
img_00909_mirrored.jpg,0.3142000138759613
img_06042_mirrored.jpg,-0.0115000000223517
img_03084_mirrored.jpg,0.0078999996185302
img_13687_mirrored.jpg,-0.0815000012516975
img_03471.jpg,-0.0957999974489212
img_13974_mirrored.jpg,0.1895000040531158
img_01869_mirrored.jpg,0.1537999957799911
img_04939_mirrored.jpg,0.3142000138759613
img_09671.jpg,0.0173000004142522
img_00599_mirrored.jpg,-0.2508000135421753
img_02023.jpg,-0.0340000018477439
img_04737.jpg,0.123599998652935
img_04757.jpg,-0.1230000033974647
img_11149_mirrored.jpg,0.1308999955654144
img_10751_mirrored.jpg,0.3142000138759613
img_01486.jpg,-0.3142000138759613
img_06015_mirrored.jpg,-0.0187999997287988
img_13162.jpg,-0.3142000138759613
img_11236.jpg,-0.2079000025987625
img_01923_mirrored.jpg,0.3142000138759613
img_04362.jpg,-0.1508000046014785
img_08323_mirrored.jpg,0.1130999997258186
img_07740_mirrored.jpg,0.0979000031948089
img_11363_mirrored.jpg,0.0173000004142522
img_08834_mirrored.jpg,0.1831000000238418
img_01785_mirrored.jpg,0.0351000018417835
img_01623_mirrored.jpg,-0.1560000032186508
img_10779_mirrored.jpg,0.2664999961853027
img_03659.jpg,0.1817000061273574
img_11583_mirrored.jpg,0.0208999998867511
img_14388.jpg,-0.05180000141263
img_12631.jpg,-0.3142000138759613
img_12665.jpg,-0.0838000029325485
img_07503.jpg,0.1086999997496604
img_13771.jpg,-0.0653999969363212
img_03487_mirrored.jpg,0.3142000138759613
img_00505.jpg,-0.0533999986946582
img_15176_mirrored.jpg,-0.0
img_10668.jpg,-0.1340000033378601
img_12806_mirrored.jpg,0.0031000000890344
img_05519_mirrored.jpg,-0.0215000007301569
img_01609.jpg,0.2597000002861023
img_03054_mirrored.jpg,-0.0063000000081956
img_00220.jpg,0.0126000000163912
img_06981_mirrored.jpg,0.2220000028610229
img_10295_mirrored.jpg,0.3142000138759613
img_01665.jpg,0.1136000007390976
img_13986_mirrored.jpg,0.3142000138759613
img_03492.jpg,-0.3142000138759613
img_01161_mirrored.jpg,0.0162000004202127
img_00210_mirrored.jpg,0.0318999998271465
img_11453.jpg,-0.032999999821186
img_07723.jpg,0.0141000002622604
img_13306_mirrored.jpg,-0.0920000001788139
img_08145_mirrored.jpg,0.0812000036239624
img_09859_mirrored.jpg,0.1093999966979026
img_02893.jpg,-0.3142000138759613
img_08085_mirrored.jpg,0.018300000578165
img_07865.jpg,-0.2775000035762787
img_09202.jpg,-0.0304000005125999
img_13526.jpg,-0.3142000138759613
img_04116_mirrored.jpg,0.0073000001721084
img_08675_mirrored.jpg,0.0812000036239624
img_08884_mirrored.jpg,0.1456000059843063
img_09855_mirrored.jpg,0.2198999971151352
img_02671_mirrored.jpg,-0.0355999991297721
img_12251_mirrored.jpg,-0.0198999997228384
img_14909.jpg,-0.5235999822616577
img_05299.jpg,-0.0812000036239624
img_10329.jpg,-0.2648999989032745
img_05497.jpg,-0.3142000138759613
img_14173_mirrored.jpg,-0.0833000019192695
img_01280_mirrored.jpg,-0.0922000035643577
img_00946.jpg,-0.1036999970674514
img_14921_mirrored.jpg,0.5235999822616577
img_14357.jpg,-0.0592000000178813
img_06956_mirrored.jpg,0.3142000138759613
img_03458_mirrored.jpg,0.3142000138759613
img_01893_mirrored.jpg,0.1847999989986419
img_06768_mirrored.jpg,0.0461000017821788
img_03595_mirrored.jpg,0.0381999984383583
img_13191.jpg,-0.0592000000178813
img_03107.jpg,-0.006800000090152
img_08848_mirrored.jpg,0.3142000138759613
img_10470.jpg,0.1601999998092651
img_07948_mirrored.jpg,0.150299996137619
img_03906.jpg,-0.3142000138759613
img_08120.jpg,-0.0187999997287988
img_00574.jpg,-0.1072999984025955
img_14639.jpg,0.0098999999463558
img_02025_mirrored.jpg,0.0608000010251998
img_11235_mirrored.jpg,0.2460999935865402
img_14955.jpg,0.0
img_12853_mirrored.jpg,-0.1151999980211258
img_12468.jpg,-0.0037000000011175
img_05766_mirrored.jpg,0.0041999998502433
img_14016_mirrored.jpg,0.3125999867916107
img_10460_mirrored.jpg,0.0491999983787536
img_06515.jpg,-0.0397999994456768
img_01445_mirrored.jpg,0.2538999915122986
img_08179_mirrored.jpg,0.0324999988079071
img_04590.jpg,0.13680000603199
img_03909.jpg,-0.2764999866485595
img_03020.jpg,0.0194000005722045
img_06668_mirrored.jpg,0.0173000004142522
img_01666_mirrored.jpg,-0.1136000007390976
img_06241_mirrored.jpg,0.0126000000163912
img_04099_mirrored.jpg,-0.0256999991834163
img_13831.jpg,0.0597000010311603
img_07977_mirrored.jpg,0.0372000001370906
img_07367.jpg,-0.3142000138759613
img_08092.jpg,-0.0706999972462654
img_12342.jpg,0.1272000074386596
img_03769_mirrored.jpg,0.008899999782443
img_04470_mirrored.jpg,0.2398000061511993
img_14008.jpg,-0.3142000138759613
img_10178_mirrored.jpg,-0.1146999970078468
img_09044.jpg,-0.0037000000011175
img_02395.jpg,-0.3142000138759613
img_05134.jpg,-0.0031000000890344
img_10007.jpg,-0.0037000000011175
img_07597.jpg,0.0612999983131885
img_07845.jpg,-0.3142000138759613
img_00595_mirrored.jpg,-0.191100001335144
img_02901_mirrored.jpg,0.3142000138759613
img_01756.jpg,0.0098999999463558
img_00673.jpg,-0.0381999984383583
img_06380.jpg,-0.1995999962091446
img_06489.jpg,-0.2969000041484833
img_12331_mirrored.jpg,-0.0685999989509582
img_03077.jpg,-0.0262000001966953
img_08179.jpg,-0.0324999988079071
img_13961.jpg,-0.1528999954462051
img_07414_mirrored.jpg,0.3142000138759613
img_06548_mirrored.jpg,0.0215000007301569
img_07514.jpg,0.1330000013113021
img_03317_mirrored.jpg,0.0926999971270561
img_03465_mirrored.jpg,0.2440000027418136
img_06625_mirrored.jpg,0.0245999991893768
img_12768.jpg,-0.0152000002562999
img_00830_mirrored.jpg,0.1194000020623207
img_09788.jpg,-0.3142000138759613
img_00761.jpg,-0.1052000001072883
img_13639.jpg,-0.157600000500679
img_01765_mirrored.jpg,0.0266999993473291
img_03811.jpg,-0.024100000038743
img_01154_mirrored.jpg,-0.0392999984323978
img_04797_mirrored.jpg,0.1046999990940094
img_07707_mirrored.jpg,0.0173000004142522
img_04660_mirrored.jpg,-0.0780000016093254
img_03204_mirrored.jpg,0.0434999987483024
img_12238.jpg,-0.3142000138759613
img_11927_mirrored.jpg,-0.0397999994456768
img_14738_mirrored.jpg,0.0194000005722045
img_08285.jpg,-0.1544999927282333
img_05914.jpg,-0.2836999893188476
img_11015_mirrored.jpg,0.0251000002026557
img_09301_mirrored.jpg,0.128600001335144
img_04059.jpg,0.0046999999321997
img_03091.jpg,0.0262000001966953
img_11454_mirrored.jpg,0.032999999821186
img_07571.jpg,0.1199000030755996
img_04263.jpg,-0.0272000003606081
img_14682_mirrored.jpg,0.0037000000011175
img_12966.jpg,-0.0795999988913536
img_14234.jpg,-0.0230000000447034
img_07971_mirrored.jpg,0.0083999997004866
img_11644_mirrored.jpg,0.0538999997079372
img_04815_mirrored.jpg,0.0377000011503696
img_13430_mirrored.jpg,0.1036999970674514
img_13965_mirrored.jpg,0.1534000039100647
img_05886_mirrored.jpg,0.3142000138759613
img_14780_mirrored.jpg,0.5235999822616577
img_03121.jpg,-0.0031000000890344
img_14939.jpg,-0.5235999822616577
img_02466.jpg,-0.0439999997615814
img_09985_mirrored.jpg,-0.0098999999463558
img_04618.jpg,0.1895000040531158
img_14667.jpg,-0.0041999998502433
img_03989.jpg,-0.194700002670288
img_09815.jpg,-0.3142000138759613
img_03350_mirrored.jpg,0.1601999998092651
img_01807_mirrored.jpg,0.1900999993085861
img_02764_mirrored.jpg,0.0078999996185302
img_06605.jpg,0.2329999953508377
img_04260.jpg,-0.0073000001721084
img_12932.jpg,-0.0078999996185302
img_06710.jpg,0.0885000005364418
img_10471.jpg,0.1381999999284744
img_00741_mirrored.jpg,0.006800000090152
img_06975_mirrored.jpg,0.1806000024080276
img_12815.jpg,-0.0037000000011175
img_05413_mirrored.jpg,0.3142000138759613
img_14057_mirrored.jpg,0.3142000138759613
img_03705_mirrored.jpg,0.0507999993860721
img_09204_mirrored.jpg,-0.0219999998807907
img_15079_mirrored.jpg,-0.5235999822616577
img_04584.jpg,0.0170000009238719
img_06687_mirrored.jpg,0.0297999996691942
img_07131_mirrored.jpg,-0.0318999998271465
img_04346.jpg,-0.1089000031352043
img_03444_mirrored.jpg,0.2249000072479248
img_09772_mirrored.jpg,0.0612999983131885
img_08199_mirrored.jpg,0.0524000003933906
img_09069.jpg,-0.1046999990940094
img_10775_mirrored.jpg,0.2089000046253204
img_11648_mirrored.jpg,0.146599993109703
img_01146.jpg,0.0685999989509582
img_00515_mirrored.jpg,-0.0189999993890523
img_03889.jpg,-0.1871999949216842
img_02146_mirrored.jpg,0.1062999963760376
img_14538.jpg,0.0126000000163912
img_06691_mirrored.jpg,-0.0057999999262392
img_00344.jpg,-0.2495000064373016
img_09208_mirrored.jpg,-0.0732999965548515
img_13588_mirrored.jpg,0.2754000127315521
img_03411.jpg,-0.2680999934673309
img_01779.jpg,-0.0465999990701675
img_14291.jpg,-0.0428999997675418
img_13482.jpg,-0.1873999983072281
img_04760_mirrored.jpg,0.05180000141263
img_08473_mirrored.jpg,-0.0331999994814395
img_03463.jpg,-0.2623000144958496
img_09727.jpg,-0.1407999992370605
img_13580.jpg,-0.224600002169609
img_06636.jpg,0.2016000002622604
img_12581.jpg,-0.1665000021457672
img_05031.jpg,-0.0476000010967254
img_03421.jpg,-0.3142000138759613
img_14110_mirrored.jpg,0.1900999993085861
img_08209.jpg,0.0073000001721084
img_12433.jpg,0.0057999999262392
img_14463.jpg,-0.3142000138759613
img_09001_mirrored.jpg,-0.013600000180304
img_01323_mirrored.jpg,0.1324999928474426
img_04061_mirrored.jpg,0.0041999998502433
img_08489_mirrored.jpg,-0.0571000017225742
img_04698_mirrored.jpg,0.0141000002622604
img_09086_mirrored.jpg,-0.0800999999046325
img_11562_mirrored.jpg,0.1079000011086463
img_08935_mirrored.jpg,-0.0245999991893768
img_06136.jpg,-0.0204000007361173
img_05759_mirrored.jpg,0.0041999998502433
img_14063_mirrored.jpg,0.3068000078201294
img_09856_mirrored.jpg,0.1926999986171722
img_05625_mirrored.jpg,-0.2402999997138977
img_07917_mirrored.jpg,0.066500000655651
img_05641_mirrored.jpg,-0.1439999938011169
img_02817_mirrored.jpg,0.1037999987602233
img_12012_mirrored.jpg,0.0507999993860721
img_02523_mirrored.jpg,0.0785000026226043
img_09724_mirrored.jpg,0.1627999991178512
img_02889_mirrored.jpg,0.3142000138759613
img_03144_mirrored.jpg,0.0031000000890344
img_10439.jpg,0.1080000028014183
img_08001.jpg,-0.0083999997004866
img_06109.jpg,-0.0031000000890344
img_03331_mirrored.jpg,0.048200000077486
img_00079.jpg,-0.0015999999595806
img_13431.jpg,-0.09009999781847
img_00497.jpg,-0.0458000004291534
img_13664.jpg,-0.1292999982833862
img_04633.jpg,0.2440000027418136
img_07006.jpg,-0.0843999981880188
img_08660.jpg,0.096900001168251
img_12567_mirrored.jpg,-0.0555000007152557
img_13062_mirrored.jpg,0.1084000021219253
img_02673_mirrored.jpg,-0.065200001001358
img_12340_mirrored.jpg,-0.1215000003576278
img_09735.jpg,-0.1534000039100647
img_01215.jpg,-0.0890000015497207
img_02869.jpg,0.0386999994516372
img_01723_mirrored.jpg,0.0798999965190887
img_07937_mirrored.jpg,0.1952999979257583
img_11672.jpg,-0.1497000008821487
img_01718.jpg,0.1230000033974647
img_12499.jpg,-0.0653999969363212
img_13651_mirrored.jpg,0.0073000001721084
img_06982_mirrored.jpg,0.191100001335144
img_14416.jpg,-0.1859000027179718
img_06609.jpg,0.1026000007987022
img_00756_mirrored.jpg,0.06700000166893
img_10481_mirrored.jpg,-0.2093999981880188
img_03547.jpg,0.0515000000596046
img_04208_mirrored.jpg,0.0297999996691942
img_04798.jpg,-0.1020999997854232
img_05981_mirrored.jpg,0.3093999922275543
img_10965.jpg,-0.0308999996632337
img_08738_mirrored.jpg,0.0419000014662742
img_11450.jpg,0.1079000011086463
img_10240.jpg,-0.1617999970912933
img_06960_mirrored.jpg,0.2931999862194061
img_13476.jpg,-0.1471000015735626
img_01179_mirrored.jpg,0.0245999991893768
img_14238_mirrored.jpg,-0.0737999975681305
img_01782_mirrored.jpg,0.0313999988138675
img_09431.jpg,-0.0749000012874603
img_12126.jpg,-0.2533999979496002
img_10882_mirrored.jpg,-0.0162000004202127
img_01677_mirrored.jpg,0.0120000001043081
img_08988_mirrored.jpg,-0.0277999993413686
img_14337_mirrored.jpg,0.0020999999251216
img_02305.jpg,-0.0916000008583068
img_02180.jpg,-0.0272000003606081
img_07914_mirrored.jpg,0.1000000014901161
img_02277_mirrored.jpg,0.0922000035643577
img_04721.jpg,-0.0198999997228384
img_11754.jpg,-0.1774999946355819
img_07235_mirrored.jpg,0.0126000000163912
img_00345.jpg,-0.270900011062622
img_10663_mirrored.jpg,0.1958000063896179
img_05478_mirrored.jpg,0.0266999993473291
img_01309.jpg,-0.0471000000834465
img_10139.jpg,-0.0524000003933906
img_00790.jpg,-0.0606000013649463
img_03116_mirrored.jpg,0.0037000000011175
img_12525_mirrored.jpg,0.1768999993801117
img_10378_mirrored.jpg,-0.0283000003546476
img_06466.jpg,-0.3142000138759613
img_09457.jpg,0.25450000166893
img_07060_mirrored.jpg,-0.024100000038743
img_12735_mirrored.jpg,0.0262000001966953
img_06090.jpg,0.0115000000223517
img_05640.jpg,0.1524000018835067
img_00547_mirrored.jpg,0.0078999996185302
img_06202_mirrored.jpg,-0.0251000002026557
img_09115_mirrored.jpg,0.0564999990165233
img_00347_mirrored.jpg,0.3142000138759613
img_03167.jpg,0.0313999988138675
img_00573.jpg,-0.1240999996662139
img_14680.jpg,-0.0031000000890344
img_04424.jpg,-0.3018999993801117
img_09952.jpg,0.1084000021219253
img_10767_mirrored.jpg,0.3142000138759613
img_14553_mirrored.jpg,0.2538999915122986
img_11428_mirrored.jpg,-0.131400004029274
img_02256.jpg,-0.0491999983787536
img_14435_mirrored.jpg,-0.0560000017285347
img_14901_mirrored.jpg,0.5235999822616577
img_13671_mirrored.jpg,-0.0156999994069337
img_00412.jpg,-0.179199993610382
img_10573_mirrored.jpg,-0.1278000026941299
img_09196_mirrored.jpg,0.093199998140335
img_01718_mirrored.jpg,-0.1230000033974647
img_12448_mirrored.jpg,0.0476000010967254
img_03658_mirrored.jpg,-0.1632000058889389
img_00855.jpg,-0.0956000015139579
img_11360_mirrored.jpg,0.0318999998271465
img_07660_mirrored.jpg,0.0476000010967254
img_07032_mirrored.jpg,-0.0759000033140182
img_12098.jpg,-0.1508000046014785
img_11724.jpg,-0.2597000002861023
img_06753.jpg,-0.0147000001743435
img_06186.jpg,-0.0403000004589557
img_01340_mirrored.jpg,0.1591999977827072
img_02994.jpg,-0.1591999977827072
img_07801_mirrored.jpg,0.1199000030755996
img_00044_mirrored.jpg,0.018300000578165
img_07407.jpg,-0.3142000138759613
img_00928.jpg,-0.23989999294281
img_02257.jpg,-0.048200000077486
img_09668_mirrored.jpg,-0.0078999996185302
img_07923.jpg,0.0093999998643994
img_11877_mirrored.jpg,0.0031000000890344
img_08322_mirrored.jpg,0.1367000043392181
img_07154.jpg,-0.0225000008940696
img_07122_mirrored.jpg,0.1067999973893165
img_08058_mirrored.jpg,0.0031000000890344
img_10528.jpg,0.1099999994039535
img_06250_mirrored.jpg,0.05180000141263
img_00208.jpg,-0.0502999983727932
img_12672_mirrored.jpg,-0.0120000001043081
img_00106_mirrored.jpg,0.0010000000474974
img_14605.jpg,-0.0262000001966953
img_02760.jpg,-0.006800000090152
img_03035_mirrored.jpg,0.0342999994754791
img_12844.jpg,-0.0502999983727932
img_01127.jpg,-0.0423999987542629
img_13399_mirrored.jpg,0.0162000004202127
img_10357_mirrored.jpg,0.3142000138759613
img_09008_mirrored.jpg,-0.0225000008940696
img_05566.jpg,-0.0225000008940696
img_11565.jpg,-0.0780000016093254
img_12812.jpg,-0.0037000000011175
img_11711.jpg,-0.2020999938249588
img_10935.jpg,-0.002600000007078
img_08248_mirrored.jpg,0.0790999978780746
img_05891_mirrored.jpg,0.3142000138759613
img_10867_mirrored.jpg,0.0606999993324279
img_02396.jpg,-0.3142000138759613
img_01448_mirrored.jpg,0.218299999833107
img_01554_mirrored.jpg,0.0152000002562999
img_00396.jpg,-0.3142000138759613
img_08652.jpg,0.09009999781847
img_02654_mirrored.jpg,-0.1843000054359436
img_11692.jpg,-0.3142000138759613
img_03299.jpg,0.0564999990165233
img_12844_mirrored.jpg,0.0502999983727932
img_01427.jpg,-0.2901000082492828
img_07055_mirrored.jpg,-0.0219999998807907
img_06618_mirrored.jpg,-0.1482000052928924
img_05756.jpg,-0.0057999999262392
img_05721_mirrored.jpg,-0.0020999999251216
img_14038_mirrored.jpg,0.2142000049352646
img_05416_mirrored.jpg,0.2885000109672546
img_13135.jpg,-0.2004999965429306
img_10592.jpg,-0.0869000032544136
img_12736.jpg,0.017799999564886
img_12434_mirrored.jpg,-0.0037000000011175
img_12813_mirrored.jpg,0.0037000000011175
img_07798_mirrored.jpg,0.1601999998092651
img_03576_mirrored.jpg,0.0083999997004866
img_04297_mirrored.jpg,0.0690999999642372
img_06911_mirrored.jpg,0.3142000138759613
img_01389_mirrored.jpg,0.3104999959468841
img_06351.jpg,-0.1381999999284744
img_12036_mirrored.jpg,0.06700000166893
img_10400.jpg,-0.013600000180304
img_07751_mirrored.jpg,0.0372000001370906
img_14991_mirrored.jpg,-0.5235999822616577
img_08042_mirrored.jpg,0.0037000000011175
img_03653_mirrored.jpg,-0.0087000001221895
img_05209.jpg,-0.0439999997615814
img_01291_mirrored.jpg,0.0744000002741813
img_10018_mirrored.jpg,0.0031000000890344
img_07439.jpg,-0.3142000138759613
img_06380_mirrored.jpg,0.1995999962091446
img_00496.jpg,-0.0297999996691942
img_00277.jpg,-0.032999999821186
img_08044.jpg,-0.0057999999262392
img_02946.jpg,-0.2261999994516372
img_02060_mirrored.jpg,-0.0644000023603439
img_02134_mirrored.jpg,0.0031000000890344
img_07924.jpg,-0.0130000002682209
img_12724_mirrored.jpg,0.0397999994456768
img_14404.jpg,-0.1330000013113021
img_05586_mirrored.jpg,-0.1491000056266784
img_11896_mirrored.jpg,0.0031000000890344
img_12548.jpg,-0.1889999955892563
img_04717_mirrored.jpg,0.0456000007688999
img_10313.jpg,-0.2793000042438507
img_01896_mirrored.jpg,0.1413999944925308
img_13712_mirrored.jpg,-0.0251000002026557
img_07860_mirrored.jpg,0.163000002503395
img_02897.jpg,-0.3142000138759613
img_06088.jpg,0.0194000005722045
img_04937.jpg,-0.3142000138759613
img_05988_mirrored.jpg,0.1288000047206878
img_06470_mirrored.jpg,0.3142000138759613
img_05045.jpg,-0.0098999999463558
img_00807.jpg,-0.1413999944925308
img_10863.jpg,-0.1272000074386596
img_14895_mirrored.jpg,0.5235999822616577
img_12196.jpg,-0.2921999990940094
img_04123.jpg,-0.0031000000890344
img_04522_mirrored.jpg,-0.0141000002622604
img_03568_mirrored.jpg,0.0272000003606081
img_15008_mirrored.jpg,-0.5235999822616577
img_03099.jpg,0.0194000005722045
img_01418.jpg,-0.1199000030755996
img_05023.jpg,-0.2732999920845032
img_06117.jpg,-0.0037000000011175
img_08032.jpg,0.0251000002026557
img_13033_mirrored.jpg,0.1550000011920929
img_00137_mirrored.jpg,-0.0767000019550323
img_13875.jpg,-0.0502999983727932
img_15091.jpg,0.5235999822616577
img_04916_mirrored.jpg,0.2554999887943268
img_14210.jpg,0.1669999957084655
img_11330.jpg,-0.0623000003397464
img_03151_mirrored.jpg,0.0461000017821788
img_04127_mirrored.jpg,0.0031000000890344
img_15108.jpg,0.5235999822616577
img_06865.jpg,-0.3142000138759613
img_04220_mirrored.jpg,0.0386999994516372
img_06312_mirrored.jpg,0.0524000003933906
img_06427.jpg,-0.2816999852657318
img_06133.jpg,-0.0031000000890344
img_08479_mirrored.jpg,-0.2626999914646148
img_06048_mirrored.jpg,0.0073000001721084
img_09769_mirrored.jpg,0.0208999998867511
img_08158_mirrored.jpg,-0.167600005865097
img_06687.jpg,-0.0297999996691942
img_11131_mirrored.jpg,0.0833000019192695
img_00224.jpg,-0.018300000578165
img_02173.jpg,-0.0131000000983476
img_14993.jpg,0.5235999822616577
img_04504.jpg,-0.3142000138759613
img_14931_mirrored.jpg,0.5235999822616577
img_03009_mirrored.jpg,0.2712999880313873
img_12282.jpg,0.2795999944210052
img_03628.jpg,0.2581000030040741
img_06721_mirrored.jpg,0.1889999955892563
img_11099.jpg,-0.0800999999046325
img_09170.jpg,-0.048700001090765
img_10376_mirrored.jpg,-0.032999999821186
img_04662_mirrored.jpg,-0.1457999944686889
img_03844_mirrored.jpg,0.1528999954462051
img_01784_mirrored.jpg,0.0324999988079071
img_13001.jpg,-0.0524000003933906
img_03283_mirrored.jpg,0.0653999969363212
img_05595.jpg,-0.0366999991238117
img_12045_mirrored.jpg,-0.0775000005960464
img_06183_mirrored.jpg,0.0423999987542629
img_04241_mirrored.jpg,0.0829999968409538
img_08401_mirrored.jpg,0.1020999997854232
img_04670.jpg,0.1508000046014785
img_12939.jpg,-0.0491999983787536
img_04991_mirrored.jpg,-0.0098999999463558
img_08936.jpg,0.0245999991893768
img_03608_mirrored.jpg,0.0272000003606081
img_13658_mirrored.jpg,0.0157999992370605
img_11587.jpg,-0.0456000007688999
img_07566_mirrored.jpg,-0.1926999986171722
img_09206.jpg,0.0445000007748603
img_12554.jpg,-0.1215000003576278
img_13334_mirrored.jpg,-0.1141000017523765
img_09440_mirrored.jpg,0.0272000003606081
img_07735_mirrored.jpg,0.0859000012278556
img_05033.jpg,0.0198999997228384
img_06528_mirrored.jpg,-0.164900004863739
img_10864_mirrored.jpg,0.1215000003576278
img_04487.jpg,-0.3142000138759613
img_04279.jpg,-0.013600000180304
img_09816.jpg,-0.3142000138759613
img_03133_mirrored.jpg,0.0031000000890344
img_04921.jpg,-0.1367000043392181
img_12088.jpg,-0.1471000015735626
img_01419_mirrored.jpg,0.1209999993443489
img_01231_mirrored.jpg,-0.0098999999463558
img_09916.jpg,-0.0057999999262392
img_14717.jpg,0.0308999996632337
img_04949.jpg,-0.3142000138759613
img_00695_mirrored.jpg,-0.0015999999595806
img_10048.jpg,0.0247000008821487
img_05561.jpg,0.1351000070571899
img_12678_mirrored.jpg,0.3142000138759613
img_06844.jpg,0.018300000578165
img_07357_mirrored.jpg,0.2119999974966049
img_10979_mirrored.jpg,0.0313999988138675
img_10081.jpg,-0.0283000003546476
img_07111.jpg,-0.0052000000141561
img_13932_mirrored.jpg,0.0910999998450279
img_14912_mirrored.jpg,0.5235999822616577
img_03901_mirrored.jpg,0.3142000138759613
img_04017.jpg,-0.244499996304512
img_08664_mirrored.jpg,0.1140000000596046
img_14059_mirrored.jpg,0.3142000138759613
img_04726_mirrored.jpg,-0.0063000000081956
img_13651.jpg,-0.0073000001721084
img_01867_mirrored.jpg,0.1028999984264373
img_09651.jpg,-0.0346000008285045
img_10402.jpg,0.0083999997004866
img_02348_mirrored.jpg,0.1528999954462051
img_00727.jpg,-0.0293000005185604
img_14302.jpg,0.0046999999321997
img_04387.jpg,-0.3142000138759613
img_11915.jpg,-0.0304000005125999
img_08427_mirrored.jpg,0.3142000138759613
img_02783_mirrored.jpg,0.09009999781847
img_07455_mirrored.jpg,0.3142000138759613
img_09751_mirrored.jpg,0.1292999982833862
img_05171.jpg,-0.1093999966979026
img_02436.jpg,-0.2013999968767166
img_00574_mirrored.jpg,0.1072999984025955
img_13445_mirrored.jpg,0.0351000018417835
img_00577.jpg,-0.0644000023603439
img_12303.jpg,0.0115000000223517
img_07295.jpg,-0.0879999995231628
img_08527_mirrored.jpg,0.1225000023841857
img_05135.jpg,-0.0031000000890344
img_11154.jpg,-0.1565999984741211
img_06812.jpg,-0.1445000022649765
img_03798.jpg,-0.0428999997675418
img_04090_mirrored.jpg,-0.006800000090152
img_09769.jpg,-0.0208999998867511
img_12780_mirrored.jpg,-0.0230000000447034
img_10595_mirrored.jpg,0.033500000834465
img_12787.jpg,-0.0046999999321997
img_00256_mirrored.jpg,0.0873999968171119
img_02669_mirrored.jpg,-0.00179999996908
img_02580.jpg,0.1609999984502792
img_12172.jpg,-0.146599993109703
img_14624_mirrored.jpg,-0.120399996638298
img_11016_mirrored.jpg,0.032999999821186
img_02595.jpg,-0.123599998652935
img_11394_mirrored.jpg,0.0659999996423721
img_10978_mirrored.jpg,0.0763999968767166
img_10497.jpg,-0.0262000001966953
img_04682.jpg,0.0340000018477439
img_08960.jpg,-0.063400000333786
img_12389_mirrored.jpg,-0.0173000004142522
img_13908.jpg,0.0351000018417835
img_01912_mirrored.jpg,0.3142000138759613
img_08598.jpg,0.0194000005722045
img_00105_mirrored.jpg,0.0010000000474974
img_02282_mirrored.jpg,0.060199998319149
img_12615.jpg,-0.3068000078201294
img_14633_mirrored.jpg,0.032999999821186
img_01573_mirrored.jpg,-0.0847999975085258
img_00956_mirrored.jpg,0.0103000001981854
img_09778_mirrored.jpg,0.2115000039339065
img_15110.jpg,0.5235999822616577
img_02133.jpg,-0.0031000000890344
img_07175.jpg,-0.0685999989509582
img_04641_mirrored.jpg,-0.1041999980807304
img_05440.jpg,-0.1512999981641769
img_02629.jpg,0.0905999988317489
img_11501_mirrored.jpg,-0.006800000090152
img_11335_mirrored.jpg,0.0187999997287988
img_11337.jpg,-0.0141000002622604
img_12777_mirrored.jpg,-0.0256999991834163
img_01227_mirrored.jpg,-0.0046999999321997
img_04380.jpg,-0.2158000022172927
img_07265.jpg,0.1136000007390976
img_02967.jpg,-0.1120999976992607
img_14645_mirrored.jpg,-0.0266999993473291
img_03358_mirrored.jpg,0.1560000032186508
img_04345.jpg,-0.1031000018119812
img_12627.jpg,-0.2883000075817108
img_05365.jpg,-0.1565999984741211
img_06138_mirrored.jpg,0.0408000014722347
img_01892.jpg,-0.2178000062704086
img_14981_mirrored.jpg,-0.5235999822616577
img_03320.jpg,-0.100500002503395
img_03037_mirrored.jpg,0.0731000006198883
img_14606_mirrored.jpg,-0.0167999994009733
img_08103.jpg,0.0225000008940696
img_06813.jpg,-0.1476999968290329
img_09071.jpg,-0.1115000024437904
img_12621_mirrored.jpg,0.3142000138759613
img_01619.jpg,0.1142999976873397
img_09384.jpg,-0.3142000138759613
img_12931.jpg,0.0093999998643994
img_03794.jpg,-0.0890000015497207
img_04665_mirrored.jpg,-0.1879999935626983
img_03919_mirrored.jpg,0.1728000044822693
img_09131_mirrored.jpg,-0.1460999995470047
img_09611.jpg,-0.0245999991893768
img_12714_mirrored.jpg,-0.0162000004202127
img_06777_mirrored.jpg,0.0414000004529953
img_13896_mirrored.jpg,0.0890000015497207
img_13457_mirrored.jpg,0.1368999928236007
img_02296.jpg,0.1026000007987022
img_06518_mirrored.jpg,0.0225000008940696
img_13744_mirrored.jpg,0.0031000000890344
img_13100_mirrored.jpg,0.3057999908924103
img_01697_mirrored.jpg,0.018300000578165
img_09767_mirrored.jpg,0.0109999999403953
img_12952_mirrored.jpg,-0.0073000001721084
img_10009.jpg,-0.0037000000011175
img_09349.jpg,-0.262800008058548
img_08370.jpg,-0.1084000021219253
img_13053_mirrored.jpg,0.3068000078201294
img_03102.jpg,0.0057999999262392
img_13369.jpg,-0.0020999999251216
img_11287_mirrored.jpg,0.3142000138759613
img_10274.jpg,-0.3142000138759613
img_11075_mirrored.jpg,0.05180000141263
img_06264.jpg,-0.0141000002622604
img_07620_mirrored.jpg,0.0287999995052814
img_07933.jpg,-0.3010999858379364
img_10809_mirrored.jpg,0.2313999980688095
img_04679.jpg,0.0152000002562999
img_12731.jpg,-0.1251000016927719
img_12894.jpg,-0.0266999993473291
img_04403.jpg,-0.1527000069618225
img_03083_mirrored.jpg,0.0141000002622604
img_12101.jpg,-0.1613000035285949
img_05275_mirrored.jpg,0.0513000003993511
img_08592_mirrored.jpg,-0.0434999987483024
img_09254_mirrored.jpg,0.1544999927282333
img_04395_mirrored.jpg,0.1601999998092651
img_05920.jpg,-0.3142000138759613
img_03109_mirrored.jpg,0.006800000090152
img_08540.jpg,0.1895000040531158
img_13210.jpg,0.1642999947071075
img_00715_mirrored.jpg,0.1871999949216842
img_03246_mirrored.jpg,0.0204000007361173
img_04331_mirrored.jpg,0.0763999968767166
img_10629.jpg,-0.0926999971270561
img_11993_mirrored.jpg,0.0115000000223517
img_12628_mirrored.jpg,0.3142000138759613
img_07278.jpg,-0.0922000035643577
img_04419_mirrored.jpg,0.2486999928951263
img_01880.jpg,-0.3142000138759613
img_09289_mirrored.jpg,0.2842999994754791
img_07075.jpg,-0.0073000001721084
img_13796.jpg,-0.0208999998867511
img_00645.jpg,0.0120000001043081
img_08944_mirrored.jpg,0.0078999996185302
img_10255_mirrored.jpg,0.2481999993324279
img_06860_mirrored.jpg,0.2797000110149383
img_03312.jpg,-0.0696000009775161
img_01384_mirrored.jpg,0.3142000138759613
img_08708.jpg,-0.0826999992132186
img_07441_mirrored.jpg,0.3142000138759613
img_03065_mirrored.jpg,-0.0555000007152557
img_10127_mirrored.jpg,-0.0115000000223517
img_05917.jpg,-0.3142000138759613
img_00733.jpg,-0.0063000000081956
img_03679_mirrored.jpg,-0.070200003683567
img_11371_mirrored.jpg,-0.0377000011503696
img_12738.jpg,0.0187999997287988
img_10075_mirrored.jpg,0.0423999987542629
img_01056_mirrored.jpg,0.0236000008881092
img_13277_mirrored.jpg,-0.1664000004529953
img_06145.jpg,-0.1058000028133392
img_05947.jpg,-0.2815999984741211
img_10913_mirrored.jpg,-0.0245999991893768
img_14208.jpg,0.1256999969482422
img_04609_mirrored.jpg,0.0962999984622001
img_01226_mirrored.jpg,0.0063000000081956
img_05114.jpg,0.0115000000223517
img_08976.jpg,0.013600000180304
img_07668_mirrored.jpg,-0.0057999999262392
img_04039_mirrored.jpg,0.0167999994009733
img_02151_mirrored.jpg,0.0617999993264675
img_05065_mirrored.jpg,-0.0109999999403953
img_04706.jpg,-0.0208999998867511
img_12460.jpg,-0.0833000019192695
img_06872.jpg,-0.3142000138759613
img_05424.jpg,-0.2610999941825866
img_09520.jpg,0.1168000027537345
img_07808_mirrored.jpg,0.150299996137619
img_11882_mirrored.jpg,0.0037000000011175
img_11824.jpg,0.1141000017523765
img_04029.jpg,0.0219999998807907
img_07534_mirrored.jpg,-0.0412000007927417
img_00116_mirrored.jpg,0.0287999995052814
img_13842.jpg,0.1528999954462051
img_08763.jpg,-0.1580999940633773
img_12893_mirrored.jpg,0.0496999993920326
img_02010.jpg,0.0236000008881092
img_14968.jpg,0.5235999822616577
img_00828.jpg,-0.1151999980211258
img_05274.jpg,-0.05180000141263
img_09651_mirrored.jpg,0.0346000008285045
img_12376_mirrored.jpg,-0.1885000020265579
img_11480.jpg,-0.0266999993473291
img_12108_mirrored.jpg,0.1497000008821487
img_13909_mirrored.jpg,-0.048700001090765
img_12465.jpg,-0.017799999564886
img_08525_mirrored.jpg,0.1209999993443489
img_14324_mirrored.jpg,0.2046999931335449
img_14376.jpg,-0.0386999994516372
img_10516.jpg,-0.0381999984383583
img_14681.jpg,-0.0031000000890344
img_08911_mirrored.jpg,0.1665000021457672
img_00975_mirrored.jpg,0.0502999983727932
img_08595.jpg,-0.0283000003546476
img_13659.jpg,-0.0293000005185604
img_12960.jpg,-0.0737999975681305
img_12737.jpg,0.0173000004142522
img_02334_mirrored.jpg,0.1318999975919723
img_05742.jpg,-0.216399997472763
img_12523.jpg,-0.1213999986648559
img_02607_mirrored.jpg,-0.150299996137619
img_14113_mirrored.jpg,0.0471000000834465
img_10343.jpg,-0.3041999936103821
img_01020.jpg,-0.0859000012278556
img_14583_mirrored.jpg,-0.0245999991893768
img_10395.jpg,-0.0450000017881393
img_14510.jpg,-0.2053000032901764
img_10188_mirrored.jpg,0.1084000021219253
img_12061_mirrored.jpg,0.100500002503395
img_03670.jpg,-0.0272000003606081
img_01545.jpg,0.0324999988079071
img_10803_mirrored.jpg,-0.0109999999403953
img_00927_mirrored.jpg,0.222800001502037
img_05370_mirrored.jpg,0.1580999940633773
img_05085.jpg,0.066500000655651
img_09533.jpg,0.0922000035643577
img_08505.jpg,0.0173000004142522
img_14939_mirrored.jpg,0.5235999822616577
img_06178.jpg,-0.0251000002026557
img_12368.jpg,-0.0230000000447034
img_08707_mirrored.jpg,0.0690999999642372
img_02916_mirrored.jpg,0.2037000060081482
img_13013.jpg,-0.1141000017523765
img_03817_mirrored.jpg,0.0277999993413686
img_01806_mirrored.jpg,0.169400006532669
img_14868.jpg,-0.5235999822616577
img_10850.jpg,0.0083999997004866
img_01985_mirrored.jpg,0.0885000005364418
img_04800_mirrored.jpg,0.0890000015497207
img_10554_mirrored.jpg,0.0491999983787536
img_10371_mirrored.jpg,0.2775000035762787
img_13158.jpg,-0.3142000138759613
img_00566.jpg,-0.0434999987483024
img_03354.jpg,-0.150299996137619
img_01342_mirrored.jpg,0.1544999927282333
img_04657_mirrored.jpg,-0.0219999998807907
img_01204.jpg,0.2031999975442886
img_09742.jpg,-0.1800999939441681
img_10805.jpg,0.006800000090152
img_13942.jpg,-0.0732999965548515
img_12583.jpg,-0.2277999967336654
img_11364.jpg,-0.0131000000983476
img_01889_mirrored.jpg,0.3136000037193298
img_07617_mirrored.jpg,-0.1105000004172325
img_14972.jpg,0.5235999822616577
img_01794.jpg,-0.0198999997228384
img_04982.jpg,-0.1031000018119812
img_15001_mirrored.jpg,-0.5235999822616577
img_13632_mirrored.jpg,0.2140000015497207
img_04694.jpg,0.0885000005364418
img_10896.jpg,-0.0245999991893768
img_07062_mirrored.jpg,-0.0219999998807907
img_01937_mirrored.jpg,0.2053000032901764
img_10213.jpg,-0.1256999969482422
img_04220.jpg,-0.0386999994516372
img_00742.jpg,0.0041999998502433
img_06482_mirrored.jpg,0.3142000138759613
img_10720.jpg,-0.3142000138759613
img_11694.jpg,-0.3021000027656555
img_01964_mirrored.jpg,-0.0115000000223517
img_02143_mirrored.jpg,0.0653999969363212
img_08895.jpg,0.0115000000223517
img_09044_mirrored.jpg,0.0037000000011175
img_09729_mirrored.jpg,0.1403000056743621
img_13372.jpg,0.0564999990165233
img_14664.jpg,-0.0057999999262392
img_08214_mirrored.jpg,0.0272000003606081
img_14053_mirrored.jpg,0.3142000138759613
img_09045_mirrored.jpg,0.0037000000011175
img_08253_mirrored.jpg,0.1000000014901161
img_03669.jpg,0.0408000014722347
img_02624.jpg,0.2408999949693679
img_04600.jpg,-0.0428999997675418
img_01105_mirrored.jpg,0.0037000000011175
img_12325.jpg,-0.1156999990344047
img_09901_mirrored.jpg,0.2601999938488006
img_09099.jpg,-0.0120000001043081
img_11789.jpg,-0.0104999998584389
img_06195.jpg,-0.0821999981999397
img_11260.jpg,-0.3142000138759613
img_06601_mirrored.jpg,-0.2029999941587448
img_00353.jpg,-0.2842999994754791
img_08883.jpg,-0.1784999966621399
img_02501_mirrored.jpg,0.3142000138759613
img_08070_mirrored.jpg,0.0037000000011175
img_04487_mirrored.jpg,0.3142000138759613
img_03673_mirrored.jpg,0.0245999991893768
img_07451_mirrored.jpg,0.3142000138759613
img_11113.jpg,0.1130999997258186
img_14179_mirrored.jpg,-0.1717000007629394
img_00736_mirrored.jpg,0.0063000000081956
img_10950_mirrored.jpg,0.0037000000011175
img_04845.jpg,-0.1423999965190887
img_03953.jpg,-0.218299999833107
img_15032.jpg,0.5235999822616577
img_06846_mirrored.jpg,0.0120000001043081
img_02810_mirrored.jpg,0.0208999998867511
img_04364_mirrored.jpg,0.157600000500679
img_13029.jpg,-0.1544999927282333
img_14274.jpg,-0.0198999997228384
img_04238.jpg,0.0242999996989965
img_07141.jpg,0.0324999988079071
img_14646.jpg,0.0266999993473291
img_04306.jpg,0.0680999979376792
img_03012.jpg,-0.2105000019073486
img_04256.jpg,0.0109999999403953
img_12951_mirrored.jpg,-0.008899999782443
img_00159_mirrored.jpg,0.0297999996691942
img_06844_mirrored.jpg,-0.018300000578165
img_05704.jpg,-0.060199998319149
img_09245.jpg,-0.1041999980807304
img_09768.jpg,-0.0147000001743435
img_09468_mirrored.jpg,0.0346000008285045
img_08555_mirrored.jpg,-0.1853999942541122
img_13348.jpg,-0.0304000005125999
img_13668.jpg,-0.0606999993324279
img_02847_mirrored.jpg,0.1774999946355819
img_08603.jpg,0.0842999964952468
img_04421_mirrored.jpg,0.2428999990224838
img_11118_mirrored.jpg,0.0489999987185001
img_06588.jpg,0.1133999973535537
img_06900_mirrored.jpg,0.3142000138759613
img_10699.jpg,0.0711999982595443
img_13047_mirrored.jpg,0.2675999999046325
img_13520_mirrored.jpg,0.3142000138759613
img_03545_mirrored.jpg,-0.0230000000447034
img_10562_mirrored.jpg,-0.0073000001721084
img_07365_mirrored.jpg,0.3142000138759613
img_02702_mirrored.jpg,0.0597000010311603
img_05851.jpg,-0.1125999987125396
img_00710_mirrored.jpg,0.0581000000238418
img_06223_mirrored.jpg,0.0838000029325485
img_09899_mirrored.jpg,0.2736000120639801
img_02645.jpg,-0.0245999991893768
img_13638.jpg,-0.1958000063896179
img_10949_mirrored.jpg,0.0037000000011175
img_14335_mirrored.jpg,-0.0046999999321997
img_14231_mirrored.jpg,-0.0502999983727932
img_14046_mirrored.jpg,0.157600000500679
img_13427.jpg,-0.1062999963760376
img_11330_mirrored.jpg,0.0623000003397464
img_04199.jpg,-0.0372000001370906
img_02656.jpg,0.19480000436306
img_14622.jpg,0.0922000035643577
img_05202_mirrored.jpg,0.0236000008881092
img_05951.jpg,-0.3088999986648559
img_02454.jpg,-0.2948000133037567
img_04950.jpg,-0.3142000138759613
img_10248.jpg,-0.3142000138759613
img_11084.jpg,0.0083999997004866
img_06123.jpg,-0.0031000000890344
img_12377_mirrored.jpg,-0.1974000036716461
img_03027.jpg,-0.0052000000141561
img_02290.jpg,0.0706999972462654
img_10366_mirrored.jpg,0.3142000138759613
img_09661.jpg,-0.0063000000081956
img_01064.jpg,0.0198999997228384
img_11089.jpg,-0.0397999994456768
img_05141.jpg,-0.0037000000011175
img_11112_mirrored.jpg,-0.1141000017523765
img_13297_mirrored.jpg,-0.0806000009179115
img_12073.jpg,-0.0465999990701675
img_10380.jpg,0.0245999991893768
img_09308.jpg,-0.3142000138759613
img_11770.jpg,-0.2644000053405761
img_02025.jpg,-0.0608000010251998
img_05361.jpg,-0.1497000008821487
img_07270_mirrored.jpg,0.0392999984323978
img_02054.jpg,0.0948000028729438
img_12001_mirrored.jpg,0.0098999999463558
img_10409_mirrored.jpg,-0.220100000500679
img_09144_mirrored.jpg,0.0806000009179115
img_02628_mirrored.jpg,-0.093199998140335
img_04489_mirrored.jpg,0.3142000138759613
img_04934.jpg,-0.3142000138759613
img_13587_mirrored.jpg,0.2795999944210052
img_09683.jpg,-0.1052000001072883
img_01342.jpg,-0.1544999927282333
img_13428_mirrored.jpg,0.1089000031352043
img_12846.jpg,0.0225000008940696
img_14061_mirrored.jpg,0.3142000138759613
img_00964.jpg,-0.3125999867916107
img_10096.jpg,0.0754000023007392
img_02501.jpg,-0.3142000138759613
img_07636_mirrored.jpg,-0.1110000014305114
img_13480.jpg,-0.1843000054359436
img_03760_mirrored.jpg,0.0126000000163912
img_13227.jpg,-0.0366999991238117
img_05994_mirrored.jpg,0.0386999994516372
img_15130_mirrored.jpg,-0.5235999822616577
img_08950.jpg,-0.0340000018477439
img_14377_mirrored.jpg,0.0397999994456768
img_10025.jpg,-0.0031000000890344
img_07444_mirrored.jpg,0.3142000138759613
img_00480.jpg,-0.2355999946594238
img_04849.jpg,-0.1439999938011169
img_12921.jpg,-0.0476000010967254
img_05593.jpg,0.0690999999642372
img_01273.jpg,0.0173000004142522
img_14931.jpg,-0.5235999822616577
img_10623.jpg,-0.0821999981999397
img_11491.jpg,-0.0397999994456768
img_09539_mirrored.jpg,-0.1534000039100647
img_05415_mirrored.jpg,0.3057999908924103
img_05414.jpg,-0.3142000138759613
img_12532.jpg,-0.1770000010728836
img_09767.jpg,-0.0109999999403953
img_00132_mirrored.jpg,-0.0198999997228384
img_05078_mirrored.jpg,-0.0775000005960464
img_14965_mirrored.jpg,-0.5235999822616577
img_03619.jpg,0.1288000047206878
img_08189_mirrored.jpg,-0.0057999999262392
img_00535_mirrored.jpg,0.017799999564886
img_09702_mirrored.jpg,0.0366999991238117
img_11878.jpg,-0.0031000000890344
img_03339_mirrored.jpg,0.1046999990940094
img_01379.jpg,-0.2354000061750412
img_05579_mirrored.jpg,-0.0046999999321997
img_05823_mirrored.jpg,0.2079000025987625
img_01653_mirrored.jpg,0.0283000003546476
img_06450_mirrored.jpg,0.1209999993443489
img_00593_mirrored.jpg,-0.1379999965429306
img_02358.jpg,-0.1524000018835067
img_02191.jpg,-0.0256999991834163
img_14146_mirrored.jpg,-0.2466000020503997
img_09270.jpg,-0.1623000055551529
img_14762.jpg,-0.5235999822616577
img_11272_mirrored.jpg,0.070200003683567
img_05216_mirrored.jpg,0.0649000033736229
img_03032.jpg,-0.0098999999463558
img_04101.jpg,0.0219999998807907
img_12582_mirrored.jpg,0.1921000033617019
img_10970.jpg,-0.0659999996423721
img_12114_mirrored.jpg,0.2057999968528747
img_09512.jpg,0.1900999993085861
img_03951_mirrored.jpg,0.2481999993324279
img_03698_mirrored.jpg,0.0078999996185302
img_06281_mirrored.jpg,-0.0198999997228384
img_11812_mirrored.jpg,-0.0057999999262392
img_05556_mirrored.jpg,-0.2896000146865845
img_13899_mirrored.jpg,0.0952999964356422
img_01071_mirrored.jpg,-0.0230000000447034
img_11174_mirrored.jpg,0.1606999933719635
img_08799.jpg,-0.0544999986886978
img_13413.jpg,0.0063000000081956
img_02797_mirrored.jpg,0.0313999988138675
img_10963.jpg,-0.0109999999403953
img_10689.jpg,-0.1177999973297119
img_00987.jpg,-0.2513000071048736
img_03911_mirrored.jpg,0.1978999972343444
img_12091_mirrored.jpg,0.1601999998092651
img_02341.jpg,-0.1587000042200088
img_03698.jpg,-0.0078999996185302
img_10240_mirrored.jpg,0.1617999970912933
img_06214_mirrored.jpg,-0.1613000035285949
img_05217_mirrored.jpg,0.0732999965548515
img_03611.jpg,0.0841000005602836
img_08400.jpg,-0.1356000006198883
img_14753.jpg,-0.5235999822616577
img_01928.jpg,-0.3142000138759613
img_15133.jpg,0.5235999822616577
img_12577_mirrored.jpg,0.0680999979376792
img_01668_mirrored.jpg,-0.0983999967575073
img_08719.jpg,-0.0381999984383583
img_02364.jpg,-0.2002999931573867
img_12480_mirrored.jpg,-0.0098999999463558
img_06827.jpg,-0.1130999997258186
img_08989_mirrored.jpg,0.0162000004202127
img_13932.jpg,-0.0910999998450279
img_05131_mirrored.jpg,0.0031000000890344
img_06077.jpg,0.017799999564886
img_04285.jpg,-0.0236000008881092
img_12799.jpg,-0.0037000000011175
img_12701.jpg,-0.2754000127315521
img_13724.jpg,-0.0052000000141561
img_01930.jpg,-0.3142000138759613
img_13154.jpg,-0.3142000138759613
img_06457_mirrored.jpg,0.1330000013113021
img_03220.jpg,0.0943000018596649
img_12646.jpg,-0.2511999905109405
img_06283.jpg,0.0408000014722347
img_03247.jpg,-0.017799999564886
img_00112.jpg,-0.0063000000081956
img_03591_mirrored.jpg,-0.1230000033974647
img_13470_mirrored.jpg,0.1340000033378601
img_02447.jpg,-0.3142000138759613
img_11529_mirrored.jpg,0.0445000007748603
img_07431_mirrored.jpg,0.032999999821186
img_09941_mirrored.jpg,0.0078999996185302
img_05352_mirrored.jpg,0.137700006365776
img_12817.jpg,-0.0031000000890344
img_00837.jpg,-0.1587000042200088
img_05749_mirrored.jpg,0.0775000005960464
img_11673.jpg,-0.1423999965190887
img_14035.jpg,-0.3142000138759613
img_05323.jpg,-0.0910999998450279
img_13030_mirrored.jpg,0.1587000042200088
img_13922_mirrored.jpg,0.0806000009179115
img_02450_mirrored.jpg,0.3142000138759613
img_14195.jpg,-0.0759000033140182
img_07300.jpg,-0.1036999970674514
img_05967.jpg,-0.0524000003933906
img_14601.jpg,-0.0890000015497207
img_14052_mirrored.jpg,0.3142000138759613
img_11399.jpg,0.1310999989509582
img_13115.jpg,-0.2926999926567077
img_03436.jpg,-0.131400004029274
img_12655_mirrored.jpg,0.2696999907493591
img_12180.jpg,-0.2198999971151352
img_06805_mirrored.jpg,0.1419000029563903
img_10730.jpg,-0.3142000138759613
img_13517_mirrored.jpg,0.2329999953508377
img_08671.jpg,-0.1806000024080276
img_09459_mirrored.jpg,-0.183799996972084
img_00446_mirrored.jpg,0.0502999983727932
img_10300_mirrored.jpg,0.2293000072240829
img_07165_mirrored.jpg,0.0283000003546476
img_00407_mirrored.jpg,0.1105000004172325
img_14899.jpg,-0.5235999822616577
img_01656.jpg,0.0208999998867511
img_09158_mirrored.jpg,-0.0078999996185302
img_01249.jpg,-0.0313999988138675
img_06266.jpg,-0.0439999997615814
img_06537_mirrored.jpg,-0.1784999966621399
img_05805.jpg,-0.024100000038743
img_01468.jpg,-0.3142000138759613
img_10320_mirrored.jpg,0.3142000138759613
img_02904_mirrored.jpg,0.2355999946594238
img_01520_mirrored.jpg,0.0266999993473291
img_06511.jpg,-0.0795999988913536
img_14711.jpg,-0.0948000028729438
img_01420.jpg,-0.1282999962568283
img_13963.jpg,-0.1482000052928924
img_15119.jpg,0.5235999822616577
img_06328_mirrored.jpg,0.1403000056743621
img_14550_mirrored.jpg,0.3021000027656555
img_04192.jpg,-0.0078999996185302
img_10047.jpg,0.0215000007301569
img_02126_mirrored.jpg,0.0031000000890344
img_10925.jpg,-0.0093999998643994
img_08165_mirrored.jpg,-0.1036999970674514
img_06250.jpg,-0.05180000141263
img_05522_mirrored.jpg,-0.017799999564886
img_10815_mirrored.jpg,0.2973999977111816
img_11092_mirrored.jpg,0.0755999982357025
img_00616.jpg,0.093199998140335
img_06443.jpg,-0.2675999999046325
img_00242.jpg,0.0063000000081956
img_08974_mirrored.jpg,0.008899999782443
img_11639_mirrored.jpg,-0.0147000001743435
img_04816.jpg,-0.0313999988138675
img_12329_mirrored.jpg,0.0293000005185604
img_06524.jpg,0.0386999994516372
img_00328_mirrored.jpg,0.1617999970912933
img_05895_mirrored.jpg,0.3142000138759613
img_03180_mirrored.jpg,0.0173000004142522
img_14279.jpg,-0.0204000007361173
img_10150_mirrored.jpg,-0.0073000001721084
img_05464.jpg,-0.3073999881744385
img_11111_mirrored.jpg,-0.0979000031948089
img_00848.jpg,-0.0120000001043081
img_08137.jpg,-0.0346000008285045
img_09150.jpg,-0.0653999969363212
img_07150_mirrored.jpg,0.0083999997004866
img_11658_mirrored.jpg,0.3142000138759613
img_14140.jpg,0.0245999991893768
img_09222_mirrored.jpg,0.1026000007987022
img_08615.jpg,-0.0173000004142522
img_01686_mirrored.jpg,0.0524000003933906
img_05572.jpg,-0.0245999991893768
img_08835.jpg,-0.2025000005960464
img_08946.jpg,-0.0115000000223517
img_11179_mirrored.jpg,0.2319999933242797
img_04969_mirrored.jpg,0.3142000138759613
img_07703_mirrored.jpg,0.0428999997675418
img_02898.jpg,-0.3142000138759613
img_06221_mirrored.jpg,0.0759000033140182
img_04713_mirrored.jpg,0.0606999993324279
img_04947.jpg,-0.3142000138759613
img_13912.jpg,0.093199998140335
img_13175_mirrored.jpg,0.1926999986171722
img_12888_mirrored.jpg,0.0833000019192695
img_08776.jpg,-0.1141000017523765
img_13347.jpg,-0.0236000008881092
img_09609_mirrored.jpg,0.0392999984323978
img_04100_mirrored.jpg,-0.0230000000447034
img_00785.jpg,-0.0215000007301569
img_09936_mirrored.jpg,0.0219999998807907
img_11050_mirrored.jpg,0.0769999995827674
img_12218_mirrored.jpg,0.3142000138759613
img_11592_mirrored.jpg,0.1832000017166137
img_03484.jpg,-0.3142000138759613
img_06296_mirrored.jpg,0.0575999990105629
img_10967.jpg,-0.0496999993920326
img_11902.jpg,-0.0414000004529953
img_03172_mirrored.jpg,-0.1125999987125396
img_11375_mirrored.jpg,-0.1225999966263771
img_03910_mirrored.jpg,0.2366999983787536
img_09532.jpg,0.1105000004172325
img_11240_mirrored.jpg,0.1162000000476837
img_02097.jpg,-0.0057999999262392
img_12156.jpg,-0.2502999901771545
img_10483_mirrored.jpg,-0.1345999985933303
img_09704_mirrored.jpg,0.0225000008940696
img_02440.jpg,-0.2926999926567077
img_09232.jpg,-0.0826999992132186
img_05024.jpg,-0.2608000040054321
img_08045.jpg,-0.006800000090152
img_06655_mirrored.jpg,-0.094200000166893
img_08154.jpg,0.0720999985933303
img_14161_mirrored.jpg,0.0272000003606081
img_02193_mirrored.jpg,0.0403999984264373
img_14276.jpg,-0.0236000008881092
img_03765_mirrored.jpg,0.0057999999262392
img_06966.jpg,-0.0995000004768371
img_02156_mirrored.jpg,-0.0434999987483024
img_12800.jpg,-0.0031000000890344
img_13490_mirrored.jpg,0.1130999997258186
img_15175_mirrored.jpg,-0.0
img_09605.jpg,-0.060199998319149
img_08253.jpg,-0.1000000014901161
img_10935_mirrored.jpg,0.002600000007078
img_04834_mirrored.jpg,0.218299999833107
img_15136_mirrored.jpg,-0.5235999822616577
img_01507.jpg,-0.0102000003680586
img_12985_mirrored.jpg,0.0685999989509582
img_02345.jpg,-0.1471000015735626
img_14028.jpg,-0.3142000138759613
img_11071.jpg,-0.048700001090765
img_04183.jpg,0.0266999993473291
img_07445.jpg,-0.3142000138759613
img_06729.jpg,-0.0219999998807907
img_13673.jpg,0.0152000002562999
img_09468.jpg,-0.0346000008285045
img_01370.jpg,-0.1240999996662139
img_00339.jpg,-0.1623000055551529
img_00896.jpg,-0.3073999881744385
img_08368_mirrored.jpg,0.1089000031352043
img_11054_mirrored.jpg,0.0308999996632337
img_05107_mirrored.jpg,-0.0245999991893768
img_04302.jpg,0.0245999991893768
img_02660_mirrored.jpg,-0.150299996137619
img_02178.jpg,-0.0162000004202127
img_07169.jpg,-0.0706999972462654
img_05596_mirrored.jpg,0.0544999986886978
img_11111.jpg,0.0979000031948089
img_12050_mirrored.jpg,-0.0922000035643577
img_07381.jpg,-0.3142000138759613
img_14757.jpg,-0.5235999822616577
img_15167.jpg,0.5235999822616577
img_05635_mirrored.jpg,-0.0995000004768371
img_01934.jpg,-0.217299997806549
img_14081.jpg,-0.3142000138759613
img_07113_mirrored.jpg,0.0225000008940696
img_00265_mirrored.jpg,-0.0364000014960765
img_01119.jpg,-0.0031000000890344
img_04491_mirrored.jpg,0.3142000138759613
img_11791_mirrored.jpg,0.0104999998584389
img_09986_mirrored.jpg,0.0052000000141561
img_10367.jpg,-0.3142000138759613
img_00763.jpg,-0.0983999967575073
img_09605_mirrored.jpg,0.060199998319149
img_04314_mirrored.jpg,-0.0649000033736229
img_14514_mirrored.jpg,0.2414000034332275
img_02425_mirrored.jpg,0.217299997806549
img_03618_mirrored.jpg,-0.1497000008821487
img_07927_mirrored.jpg,0.1904000043869018
img_04345_mirrored.jpg,0.1031000018119812
img_12880_mirrored.jpg,0.0351000018417835
img_09720_mirrored.jpg,0.2198999971151352
img_09079_mirrored.jpg,-0.0392999984323978
img_01956_mirrored.jpg,0.1020999997854232
img_07876.jpg,-0.3115000128746032
img_07390_mirrored.jpg,0.262800008058548
img_14427.jpg,-0.1429000049829483
img_08797_mirrored.jpg,0.0297999996691942
img_00596_mirrored.jpg,-0.2071000039577484
img_11240.jpg,-0.1162000000476837
img_14734_mirrored.jpg,0.0167999994009733
img_13093_mirrored.jpg,0.3142000138759613
img_04292.jpg,-0.0922000035643577
img_07704_mirrored.jpg,0.0372000001370906
img_06878_mirrored.jpg,0.1932000070810318
img_06997.jpg,-0.0073000001721084
img_00547.jpg,-0.0078999996185302
img_06127.jpg,-0.0031000000890344
img_14106_mirrored.jpg,0.3142000138759613
img_03234.jpg,-0.0474000014364719
img_04499_mirrored.jpg,0.3142000138759613
img_12137_mirrored.jpg,0.1456000059843063
img_01808.jpg,-0.2031999975442886
img_14625_mirrored.jpg,-0.1177999973297119
img_06677.jpg,-0.048700001090765
img_08703.jpg,-0.0187999997287988
img_00999_mirrored.jpg,-0.024100000038743
img_12927_mirrored.jpg,-0.0063000000081956
img_04799_mirrored.jpg,0.09740000218153
img_12551_mirrored.jpg,0.1659999936819076
img_00125_mirrored.jpg,0.1062999963760376
img_06963.jpg,-0.2046999931335449
img_00278.jpg,-0.032999999821186
img_04571_mirrored.jpg,0.0251000002026557
img_04629.jpg,0.1861999928951263
img_02444.jpg,-0.3142000138759613
img_04111_mirrored.jpg,0.006800000090152
img_07184_mirrored.jpg,-0.1632000058889389
img_00252.jpg,-0.0869000032544136
img_03840.jpg,-0.1456000059843063
img_10563_mirrored.jpg,-0.0083999997004866
img_08966_mirrored.jpg,-0.0156999994069337
img_02850.jpg,-0.1512999981641769
img_03473_mirrored.jpg,0.0423999987542629
img_01857_mirrored.jpg,-0.0204000007361173
img_06256.jpg,-0.0372000001370906
img_08488_mirrored.jpg,-0.0816999971866607
img_14971_mirrored.jpg,-0.5235999822616577
img_01844_mirrored.jpg,0.146599993109703
img_09193.jpg,-0.0873999968171119
img_07582_mirrored.jpg,-0.1717000007629394
img_06719_mirrored.jpg,0.2319999933242797
img_10009_mirrored.jpg,0.0037000000011175
img_08872.jpg,-0.3003999888896942
img_12507.jpg,-0.0340000018477439
img_04229_mirrored.jpg,-0.1826999932527542
img_10021.jpg,-0.0031000000890344
img_11600_mirrored.jpg,0.1738000065088272
img_09052_mirrored.jpg,0.0031000000890344
img_13764.jpg,-0.0115000000223517
img_10372_mirrored.jpg,0.2250999957323074
img_03813_mirrored.jpg,0.0187999997287988
img_00858_mirrored.jpg,0.1615000069141388
img_07149_mirrored.jpg,0.0115000000223517
img_05576.jpg,-0.0098999999463558
img_06610_mirrored.jpg,-0.093699999153614
img_09855.jpg,-0.2198999971151352
img_00718.jpg,-0.2105000019073486
img_12072_mirrored.jpg,0.0456000007688999
img_01018_mirrored.jpg,0.1220000013709068
img_14549.jpg,-0.3142000138759613
img_02339_mirrored.jpg,0.1571000069379806
img_06986_mirrored.jpg,0.0555000007152557
img_11855.jpg,0.0152000002562999
img_02939.jpg,-0.3142000138759613
img_09046.jpg,-0.0031000000890344
img_03246.jpg,-0.0204000007361173
img_08835_mirrored.jpg,0.2025000005960464
img_02959_mirrored.jpg,0.2759000062942505
img_03422.jpg,-0.3142000138759613
img_11823.jpg,0.0961000025272369
img_03865.jpg,-0.1497000008821487
img_04160_mirrored.jpg,0.0690999999642372
img_02409_mirrored.jpg,0.2418999969959259
img_12919_mirrored.jpg,0.0597000010311603
img_00265.jpg,0.0364000014960765
img_03867_mirrored.jpg,0.1554999947547912
img_10346_mirrored.jpg,0.3142000138759613
img_11826_mirrored.jpg,-0.1110000014305114
img_05592_mirrored.jpg,-0.1324999928474426
img_13583.jpg,-0.3142000138759613
img_02600_mirrored.jpg,0.0581000000238418
img_05021_mirrored.jpg,0.2524000108242035
img_06692_mirrored.jpg,-0.0063000000081956
img_09473.jpg,-0.0162000004202127
img_08330_mirrored.jpg,0.2186000049114227
img_09536.jpg,0.1189000010490417
img_13384.jpg,-0.094200000166893
img_14884.jpg,-0.5235999822616577
img_13470.jpg,-0.1340000033378601
img_12707.jpg,-0.0852999985218048
img_12020_mirrored.jpg,-0.0052000000141561
img_11844.jpg,0.0215000007301569
img_09498.jpg,-0.1141000017523765
img_13698_mirrored.jpg,0.0287999995052814
img_11703.jpg,-0.3142000138759613
img_12544_mirrored.jpg,0.1669999957084655
img_12069.jpg,-0.0659999996423721
img_09272_mirrored.jpg,0.1863999962806701
img_09459.jpg,0.183799996972084
img_03481_mirrored.jpg,0.3142000138759613
img_00672_mirrored.jpg,0.0208999998867511
img_09260_mirrored.jpg,0.150299996137619
img_09936.jpg,-0.0219999998807907
img_03225.jpg,0.2041999995708465
img_06871_mirrored.jpg,0.3142000138759613
img_14877_mirrored.jpg,0.5235999822616577
img_00114_mirrored.jpg,0.0198999997228384
img_06278.jpg,-0.0491999983787536
img_14205_mirrored.jpg,-0.1544999927282333
img_11623_mirrored.jpg,0.1120999976992607
img_02038.jpg,0.0147000001743435
img_09181_mirrored.jpg,0.0162000004202127
img_02642.jpg,0.0293000005185604
img_11158.jpg,-0.1550000011920929
img_10233.jpg,-0.1587000042200088
img_13226_mirrored.jpg,0.0386999994516372
img_00007.jpg,-0.1528999954462051
img_11458_mirrored.jpg,-0.0386999994516372
img_10987.jpg,0.1125999987125396
img_06644_mirrored.jpg,0.0262000001966953
img_02664.jpg,-0.0293000005185604
img_06064_mirrored.jpg,0.0204000007361173
img_05799.jpg,-0.0392999984323978
img_01338.jpg,-0.1606999933719635
img_13715.jpg,0.0245999991893768
img_12671.jpg,0.0120000001043081
img_12223_mirrored.jpg,0.3142000138759613
img_04276.jpg,-0.0386999994516372
img_01567_mirrored.jpg,-0.157600000500679
img_06626_mirrored.jpg,0.0215000007301569
img_04199_mirrored.jpg,0.0372000001370906
img_06904.jpg,-0.2624000012874603
img_02863_mirrored.jpg,0.1601999998092651
img_11128_mirrored.jpg,0.100500002503395
img_01324.jpg,-0.1387999951839447
img_10912_mirrored.jpg,-0.0256999991834163
img_09848.jpg,-0.3142000138759613
img_08082.jpg,-0.0031000000890344
img_08407_mirrored.jpg,0.1096000000834465
img_00009_mirrored.jpg,0.1826999932527542
img_11548.jpg,0.013600000180304
img_13508.jpg,-0.0236000008881092
img_03842.jpg,-0.1423999965190887
img_11256_mirrored.jpg,0.3142000138759613
img_14562_mirrored.jpg,0.0324999988079071
img_13255_mirrored.jpg,0.1318999975919723
img_09861_mirrored.jpg,0.100500002503395
img_04599.jpg,-0.0304000005125999
img_11883.jpg,-0.0037000000011175
img_11707.jpg,-0.2623000144958496
img_14572_mirrored.jpg,0.2450000047683715
img_01902.jpg,-0.1974000036716461
img_04677_mirrored.jpg,0.024100000038743
img_04986_mirrored.jpg,0.066500000655651
img_13520.jpg,-0.3142000138759613
img_13279_mirrored.jpg,-0.2282000035047531
img_09699.jpg,-0.0408000014722347
img_08101_mirrored.jpg,-0.0236000008881092
img_02080_mirrored.jpg,-0.0256999991834163
img_06128_mirrored.jpg,0.0031000000890344
img_11334.jpg,-0.0308999996632337
img_14096.jpg,-0.3142000138759613
img_06665_mirrored.jpg,-0.0208999998867511
img_09278.jpg,-0.191100001335144
img_08805.jpg,-0.179199993610382
img_14177.jpg,0.1691000014543533
img_13890.jpg,-0.0126000000163912
img_06118_mirrored.jpg,0.0037000000011175
img_01354.jpg,-0.2380000054836273
img_03367_mirrored.jpg,0.1445000022649765
img_08260.jpg,-0.0612999983131885
img_05507_mirrored.jpg,0.3142000138759613
img_07146.jpg,-0.0208999998867511
img_15168_mirrored.jpg,-0.5235999822616577
img_10161.jpg,-0.0948000028729438
img_06547_mirrored.jpg,0.0256999991834163
img_11015.jpg,-0.0251000002026557
img_11063_mirrored.jpg,-0.0115000000223517
img_01067.jpg,0.0256999991834163
img_05542.jpg,-0.0215000007301569
img_08126.jpg,-0.0198999997228384
img_13515_mirrored.jpg,0.1605000048875808
img_14809_mirrored.jpg,0.5235999822616577
img_12556_mirrored.jpg,0.1115000024437904
img_12270.jpg,-0.0093999998643994
img_09425.jpg,0.0109999999403953
img_14648.jpg,0.0245999991893768
img_07310.jpg,-0.1591999977827072
img_04898_mirrored.jpg,0.2497999966144561
img_08192_mirrored.jpg,0.0236000008881092
img_04949_mirrored.jpg,0.3142000138759613
img_12658_mirrored.jpg,0.1895000040531158
img_09255.jpg,-0.1591999977827072
img_13077_mirrored.jpg,0.3142000138759613
img_07689_mirrored.jpg,0.0571000017225742
img_06204_mirrored.jpg,-0.0549999997019767
img_13737.jpg,-0.0031000000890344
img_07622_mirrored.jpg,0.0304000005125999
img_04277_mirrored.jpg,0.0318999998271465
img_06837.jpg,-0.1613000035285949
img_05827_mirrored.jpg,0.1524000018835067
img_03913_mirrored.jpg,0.1460999995470047
img_12925.jpg,-0.0098999999463558
img_07427.jpg,-0.1497000008821487
img_13385.jpg,-0.1410000026226043
img_03579.jpg,0.0032999999821186
img_05188.jpg,0.0744000002741813
img_02694.jpg,-0.0173000004142522
img_06974.jpg,-0.1327999979257583
img_14120.jpg,0.0173000004142522
img_14004.jpg,-0.1666000038385391
img_03738.jpg,0.0989999994635582
img_09123_mirrored.jpg,0.0597000010311603
img_09857.jpg,-0.1587000042200088
img_12642.jpg,-0.1994999945163726
img_04544.jpg,-0.024100000038743
img_07965_mirrored.jpg,-0.0324999988079071
img_04023_mirrored.jpg,0.0549999997019767
img_08790.jpg,0.0461000017821788
img_10571.jpg,0.0859000012278556
img_01352.jpg,-0.1997999995946884
img_01010_mirrored.jpg,0.0198999997228384
img_01056.jpg,-0.0236000008881092
img_02729_mirrored.jpg,-0.1407999992370605
img_09955_mirrored.jpg,-0.1020999997854232
img_00214_mirrored.jpg,0.013600000180304
img_10958.jpg,-0.0031000000890344
img_05916_mirrored.jpg,0.3142000138759613
img_01809.jpg,-0.210999995470047
img_01899.jpg,-0.1565999984741211
img_09303.jpg,-0.2025000005960464
img_07097_mirrored.jpg,0.0037000000011175
img_13775.jpg,-0.1136000007390976
img_12243_mirrored.jpg,0.1863999962806701
img_10612_mirrored.jpg,-0.0098999999463558
img_12588_mirrored.jpg,0.3142000138759613
img_13631.jpg,-0.1684000045061111
img_06699_mirrored.jpg,-0.0115999998524785
img_08913.jpg,-0.100500002503395
img_13040_mirrored.jpg,0.1512999981641769
img_04725_mirrored.jpg,-0.0063000000081956
img_08648_mirrored.jpg,-0.0015999999595806
img_12717.jpg,-0.0078999996185302
img_15163.jpg,0.5235999822616577
img_03522_mirrored.jpg,-0.0167999994009733
img_01006_mirrored.jpg,0.0093999998643994
img_12537_mirrored.jpg,0.1324999928474426
img_01384.jpg,-0.3142000138759613
img_07877_mirrored.jpg,0.2764999866485595
img_00313.jpg,-0.1367000043392181
img_05087.jpg,0.0230000000447034
img_10358.jpg,-0.3142000138759613
img_01182.jpg,-0.0529000014066696
img_12924_mirrored.jpg,0.013600000180304
img_10365_mirrored.jpg,0.3142000138759613
img_12757.jpg,0.1115000024437904
img_11866.jpg,-0.0057999999262392
img_00170_mirrored.jpg,0.0346000008285045
img_08217.jpg,-0.0706999972462654
img_04120_mirrored.jpg,0.0041999998502433
img_14663_mirrored.jpg,0.0063000000081956
img_06907_mirrored.jpg,0.3142000138759613
img_05018_mirrored.jpg,0.1333999931812286
img_12879_mirrored.jpg,0.0397999994456768
img_04535.jpg,-0.0812000036239624
img_07165.jpg,-0.0283000003546476
img_07744.jpg,-0.0456000007688999
img_00109.jpg,-0.0010000000474974
img_11426_mirrored.jpg,-0.1492000073194503
img_14137.jpg,-0.013600000180304
img_05814_mirrored.jpg,0.0710999965667724
img_06111.jpg,-0.0031000000890344
img_05147.jpg,-0.0031000000890344
img_07317.jpg,-0.1528999954462051
img_14702.jpg,-0.0502999983727932
img_04482_mirrored.jpg,0.1229000017046928
img_03811_mirrored.jpg,0.024100000038743
img_00686_mirrored.jpg,0.0187999997287988
img_12124_mirrored.jpg,0.2969000041484833
img_14765_mirrored.jpg,0.5235999822616577
img_00657_mirrored.jpg,-0.1136000007390976
img_12795.jpg,-0.0063000000081956
img_10250_mirrored.jpg,0.3142000138759613
img_09319.jpg,-0.2702000141143799
img_09749.jpg,-0.1110000014305114
img_09355_mirrored.jpg,0.3142000138759613
img_08271_mirrored.jpg,0.1036999970674514
img_08384.jpg,-0.3142000138759613
img_07522.jpg,-0.0266999993473291
img_13633.jpg,-0.2644000053405761
img_03185.jpg,-0.0093999998643994
img_09335.jpg,-0.2896000146865845
img_05962_mirrored.jpg,0.1031000018119812
img_06853_mirrored.jpg,0.1084000021219253
img_09945.jpg,-0.0126000000163912
img_04198_mirrored.jpg,0.033500000834465
img_01895_mirrored.jpg,0.1445000022649765
img_11449.jpg,0.1079000011086463
img_09349_mirrored.jpg,0.262800008058548
img_02750.jpg,-0.0450000017881393
img_06575.jpg,-0.0916000008583068
img_06269.jpg,-0.0826999992132186
img_07392_mirrored.jpg,0.1843000054359436
img_14206.jpg,0.1356000006198883
img_10585_mirrored.jpg,0.2040999978780746
img_05302_mirrored.jpg,0.0377000011503696
img_02306_mirrored.jpg,0.0952999964356422
img_00081.jpg,-0.0005000000237487
img_01125.jpg,-0.0205000005662441
img_11554.jpg,-0.0204000007361173
img_00014.jpg,-0.0465999990701675
img_05909.jpg,-0.1744000017642974
img_15172.jpg,0.5235999822616577
img_08061.jpg,-0.0031000000890344
img_09785_mirrored.jpg,0.3142000138759613
img_02164_mirrored.jpg,-0.0644000023603439
img_07473.jpg,0.0156999994069337
img_14515.jpg,-0.2669999897480011
img_14981.jpg,0.5235999822616577
img_08937_mirrored.jpg,-0.0283000003546476
img_12878.jpg,-0.0423999987542629
img_08351.jpg,-0.2989000082015991
img_01112.jpg,-0.0031000000890344
img_03863.jpg,-0.1492000073194503
img_14439_mirrored.jpg,-0.0162000004202127
img_08113_mirrored.jpg,-0.0445000007748603
img_12326.jpg,-0.100500002503395
img_00350.jpg,-0.3142000138759613
img_04334.jpg,-0.05180000141263
img_03113.jpg,-0.0046999999321997
img_11752_mirrored.jpg,0.2737999856472015
img_07885_mirrored.jpg,0.3142000138759613
img_03216_mirrored.jpg,-0.0256999991834163
img_00084.jpg,-0.0005000000237487
img_11886.jpg,-0.0037000000011175
img_03652_mirrored.jpg,0.0104999998584389
img_11811.jpg,0.0057999999262392
img_07428.jpg,-0.1130999997258186
img_14582_mirrored.jpg,-0.0313999988138675
img_15128.jpg,0.0
img_01162.jpg,-0.0141000002622604
img_12570.jpg,0.0272000003606081
img_12085.jpg,-0.1292999982833862
img_07887_mirrored.jpg,0.3142000138759613
img_03295_mirrored.jpg,0.0308999996632337
img_07605_mirrored.jpg,-0.0680000036954879
img_10965_mirrored.jpg,0.0308999996632337
img_09050_mirrored.jpg,0.0031000000890344
img_02431.jpg,-0.1162000000476837
img_00127.jpg,-0.0879999995231628
img_12496.jpg,-0.1031000018119812
img_14209.jpg,0.1393000036478042
img_06867_mirrored.jpg,0.3142000138759613
img_03413_mirrored.jpg,0.2518999874591827
img_12307.jpg,0.098300002515316
img_13352.jpg,-0.05180000141263
img_12366_mirrored.jpg,0.0230000000447034
img_06050_mirrored.jpg,0.0078999996185302
img_02611_mirrored.jpg,-0.1528999954462051
img_04154.jpg,-0.0266999993473291
img_13473_mirrored.jpg,0.1393000036478042
img_12393_mirrored.jpg,-0.066500000655651
img_01847.jpg,-0.1512999981641769
img_01512_mirrored.jpg,0.0869000032544136
img_00368_mirrored.jpg,0.2293000072240829
img_15099_mirrored.jpg,-0.5235999822616577
img_12488.jpg,-0.0355999991297721
img_11628_mirrored.jpg,0.146599993109703
img_01724.jpg,-0.1027000024914741
img_10268_mirrored.jpg,0.2597000002861023
img_02765.jpg,-0.0073000001721084
img_05600_mirrored.jpg,0.1125999987125396
img_09353.jpg,-0.3142000138759613
img_05662.jpg,0.1680999994277954
img_06034_mirrored.jpg,0.0983999967575073
img_03001_mirrored.jpg,0.0410000011324882
img_12413.jpg,-0.0262000001966953
img_02271.jpg,-0.0538999997079372
img_15036_mirrored.jpg,-0.5235999822616577
img_11382.jpg,0.0759000033140182
img_08783.jpg,-0.1508000046014785
img_06883_mirrored.jpg,0.1449999958276748
img_05120_mirrored.jpg,0.006800000090152
img_03258.jpg,-0.0266999993473291
img_08022_mirrored.jpg,0.0194000005722045
img_08928_mirrored.jpg,0.2303999960422516
img_03504_mirrored.jpg,0.3142000138759613
img_13028.jpg,-0.1512999981641769
img_04121.jpg,-0.0037000000011175
img_05599_mirrored.jpg,0.1046999990940094
img_14587_mirrored.jpg,0.0098999999463558
img_05090.jpg,-0.0251000002026557
img_02611.jpg,0.1528999954462051
img_12477.jpg,-0.0052000000141561
img_10032.jpg,-0.0502999983727932
img_03011.jpg,-0.2388000041246414
img_10642.jpg,-0.0403000004589557
img_11052_mirrored.jpg,0.05180000141263
img_07953_mirrored.jpg,0.2712000012397766
img_01030.jpg,0.0057999999262392
img_09030.jpg,-0.0037000000011175
img_14988.jpg,0.5235999822616577
img_12341.jpg,0.1156999990344047
img_12328.jpg,-0.0533999986946582
img_12517_mirrored.jpg,0.0236000008881092
img_08811.jpg,-0.3142000138759613
img_07202_mirrored.jpg,0.0775000005960464
img_00201_mirrored.jpg,0.0529000014066696
img_11085_mirrored.jpg,-0.0041999998502433
img_05725_mirrored.jpg,-0.0604000017046928
img_01100_mirrored.jpg,0.0031000000890344
img_14166.jpg,-0.008899999782443
img_06536.jpg,0.1784999966621399
img_11037.jpg,0.2131000012159347
img_06134_mirrored.jpg,0.0046999999321997
img_03188_mirrored.jpg,0.0078999996185302
img_05578_mirrored.jpg,0.0057999999262392
img_09037_mirrored.jpg,0.0031000000890344
img_02172.jpg,-0.0156999994069337
img_07653_mirrored.jpg,0.048200000077486
img_09536_mirrored.jpg,-0.1189000010490417
img_14552.jpg,-0.2770000100135803
img_10112_mirrored.jpg,0.0769999995827674
img_09241_mirrored.jpg,0.0824000015854835
img_10736.jpg,-0.167600005865097
img_14758_mirrored.jpg,0.5235999822616577
img_00871.jpg,-0.3142000138759613
img_09450_mirrored.jpg,-0.1455000042915344
img_04676.jpg,-0.0208999998867511
img_10465.jpg,0.1535000056028366
img_12836_mirrored.jpg,0.070200003683567
img_01799.jpg,-0.0283000003546476
img_10531_mirrored.jpg,-0.1215000003576278
img_03232_mirrored.jpg,0.033500000834465
img_02930.jpg,-0.3115000128746032
img_02668.jpg,-0.0109999999403953
img_01595.jpg,0.1926999986171722
img_07063.jpg,0.0208999998867511
img_09663_mirrored.jpg,0.0078999996185302
img_10393_mirrored.jpg,0.0680999979376792
img_10848_mirrored.jpg,-0.0225000008940696
img_06776_mirrored.jpg,0.0403000004589557
img_06093.jpg,-0.0046999999321997
img_13295.jpg,0.130400002002716
img_13684.jpg,0.0251000002026557
img_07957_mirrored.jpg,0.1597000062465667
img_09904.jpg,-0.1685999929904937
img_04673_mirrored.jpg,-0.0685999989509582
img_05995_mirrored.jpg,0.0653999969363212
img_04412_mirrored.jpg,0.3142000138759613
img_15000_mirrored.jpg,-0.5235999822616577
img_01546_mirrored.jpg,0.0230000000447034
img_04440_mirrored.jpg,0.1381999999284744
img_14953.jpg,0.0
img_02564.jpg,-0.018300000578165
img_02487.jpg,-0.3142000138759613
img_09771_mirrored.jpg,0.0461000017821788
img_05283_mirrored.jpg,-0.0078999996185302
img_00612_mirrored.jpg,-0.1550000011920929
img_03650.jpg,-0.0198999997228384
img_02582.jpg,0.1826999932527542
img_04153.jpg,-0.0156999994069337
img_09004_mirrored.jpg,-0.0208999998867511
img_00363_mirrored.jpg,0.0890000015497207
img_09862_mirrored.jpg,0.100500002503395
img_07350.jpg,-0.1084000021219253
img_03827_mirrored.jpg,0.2120999991893768
img_13096_mirrored.jpg,0.3142000138759613
img_11563.jpg,-0.1041999980807304
img_12101_mirrored.jpg,0.1613000035285949
img_03579_mirrored.jpg,-0.0032999999821186
img_03636_mirrored.jpg,-0.0962999984622001
img_10529_mirrored.jpg,-0.1162000000476837
img_05620.jpg,0.1194000020623207
img_04625_mirrored.jpg,-0.1151999980211258
img_02348.jpg,-0.1528999954462051
img_13379.jpg,0.1381999999284744
img_07183_mirrored.jpg,-0.1439999938011169
img_00325_mirrored.jpg,0.1492000073194503
img_13973.jpg,-0.1770000010728836
img_00055_mirrored.jpg,-0.0225000008940696
img_14444_mirrored.jpg,0.0465999990701675
img_14209_mirrored.jpg,-0.1393000036478042
img_10212_mirrored.jpg,0.1182999983429908
img_14496.jpg,-0.2854000031948089
img_09068.jpg,-0.0922000035643577
img_04486_mirrored.jpg,0.3142000138759613
img_13872_mirrored.jpg,0.0428999997675418
img_03211.jpg,-0.0759000033140182
img_01230_mirrored.jpg,-0.0120000001043081
img_13002.jpg,-0.0465999990701675
img_06364_mirrored.jpg,0.3142000138759613
img_01033_mirrored.jpg,0.0063000000081956
img_11094_mirrored.jpg,0.0905999988317489
img_13605_mirrored.jpg,-0.0093999998643994
img_12569.jpg,0.0372000001370906
img_13204.jpg,0.0083999997004866
img_09763_mirrored.jpg,-0.0471000000834465
img_10484_mirrored.jpg,-0.1099999994039535
img_01546.jpg,-0.0230000000447034
img_07633.jpg,0.1120999976992607
img_00442_mirrored.jpg,0.0627999976277351
img_01663_mirrored.jpg,-0.1031000018119812
img_01365.jpg,-0.2456000000238418
img_01772_mirrored.jpg,0.1046999990940094
img_02008_mirrored.jpg,-0.0208999998867511
img_05441.jpg,-0.1356000006198883
img_01574_mirrored.jpg,-0.0560000017285347
img_02160_mirrored.jpg,-0.1110000014305114
img_07666.jpg,-0.008899999782443
img_07787_mirrored.jpg,0.1429000049829483
img_09905_mirrored.jpg,0.1330000013113021
img_14445_mirrored.jpg,0.0644000023603439
img_00133_mirrored.jpg,-0.0251000002026557
img_06058_mirrored.jpg,-0.1168000027537345
img_13318.jpg,0.0428999997675418
img_00302.jpg,-0.0706999972462654
img_14283.jpg,-0.0445000007748603
img_11745.jpg,-0.2712999880313873
img_05057.jpg,-0.09009999781847
img_01398.jpg,-0.2583999931812286
img_04804.jpg,-0.0408000014722347
img_10384_mirrored.jpg,0.0083999997004866
img_05595_mirrored.jpg,0.0366999991238117
img_11721_mirrored.jpg,0.2795999944210052
img_11350.jpg,0.2460999935865402
img_13358_mirrored.jpg,0.0408000014722347
img_01117.jpg,-0.0031000000890344
img_07858_mirrored.jpg,0.1471000015735626
img_05332.jpg,-0.0838000029325485
img_05838_mirrored.jpg,0.1606999933719635
img_08517_mirrored.jpg,-0.1099999994039535
img_00362_mirrored.jpg,0.0922000035643577
img_00821.jpg,-0.1826999932527542
img_04336_mirrored.jpg,0.048200000077486
img_01017_mirrored.jpg,0.1230000033974647
img_03008.jpg,-0.258899986743927
img_12025.jpg,-0.0392999984323978
img_07007_mirrored.jpg,0.1125999987125396
img_07945.jpg,-0.0397999994456768
img_01862_mirrored.jpg,0.0313999988138675
img_00168_mirrored.jpg,0.0272000003606081
img_08138.jpg,-0.0283000003546476
img_12842.jpg,-0.093199998140335
img_14114_mirrored.jpg,-0.0262000001966953
img_03120_mirrored.jpg,0.0031000000890344
img_13008_mirrored.jpg,0.093199998140335
img_07277.jpg,-0.0879999995231628
img_07263.jpg,0.0983999967575073
img_10688.jpg,-0.1125999987125396
img_06067.jpg,-0.0236000008881092
img_09012_mirrored.jpg,-0.0204000007361173
img_04621.jpg,0.1695999950170517
img_04710.jpg,-0.05180000141263
img_03642_mirrored.jpg,-0.1550000011920929
img_06481_mirrored.jpg,0.3142000138759613
img_10968.jpg,-0.0560000017285347
img_14808.jpg,-0.5235999822616577
img_15022_mirrored.jpg,-0.0
img_03026.jpg,-0.0046999999321997
img_10762_mirrored.jpg,0.3142000138759613
img_05703.jpg,-0.0581000000238418
img_00498.jpg,-0.0471000000834465
img_09166.jpg,-0.0278999991714954
img_05492_mirrored.jpg,0.3142000138759613
img_14342.jpg,-0.0104999998584389
img_03137_mirrored.jpg,0.0031000000890344
img_12787_mirrored.jpg,0.0046999999321997
img_11805.jpg,0.0194000005722045
img_06055_mirrored.jpg,-0.0737999975681305
img_13468_mirrored.jpg,0.1419000029563903
img_00651.jpg,0.0842999964952468
img_14713_mirrored.jpg,0.0775000005960464
img_07833.jpg,-0.2549999952316284
img_07037.jpg,0.1036999970674514
img_07321.jpg,-0.1591999977827072
img_03762_mirrored.jpg,0.006800000090152
img_12863_mirrored.jpg,0.0219999998807907
img_13269.jpg,0.1937000006437301
img_06161.jpg,0.1041999980807304
img_09043_mirrored.jpg,0.0037000000011175
img_05480_mirrored.jpg,0.0493000000715255
img_05945.jpg,-0.2222999930381775
img_06169_mirrored.jpg,0.0208999998867511
img_03445_mirrored.jpg,0.266400009393692
img_00457_mirrored.jpg,0.3142000138759613
img_11696.jpg,-0.2896000146865845
img_03532.jpg,-0.0847999975085258
img_02222.jpg,-0.048700001090765
img_06358_mirrored.jpg,0.248999997973442
img_06157.jpg,0.0821999981999397
img_03120.jpg,-0.0031000000890344
img_06806.jpg,-0.1397999972105026
img_11465_mirrored.jpg,-0.1172999963164329
img_13286.jpg,0.1041999980807304
img_02716_mirrored.jpg,-0.0057999999262392
img_08574_mirrored.jpg,0.0230000000447034
img_02084_mirrored.jpg,-0.0225000008940696
img_05091_mirrored.jpg,0.0277999993413686
img_09478_mirrored.jpg,-0.0073000001721084
img_00216_mirrored.jpg,0.0046999999321997
img_02199_mirrored.jpg,0.0816999971866607
img_04369_mirrored.jpg,0.1606999933719635
img_08849.jpg,-0.3142000138759613
img_14297.jpg,0.0073000001721084
img_06504.jpg,-0.018300000578165
img_11553_mirrored.jpg,0.0104999998584389
img_11375.jpg,0.1225999966263771
img_06210_mirrored.jpg,-0.191100001335144
img_08985_mirrored.jpg,-0.0910999998450279
img_00533.jpg,0.0465999990701675
img_03775_mirrored.jpg,-0.0104999998584389
img_07603.jpg,0.0178999993950128
img_08865_mirrored.jpg,0.224600002169609
img_14390.jpg,-0.1115000024437904
img_01698.jpg,-0.018300000578165
img_06423_mirrored.jpg,0.1595000028610229
img_09396_mirrored.jpg,0.3142000138759613
img_00367.jpg,-0.1696999967098236
img_09014.jpg,0.0152000002562999
img_14281.jpg,-0.0313999988138675
img_09667_mirrored.jpg,-0.0046999999321997
img_11525.jpg,-0.1780000030994415
img_14293.jpg,-0.0297999996691942
img_06948.jpg,0.0098999999463558
img_13101_mirrored.jpg,0.2664999961853027
img_04687_mirrored.jpg,-0.1010999977588653
img_01523_mirrored.jpg,0.017799999564886
img_01872.jpg,-0.2401999980211258
img_01890.jpg,-0.3136000037193298
img_02065.jpg,-0.0215000007301569
img_00197_mirrored.jpg,-0.093699999153614
img_10454_mirrored.jpg,0.1194000020623207
img_03937_mirrored.jpg,0.2816999852657318
img_04961.jpg,-0.2067999988794326
img_10094.jpg,0.033500000834465
img_14681_mirrored.jpg,0.0031000000890344
img_15013_mirrored.jpg,-0.5235999822616577
img_02266.jpg,0.0031000000890344
img_13846_mirrored.jpg,0.0461000017821788
img_12015.jpg,-0.0434999987483024
img_06878.jpg,-0.1932000070810318
img_08922_mirrored.jpg,0.1611000001430511
img_12616_mirrored.jpg,0.3142000138759613
img_09920_mirrored.jpg,0.0115000000223517
img_13106_mirrored.jpg,0.1172999963164329
img_14465_mirrored.jpg,0.3142000138759613
img_04464_mirrored.jpg,0.3131000101566314
img_11668.jpg,-0.2854000031948089
img_11144.jpg,-0.1010999977588653
img_00187.jpg,0.0891000032424926
img_01068.jpg,0.0256999991834163
img_04283.jpg,-0.0041999998502433
img_07758_mirrored.jpg,0.0215000007301569
img_01157_mirrored.jpg,0.0156999994069337
img_04241.jpg,-0.0829999968409538
img_06158_mirrored.jpg,-0.1026000007987022
img_09494_mirrored.jpg,0.0318999998271465
img_01732_mirrored.jpg,0.1371999979019165
img_08819_mirrored.jpg,0.3142000138759613
img_03154_mirrored.jpg,0.0617999993264675
img_08366_mirrored.jpg,0.1456000059843063
img_04690.jpg,0.1136000007390976
img_14220.jpg,0.0962999984622001
img_03406_mirrored.jpg,0.3142000138759613
img_03748_mirrored.jpg,0.2204000055789947
img_01633.jpg,0.0120000001043081
img_10750_mirrored.jpg,0.3142000138759613
img_01252.jpg,0.0083999997004866
img_04656_mirrored.jpg,-0.0104999998584389
img_08429_mirrored.jpg,0.3142000138759613
img_12059_mirrored.jpg,0.094200000166893
img_14623.jpg,0.0922000035643577
img_01842_mirrored.jpg,0.1298999935388565
img_05217.jpg,-0.0732999965548515
img_10842_mirrored.jpg,0.032999999821186
img_10863_mirrored.jpg,0.1272000074386596
img_13036_mirrored.jpg,0.1745000034570694
img_03049_mirrored.jpg,-0.0156999994069337
img_01797.jpg,-0.0225000008940696
img_06149_mirrored.jpg,0.1020999997854232
img_14884_mirrored.jpg,0.5235999822616577
img_09908_mirrored.jpg,0.0434999987483024
img_08231_mirrored.jpg,-0.0272000003606081
img_06105.jpg,-0.0031000000890344
img_02187.jpg,-0.0419000014662742
img_02801.jpg,-0.0403000004589557
img_11708.jpg,-0.2428999990224838
img_12572_mirrored.jpg,0.0115000000223517
img_07112.jpg,-0.013600000180304
img_12300_mirrored.jpg,0.0078999996185302
img_08098_mirrored.jpg,0.0916000008583068
img_10195.jpg,-0.0842999964952468
img_08242_mirrored.jpg,0.0386999994516372
img_07228_mirrored.jpg,0.0496999993920326
img_08111_mirrored.jpg,-0.0847999975085258
img_02378.jpg,-0.228300005197525
img_08191.jpg,-0.0147000001743435
img_01556.jpg,-0.0093999998643994
img_09471.jpg,-0.0256999991834163
img_09205.jpg,0.0324999988079071
img_06396.jpg,-0.2581000030040741
img_12580_mirrored.jpg,0.131300002336502
img_09820_mirrored.jpg,0.3142000138759613
img_08622.jpg,-0.0152000002562999
img_12428.jpg,0.0073000001721084
img_04235_mirrored.jpg,-0.1072999984025955
img_09171_mirrored.jpg,0.0507999993860721
img_04843.jpg,-0.1403000056743621
img_10117.jpg,-0.0653999969363212
img_13852_mirrored.jpg,0.0728000029921531
img_04428_mirrored.jpg,0.3142000138759613
img_13753_mirrored.jpg,0.0031000000890344
img_02597.jpg,-0.1067999973893165
img_11407_mirrored.jpg,-0.1225000023841857
img_14437.jpg,0.0372000001370906
img_08665_mirrored.jpg,0.1494999974966049
img_07701_mirrored.jpg,0.0711999982595443
img_10374_mirrored.jpg,0.1120999976992607
img_14773.jpg,-0.5235999822616577
img_03989_mirrored.jpg,0.194700002670288
img_13439.jpg,-0.0313999988138675
img_04795_mirrored.jpg,0.1010999977588653
img_12594.jpg,-0.3142000138759613
img_07637.jpg,0.093199998140335
img_03977_mirrored.jpg,0.0922000035643577
img_14316_mirrored.jpg,0.0476000010967254
img_04908.jpg,-0.3142000138759613
img_10616_mirrored.jpg,-0.0187999997287988
img_08439.jpg,-0.2408999949693679
img_06226_mirrored.jpg,0.060199998319149
img_08451.jpg,0.0104999998584389
img_08801_mirrored.jpg,0.0851000025868415
img_06310_mirrored.jpg,0.070200003683567
img_08144_mirrored.jpg,0.0780000016093254
img_01647.jpg,0.123599998652935
img_14728.jpg,-0.0187999997287988
img_09128_mirrored.jpg,-0.0551000013947486
img_07685_mirrored.jpg,-0.1230000033974647
img_08508_mirrored.jpg,-0.0741000026464462
img_07035.jpg,0.1182999983429908
img_02200_mirrored.jpg,0.0754000023007392
img_13332.jpg,0.1152999997138977
img_14573_mirrored.jpg,0.1821999996900558
img_11087_mirrored.jpg,0.0089999996125698
img_12492.jpg,-0.093699999153614
img_04368.jpg,-0.1554999947547912
img_14510_mirrored.jpg,0.2053000032901764
img_08810.jpg,-0.3142000138759613
img_03870.jpg,0.1000000014901161
img_02258_mirrored.jpg,0.0465999990701675
img_14518_mirrored.jpg,0.3142000138759613
img_13142_mirrored.jpg,0.0204000007361173
img_09113_mirrored.jpg,0.0308999996632337
img_10499_mirrored.jpg,0.024100000038743
img_05085_mirrored.jpg,-0.066500000655651
img_09429_mirrored.jpg,0.0450000017881393
img_14205.jpg,0.1544999927282333
img_12419_mirrored.jpg,0.060199998319149
img_14665_mirrored.jpg,0.0052000000141561
img_08690_mirrored.jpg,0.0083999997004866
img_14716_mirrored.jpg,-0.0204000007361173
img_01761_mirrored.jpg,-0.0173000004142522
img_13467_mirrored.jpg,0.1508000046014785
img_13142.jpg,-0.0204000007361173
img_06144_mirrored.jpg,0.093699999153614
img_00829.jpg,-0.1141000017523765
img_10929_mirrored.jpg,0.0078999996185302
img_05997_mirrored.jpg,0.1168999969959259
img_05010.jpg,-0.0922000035643577
img_05137.jpg,-0.0031000000890344
img_03704.jpg,-0.0450000017881393
img_00973.jpg,-0.09009999781847
img_10683.jpg,-0.1665000021457672
img_14210_mirrored.jpg,-0.1669999957084655
img_09387.jpg,-0.3142000138759613
img_11476.jpg,-0.0198999997228384
img_11743_mirrored.jpg,0.1712999939918518
img_10605_mirrored.jpg,0.008899999782443
img_08905.jpg,-0.3136000037193298
img_14979_mirrored.jpg,-0.5235999822616577
img_12007_mirrored.jpg,0.048700001090765
img_07026_mirrored.jpg,0.0078999996185302
img_12463_mirrored.jpg,0.033500000834465
img_06247.jpg,-0.0496999993920326
img_04866_mirrored.jpg,0.1194000020623207
img_05881_mirrored.jpg,0.2021999955177307
img_04400_mirrored.jpg,0.0895000025629997
img_01514.jpg,-0.0833000019192695
img_01914.jpg,-0.3142000138759613
img_14602_mirrored.jpg,0.0685999989509582
img_04150_mirrored.jpg,0.0031000000890344
img_09063.jpg,-0.048700001090765
img_03204.jpg,-0.0434999987483024
img_14266_mirrored.jpg,-0.1177999973297119
img_03994.jpg,-0.3079000115394592
img_03080.jpg,-0.0256999991834163
img_00453_mirrored.jpg,0.3142000138759613
img_02957_mirrored.jpg,0.2953000068664551
img_11776.jpg,-0.0706999972462654
img_11680_mirrored.jpg,0.2224999964237213
img_10884.jpg,0.0476000010967254
img_03849.jpg,-0.183799996972084
img_03329.jpg,-0.0507999993860721
img_12967_mirrored.jpg,0.066500000655651
img_10444.jpg,0.1623000055551529
img_13529.jpg,-0.3142000138759613
img_07033.jpg,0.0948000028729438
img_13985.jpg,-0.2942999899387359
img_12721.jpg,-0.0126000000163912
img_06957_mirrored.jpg,0.3142000138759613
img_00530_mirrored.jpg,-0.1554999947547912
img_01452.jpg,-0.0957999974489212
img_13795_mirrored.jpg,0.018300000578165
img_11877.jpg,-0.0031000000890344
img_04874.jpg,-0.1587000042200088
img_04452.jpg,-0.3010999858379364
img_10123_mirrored.jpg,0.0104999998584389
img_01234.jpg,-0.0156999994069337
img_09610.jpg,-0.0318999998271465
img_04747_mirrored.jpg,0.0729999989271164
img_04590_mirrored.jpg,-0.13680000603199
img_04265.jpg,-0.0397999994456768
img_10396.jpg,-0.0351000018417835
img_14100.jpg,-0.3142000138759613
img_07205.jpg,-0.032999999821186
img_03688_mirrored.jpg,-0.0864000022411346
img_12632_mirrored.jpg,0.3142000138759613
img_11965.jpg,0.0571000017225742
img_15018.jpg,0.5235999822616577
img_11409.jpg,0.1292999982833862
img_01210_mirrored.jpg,0.0414000004529953
img_09595.jpg,-0.0131000000983476
img_04583_mirrored.jpg,-0.0041999998502433
img_12390.jpg,0.0215000007301569
img_03250_mirrored.jpg,-0.0057999999262392
img_06954_mirrored.jpg,0.2533999979496002
img_04551.jpg,0.0427000001072883
img_02601_mirrored.jpg,0.0361000001430511
img_08507_mirrored.jpg,-0.0564000010490417
img_07017.jpg,0.0152000002562999
img_13221.jpg,0.0780000016093254
img_12576_mirrored.jpg,0.0529000014066696
img_06905.jpg,-0.3142000138759613
img_03234_mirrored.jpg,0.0474000014364719
img_13538.jpg,-0.1486999988555908
img_04286_mirrored.jpg,0.0395999997854232
img_09127_mirrored.jpg,-0.0432999990880489
img_02063.jpg,-0.0204000007361173
img_01876.jpg,-0.3142000138759613
img_11990_mirrored.jpg,0.0283000003546476
img_04016.jpg,-0.2644000053405761
img_13547_mirrored.jpg,0.2502999901771545
img_07501_mirrored.jpg,-0.0474999994039535
img_06052_mirrored.jpg,-0.0219999998807907
img_14119_mirrored.jpg,-0.0215000007301569
img_08583.jpg,0.1905999928712844
img_13969_mirrored.jpg,0.1587000042200088
img_09035.jpg,-0.0031000000890344
img_10345.jpg,-0.3142000138759613
img_12962.jpg,-0.094200000166893
img_01955_mirrored.jpg,0.1093999966979026
img_11494_mirrored.jpg,0.0147000001743435
img_12869.jpg,-0.0152000002562999
img_00889_mirrored.jpg,0.1702000051736831
img_08898_mirrored.jpg,0.064300000667572
img_07060.jpg,0.024100000038743
img_10939.jpg,-0.002600000007078
img_11645.jpg,-0.0723000019788742
img_10670.jpg,-0.1351000070571899
img_07775_mirrored.jpg,0.2105000019073486
img_09162.jpg,0.0093999998643994
img_15104_mirrored.jpg,-0.5235999822616577
img_02649.jpg,0.0732000023126602
img_03722.jpg,0.006800000090152
img_12691.jpg,-0.0277999993413686
img_09385_mirrored.jpg,0.3142000138759613
img_05642.jpg,0.1439999938011169
img_08281_mirrored.jpg,0.1591999977827072
img_06436_mirrored.jpg,0.3142000138759613
img_01271_mirrored.jpg,0.0461000017821788
img_06012_mirrored.jpg,-0.0304000005125999
img_09057.jpg,-0.0031000000890344
img_13168_mirrored.jpg,0.3142000138759613
img_08413_mirrored.jpg,0.3142000138759613
img_08341.jpg,-0.3016000092029571
img_15037_mirrored.jpg,-0.5235999822616577
img_00453.jpg,-0.3142000138759613
img_01421_mirrored.jpg,0.1423999965190887
img_02912_mirrored.jpg,0.1544999927282333
img_11530.jpg,-0.0308999996632337
img_13347_mirrored.jpg,0.0236000008881092
img_02406_mirrored.jpg,0.2529000043869018
img_01780.jpg,-0.0397999994456768
img_04992.jpg,0.0078999996185302
img_02825_mirrored.jpg,0.2041999995708465
img_08994_mirrored.jpg,0.0215000007301569
img_06219_mirrored.jpg,0.048700001090765
img_01674.jpg,-0.0120000001043081
img_00056.jpg,0.0266999993473291
img_06855_mirrored.jpg,0.1617999970912933
img_12684.jpg,-0.2477000057697296
img_14302_mirrored.jpg,-0.0046999999321997
img_05591.jpg,0.1324999928474426
img_14877.jpg,-0.5235999822616577
img_12001.jpg,-0.0098999999463558
img_09461_mirrored.jpg,-0.1120999976992607
img_09966.jpg,-0.0152000002562999
img_04410.jpg,-0.3142000138759613
img_12357.jpg,0.1246000006794929
img_00945_mirrored.jpg,0.1026000007987022
img_14581_mirrored.jpg,-0.0351000018417835
img_02537_mirrored.jpg,-0.0131000000983476
img_03295.jpg,-0.0308999996632337
img_00484.jpg,-0.0869000032544136
img_14407_mirrored.jpg,0.1360999941825866
img_01493_mirrored.jpg,0.1550000011920929
img_00681_mirrored.jpg,0.0513000003993511
img_07599.jpg,-0.0225000008940696
img_04289.jpg,-0.0763999968767166
img_09618.jpg,0.0057999999262392
img_11440_mirrored.jpg,-0.1387999951839447
img_13767_mirrored.jpg,0.0313999988138675
img_14588_mirrored.jpg,0.0131000000983476
img_14430.jpg,-0.1528999954462051
img_11922.jpg,0.1146999970078468
img_02867_mirrored.jpg,-0.0571000017225742
img_10019_mirrored.jpg,0.0031000000890344
img_12637.jpg,-0.3104999959468841
img_06204.jpg,0.0549999997019767
img_07081.jpg,-0.0037000000011175
img_04518.jpg,-0.1015999987721443
img_08909.jpg,-0.2398000061511993
img_11392_mirrored.jpg,0.1020999997854232
img_13316_mirrored.jpg,-0.1199000030755996
img_13999.jpg,-0.0983999967575073
img_13558_mirrored.jpg,0.3142000138759613
img_01915_mirrored.jpg,0.3142000138759613
img_09667.jpg,0.0046999999321997
img_09230_mirrored.jpg,0.0905999988317489
img_13143.jpg,-0.0476000010967254
img_06295_mirrored.jpg,0.0456000007688999
img_02012.jpg,0.0152000002562999
img_11488.jpg,-0.0549999997019767
img_07624_mirrored.jpg,-0.0120000001043081
img_06205.jpg,0.0645999982953071
img_01111_mirrored.jpg,0.0031000000890344
img_09587_mirrored.jpg,-0.0414000004529953
img_00037.jpg,0.0890000015497207
img_01712.jpg,0.1062999963760376
img_03059.jpg,-0.0078999996185302
img_00679.jpg,-0.0586000010371208
img_02676_mirrored.jpg,-0.100500002503395
img_13261_mirrored.jpg,0.0606999993324279
img_02155_mirrored.jpg,-0.0297999996691942
img_02522.jpg,-0.06700000166893
img_13793_mirrored.jpg,-0.033500000834465
img_01255.jpg,-0.0037000000011175
img_04566.jpg,0.0864000022411346
img_07321_mirrored.jpg,0.1591999977827072
img_00042.jpg,-0.013600000180304
img_10630_mirrored.jpg,0.0749000012874603
img_04077.jpg,0.0759000033140182
img_10408_mirrored.jpg,-0.1925999969244003
img_14588.jpg,-0.0131000000983476
img_09245_mirrored.jpg,0.1041999980807304
img_04379_mirrored.jpg,0.2125999927520752
img_01865_mirrored.jpg,0.0728000029921531
img_07451.jpg,-0.3142000138759613
img_06965.jpg,-0.1334999948740005
img_09926.jpg,-0.0754000023007392
img_12766.jpg,-0.0215000007301569
img_14631.jpg,-0.0256999991834163
img_10114.jpg,-0.0864000022411346
img_03526_mirrored.jpg,0.018300000578165
img_04808_mirrored.jpg,0.0297999996691942
img_14530_mirrored.jpg,0.1058000028133392
img_12217.jpg,-0.3142000138759613
img_10170.jpg,0.0266999993473291
img_14627_mirrored.jpg,-0.0795999988913536
img_10058_mirrored.jpg,0.0204000007361173
img_05553.jpg,0.2364999949932098
img_13574.jpg,-0.2408999949693679
img_08091.jpg,-0.0617999993264675
img_12215_mirrored.jpg,0.3142000138759613
img_11367_mirrored.jpg,0.0041999998502433
img_06056_mirrored.jpg,-0.0890000015497207
img_00406.jpg,-0.1189000010490417
img_13801.jpg,-0.0115000000223517
img_01891.jpg,-0.2680999934673309
img_00318.jpg,-0.1580999940633773
img_09094_mirrored.jpg,0.0198999997228384
img_07586_mirrored.jpg,-0.093199998140335
img_05170.jpg,-0.1010999977588653
img_02664_mirrored.jpg,0.0293000005185604
img_10267.jpg,-0.2152999937534332
img_06526_mirrored.jpg,-0.0898000001907348
img_14712_mirrored.jpg,0.0775000005960464
img_10633_mirrored.jpg,0.0423999987542629
img_07249_mirrored.jpg,0.0926999971270561
img_11605.jpg,-0.1345999985933303
img_07551_mirrored.jpg,0.0833000019192695
img_05804_mirrored.jpg,0.0313999988138675
img_02772.jpg,0.0152000002562999
img_02936_mirrored.jpg,0.3142000138759613
img_09281_mirrored.jpg,0.263399988412857
img_00627_mirrored.jpg,-0.1128000020980835
img_03195.jpg,-0.0419000014662742
img_08554_mirrored.jpg,-0.2250999957323074
img_04757_mirrored.jpg,0.1230000033974647
img_01868_mirrored.jpg,0.1264999955892563
img_04460.jpg,-0.3142000138759613
img_10941.jpg,-0.0031000000890344
img_00451_mirrored.jpg,0.3142000138759613
img_06060.jpg,0.1046999990940094
img_03614.jpg,0.1877000033855438
img_06131_mirrored.jpg,0.0031000000890344
img_08314.jpg,-0.3093999922275543
img_00855_mirrored.jpg,0.0956000015139579
img_05102_mirrored.jpg,-0.0198999997228384
img_09062_mirrored.jpg,0.0403000004589557
img_10662_mirrored.jpg,0.210999995470047
img_00739.jpg,-0.0083999997004866
img_13496.jpg,-0.1560000032186508
img_03378_mirrored.jpg,0.2806000113487243
img_00448.jpg,-0.2046999931335449
img_08930.jpg,-0.1695999950170517
img_11304.jpg,-0.3142000138759613
img_12575_mirrored.jpg,0.0366999991238117
img_13862_mirrored.jpg,-0.0078999996185302
img_13790.jpg,0.093699999153614
img_11503.jpg,0.0115000000223517
img_08520.jpg,-0.0361000001430511
img_15039.jpg,0.5235999822616577
img_07404_mirrored.jpg,0.2809999883174896
img_12776_mirrored.jpg,-0.0256999991834163
img_11536.jpg,-0.0031000000890344
img_05907.jpg,-0.1497000008821487
img_04433_mirrored.jpg,0.3142000138759613
img_08383.jpg,-0.3142000138759613
img_04115_mirrored.jpg,0.0078999996185302
img_13536.jpg,-0.1990000009536743
img_02582_mirrored.jpg,-0.1826999932527542
img_03162.jpg,-0.0737999975681305
img_07031.jpg,0.0559000000357627
img_01906_mirrored.jpg,0.2825999855995178
img_11630_mirrored.jpg,0.1565999984741211
img_04514.jpg,-0.2816999852657318
img_13202_mirrored.jpg,0.0167999994009733
img_14477_mirrored.jpg,0.1601999998092651
img_01377_mirrored.jpg,0.1695999950170517
img_04337.jpg,-0.0538999997079372
img_04764_mirrored.jpg,0.0230000000447034
img_11457_mirrored.jpg,-0.0230000000447034
img_04941_mirrored.jpg,0.3142000138759613
img_08478_mirrored.jpg,-0.2349999994039535
img_03710.jpg,-0.0555000007152557
img_13373_mirrored.jpg,-0.0821999981999397
img_02596_mirrored.jpg,0.1177999973297119
img_05180_mirrored.jpg,-0.033500000834465
img_03583.jpg,0.0904000028967857
img_07100_mirrored.jpg,0.0031000000890344
img_12128_mirrored.jpg,0.2057999968528747
img_13200.jpg,-0.0318999998271465
img_02871_mirrored.jpg,-0.0219999998807907
img_07753.jpg,-0.0403000004589557
img_09098.jpg,-0.0104999998584389
img_08421_mirrored.jpg,0.3142000138759613
img_15111.jpg,0.5235999822616577
img_05050_mirrored.jpg,0.069300003349781
img_14091_mirrored.jpg,0.3142000138759613
img_03621.jpg,0.1151999980211258
img_09674.jpg,0.0156999994069337
img_14861.jpg,-0.5235999822616577
img_13014.jpg,-0.1215000003576278
img_10677.jpg,-0.1732999980449676
img_12348_mirrored.jpg,-0.2398000061511993
img_10872.jpg,0.0173000004142522
img_10543.jpg,-0.018300000578165
img_11036.jpg,0.201100006699562
img_06949.jpg,0.0098999999463558
img_07106_mirrored.jpg,0.0031000000890344
img_06388_mirrored.jpg,0.3142000138759613
img_03471_mirrored.jpg,0.0957999974489212
img_09283.jpg,-0.3142000138759613
img_06132.jpg,-0.0031000000890344
img_02283.jpg,-0.0465999990701675
img_02152.jpg,-0.0419000014662742
img_01042.jpg,0.0872000008821487
img_13791_mirrored.jpg,-0.0759000033140182
img_14910.jpg,-0.5235999822616577
img_12729_mirrored.jpg,0.131400004029274
img_01312.jpg,-0.0744000002741813
img_07852.jpg,-0.2020999938249588
img_14801.jpg,-0.5235999822616577
img_08901.jpg,-0.2451999932527542
img_08252.jpg,-0.1000000014901161
img_10069.jpg,-0.0187999997287988
img_08764_mirrored.jpg,0.1665000021457672
img_01311.jpg,-0.063400000333786
img_12161.jpg,-0.3142000138759613
img_04019.jpg,-0.1833000034093856
img_09099_mirrored.jpg,0.0120000001043081
img_02458_mirrored.jpg,0.2424000054597854
img_03595.jpg,-0.0381999984383583
img_03536_mirrored.jpg,0.0439999997615814
img_10631_mirrored.jpg,0.0617999993264675
img_02732.jpg,0.1172999963164329
img_00103_mirrored.jpg,0.0010000000474974
img_12970.jpg,0.0204000007361173
img_02280_mirrored.jpg,0.0842999964952468
img_01555.jpg,-0.0120000001043081
img_11527.jpg,-0.1026000007987022
img_14352_mirrored.jpg,-0.0194000005722045
img_11126_mirrored.jpg,0.1031000018119812
img_12616.jpg,-0.3142000138759613
img_01499.jpg,0.0104999998584389
img_12765_mirrored.jpg,0.0236000008881092
img_02631.jpg,0.1067999973893165
img_10948_mirrored.jpg,0.0037000000011175
img_05941.jpg,-0.217299997806549
img_01794_mirrored.jpg,0.0198999997228384
img_11182.jpg,-0.3046999871730804
img_12798_mirrored.jpg,0.0041999998502433
img_05241_mirrored.jpg,-0.0502999983727932
img_04865.jpg,-0.1141000017523765
img_03288.jpg,-0.0916000008583068
img_00075.jpg,-0.0052000000141561
img_03159_mirrored.jpg,0.1146999970078468
img_10526_mirrored.jpg,-0.0905999988317489
img_13259.jpg,-0.1041999980807304
img_10860.jpg,-0.0922000035643577
img_04651.jpg,0.0544999986886978
img_08808.jpg,-0.2858000099658966
img_10510_mirrored.jpg,-0.2063000053167343
img_05497_mirrored.jpg,0.3142000138759613
img_06797.jpg,-0.218299999833107
img_15145.jpg,0.5235999822616577
img_08701_mirrored.jpg,-0.0156999994069337
img_06516.jpg,-0.0397999994456768
img_02881.jpg,-0.1264999955892563
img_09705_mirrored.jpg,0.0187999997287988
img_12618_mirrored.jpg,0.3142000138759613
img_01032.jpg,-0.0046999999321997
img_10897.jpg,-0.0251000002026557
img_03474.jpg,-0.0266999993473291
img_11904_mirrored.jpg,0.0575999990105629
img_06196.jpg,-0.0812000036239624
img_10865_mirrored.jpg,0.1036999970674514
img_04675_mirrored.jpg,0.0230000000447034
img_14183_mirrored.jpg,-0.0450000017881393
img_07200.jpg,-0.0852999985218048
img_01243_mirrored.jpg,0.0507999993860721
img_13655_mirrored.jpg,0.0120000001043081
img_08483_mirrored.jpg,-0.2440000027418136
img_05385.jpg,-0.3142000138759613
img_00973_mirrored.jpg,0.09009999781847
img_00555.jpg,0.128600001335144
img_06306_mirrored.jpg,0.1041999980807304
img_09363.jpg,-0.3057999908924103
img_05286_mirrored.jpg,0.0041999998502433
img_00410.jpg,-0.1432999968528747
img_11064_mirrored.jpg,-0.006800000090152
img_07229_mirrored.jpg,0.048700001090765
img_05161_mirrored.jpg,0.0194000005722045
img_01258_mirrored.jpg,0.035300001502037
img_00947.jpg,-0.0962999984622001
img_03861_mirrored.jpg,0.1345999985933303
img_07995_mirrored.jpg,-0.0041999998502433
img_07743.jpg,-0.0555000007152557
img_06139.jpg,-0.0491999983787536
img_06544_mirrored.jpg,0.0215000007301569
img_03407_mirrored.jpg,0.3142000138759613
img_06267.jpg,-0.0597000010311603
img_09376.jpg,-0.0419000014662742
img_04331.jpg,-0.0763999968767166
img_12801_mirrored.jpg,0.0031000000890344
img_10411.jpg,0.3005000054836273
img_09327_mirrored.jpg,0.3142000138759613
img_08670_mirrored.jpg,0.2351000010967254
img_13130.jpg,-0.2822000086307525
img_06094_mirrored.jpg,0.0063000000081956
img_11650.jpg,-0.1821999996900558
img_04723.jpg,0.0073000001721084
img_10395_mirrored.jpg,0.0450000017881393
img_11505_mirrored.jpg,-0.05180000141263
img_07672_mirrored.jpg,-0.0046999999321997
img_03385_mirrored.jpg,0.2775000035762787
img_07530_mirrored.jpg,0.0052000000141561
img_01084.jpg,-0.0073000001721084
img_14614_mirrored.jpg,0.006800000090152
img_05447.jpg,-0.1738000065088272
img_00831.jpg,-0.130400002002716
img_10028.jpg,-0.0105999996885657
img_13228_mirrored.jpg,0.032999999821186
img_02748_mirrored.jpg,0.0775000005960464
img_14945_mirrored.jpg,0.5235999822616577
img_09522_mirrored.jpg,-0.1590999960899353
img_04573_mirrored.jpg,0.0256999991834163
img_11772_mirrored.jpg,0.2089000046253204
img_14492_mirrored.jpg,0.3142000138759613
img_11348_mirrored.jpg,-0.29789999127388
img_10055.jpg,0.0795999988913536
img_03081.jpg,-0.0225000008940696
img_03877.jpg,-0.0098999999463558
img_10604_mirrored.jpg,0.0063000000081956
img_04891.jpg,-0.0903000012040138
img_12158_mirrored.jpg,0.2879999876022339
img_07493_mirrored.jpg,0.0313999988138675
img_08986_mirrored.jpg,-0.0680999979376792
img_11482_mirrored.jpg,0.0414000004529953
img_15074_mirrored.jpg,-0.5235999822616577
img_00255.jpg,-0.0895000025629997
img_03610_mirrored.jpg,-0.0469999983906745
img_07567_mirrored.jpg,-0.1952999979257583
img_14852.jpg,-0.5235999822616577
img_07687_mirrored.jpg,-0.0754000023007392
img_11662_mirrored.jpg,0.3142000138759613
img_14938.jpg,-0.5235999822616577
img_13309_mirrored.jpg,-0.1811999976634979
img_02928_mirrored.jpg,0.3142000138759613
img_02487_mirrored.jpg,0.3142000138759613
img_14910_mirrored.jpg,0.5235999822616577
img_12930_mirrored.jpg,-0.0126000000163912
img_06833_mirrored.jpg,0.1492000073194503
img_03240.jpg,-0.0659999996423721
img_01361.jpg,-0.3142000138759613
img_06562_mirrored.jpg,-0.1353999972343444
img_10704.jpg,0.0167999994009733
img_02930_mirrored.jpg,0.3115000128746032
img_11678_mirrored.jpg,0.1796000003814697
img_00979.jpg,-0.0694999992847442
img_08224.jpg,-0.0869000032544136
img_01901_mirrored.jpg,0.1806000024080276
img_14697.jpg,-0.0046999999321997
img_04206.jpg,-0.032999999821186
img_08758_mirrored.jpg,0.1413999944925308
img_05268.jpg,-0.0361000001430511
img_04925_mirrored.jpg,0.1659999936819076
img_07524_mirrored.jpg,0.0204000007361173
img_06476_mirrored.jpg,0.3142000138759613
img_01341.jpg,-0.1544999927282333
img_14863.jpg,0.0
img_10773_mirrored.jpg,0.2372000068426132
img_14613.jpg,-0.0046999999321997
img_06062_mirrored.jpg,-0.0639000013470649
img_02089_mirrored.jpg,-0.0126000000163912
img_11990.jpg,-0.0283000003546476
img_06343_mirrored.jpg,0.1623000055551529
img_10564_mirrored.jpg,-0.0073000001721084
img_11929.jpg,-0.0187999997287988
img_04998_mirrored.jpg,0.295199990272522
img_09777.jpg,-0.1752000004053115
img_02294_mirrored.jpg,-0.1110000014305114
img_07364_mirrored.jpg,0.3142000138759613
img_11649.jpg,-0.1821999996900558
img_13876.jpg,-0.0524000003933906
img_07191_mirrored.jpg,-0.1246000006794929
img_05469_mirrored.jpg,0.25450000166893
img_03466_mirrored.jpg,0.2345999926328659
img_01466_mirrored.jpg,0.3142000138759613
img_14058.jpg,-0.3142000138759613
img_01549_mirrored.jpg,0.0283000003546476
img_11371.jpg,0.0377000011503696
img_10877_mirrored.jpg,0.0057999999262392
img_08721.jpg,-0.0304000005125999
img_12932_mirrored.jpg,0.0078999996185302
img_04586_mirrored.jpg,-0.0586000010371208
img_01065.jpg,0.0198999997228384
img_00228.jpg,-0.0471000000834465
img_08245.jpg,-0.0644000023603439
img_02432.jpg,-0.1220000013709068
img_13799.jpg,-0.018300000578165
img_11168.jpg,-0.1587000042200088
img_10879_mirrored.jpg,0.0093999998643994
img_09457_mirrored.jpg,-0.25450000166893
img_11850.jpg,0.0236000008881092
img_10998_mirrored.jpg,0.0219999998807907
img_07152.jpg,-0.0120000001043081
img_14335.jpg,0.0046999999321997
img_09375_mirrored.jpg,0.0659999996423721
img_04541.jpg,-0.0434999987483024
img_09345_mirrored.jpg,0.1456000059843063
img_08039.jpg,0.0141000002622604
img_07988.jpg,-0.0386999994516372
img_00507_mirrored.jpg,0.0346000008285045
img_11838_mirrored.jpg,0.0187999997287988
img_09856.jpg,-0.1926999986171722
img_12706_mirrored.jpg,0.1177999973297119
img_04378_mirrored.jpg,0.1950999945402145
img_14808_mirrored.jpg,0.5235999822616577
img_04131_mirrored.jpg,0.0031000000890344
img_03621_mirrored.jpg,-0.1151999980211258
img_14962.jpg,0.5235999822616577
img_11522_mirrored.jpg,0.2352000027894973
img_02113_mirrored.jpg,0.0037000000011175
img_09022_mirrored.jpg,0.0073000001721084
img_11421_mirrored.jpg,-0.094200000166893
img_07874_mirrored.jpg,0.3142000138759613
img_08982_mirrored.jpg,-0.1156999990344047
img_06846.jpg,-0.0120000001043081
img_13781_mirrored.jpg,-0.0236000008881092
img_08501_mirrored.jpg,0.0093999998643994
img_10491.jpg,0.1456000059843063
img_08744.jpg,-0.1922000050544738
img_00275.jpg,0.0685999989509582
img_14487_mirrored.jpg,0.3142000138759613
img_06354.jpg,-0.1738000065088272
img_05734_mirrored.jpg,-0.0873999968171119
img_02153_mirrored.jpg,-0.0225000008940696
img_11500.jpg,0.0083999997004866
img_14487.jpg,-0.3142000138759613
img_08121_mirrored.jpg,0.0156999994069337
img_01464.jpg,-0.3142000138759613
img_00291.jpg,-0.0957999974489212
img_14403.jpg,-0.1367000043392181
img_02321_mirrored.jpg,0.048200000077486
img_01037.jpg,0.0043999999761581
img_09336.jpg,-0.2538999915122986
img_06525_mirrored.jpg,-0.064300000667572
img_08794.jpg,-0.0126000000163912
img_05942.jpg,-0.2067999988794326
img_02907.jpg,-0.1439999938011169
img_07518_mirrored.jpg,0.0277999993413686
img_08978.jpg,0.048700001090765
img_10608_mirrored.jpg,0.0093999998643994
img_09029.jpg,-0.0037000000011175
img_07182_mirrored.jpg,-0.1160999983549118
img_03148.jpg,-0.017799999564886
img_11428.jpg,0.131400004029274
img_10039_mirrored.jpg,0.1130999997258186
img_04605.jpg,-0.1168000027537345
img_00978.jpg,-0.0471000000834465
img_14830_mirrored.jpg,0.5235999822616577
img_02525_mirrored.jpg,0.0859000012278556
img_07477.jpg,0.006800000090152
img_04080_mirrored.jpg,0.017799999564886
img_00384.jpg,-0.2466000020503997
img_03716.jpg,-0.0204000007361173
img_06891.jpg,-0.2786999940872192
img_12202.jpg,-0.1942999958992004
img_04075.jpg,0.1125999987125396
img_12553.jpg,-0.1371999979019165
img_07422_mirrored.jpg,0.2524000108242035
img_01356.jpg,-0.2883000075817108
img_08908_mirrored.jpg,0.265500009059906
img_08291.jpg,-0.1587000042200088
img_07646_mirrored.jpg,0.013600000180304
img_04575_mirrored.jpg,0.0198999997228384
img_12113.jpg,-0.185599997639656
img_05569.jpg,-0.0324999988079071
img_09716_mirrored.jpg,0.1607999950647354
img_13774_mirrored.jpg,0.1067999973893165
img_00492_mirrored.jpg,-0.0126000000163912
img_03046.jpg,-0.0423999987542629
img_08441_mirrored.jpg,0.1356000006198883
img_03181.jpg,-0.0173000004142522
img_05794_mirrored.jpg,0.0313999988138675
img_10129_mirrored.jpg,-0.008899999782443
img_13181.jpg,0.024100000038743
img_07806.jpg,-0.1429000049829483
img_09964_mirrored.jpg,0.0215000007301569
img_06856.jpg,-0.18469999730587
img_08626.jpg,-0.0423999987542629
img_01284.jpg,0.0983999967575073
img_04604_mirrored.jpg,0.1105000004172325
img_00280_mirrored.jpg,0.060199998319149
img_05306_mirrored.jpg,-0.0324999988079071
img_14605_mirrored.jpg,0.0262000001966953
img_07700.jpg,-0.0957999974489212
img_05343.jpg,-0.093199998140335
img_14414_mirrored.jpg,0.1843000054359436
img_05192.jpg,-0.0162000004202127
img_10542.jpg,-0.017799999564886
img_02208.jpg,0.0771000012755394
img_02477.jpg,-0.3142000138759613
img_14642_mirrored.jpg,-0.0219999998807907
img_04523_mirrored.jpg,-0.0147000001743435
img_13046.jpg,-0.2358999997377395
img_07335_mirrored.jpg,0.2732999920845032
img_08389_mirrored.jpg,0.3142000138759613
img_13925.jpg,-0.0995000004768371
img_09627_mirrored.jpg,-0.1191999986767768
img_00249.jpg,-0.0627999976277351
img_04679_mirrored.jpg,-0.0152000002562999
img_12093.jpg,-0.1591999977827072
img_08015.jpg,-0.0262000001966953
img_01184_mirrored.jpg,0.0749000012874603
img_03362_mirrored.jpg,0.1560000032186508
img_11263_mirrored.jpg,0.2847999930381775
img_14212_mirrored.jpg,-0.228300005197525
img_08482_mirrored.jpg,-0.2685999870300293
img_14798_mirrored.jpg,0.5235999822616577
img_07239.jpg,-0.0057999999262392
img_05510_mirrored.jpg,0.3142000138759613
img_00356_mirrored.jpg,0.2063000053167343
img_04288.jpg,-0.0653999969363212
img_08910.jpg,-0.2016000002622604
img_00805.jpg,-0.1528999954462051
img_01320.jpg,-0.1130999997258186
img_08341_mirrored.jpg,0.3016000092029571
img_02629_mirrored.jpg,-0.0905999988317489
img_02793_mirrored.jpg,0.0419000014662742
img_00296.jpg,-0.0524000003933906
img_00679_mirrored.jpg,0.0586000010371208
img_08802.jpg,-0.1093000024557113
img_13521_mirrored.jpg,0.3142000138759613
img_02020_mirrored.jpg,0.0098999999463558
img_12975.jpg,0.0821999981999397
img_05002_mirrored.jpg,0.2973999977111816
img_00157.jpg,-0.0173000004142522
img_06707.jpg,0.1429000049829483
img_06294.jpg,-0.0324999988079071
img_05320_mirrored.jpg,0.0754000023007392
img_02112.jpg,-0.0037000000011175
img_10643_mirrored.jpg,0.0386999994516372
img_12992_mirrored.jpg,0.0995000004768371
img_08379.jpg,-0.3109999895095825
img_00612.jpg,0.1550000011920929
img_11713_mirrored.jpg,0.2180999964475631
img_03886_mirrored.jpg,0.1181000024080276
img_14354.jpg,-0.0147000001743435
img_09917.jpg,-0.0057999999262392
img_12285_mirrored.jpg,-0.176499992609024
img_07628_mirrored.jpg,-0.0606999993324279
img_07016.jpg,0.0141000002622604
img_15158_mirrored.jpg,-0.5235999822616577
img_08655_mirrored.jpg,-0.1381999999284744
img_03586.jpg,0.152099996805191
img_04951_mirrored.jpg,0.3142000138759613
img_05863.jpg,0.1010999977588653
img_04580.jpg,-0.0078999996185302
img_09357.jpg,-0.3142000138759613
img_01404.jpg,-0.3142000138759613
img_10410.jpg,0.2791000008583069
img_13176_mirrored.jpg,0.1318999975919723
img_07550_mirrored.jpg,0.0800999999046325
img_08772_mirrored.jpg,0.1587000042200088
img_12242_mirrored.jpg,0.1863999962806701
img_07956.jpg,-0.1900999993085861
img_00582.jpg,0.0829999968409538
img_04387_mirrored.jpg,0.3142000138759613
img_03228.jpg,0.1617999970912933
img_03703.jpg,-0.0335999988019466
img_06275_mirrored.jpg,0.0859000012278556
img_11790_mirrored.jpg,0.0104999998584389
img_11365_mirrored.jpg,0.008899999782443
img_13454_mirrored.jpg,0.0573999993503093
img_00760_mirrored.jpg,0.1020999997854232
img_08972_mirrored.jpg,0.0052000000141561
img_04394.jpg,-0.1863999962806701
img_13313_mirrored.jpg,-0.201100006699562
img_10579.jpg,0.0879999995231628
img_13135_mirrored.jpg,0.2004999965429306
img_11898.jpg,-0.0052000000141561
img_14761.jpg,-0.5235999822616577
img_03900.jpg,-0.3142000138759613
img_02654.jpg,0.1843000054359436
img_00955_mirrored.jpg,-0.008899999782443
img_03390_mirrored.jpg,0.1587000042200088
img_14478_mirrored.jpg,0.1748999953269958
img_11353.jpg,0.1251000016927719
img_12080_mirrored.jpg,0.1042999997735023
img_00576_mirrored.jpg,0.0826999992132186
img_10450.jpg,-0.0627999976277351
img_11753_mirrored.jpg,0.2125999927520752
img_01163_mirrored.jpg,0.0104999998584389
img_03574_mirrored.jpg,0.0120000001043081
img_02970_mirrored.jpg,0.0989999994635582
img_11451_mirrored.jpg,-0.0366999991238117
img_11227_mirrored.jpg,0.3142000138759613
img_06425.jpg,-0.1942999958992004
img_06077_mirrored.jpg,-0.017799999564886
img_01177.jpg,-0.0377000011503696
img_09234.jpg,-0.0555000007152557
img_07826.jpg,-0.0728000029921531
img_03962_mirrored.jpg,0.3142000138759613
img_09472_mirrored.jpg,0.0208999998867511
img_13786.jpg,0.0895000025629997
img_01414_mirrored.jpg,0.1702000051736831
img_11069_mirrored.jpg,0.0392999984323978
img_02561.jpg,-0.0251000002026557
img_08125_mirrored.jpg,0.0141000002622604
img_08286.jpg,-0.1512999981641769
img_07837_mirrored.jpg,0.3142000138759613
img_00944.jpg,-0.1099999994039535
img_01423.jpg,-0.1798000037670135
img_13443_mirrored.jpg,0.0397999994456768
img_08717.jpg,-0.0538999997079372
img_11147.jpg,-0.1168000027537345
img_13710_mirrored.jpg,-0.0236000008881092
img_00436_mirrored.jpg,0.2261999994516372
img_11576_mirrored.jpg,0.0386999994516372
img_04136_mirrored.jpg,0.0037000000011175
img_14515_mirrored.jpg,0.2669999897480011
img_12490.jpg,-0.066500000655651
img_04616_mirrored.jpg,-0.1243999972939491
img_02709.jpg,-0.0308999996632337
img_14924_mirrored.jpg,0.5235999822616577
img_08431.jpg,-0.3142000138759613
img_11248.jpg,-0.2768999934196472
img_10802.jpg,0.013600000180304
img_06379.jpg,-0.1481000036001205
img_07228.jpg,-0.0496999993920326
img_10035.jpg,-0.06700000166893
img_05775.jpg,0.0126000000163912
img_01540_mirrored.jpg,-0.1669999957084655
img_01708.jpg,0.006800000090152
img_05795.jpg,-0.0304000005125999
img_09223_mirrored.jpg,0.1062999963760376
img_10373_mirrored.jpg,0.1633999943733215
img_09983.jpg,0.0173000004142522
img_14230_mirrored.jpg,-0.0749000012874603
img_10794.jpg,-0.1067999973893165
img_11093_mirrored.jpg,0.0847999975085258
img_02925.jpg,-0.3142000138759613
img_09265_mirrored.jpg,0.1587000042200088
img_08399_mirrored.jpg,0.1738000065088272
img_13177_mirrored.jpg,0.0842999964952468
img_06363.jpg,-0.3142000138759613
img_11367.jpg,-0.0041999998502433
img_09970_mirrored.jpg,-0.0126000000163912
img_00706.jpg,0.1371999979019165
img_08358.jpg,-0.3142000138759613
img_03231_mirrored.jpg,-0.0639000013470649
img_13391.jpg,-0.1826999932527542
img_13035_mirrored.jpg,0.164000004529953
img_09560_mirrored.jpg,-0.1968999952077865
img_02100.jpg,-0.0052000000141561
img_11954_mirrored.jpg,0.0690999999642372
img_03400_mirrored.jpg,0.2269999980926513
img_02085_mirrored.jpg,-0.0208999998867511
img_08189.jpg,0.0057999999262392
img_01704.jpg,0.0041999998502433
img_04525_mirrored.jpg,-0.0187999997287988
img_14012.jpg,-0.3142000138759613
img_13775_mirrored.jpg,0.1136000007390976
img_11926.jpg,0.0639000013470649
img_13484.jpg,-0.1728000044822693
img_08409_mirrored.jpg,0.3088999986648559
img_14761_mirrored.jpg,0.5235999822616577
img_07884.jpg,-0.3142000138759613
img_11507_mirrored.jpg,-0.0848999992012977
img_08711_mirrored.jpg,0.1046999990940094
img_08034_mirrored.jpg,-0.0225000008940696
img_02495.jpg,-0.3142000138759613
img_04304_mirrored.jpg,-0.0491999983787536
img_04262_mirrored.jpg,0.0198999997228384
img_14976.jpg,0.5235999822616577
img_10963_mirrored.jpg,0.0109999999403953
img_14976_mirrored.jpg,-0.5235999822616577
img_08487.jpg,0.1093999966979026
img_09834.jpg,-0.3142000138759613
img_13060.jpg,-0.1554999947547912
img_00324_mirrored.jpg,0.1492000073194503
img_12521.jpg,-0.0644000023603439
img_04948.jpg,-0.3142000138759613
img_07360.jpg,-0.3142000138759613
img_11624.jpg,-0.1162000000476837
img_08859_mirrored.jpg,0.3142000138759613
img_11606.jpg,-0.1381999999284744
img_02969_mirrored.jpg,0.100500002503395
img_07399_mirrored.jpg,0.1419000029563903
img_03186_mirrored.jpg,0.0073000001721084
img_03708_mirrored.jpg,0.0606999993324279
img_00744.jpg,0.0073000001721084
img_11603.jpg,-0.1330000013113021
img_02431_mirrored.jpg,0.1162000000476837
img_06752.jpg,-0.0104999998584389
img_05025.jpg,-0.2319999933242797
img_07094_mirrored.jpg,0.0037000000011175
img_09112_mirrored.jpg,0.0251000002026557
img_08785_mirrored.jpg,0.1597000062465667
img_14992.jpg,0.5235999822616577
img_00099.jpg,-0.0010000000474974
img_10604.jpg,-0.0063000000081956
img_03988.jpg,-0.1202000007033348
img_09366.jpg,-0.2696999907493591
img_13827_mirrored.jpg,0.0524000003933906
img_13919.jpg,-0.0408000014722347
img_05324_mirrored.jpg,0.094200000166893
img_15007_mirrored.jpg,-0.5235999822616577
img_04640.jpg,0.096900001168251
img_05824.jpg,-0.1937000006437301
img_00926_mirrored.jpg,0.2067999988794326
img_07065_mirrored.jpg,-0.018300000578165
img_09810_mirrored.jpg,0.2428999990224838
img_06744_mirrored.jpg,-0.0046999999321997
img_10650_mirrored.jpg,0.0245999991893768
img_12381.jpg,0.1554999947547912
img_01694_mirrored.jpg,0.0397999994456768
img_04778_mirrored.jpg,-0.0031000000890344
img_07784.jpg,-0.1403000056743621
img_00940.jpg,-0.2115000039339065
img_11068_mirrored.jpg,0.0313999988138675
img_09602_mirrored.jpg,0.0571000017225742
img_07638.jpg,0.0744000002741813
img_06799.jpg,-0.2083999961614608
img_05265.jpg,-0.0141000002622604
img_12907.jpg,0.1550000011920929
img_06703_mirrored.jpg,-0.1110000014305114
img_11941.jpg,-0.0304000005125999
img_14219.jpg,0.1079000011086463
img_13847_mirrored.jpg,0.0696000009775161
img_13089_mirrored.jpg,0.26910001039505
img_14812_mirrored.jpg,0.5235999822616577
img_06553.jpg,-0.0078999996185302
img_12038.jpg,-0.0340000018477439
img_06336_mirrored.jpg,0.153899997472763
img_02377.jpg,-0.257099986076355
img_14047_mirrored.jpg,0.183799996972084
img_08595_mirrored.jpg,0.0283000003546476
img_06288_mirrored.jpg,-0.1052000001072883
img_15031.jpg,0.5235999822616577
img_14185.jpg,-0.0564000010490417
img_03323.jpg,-0.0952999964356422
img_02286.jpg,0.0173000004142522
img_01363.jpg,-0.2926999926567077
img_12987.jpg,-0.0790999978780746
img_09482.jpg,0.0773999989032745
img_10576_mirrored.jpg,-0.1439999938011169
img_01575_mirrored.jpg,-0.0297999996691942
img_08388.jpg,-0.3142000138759613
img_13984.jpg,-0.2904999852180481
img_04105.jpg,0.0167999994009733
img_03954.jpg,-0.2105000019073486
img_07044.jpg,-0.0251000002026557
img_08200.jpg,-0.05180000141263
img_11936.jpg,-0.0152000002562999
img_14485_mirrored.jpg,0.3142000138759613
img_14360.jpg,-0.0995000004768371
img_14513_mirrored.jpg,0.2164999991655349
img_05380_mirrored.jpg,0.2093999981880188
img_07440.jpg,-0.3142000138759613
img_06894.jpg,-0.3142000138759613
img_13109.jpg,-0.120399996638298
img_09644_mirrored.jpg,0.1900999993085861
img_03379_mirrored.jpg,0.3142000138759613
img_07666_mirrored.jpg,0.008899999782443
img_02795_mirrored.jpg,0.0318999998271465
img_01380.jpg,-0.3142000138759613
img_06033_mirrored.jpg,0.1151999980211258
img_02052.jpg,0.0606000013649463
img_07745_mirrored.jpg,0.0381999984383583
img_04122.jpg,-0.0031000000890344
img_06987.jpg,-0.0297999996691942
img_09441_mirrored.jpg,0.0230000000447034
img_13868.jpg,-0.0141000002622604
img_09056_mirrored.jpg,0.0031000000890344
img_06076.jpg,0.0141000002622604
img_00969_mirrored.jpg,0.2152000069618225
img_09762.jpg,0.0571000017225742
img_05041.jpg,-0.0073000001721084
img_12981_mirrored.jpg,-0.0732999965548515
img_13931.jpg,-0.0983999967575073
img_00339_mirrored.jpg,0.1623000055551529
img_02041.jpg,0.0078999996185302
img_01463_mirrored.jpg,0.3142000138759613
img_02981_mirrored.jpg,0.0833000019192695
img_05215.jpg,-0.0533999986946582
img_14245.jpg,0.2073000073432922
img_13791.jpg,0.0759000033140182
img_08928.jpg,-0.2303999960422516
img_10547_mirrored.jpg,0.0439999997615814
img_14294.jpg,-0.0198999997228384
img_07178_mirrored.jpg,-0.0262000001966953
img_02528_mirrored.jpg,0.0564999990165233
img_08053.jpg,-0.0041999998502433
img_00371.jpg,-0.3142000138759613
img_06270.jpg,-0.0890000015497207
img_03869.jpg,-0.1591999977827072
img_07479_mirrored.jpg,-0.0031000000890344
img_05462_mirrored.jpg,0.3142000138759613
img_00735_mirrored.jpg,0.0063000000081956
img_00957.jpg,-0.0577999986708164
img_13466.jpg,-0.1655000001192093
img_14108.jpg,-0.2896000146865845
img_14815.jpg,-0.5235999822616577
img_02571.jpg,-0.0057999999262392
img_14076.jpg,-0.0162000004202127
img_02389.jpg,-0.1413999944925308
img_07042.jpg,-0.018300000578165
img_09814.jpg,-0.3142000138759613
img_06024.jpg,-0.0104999998584389
img_00292_mirrored.jpg,0.0890000015497207
img_06118.jpg,-0.0037000000011175
img_03434_mirrored.jpg,0.1550000011920929
img_05261_mirrored.jpg,-0.0131000000983476
img_02759.jpg,-0.006800000090152
img_00287.jpg,-0.09740000218153
img_10198.jpg,-0.0581000000238418
img_06182_mirrored.jpg,0.0414000004529953
img_02785_mirrored.jpg,0.1036999970674514
img_08279_mirrored.jpg,0.150299996137619
img_05145_mirrored.jpg,0.0037000000011175
img_11652.jpg,-0.2633000016212463
img_08106_mirrored.jpg,-0.0754000023007392
img_02414_mirrored.jpg,0.3142000138759613
img_01505.jpg,0.0109999999403953
img_12153_mirrored.jpg,0.2440000027418136
img_01099.jpg,-0.0031000000890344
img_10578_mirrored.jpg,-0.1141000017523765
img_09779_mirrored.jpg,0.2312999963760376
img_14233_mirrored.jpg,0.0198999997228384
img_00838.jpg,-0.1587000042200088
img_10806.jpg,-0.0252000000327825
img_01248_mirrored.jpg,0.0403000004589557
img_12024.jpg,-0.0230000000447034
img_12018.jpg,-0.0162000004202127
img_11300_mirrored.jpg,0.3142000138759613
img_00923.jpg,-0.2105000019073486
img_14968_mirrored.jpg,-0.5235999822616577
img_02415.jpg,-0.3142000138759613
img_00826.jpg,-0.1403000056743621
img_06459_mirrored.jpg,0.3142000138759613
img_07760.jpg,-0.0194000005722045
img_08788.jpg,0.0711999982595443
img_06686.jpg,-0.0377000011503696
img_12733_mirrored.jpg,0.0696000009775161
img_14132.jpg,-0.0465999990701675
img_09366_mirrored.jpg,0.2696999907493591
img_13539.jpg,-0.1423999965190887
img_04872_mirrored.jpg,0.1508000046014785
img_12147_mirrored.jpg,0.3142000138759613
img_09039_mirrored.jpg,0.0037000000011175
img_00393_mirrored.jpg,0.3142000138759613
img_03647_mirrored.jpg,-0.048200000077486
img_11994.jpg,-0.006800000090152
img_08037.jpg,0.0187999997287988
img_04026_mirrored.jpg,-0.0272000003606081
img_14989_mirrored.jpg,-0.5235999822616577
img_11680.jpg,-0.2224999964237213
img_00730.jpg,-0.0131000000983476
img_07176_mirrored.jpg,0.05180000141263
img_02687_mirrored.jpg,0.0173000004142522
img_00387_mirrored.jpg,0.2612999975681305
img_06951_mirrored.jpg,0.0511000007390975
img_10095_mirrored.jpg,-0.0533999986946582
img_05425_mirrored.jpg,0.2861999869346618
img_08646.jpg,0.002600000007078
img_10706.jpg,-0.0152000002562999
img_14020_mirrored.jpg,0.2529000043869018
img_00018_mirrored.jpg,-0.0262000001966953
img_12990.jpg,-0.0922000035643577
img_09190.jpg,-0.060199998319149
img_11448.jpg,0.1419000029563903
img_14350_mirrored.jpg,-0.0187999997287988
img_01012_mirrored.jpg,0.0516000017523765
img_12163_mirrored.jpg,0.3142000138759613
img_04741_mirrored.jpg,-0.1387999951839447
img_02038_mirrored.jpg,-0.0147000001743435
img_00054_mirrored.jpg,-0.018300000578165
img_14030_mirrored.jpg,0.3142000138759613
img_07475.jpg,0.0109999999403953
img_01786_mirrored.jpg,0.0372000001370906
img_07566.jpg,0.1926999986171722
img_12937.jpg,-0.0414000004529953
img_09058_mirrored.jpg,0.0041999998502433
img_02246_mirrored.jpg,0.0204000007361173
img_03025.jpg,0.0073000001721084
img_14822.jpg,-0.5235999822616577
img_10649.jpg,-0.0215000007301569
img_02360_mirrored.jpg,0.1492000073194503
img_13087.jpg,-0.2377000004053115
img_00391_mirrored.jpg,0.3142000138759613
img_07329_mirrored.jpg,0.1524000018835067
img_10108_mirrored.jpg,-0.0916000008583068
img_03601_mirrored.jpg,0.1172999963164329
img_14394.jpg,-0.2093999981880188
img_08066.jpg,-0.0037000000011175
img_15063.jpg,0.5235999822616577
img_09396.jpg,-0.3142000138759613
img_09328.jpg,-0.3142000138759613
img_13676.jpg,0.0083999997004866
img_07762.jpg,-0.0236000008881092
img_13647_mirrored.jpg,-0.0266999993473291
img_01187.jpg,-0.0826999992132186
img_04653.jpg,-0.0187999997287988
img_08850.jpg,-0.3016000092029571
img_01739_mirrored.jpg,0.0297999996691942
img_04275_mirrored.jpg,0.0445000007748603
img_06577.jpg,-0.1230000033974647
img_01070_mirrored.jpg,-0.024100000038743
img_13654_mirrored.jpg,0.0120000001043081
img_13856.jpg,-0.0297999996691942
img_00537_mirrored.jpg,0.0256999991834163
img_07160_mirrored.jpg,0.0434999987483024
img_00083.jpg,-0.0005000000237487
img_10996.jpg,-0.0245999991893768
img_13774.jpg,-0.1067999973893165
img_12052.jpg,-0.033500000834465
img_09555_mirrored.jpg,-0.1512999981641769
img_03276_mirrored.jpg,-0.0046999999321997
img_01869.jpg,-0.1537999957799911
img_10442.jpg,0.1806000024080276
img_06712.jpg,0.0140000004321336
img_02724_mirrored.jpg,-0.065700002014637
img_02295_mirrored.jpg,-0.1130999997258186
img_07521_mirrored.jpg,0.0277999993413686
img_13680.jpg,-0.0078999996185302
img_12628.jpg,-0.3142000138759613
img_07626.jpg,0.0324999988079071
img_09103_mirrored.jpg,0.0318999998271465
img_00811_mirrored.jpg,0.1456000059843063
img_14200.jpg,0.153899997472763
img_13024.jpg,-0.1591999977827072
img_00887_mirrored.jpg,0.1508000046014785
img_03924_mirrored.jpg,0.2657000124454498
img_05556.jpg,0.2896000146865845
img_00043_mirrored.jpg,0.0141000002622604
img_02681.jpg,0.1151999980211258
img_09521_mirrored.jpg,-0.1367000043392181
img_04250_mirrored.jpg,0.0230000000447034
img_13604_mirrored.jpg,-0.0098999999463558
img_08573_mirrored.jpg,0.0204000007361173
img_12575.jpg,-0.0366999991238117
img_03114_mirrored.jpg,0.0041999998502433
img_06199.jpg,-0.0696000009775161
img_13147_mirrored.jpg,0.3142000138759613
img_06945_mirrored.jpg,0.033500000834465
img_12697.jpg,-0.1700000017881393
img_04173_mirrored.jpg,-0.0373999997973442
img_14011.jpg,-0.3142000138759613
img_09824.jpg,-0.2847999930381775
img_12718_mirrored.jpg,0.0109999999403953
img_04499.jpg,-0.3142000138759613
img_13951_mirrored.jpg,0.1292999982833862
img_01877.jpg,-0.3142000138759613
img_10653.jpg,-0.06700000166893
img_06757.jpg,-0.067500002682209
img_13000.jpg,-0.060199998319149
img_06054_mirrored.jpg,-0.0564999990165233
img_10234.jpg,-0.1665000021457672
img_00886_mirrored.jpg,0.1445000022649765
img_07836_mirrored.jpg,0.3142000138759613
img_06630.jpg,0.0877000018954277
img_06101.jpg,-0.0052000000141561
img_12081.jpg,-0.1046999990940094
img_00013.jpg,-0.0737999975681305
img_05181.jpg,0.052700001746416
img_14774.jpg,-0.5235999822616577
img_13148_mirrored.jpg,0.3142000138759613
img_14686_mirrored.jpg,0.0031000000890344
img_09487_mirrored.jpg,-0.1758999973535537
img_06086.jpg,0.0208999998867511
img_03394.jpg,-0.0926999971270561
img_09583.jpg,0.1120999976992607
img_13198.jpg,-0.0403000004589557
img_11760.jpg,-0.032999999821186
img_05319_mirrored.jpg,0.0648000016808509
img_10523_mirrored.jpg,-0.0471000000834465
img_02256_mirrored.jpg,0.0491999983787536
img_14843_mirrored.jpg,0.5235999822616577
img_13371_mirrored.jpg,-0.0308999996632337
img_05559.jpg,0.2046999931335449
img_12833_mirrored.jpg,0.05180000141263
img_00224_mirrored.jpg,0.018300000578165
img_04407_mirrored.jpg,0.3142000138759613
img_00521_mirrored.jpg,-0.2187000066041946
img_06046.jpg,-0.0052000000141561
img_11739_mirrored.jpg,-0.0126000000163912
img_04824_mirrored.jpg,0.0304000005125999
img_03762.jpg,-0.006800000090152
img_09696_mirrored.jpg,0.0355999991297721
img_02031.jpg,-0.1052000001072883
img_03060.jpg,-0.0083999997004866
img_09049_mirrored.jpg,0.0031000000890344
img_14704_mirrored.jpg,0.0606999993324279
img_14307_mirrored.jpg,-0.0869000032544136
img_09318.jpg,-0.2702000141143799
img_12775.jpg,0.0245999991893768
img_00870_mirrored.jpg,0.3142000138759613
img_02944.jpg,-0.2549999952316284
img_07286_mirrored.jpg,0.0749000012874603
img_05881.jpg,-0.2021999955177307
img_03222.jpg,0.154799997806549
img_12245_mirrored.jpg,0.0434999987483024
img_03600.jpg,-0.1156999990344047
img_12290_mirrored.jpg,0.0287999995052814
img_01885_mirrored.jpg,0.3142000138759613
img_03170.jpg,0.0702999979257583
img_11723_mirrored.jpg,0.2712000012397766
img_03354_mirrored.jpg,0.150299996137619
img_03062.jpg,0.0221999995410442
img_12661.jpg,-0.1105000004172325
img_07352.jpg,-0.0890000015497207
img_07090_mirrored.jpg,0.0037000000011175
img_01562.jpg,0.0318999998271465
img_00963.jpg,-0.3142000138759613
img_08886.jpg,-0.1052000001072883
img_12602_mirrored.jpg,0.2157000005245208
img_11726_mirrored.jpg,0.2004999965429306
img_02392.jpg,-0.3142000138759613
img_00865_mirrored.jpg,0.3142000138759613
img_05783.jpg,-0.1026000007987022
img_02453.jpg,-0.2948000133037567
img_03530_mirrored.jpg,0.0769999995827674
img_07161.jpg,-0.0428999997675418
img_03221.jpg,0.1387999951839447
img_03108_mirrored.jpg,0.006800000090152
img_10259.jpg,-0.1371999979019165
img_05437_mirrored.jpg,0.2576000094413757
img_05125.jpg,-0.0052000000141561
img_09937_mirrored.jpg,-0.0156999994069337
img_03284_mirrored.jpg,0.0685999989509582
img_11577_mirrored.jpg,0.0397999994456768
img_00178_mirrored.jpg,0.0690999999642372
img_06303.jpg,-0.1000000014901161
img_09273.jpg,-0.1518000066280365
img_08647.jpg,-0.0015999999595806
img_00178.jpg,-0.0690999999642372
img_07769_mirrored.jpg,0.1527999937534332
img_12092.jpg,-0.1606999933719635
img_13381.jpg,0.0864000022411346
img_10518_mirrored.jpg,0.0377000011503696
img_13151_mirrored.jpg,0.3142000138759613
img_03520.jpg,0.0173000004142522
img_11023.jpg,-0.0812000036239624
img_08153_mirrored.jpg,-0.0496999993920326
img_08251_mirrored.jpg,0.0957999974489212
img_12828.jpg,-0.0052000000141561
img_01750_mirrored.jpg,0.0073000001721084
img_03461_mirrored.jpg,0.2847999930381775
img_02733_mirrored.jpg,-0.0910999998450279
img_14191.jpg,-0.1262000054121017
img_00720_mirrored.jpg,0.164900004863739
img_14936_mirrored.jpg,0.5235999822616577
img_04194_mirrored.jpg,0.0126000000163912
img_14637_mirrored.jpg,0.0187999997287988
img_10533.jpg,0.0859000012278556
img_03792.jpg,-0.1036999970674514
img_01992.jpg,-0.0980999991297721
img_10962.jpg,-0.0037000000011175
img_05468_mirrored.jpg,0.2644000053405761
img_06234.jpg,0.0052000000141561
img_01793_mirrored.jpg,0.0230000000447034
img_07648.jpg,-0.013600000180304
img_00880.jpg,-0.2266999930143356
img_11000.jpg,-0.013600000180304
img_09187.jpg,-0.0078999996185302
img_04873.jpg,-0.1550000011920929
img_01572_mirrored.jpg,-0.1156999990344047
img_08651_mirrored.jpg,-0.0684999972581863
img_01387.jpg,-0.3142000138759613
img_06413_mirrored.jpg,0.2623000144958496
img_01498_mirrored.jpg,0.0187999997287988
img_14990_mirrored.jpg,-0.5235999822616577
img_08545_mirrored.jpg,-0.1189000010490417
img_13532_mirrored.jpg,0.3142000138759613
img_09759_mirrored.jpg,0.1613000035285949
img_04124_mirrored.jpg,0.0031000000890344
img_14732_mirrored.jpg,0.024100000038743
img_13322_mirrored.jpg,0.0251000002026557
img_07170_mirrored.jpg,0.0738999992609024
img_10296.jpg,-0.3142000138759613
img_02144_mirrored.jpg,0.0806000009179115
img_01253.jpg,0.0052000000141561
img_03025_mirrored.jpg,-0.0073000001721084
img_04198.jpg,-0.033500000834465
img_12904.jpg,0.201100006699562
img_08463_mirrored.jpg,0.0513000003993511
img_07625_mirrored.jpg,-0.0198999997228384
img_01625.jpg,0.123599998652935
img_10451_mirrored.jpg,0.0821999981999397
img_08108_mirrored.jpg,-0.1089000031352043
img_08687.jpg,-0.0052000000141561
img_03796_mirrored.jpg,0.0597000010311603
img_06003_mirrored.jpg,0.2518999874591827
img_01748.jpg,-0.0063000000081956
img_07616.jpg,0.1387999951839447
img_04458_mirrored.jpg,0.3142000138759613
img_00993.jpg,-0.0754000023007392
img_07179_mirrored.jpg,-0.0381999984383583
img_04510_mirrored.jpg,0.3142000138759613
img_08310.jpg,-0.3138999938964844
img_02504.jpg,-0.2560000121593475
img_11689_mirrored.jpg,0.3142000138759613
img_11332_mirrored.jpg,0.0392999984323978
img_14105.jpg,-0.3142000138759613
img_05040_mirrored.jpg,0.0057999999262392
img_00859.jpg,-0.1967000067234039
img_02308_mirrored.jpg,0.1000000014901161
img_02837_mirrored.jpg,0.1429000049829483
img_04622.jpg,0.1497000008821487
img_00703.jpg,0.1371999979019165
img_13278_mirrored.jpg,-0.2026000022888183
img_02312.jpg,-0.0979000031948089
img_06125.jpg,-0.0031000000890344
img_09625.jpg,0.0619000010192394
img_03864_mirrored.jpg,0.1508000046014785
img_08891_mirrored.jpg,0.0555000007152557
img_11754_mirrored.jpg,0.1774999946355819
img_07263_mirrored.jpg,-0.0983999967575073
img_07398.jpg,-0.123599998652935
img_00611_mirrored.jpg,-0.1471000015735626
img_06955.jpg,-0.3088000118732452
img_05376.jpg,-0.1528999954462051
img_02421.jpg,-0.3142000138759613
img_08205.jpg,-0.0397999994456768
img_13665.jpg,-0.1225000023841857
img_07304.jpg,-0.1356000006198883
img_04809_mirrored.jpg,0.0340000018477439
img_05751_mirrored.jpg,0.0355999991297721
img_10799.jpg,-0.0592000000178813
img_09578.jpg,0.0948000028729438
img_04034.jpg,-0.008899999782443
img_14616.jpg,-0.0083999997004866
img_09573.jpg,0.0313999988138675
img_05672.jpg,0.0167999994009733
img_11989_mirrored.jpg,0.0377000011503696
img_12071.jpg,-0.0513000003993511
img_13614.jpg,-0.3142000138759613
img_07357.jpg,-0.2119999974966049
img_04734_mirrored.jpg,-0.0522000007331371
img_07345.jpg,-0.2392999976873397
img_12257.jpg,-0.0549999997019767
img_05705_mirrored.jpg,0.0586000010371208
img_06334.jpg,-0.1591999977827072
img_01382_mirrored.jpg,0.3142000138759613
img_05634_mirrored.jpg,-0.0916000008583068
img_09351.jpg,-0.2969000041484833
img_07692.jpg,-0.1555999964475631
img_04051.jpg,-0.05180000141263
img_07816.jpg,0.0461000017821788
img_08993_mirrored.jpg,0.0230000000447034
img_00494_mirrored.jpg,-0.0057999999262392
img_01457_mirrored.jpg,0.0204000007361173
img_07804.jpg,-0.1215000003576278
img_05380.jpg,-0.2093999981880188
img_00247.jpg,-0.0346000008285045
img_06877.jpg,-0.2309000045061111
img_13735.jpg,-0.0037000000011175
img_13556.jpg,-0.3142000138759613
img_03646.jpg,0.0737999975681305
img_08550_mirrored.jpg,-0.1976000070571899
img_06613.jpg,0.1136000007390976
img_01945.jpg,-0.2953000068664551
img_06378.jpg,-0.1256999969482422
img_02947.jpg,-0.2142000049352646
img_12878_mirrored.jpg,0.0423999987542629
img_01040.jpg,0.0564999990165233
img_10043_mirrored.jpg,0.0612999983131885
img_00779.jpg,-0.0381999984383583
img_01781.jpg,-0.0351000018417835
img_01407.jpg,-0.3142000138759613
img_05094_mirrored.jpg,0.0225000008940696
img_11259.jpg,-0.3142000138759613
img_05001.jpg,-0.3115000128746032
img_13566_mirrored.jpg,0.3142000138759613
img_03376_mirrored.jpg,0.2574999928474426
img_09330_mirrored.jpg,0.3142000138759613
img_08414_mirrored.jpg,0.3142000138759613
img_01225_mirrored.jpg,0.0109999999403953
img_08842_mirrored.jpg,0.3142000138759613
img_10680.jpg,-0.1873999983072281
img_13837.jpg,0.1942999958992004
img_00648.jpg,0.0450000017881393
img_04178_mirrored.jpg,-0.1079000011086463
img_02569_mirrored.jpg,0.0073000001721084
img_09628.jpg,0.1340000033378601
img_01638_mirrored.jpg,-0.1433999985456466
img_03176_mirrored.jpg,-0.060199998319149
img_12926.jpg,0.0057999999262392
img_09024.jpg,-0.0063000000081956
img_14717_mirrored.jpg,-0.0308999996632337
img_03546_mirrored.jpg,-0.0386999994516372
img_02514_mirrored.jpg,-0.0152000002562999
img_05334_mirrored.jpg,0.0659999996423721
img_01024.jpg,0.0147000001743435
img_13133.jpg,-0.244499996304512
img_06050.jpg,-0.0078999996185302
img_14509.jpg,-0.217299997806549
img_01279.jpg,0.0800999999046325
img_12763.jpg,-0.0225000008940696
img_08686.jpg,-0.0052000000141561
img_08544_mirrored.jpg,-0.1308999955654144
img_10727.jpg,-0.3142000138759613
img_00862_mirrored.jpg,0.2736000120639801
img_07484_mirrored.jpg,0.0659999996423721
img_06036.jpg,-0.0560000017285347
img_11474.jpg,-0.0236000008881092
img_00585.jpg,0.1800999939441681
img_04781_mirrored.jpg,-0.0109999999403953
img_07219_mirrored.jpg,0.0251000002026557
img_10115.jpg,-0.0838000029325485
img_12849_mirrored.jpg,-0.0641999989748001
img_02019_mirrored.jpg,0.0093999998643994
img_11850_mirrored.jpg,-0.0236000008881092
img_06754.jpg,-0.0251000002026557
img_11155.jpg,-0.1591999977827072
img_03695.jpg,-0.0141000002622604
img_03764_mirrored.jpg,0.0052000000141561
img_13176.jpg,-0.1318999975919723
img_12122_mirrored.jpg,0.3142000138759613
img_12424.jpg,-0.0392999984323978
img_04295_mirrored.jpg,0.0885000005364418
img_01821_mirrored.jpg,0.1449999958276748
img_11732.jpg,-0.0952999964356422
img_09574_mirrored.jpg,-0.0439999997615814
img_07518.jpg,-0.0277999993413686
img_09531.jpg,0.1105000004172325
img_06697_mirrored.jpg,0.0010000000474974
img_10979.jpg,-0.0313999988138675
img_13027.jpg,-0.1486999988555908
img_02710_mirrored.jpg,0.0236000008881092
img_10174.jpg,0.0882000029087066
img_07093_mirrored.jpg,0.0037000000011175
img_14499_mirrored.jpg,0.3142000138759613
img_14882_mirrored.jpg,0.5235999822616577
img_01041_mirrored.jpg,-0.0597000010311603
img_06325_mirrored.jpg,0.1163000017404556
img_01346_mirrored.jpg,0.1486999988555908
img_02418.jpg,-0.3142000138759613
img_14366_mirrored.jpg,0.0716999992728233
img_10457_mirrored.jpg,0.1058000028133392
img_00222_mirrored.jpg,0.0063000000081956
img_04056_mirrored.jpg,-0.013600000180304
img_11096_mirrored.jpg,0.093199998140335
img_09517.jpg,0.1449999958276748
img_04382.jpg,-0.2730999886989593
img_07215.jpg,0.0098999999463558
img_14680_mirrored.jpg,0.0031000000890344
img_11489.jpg,-0.0507999993860721
img_00145_mirrored.jpg,-0.018300000578165
img_01257_mirrored.jpg,0.0206000003963708
img_12262_mirrored.jpg,0.0769999995827674
img_13342.jpg,-0.0208999998867511
img_10849_mirrored.jpg,-0.0162000004202127
img_11039.jpg,0.1817000061273574
img_03665_mirrored.jpg,-0.1617999970912933
img_07974.jpg,-0.0098999999463558
img_10540_mirrored.jpg,0.024100000038743
img_05644_mirrored.jpg,-0.0737999975681305
img_03738_mirrored.jpg,-0.0989999994635582
img_14294_mirrored.jpg,0.0198999997228384
img_04960_mirrored.jpg,0.2125999927520752
img_10189_mirrored.jpg,0.1084000021219253
img_02638_mirrored.jpg,-0.1330000013113021
img_09432_mirrored.jpg,0.0847999975085258
img_10548.jpg,-0.0496999993920326
img_08921_mirrored.jpg,0.1150000020861625
img_01589.jpg,-0.0256999991834163
img_01104_mirrored.jpg,0.0037000000011175
img_09100_mirrored.jpg,0.0162000004202127
img_10783_mirrored.jpg,0.3142000138759613
img_09650.jpg,-0.0423999987542629
img_13847.jpg,-0.0696000009775161
img_06105_mirrored.jpg,0.0031000000890344
img_05992_mirrored.jpg,0.0361000001430511
img_13289.jpg,0.1020999997854232
img_06236_mirrored.jpg,-0.008899999782443
img_10622_mirrored.jpg,0.066500000655651
img_00603.jpg,0.1528999954462051
img_00530.jpg,0.1554999947547912
img_14096_mirrored.jpg,0.3142000138759613
img_11229_mirrored.jpg,0.3142000138759613
img_01450_mirrored.jpg,0.1613000035285949
img_13311_mirrored.jpg,-0.2037000060081482
img_12241.jpg,-0.2366999983787536
img_10277_mirrored.jpg,0.3142000138759613
img_15152_mirrored.jpg,-0.5235999822616577
img_14066_mirrored.jpg,0.2702000141143799
img_14330_mirrored.jpg,0.0386999994516372
img_03462.jpg,-0.2737999856472015
img_09921.jpg,-0.0115000000223517
img_13887.jpg,0.0052000000141561
img_06053.jpg,0.0366999991238117
img_03045.jpg,-0.0644000023603439
img_11478_mirrored.jpg,0.0152000002562999
img_09632.jpg,0.1262000054121017
img_09418_mirrored.jpg,-0.0236000008881092
img_01327.jpg,-0.1565999984741211
img_15116.jpg,0.5235999822616577
img_09266.jpg,-0.1617999970912933
img_10501_mirrored.jpg,-0.0098999999463558
img_13362_mirrored.jpg,-0.0078999996185302
img_13011_mirrored.jpg,0.1036999970674514
img_01772.jpg,-0.1046999990940094
img_10512_mirrored.jpg,-0.1796000003814697
img_01508.jpg,-0.017799999564886
img_07326.jpg,-0.1817000061273574
img_01227.jpg,0.0046999999321997
img_10335_mirrored.jpg,0.1162000000476837
img_13724_mirrored.jpg,0.0052000000141561
img_14865_mirrored.jpg,-0.0
img_11253.jpg,-0.3142000138759613
img_05405_mirrored.jpg,0.2495999932289123
img_07303_mirrored.jpg,0.1308999955654144
img_13211.jpg,0.2168000042438507
img_13056.jpg,-0.2592000067234039
img_03213_mirrored.jpg,0.0627999976277351
img_11357_mirrored.jpg,0.0272000003606081
img_14194_mirrored.jpg,0.0759000033140182
img_04791_mirrored.jpg,0.05180000141263
img_07626_mirrored.jpg,-0.0324999988079071
img_04883.jpg,-0.0120000001043081
img_11534_mirrored.jpg,-0.0046999999321997
img_04219_mirrored.jpg,0.0555000007152557
img_11858_mirrored.jpg,0.0046999999321997
img_12200_mirrored.jpg,0.2402999997138977
img_14402.jpg,-0.1439999938011169
img_14055_mirrored.jpg,0.3142000138759613
img_02645_mirrored.jpg,0.0245999991893768
img_04576.jpg,-0.0167999994009733
img_13784.jpg,0.0507999993860721
img_04961_mirrored.jpg,0.2067999988794326
img_03004_mirrored.jpg,0.131300002336502
img_12728_mirrored.jpg,0.1220000013709068
img_04485.jpg,-0.3142000138759613
img_12131_mirrored.jpg,0.1266999989748001
img_14715.jpg,0.018300000578165
img_03713_mirrored.jpg,0.0403000004589557
img_06294_mirrored.jpg,0.0324999988079071
img_07123_mirrored.jpg,0.1130999997258186
img_07810.jpg,-0.1571000069379806
img_04020_mirrored.jpg,0.1833000034093856
img_03291.jpg,-0.0826999992132186
img_10474.jpg,0.1324999928474426
img_10560.jpg,0.0078999996185302
img_03897_mirrored.jpg,0.3142000138759613
img_07725.jpg,0.017799999564886
img_08926.jpg,-0.274399995803833
img_07548_mirrored.jpg,0.033500000834465
img_11279.jpg,-0.3142000138759613
img_10748.jpg,-0.2998999953269958
img_03269_mirrored.jpg,0.0465999990701675
img_14204_mirrored.jpg,-0.1738000065088272
img_08943_mirrored.jpg,0.006800000090152
img_05423.jpg,-0.2418999969959259
img_08865.jpg,-0.224600002169609
img_13368_mirrored.jpg,-0.0037000000011175
img_04146.jpg,-0.0031000000890344
img_08213.jpg,-0.0120000001043081
img_04267.jpg,-0.048200000077486
img_00627.jpg,0.1128000020980835
img_04227.jpg,0.1497000008821487
img_00026_mirrored.jpg,-0.0073000001721084
img_02253.jpg,-0.0507999993860721
img_03739.jpg,0.0706999972462654
img_00196.jpg,0.1256999969482422
img_13571.jpg,-0.3052999973297119
img_06189_mirrored.jpg,0.0293000005185604
img_03587.jpg,0.1528999954462051
img_14824_mirrored.jpg,0.5235999822616577
img_08985.jpg,0.0910999998450279
img_12849.jpg,0.0641999989748001
img_00327.jpg,-0.1591999977827072
img_00921_mirrored.jpg,0.2392999976873397
img_08360.jpg,-0.3142000138759613
img_13293_mirrored.jpg,-0.1476999968290329
img_01160_mirrored.jpg,0.018300000578165
img_12998_mirrored.jpg,0.0785000026226043
img_11492_mirrored.jpg,0.0318999998271465
img_13488_mirrored.jpg,0.120399996638298
img_12044.jpg,0.0775000005960464
img_08939.jpg,0.0245999991893768
img_08229_mirrored.jpg,-0.0162000004202127
img_08917.jpg,-0.0236000008881092
img_11187_mirrored.jpg,0.3088999986648559
img_14844_mirrored.jpg,0.5235999822616577
img_10936_mirrored.jpg,0.002600000007078
img_05887_mirrored.jpg,0.3142000138759613
img_14363.jpg,-0.1052000001072883
img_03516_mirrored.jpg,0.0251000002026557
img_08769.jpg,-0.1863999962806701
img_11979.jpg,-0.0456000007688999
img_06586_mirrored.jpg,-0.048200000077486
img_08641.jpg,0.0057999999262392
img_06268_mirrored.jpg,0.0723000019788742
img_03670_mirrored.jpg,0.0272000003606081
img_12834_mirrored.jpg,0.0575999990105629
img_02144.jpg,-0.0806000009179115
img_12188_mirrored.jpg,0.3142000138759613
img_07421.jpg,-0.263399988412857
img_13274_mirrored.jpg,-0.1182999983429908
img_03985_mirrored.jpg,-0.0078999996185302
img_09654_mirrored.jpg,0.0141000002622604
img_07992.jpg,0.0141000002622604
img_06308_mirrored.jpg,0.09009999781847
img_03468_mirrored.jpg,0.1895000040531158
img_12699_mirrored.jpg,0.262800008058548
img_10223.jpg,-0.153899997472763
img_07059.jpg,0.0251000002026557
img_07749.jpg,-0.0324999988079071
img_01543.jpg,0.0795999988913536
img_11987.jpg,-0.0612999983131885
img_10880.jpg,-0.0098999999463558
img_03093.jpg,0.0256999991834163
img_05359_mirrored.jpg,0.157600000500679
img_00857_mirrored.jpg,0.1375000029802322
img_06070_mirrored.jpg,0.018300000578165
img_14516.jpg,-0.3021000027656555
img_09546_mirrored.jpg,0.0230000000447034
img_12866.jpg,-0.0120000001043081
img_06911.jpg,-0.3142000138759613
img_15137_mirrored.jpg,-0.5235999822616577
img_01788.jpg,-0.0403000004589557
img_01854.jpg,0.0461000017821788
img_01925.jpg,-0.3142000138759613
img_02820.jpg,-0.1826999932527542
img_08247_mirrored.jpg,0.0732999965548515
img_02013.jpg,0.0098999999463558
img_08962_mirrored.jpg,0.0245999991893768
img_06059_mirrored.jpg,-0.1146999970078468
img_08360_mirrored.jpg,0.3142000138759613
img_14973.jpg,0.5235999822616577
img_09634_mirrored.jpg,-0.070200003683567
img_03346_mirrored.jpg,0.1445000022649765
img_03818.jpg,-0.0313999988138675
img_03899.jpg,-0.3142000138759613
img_00419.jpg,-0.3142000138759613
img_01114.jpg,-0.0031000000890344
img_12478_mirrored.jpg,-0.0041999998502433
img_05838.jpg,-0.1606999933719635
img_11125_mirrored.jpg,0.1020999997854232
img_11920.jpg,0.0586000010371208
img_06372_mirrored.jpg,0.1429000049829483
img_09844.jpg,-0.2398000061511993
img_13751.jpg,-0.0037000000011175
img_00731_mirrored.jpg,0.0093999998643994
img_10919.jpg,0.0162000004202127
img_07184.jpg,0.1632000058889389
img_05068_mirrored.jpg,0.0031000000890344
img_04236.jpg,0.0732999965548515
img_11420_mirrored.jpg,-0.094200000166893
img_12383_mirrored.jpg,-0.0842999964952468
img_03887_mirrored.jpg,0.1368999928236007
img_02288.jpg,0.0423999987542629
img_03611_mirrored.jpg,-0.0841000005602836
img_00330_mirrored.jpg,0.1550000011920929
img_09024_mirrored.jpg,0.0063000000081956
img_14122_mirrored.jpg,0.0167999994009733
img_03484_mirrored.jpg,0.3142000138759613
img_10838.jpg,-0.1639000028371811
img_01861_mirrored.jpg,0.0173000004142522
img_02216_mirrored.jpg,-0.198400005698204
img_12900_mirrored.jpg,-0.1429000049829483
img_03226.jpg,0.2041999995708465
img_05516.jpg,-0.1146999970078468
img_11638_mirrored.jpg,-0.0272000003606081
img_04189.jpg,-0.0173000004142522
img_06593.jpg,0.176499992609024
img_07730_mirrored.jpg,0.024100000038743
img_08612.jpg,0.063400000333786
img_13866_mirrored.jpg,-0.0073000001721084
img_09688.jpg,-0.0723000019788742
img_02948.jpg,-0.2079000025987625
img_12831.jpg,-0.032600000500679
img_11006.jpg,-0.0324999988079071
img_12283.jpg,0.2524000108242035
img_14375_mirrored.jpg,0.0372000001370906
img_09544_mirrored.jpg,-0.0659999996423721
img_09552_mirrored.jpg,-0.0648000016808509
img_13717_mirrored.jpg,-0.0208999998867511
img_10476.jpg,0.1853999942541122
img_02284_mirrored.jpg,0.0297999996691942
img_00657.jpg,0.1136000007390976
img_07704.jpg,-0.0372000001370906
img_11626_mirrored.jpg,0.1367000043392181
img_07301_mirrored.jpg,0.1162000000476837
img_09618_mirrored.jpg,-0.0057999999262392
img_14611.jpg,0.0083999997004866
img_06242.jpg,-0.0194000005722045
img_08119_mirrored.jpg,0.0208999998867511
img_04897.jpg,-0.2293999940156936
img_06208.jpg,0.1532000005245208
img_12995.jpg,-0.100500002503395
img_10268.jpg,-0.2597000002861023
img_13084_mirrored.jpg,0.2601999938488006
img_09933.jpg,-0.0833000019192695
img_10526.jpg,0.0905999988317489
img_07020_mirrored.jpg,-0.013600000180304
img_08545.jpg,0.1189000010490417
img_05162_mirrored.jpg,0.0304000005125999
img_10199_mirrored.jpg,0.0513000003993511
img_02508_mirrored.jpg,0.0381999984383583
img_14386_mirrored.jpg,0.0266999993473291
img_00378_mirrored.jpg,0.3073999881744385
img_00551_mirrored.jpg,-0.0386999994516372
img_13581.jpg,-0.2833000123500824
img_04095_mirrored.jpg,-0.0245999991893768
img_08202.jpg,-0.0496999993920326
img_06526.jpg,0.0898000001907348
img_01323.jpg,-0.1324999928474426
img_01831_mirrored.jpg,0.1833000034093856
img_11977.jpg,0.0869000032544136
img_02985_mirrored.jpg,0.3142000138759613
img_04793_mirrored.jpg,0.0806000009179115
img_14880.jpg,-0.5235999822616577
img_14567_mirrored.jpg,0.2236000001430511
img_09480_mirrored.jpg,-0.0355999991297721
img_11475.jpg,-0.0225000008940696
img_13029_mirrored.jpg,0.1544999927282333
img_05847.jpg,-0.1554999947547912
img_10700.jpg,0.0564999990165233
img_03412_mirrored.jpg,0.2576000094413757
img_01278_mirrored.jpg,-0.0680999979376792
img_00065_mirrored.jpg,-0.0262000001966953
img_04471.jpg,-0.2309000045061111
img_10139_mirrored.jpg,0.0524000003933906
img_09194.jpg,-0.0905999988317489
img_07050.jpg,-0.006800000090152
img_03304.jpg,0.1172999963164329
img_00550_mirrored.jpg,-0.0198999997228384
img_04048.jpg,-0.1110000014305114
img_07034.jpg,0.1089000031352043
img_14410.jpg,-0.1482000052928924
img_04322_mirrored.jpg,0.0838000029325485
img_09907.jpg,-0.0754000023007392
img_02652.jpg,0.1554999947547912
img_00183_mirrored.jpg,-0.0236000008881092
img_05276.jpg,-0.0496999993920326
img_07140.jpg,0.0529000014066696
img_08131.jpg,-0.0414000004529953
img_03709.jpg,-0.0586000010371208
img_14186_mirrored.jpg,0.0833000019192695
img_14131.jpg,-0.0564999990165233
img_11637.jpg,0.0381999984383583
img_11513_mirrored.jpg,-0.1262000054121017
img_08158.jpg,0.167600005865097
img_06529.jpg,0.2275999933481216
img_11034_mirrored.jpg,-0.1623000055551529
img_14307.jpg,0.0869000032544136
img_04032.jpg,-0.0052000000141561
img_12410_mirrored.jpg,0.0167999994009733
img_09146_mirrored.jpg,0.1010999977588653
img_10220.jpg,-0.1613000035285949
img_04239.jpg,-0.0544999986886978
img_13915.jpg,0.1130999997258186
img_01296_mirrored.jpg,0.0962999984622001
img_13402.jpg,-0.0031000000890344
img_08115.jpg,-0.0162000004202127
img_00749.jpg,0.0187999997287988
img_04273_mirrored.jpg,0.048700001090765
img_05362.jpg,-0.1486999988555908
img_07897.jpg,-0.2648000121116638
img_14504_mirrored.jpg,0.3142000138759613
img_09597.jpg,-0.0251000002026557
img_07770_mirrored.jpg,0.1796000003814697
img_02247_mirrored.jpg,0.0204000007361173
img_07611.jpg,0.1958000063896179
img_01629_mirrored.jpg,-0.0297999996691942
img_05710_mirrored.jpg,0.032999999821186
img_07971.jpg,-0.0083999997004866
img_06569_mirrored.jpg,-0.0800999999046325
img_09214_mirrored.jpg,-0.0895000025629997
img_02805_mirrored.jpg,0.0381999984383583
img_04038_mirrored.jpg,0.0098999999463558
img_14088_mirrored.jpg,0.3142000138759613
img_11398_mirrored.jpg,-0.0795999988913536
img_14955_mirrored.jpg,-0.0
img_02941.jpg,-0.3142000138759613
img_13891.jpg,-0.0277999993413686
img_04076.jpg,0.0952999964356422
img_13434.jpg,-0.0491999983787536
img_13795.jpg,-0.018300000578165
img_10165.jpg,-0.070200003683567
img_13662_mirrored.jpg,0.1084000021219253
img_05623_mirrored.jpg,-0.1836999952793121
img_13534_mirrored.jpg,0.2842999994754791
img_09385.jpg,-0.3142000138759613
img_12590.jpg,-0.3142000138759613
img_09833_mirrored.jpg,0.3142000138759613
img_11413.jpg,0.2450000047683715
img_03582.jpg,0.0662999972701072
img_01824.jpg,-0.1429000049829483
img_11986.jpg,-0.0847999975085258
img_08052.jpg,-0.0046999999321997
img_05609.jpg,0.0529000014066696
img_05785_mirrored.jpg,0.1058000028133392
img_00527_mirrored.jpg,-0.2287999987602234
img_07041_mirrored.jpg,-0.0366999991238117
img_01172.jpg,-0.0408000014722347
img_00449.jpg,-0.3142000138759613
img_08708_mirrored.jpg,0.0826999992132186
img_09449.jpg,0.1093999966979026
img_12446_mirrored.jpg,-0.1115000024437904
img_00190.jpg,0.1633999943733215
img_07019_mirrored.jpg,-0.0167999994009733
img_13441_mirrored.jpg,0.0361000001430511
img_12396_mirrored.jpg,-0.1036999970674514
img_14585.jpg,0.0078999996185302
img_10735.jpg,-0.1952999979257583
img_10423.jpg,-0.0346000008285045
img_05907_mirrored.jpg,0.1497000008821487
img_11982.jpg,-0.0790999978780746
img_07233.jpg,-0.0297999996691942
img_10373.jpg,-0.1633999943733215
img_09031.jpg,-0.0031000000890344
img_05444_mirrored.jpg,0.1125999987125396
img_02419.jpg,-0.3142000138759613
img_00798.jpg,-0.2178000062704086
img_08766_mirrored.jpg,0.1817000061273574
img_14093_mirrored.jpg,0.3142000138759613
img_12249.jpg,0.024100000038743
img_14454.jpg,-0.3057000041007995
img_13589.jpg,-0.2712000012397766
img_06458_mirrored.jpg,0.2249999940395355
img_04261_mirrored.jpg,0.0115000000223517
img_04189_mirrored.jpg,0.0173000004142522
img_02401.jpg,-0.3088999986648559
img_08919_mirrored.jpg,0.0463000014424324
img_14554_mirrored.jpg,0.2161999940872192
img_08549.jpg,0.1847999989986419
img_05545_mirrored.jpg,-0.0115000000223517
img_03355.jpg,-0.1482000052928924
img_05331.jpg,-0.0910999998450279
img_03678.jpg,0.0581000000238418
img_05532.jpg,-0.0749000012874603
img_00394.jpg,-0.3142000138759613
img_02881_mirrored.jpg,0.1264999955892563
img_12734_mirrored.jpg,0.0450000017881393
img_10170_mirrored.jpg,-0.0266999993473291
img_07090.jpg,-0.0037000000011175
img_00832_mirrored.jpg,0.1403000056743621
img_01430.jpg,-0.3142000138759613
img_13510.jpg,-0.0502999983727932
img_06769_mirrored.jpg,0.0392999984323978
img_02117_mirrored.jpg,0.0037000000011175
img_06449_mirrored.jpg,0.1587000042200088
img_01291.jpg,-0.0744000002741813
img_07185.jpg,0.1702000051736831
img_03249_mirrored.jpg,0.006800000090152
img_02502_mirrored.jpg,0.3037000000476837
img_01559.jpg,-0.0041999998502433
img_05622.jpg,0.1580999940633773
img_12263.jpg,-0.0639000013470649
img_02030_mirrored.jpg,0.1199000030755996
img_12933_mirrored.jpg,0.0115000000223517
img_11495.jpg,-0.0073000001721084
img_08032_mirrored.jpg,-0.0251000002026557
img_02169.jpg,-0.018300000578165
img_09638_mirrored.jpg,0.1333999931812286
img_02456_mirrored.jpg,0.2617999911308288
img_04549.jpg,0.0162000004202127
img_04515_mirrored.jpg,0.2402999997138977
img_01432_mirrored.jpg,0.3142000138759613
img_00166.jpg,-0.0351000018417835
img_09931_mirrored.jpg,0.1209999993443489
img_05075_mirrored.jpg,-0.0245999991893768
img_15160.jpg,0.0
img_01716_mirrored.jpg,-0.1445000022649765
img_03696.jpg,-0.0126000000163912
img_14358_mirrored.jpg,0.0737999975681305
img_13614_mirrored.jpg,0.3142000138759613
img_09577_mirrored.jpg,-0.0838000029325485
img_08005_mirrored.jpg,-0.0549999997019767
img_05491_mirrored.jpg,0.3142000138759613
img_12705.jpg,-0.1534000039100647
img_08267_mirrored.jpg,0.0806000009179115
img_07952.jpg,-0.277999997138977
img_13446.jpg,-0.0262000001966953
img_02430.jpg,-0.1189000010490417
img_13285_mirrored.jpg,-0.1240999996662139
img_06695_mirrored.jpg,-0.0037000000011175
img_01245.jpg,-0.0491999983787536
img_08446.jpg,0.0204000007361173
img_14823_mirrored.jpg,0.5235999822616577
img_04484.jpg,-0.3142000138759613
img_11312.jpg,-0.0445000007748603
img_08600_mirrored.jpg,-0.0456000007688999
img_09231_mirrored.jpg,0.0826999992132186
img_01651.jpg,-0.0251000002026557
img_02172_mirrored.jpg,0.0156999994069337
img_10488.jpg,0.1099999994039535
img_01771_mirrored.jpg,0.1015999987721443
img_13623.jpg,-0.0847999975085258
img_03757_mirrored.jpg,0.0318999998271465
img_12398.jpg,0.1162000000476837
img_05026.jpg,-0.2319999933242797
img_03301.jpg,0.0887999981641769
img_11887_mirrored.jpg,0.0037000000011175
img_05921_mirrored.jpg,0.3142000138759613
img_02478.jpg,-0.3142000138759613
img_11771_mirrored.jpg,0.2381999939680099
img_08154_mirrored.jpg,-0.0720999985933303
img_04196_mirrored.jpg,0.0225000008940696
img_09365_mirrored.jpg,0.2806000113487243
img_00931.jpg,-0.3142000138759613
img_10441_mirrored.jpg,-0.1471000015735626
img_04787_mirrored.jpg,0.0083999997004866
img_06085_mirrored.jpg,-0.0219999998807907
img_08337.jpg,-0.3142000138759613
img_13630_mirrored.jpg,0.0952999964356422
img_12229_mirrored.jpg,0.3142000138759613
img_13963_mirrored.jpg,0.1482000052928924
img_03372_mirrored.jpg,0.1784999966621399
img_02115_mirrored.jpg,0.0037000000011175
img_05890_mirrored.jpg,0.3142000138759613
img_08263_mirrored.jpg,0.0465999990701675
img_04534_mirrored.jpg,0.0711999982595443
img_07264_mirrored.jpg,-0.1072999984025955
img_02236.jpg,-0.0147000001743435
img_12514_mirrored.jpg,0.0204000007361173
img_06303_mirrored.jpg,0.1000000014901161
img_08233_mirrored.jpg,-0.05180000141263
img_02834.jpg,-0.1435000002384185
img_06407_mirrored.jpg,0.3142000138759613
img_00411.jpg,-0.168500006198883
img_08340.jpg,-0.3142000138759613
img_01575.jpg,0.0297999996691942
img_01116.jpg,-0.0031000000890344
img_07276_mirrored.jpg,0.0833000019192695
img_14165.jpg,-0.0126000000163912
img_14421.jpg,-0.1356000006198883
img_13629.jpg,-0.0833000019192695
img_09185_mirrored.jpg,0.0015999999595806
img_09897.jpg,-0.2187999933958053
img_00644.jpg,-0.0167999994009733
img_07640.jpg,0.033500000834465
img_08073_mirrored.jpg,0.0031000000890344
img_13636.jpg,-0.2560000121593475
img_02185_mirrored.jpg,0.0423999987542629
img_06795.jpg,-0.198400005698204
img_05698.jpg,-0.0293000005185604
img_03501_mirrored.jpg,0.3142000138759613
img_09883_mirrored.jpg,0.2339999973773956
img_00910.jpg,-0.3142000138759613
img_04669.jpg,0.1732999980449676
img_13615.jpg,-0.3120999932289123
img_02162.jpg,0.0989999994635582
img_06459.jpg,-0.3142000138759613
img_00702_mirrored.jpg,-0.1120999976992607
img_11532.jpg,-0.0115000000223517
img_12734.jpg,-0.0450000017881393
img_07814.jpg,0.0711999982595443
img_00266_mirrored.jpg,-0.0399000011384487
img_14816.jpg,-0.5235999822616577
img_04327.jpg,-0.1015999987721443
img_12651_mirrored.jpg,0.3016000092029571
img_01488_mirrored.jpg,0.3142000138759613
img_13563.jpg,-0.3142000138759613
img_03189_mirrored.jpg,0.0131000000983476
img_13667.jpg,-0.0852999985218048
img_11788.jpg,-0.0098999999463558
img_00068_mirrored.jpg,-0.0098999999463558
img_14043_mirrored.jpg,0.1058000028133392
img_10971_mirrored.jpg,0.0812000036239624
img_11825_mirrored.jpg,-0.1182999983429908
img_12151.jpg,-0.2660000026226043
img_10983.jpg,0.0524000003933906
img_06875_mirrored.jpg,0.3032000064849853
img_14923.jpg,-0.5235999822616577
img_10673.jpg,-0.1407999992370605
img_09015_mirrored.jpg,-0.0152000002562999
img_10303.jpg,-0.1413999944925308
img_13762_mirrored.jpg,0.0031000000890344
img_04171_mirrored.jpg,-0.0204000007361173
img_00896_mirrored.jpg,0.3073999881744385
img_01399.jpg,-0.2804999947547912
img_09284_mirrored.jpg,0.3142000138759613
img_01283.jpg,0.1093999966979026
img_03169_mirrored.jpg,-0.0631000027060508
img_13854_mirrored.jpg,0.0507999993860721
img_07989.jpg,0.0198999997228384
img_12025_mirrored.jpg,0.0392999984323978
img_06843_mirrored.jpg,-0.0297999996691942
img_12885.jpg,-0.063400000333786
img_09733_mirrored.jpg,0.1423999965190887
img_10175.jpg,0.1001999974250793
img_03203.jpg,-0.033500000834465
img_00322_mirrored.jpg,0.1492000073194503
img_03452_mirrored.jpg,0.3142000138759613
img_07820.jpg,-0.0098999999463558
img_13761.jpg,-0.0031000000890344
img_00788_mirrored.jpg,0.0308999996632337
img_09215_mirrored.jpg,-0.0895000025629997
img_09104_mirrored.jpg,0.0366999991238117
img_14098_mirrored.jpg,0.3142000138759613
img_09200.jpg,-0.063400000333786
img_05758.jpg,-0.0037000000011175
img_08518_mirrored.jpg,-0.1099999994039535
img_04809.jpg,-0.0340000018477439
img_09462_mirrored.jpg,-0.0847999975085258
img_05741.jpg,-0.209999993443489
img_03072.jpg,0.067500002682209
img_12976.jpg,0.0821999981999397
img_05223_mirrored.jpg,0.0627999976277351
img_02370_mirrored.jpg,0.3142000138759613
img_10037.jpg,-0.0944999977946281
img_06523.jpg,0.0208999998867511
img_05311_mirrored.jpg,-0.0957999974489212
img_08079_mirrored.jpg,0.0031000000890344
img_06542_mirrored.jpg,0.0198999997228384
img_07926.jpg,-0.121799997985363
img_04194.jpg,-0.0126000000163912
img_14938_mirrored.jpg,0.5235999822616577
img_09766.jpg,0.018300000578165
img_00012.jpg,-0.1052000001072883
img_02574.jpg,0.0366999991238117
img_10308.jpg,-0.1367000043392181
img_13411.jpg,-0.0052000000141561
img_06654.jpg,0.0847999975085258
img_14916_mirrored.jpg,0.5235999822616577
img_02106_mirrored.jpg,0.0037000000011175
img_09414.jpg,-0.1791000068187713
img_15098.jpg,0.0
img_01349_mirrored.jpg,0.1591999977827072
img_10654.jpg,-0.0952000021934509
img_10283_mirrored.jpg,0.2481999993324279
img_06640.jpg,0.1407999992370605
img_03155.jpg,-0.0714000016450882
img_09549_mirrored.jpg,-0.0104999998584389
img_05189_mirrored.jpg,-0.0564999990165233
img_01535_mirrored.jpg,-0.2879999876022339
img_11476_mirrored.jpg,0.0198999997228384
img_06041.jpg,0.0141000002622604
img_07974_mirrored.jpg,0.0098999999463558
img_06851_mirrored.jpg,0.0696000009775161
img_08832_mirrored.jpg,0.1550000011920929
img_07998.jpg,-0.006800000090152
img_12540_mirrored.jpg,0.1381999999284744
img_10931.jpg,-0.0046999999321997
img_12213.jpg,-0.3142000138759613
img_14994.jpg,0.5235999822616577
img_02839.jpg,-0.1482000052928924
img_00907_mirrored.jpg,0.2921999990940094
img_12281.jpg,0.3016000092029571
img_12664.jpg,-0.0952999964356422
img_12453.jpg,-0.2082999944686889
img_14240_mirrored.jpg,-0.1419000029563903
img_13257_mirrored.jpg,0.1278000026941299
img_03319.jpg,-0.0989999994635582
img_07976.jpg,-0.0163000002503395
img_08117_mirrored.jpg,0.0208999998867511
img_03547_mirrored.jpg,-0.0515000000596046
img_11617.jpg,-0.1780000030994415
img_12716_mirrored.jpg,0.0073000001721084
img_08025.jpg,0.0115000000223517
img_11190.jpg,-0.2450000047683715
img_09726.jpg,-0.1449999958276748
img_03957.jpg,-0.2406000047922134
img_05210.jpg,-0.0397999994456768
img_01814.jpg,-0.1702000051736831
img_11544.jpg,-0.0073000001721084
img_11192_mirrored.jpg,0.2152000069618225
img_04919_mirrored.jpg,0.1544999927282333
img_04257_mirrored.jpg,-0.0131000000983476
img_06924.jpg,-0.2894000113010406
img_01478_mirrored.jpg,0.3142000138759613
img_07918.jpg,-0.048700001090765
img_03070_mirrored.jpg,-0.1067999973893165
img_11869_mirrored.jpg,0.0037000000011175
img_00185.jpg,0.0571000017225742
img_09423_mirrored.jpg,-0.0167999994009733
img_01374.jpg,-0.0979000031948089
img_07922_mirrored.jpg,-0.0093999998643994
img_09207_mirrored.jpg,-0.060199998319149
img_00341_mirrored.jpg,0.1876000016927719
img_05351_mirrored.jpg,0.131400004029274
img_04352_mirrored.jpg,0.1482000052928924
img_13609_mirrored.jpg,0.1303000003099441
img_13246.jpg,0.157600000500679
img_12715_mirrored.jpg,-0.0093999998643994
img_14734.jpg,-0.0167999994009733
img_12656_mirrored.jpg,0.2486999928951263
img_10876.jpg,-0.0046999999321997
img_03262.jpg,-0.0476000010967254
img_09398.jpg,-0.3142000138759613
img_15046_mirrored.jpg,-0.5235999822616577
img_13049_mirrored.jpg,0.3142000138759613
img_12881_mirrored.jpg,0.0277999993413686
img_07117_mirrored.jpg,0.0581000000238418
img_06892.jpg,-0.3142000138759613
img_06184.jpg,-0.0428999997675418
img_12451.jpg,-0.1365000009536743
img_08100_mirrored.jpg,0.0471000000834465
img_04458.jpg,-0.3142000138759613
img_09601.jpg,-0.0502999983727932
img_13889_mirrored.jpg,-0.0037000000011175
img_14706_mirrored.jpg,0.0842999964952468
img_08059.jpg,-0.0031000000890344
img_12638_mirrored.jpg,0.2617999911308288
img_07821_mirrored.jpg,0.0131000000983476
img_13098_mirrored.jpg,0.3142000138759613
img_14143_mirrored.jpg,-0.1067000031471252
img_12352_mirrored.jpg,-0.1136000007390976
img_12376.jpg,0.1885000020265579
img_02122_mirrored.jpg,0.0031000000890344
img_11763_mirrored.jpg,0.0820999965071678
img_03751.jpg,-0.1393000036478042
img_06793.jpg,-0.1554999947547912
img_14559_mirrored.jpg,0.0461000017821788
img_10290.jpg,-0.3142000138759613
img_07968_mirrored.jpg,-0.0156999994069337
img_14178_mirrored.jpg,-0.183799996972084
img_07515_mirrored.jpg,-0.1041999980807304
img_11269_mirrored.jpg,0.1784999966621399
img_00029_mirrored.jpg,-0.0379000008106231
img_13494_mirrored.jpg,0.1460999995470047
img_05696_mirrored.jpg,0.0173000004142522
img_10468.jpg,0.1942999958992004
img_07596_mirrored.jpg,-0.0852999985218048
img_13736_mirrored.jpg,0.0031000000890344
img_13746.jpg,-0.0037000000011175
img_11576.jpg,-0.0386999994516372
img_06909_mirrored.jpg,0.3142000138759613
img_06332_mirrored.jpg,0.1565999984741211
img_06727.jpg,-0.0372000001370906
img_06422_mirrored.jpg,0.1403000056743621
img_08579_mirrored.jpg,-0.0993999987840652
img_09655.jpg,-0.0093999998643994
img_02037_mirrored.jpg,-0.0141000002622604
img_04523.jpg,0.0147000001743435
img_13592_mirrored.jpg,0.2257000058889389
img_01430_mirrored.jpg,0.3142000138759613
img_04009.jpg,-0.0837000012397766
img_02328.jpg,-0.1046999990940094
img_00089_mirrored.jpg,0.0010000000474974
img_06187.jpg,-0.0346000008285045
img_04309.jpg,0.1099999994039535
img_12766_mirrored.jpg,0.0215000007301569
img_15048.jpg,0.5235999822616577
img_11592.jpg,-0.1832000017166137
img_09754.jpg,-0.1528999954462051
img_09270_mirrored.jpg,0.1623000055551529
img_06840.jpg,0.0564999990165233
img_09109.jpg,-0.0414000004529953
img_05484.jpg,-0.3142000138759613
img_01292_mirrored.jpg,0.0785000026226043
img_14485.jpg,-0.3142000138759613
img_08905_mirrored.jpg,0.3136000037193298
img_00878_mirrored.jpg,0.3032000064849853
img_13513.jpg,-0.1136000007390976
img_10161_mirrored.jpg,0.0948000028729438
img_03380.jpg,-0.3142000138759613
img_04155_mirrored.jpg,0.0361000001430511
img_02011.jpg,0.0204000007361173
img_12193.jpg,-0.3142000138759613
img_05067.jpg,-0.0037000000011175
img_08304.jpg,-0.1821999996900558
img_04479_mirrored.jpg,0.0266999993473291
img_06006_mirrored.jpg,0.1597000062465667
img_07712_mirrored.jpg,0.0052000000141561
img_03519_mirrored.jpg,-0.0162000004202127
img_12876_mirrored.jpg,0.0423999987542629
img_06424_mirrored.jpg,0.1680999994277954
img_02865.jpg,0.1000000014901161
img_00958_mirrored.jpg,0.1218999996781349
img_14258.jpg,0.0450000017881393
img_07344_mirrored.jpg,0.2896000146865845
img_10082.jpg,-0.0386999994516372
img_05895.jpg,-0.3142000138759613
img_09390.jpg,-0.3142000138759613
img_01604_mirrored.jpg,-0.134100005030632
img_12558.jpg,-0.1298999935388565
img_11645_mirrored.jpg,0.0723000019788742
img_04653_mirrored.jpg,0.0187999997287988
img_03921_mirrored.jpg,0.2079000025987625
img_09198.jpg,-0.0859000012278556
img_04407.jpg,-0.3142000138759613
img_05043.jpg,-0.0098999999463558
img_02235.jpg,-0.0173000004142522
img_15055_mirrored.jpg,-0.5235999822616577
img_11728.jpg,-0.1387999951839447
img_11846_mirrored.jpg,-0.0251000002026557
img_12071_mirrored.jpg,0.0513000003993511
img_14960_mirrored.jpg,-0.0
img_10089_mirrored.jpg,0.0780000016093254
img_11297_mirrored.jpg,0.3142000138759613
img_12566.jpg,0.0706999972462654
img_10447.jpg,0.066500000655651
img_00350_mirrored.jpg,0.3142000138759613
img_09981.jpg,0.0204000007361173
img_05463.jpg,-0.3142000138759613
img_04091.jpg,0.0098999999463558
img_11209.jpg,-0.3142000138759613
img_08998_mirrored.jpg,-0.006800000090152
img_05805_mirrored.jpg,0.024100000038743
img_13165_mirrored.jpg,0.3142000138759613
img_07336_mirrored.jpg,0.2924999892711639
img_08749_mirrored.jpg,0.2026000022888183
img_05792.jpg,-0.0408000014722347
img_02332.jpg,-0.1215000003576278
img_07363_mirrored.jpg,0.3142000138759613
img_13008.jpg,-0.093199998140335
img_05975.jpg,-0.1240999996662139
img_01412_mirrored.jpg,0.2355999946594238
img_00242_mirrored.jpg,-0.0063000000081956
img_04910.jpg,-0.3142000138759613
img_00620_mirrored.jpg,0.0167999994009733
img_09089_mirrored.jpg,-0.0225000008940696
img_01195_mirrored.jpg,-0.0452999994158744
img_01627_mirrored.jpg,-0.0769999995827674
img_03771_mirrored.jpg,0.006800000090152
img_11210.jpg,-0.3142000138759613
img_04033.jpg,-0.0078999996185302
img_06971_mirrored.jpg,0.0434999987483024
img_11251_mirrored.jpg,0.3142000138759613
img_04637_mirrored.jpg,-0.1189000010490417
img_06794.jpg,-0.1779000014066696
img_13357.jpg,-0.0471000000834465
img_13867.jpg,-0.008899999782443
img_02314.jpg,-0.0852999985218048
img_06775.jpg,-0.0386999994516372
img_04353.jpg,-0.1534000039100647
img_14748.jpg,-0.5235999822616577
img_11821_mirrored.jpg,-0.0636999979615211
img_00088_mirrored.jpg,0.0005000000237487
img_11048_mirrored.jpg,0.0895000025629997
img_02541_mirrored.jpg,-0.0855000019073486
img_12702_mirrored.jpg,0.2524000108242035
img_07512.jpg,0.2089000046253204
img_13298.jpg,0.0549999997019767
img_06349.jpg,-0.1387999951839447
img_05926.jpg,-0.2806000113487243
img_01437.jpg,-0.3142000138759613
img_03573.jpg,-0.0147000001743435
img_02171_mirrored.jpg,0.017799999564886
img_12275.jpg,0.0861999988555908
img_10655.jpg,-0.1208000034093856
img_08491.jpg,-0.0208999998867511
img_02958.jpg,-0.2816999852657318
img_07250.jpg,-0.0910999998450279
img_10453.jpg,-0.1130999997258186
img_05432_mirrored.jpg,0.3142000138759613
img_05201_mirrored.jpg,0.0147000001743435
img_05953.jpg,-0.2885000109672546
img_05017.jpg,-0.0877000018954277
img_05605.jpg,-0.0769999995827674
img_12187_mirrored.jpg,0.3142000138759613
img_13966.jpg,-0.1565999984741211
img_14977_mirrored.jpg,-0.5235999822616577
img_03980.jpg,-0.0476000010967254
img_06066_mirrored.jpg,0.0219999998807907
img_11461.jpg,0.0838000029325485
img_12107.jpg,-0.179199993610382
img_13753.jpg,-0.0031000000890344
img_05418_mirrored.jpg,0.2660000026226043
img_08490_mirrored.jpg,-0.0571000017225742
img_04055.jpg,0.0147000001743435
img_00619.jpg,0.0392999984323978
img_05514_mirrored.jpg,0.2093999981880188
img_07880.jpg,-0.3142000138759613
img_09752.jpg,-0.1413999944925308
img_09491.jpg,0.1036999970674514
img_10005.jpg,-0.0031000000890344
img_14909_mirrored.jpg,0.5235999822616577
img_13704_mirrored.jpg,0.0187999997287988
img_00431.jpg,-0.2770000100135803
img_14917.jpg,-0.5235999822616577
img_13846.jpg,-0.0461000017821788
img_01328.jpg,-0.1597000062465667
img_01490.jpg,-0.2969000041484833
img_07358.jpg,-0.2621000111103058
img_04628.jpg,0.1679999977350235
img_09818_mirrored.jpg,0.3142000138759613
img_11725.jpg,-0.2299000024795532
img_07690.jpg,-0.0945999994874
img_14668.jpg,-0.0037000000011175
img_10254.jpg,-0.2712000012397766
img_14811.jpg,-0.5235999822616577
img_05429_mirrored.jpg,0.3142000138759613
img_03402_mirrored.jpg,0.3142000138759613
img_01035_mirrored.jpg,0.0083999997004866
img_06924_mirrored.jpg,0.2894000113010406
img_14328_mirrored.jpg,0.0759000033140182
img_10324_mirrored.jpg,0.3142000138759613
img_04372_mirrored.jpg,0.1429000049829483
img_10205_mirrored.jpg,0.0771000012755394
img_05297.jpg,-0.0916000008583068
img_00396_mirrored.jpg,0.3142000138759613
img_06284.jpg,0.0408000014722347
img_09340.jpg,-0.1360999941825866
img_08270_mirrored.jpg,0.1026000007987022
img_01467.jpg,-0.3142000138759613
img_02773.jpg,0.0173000004142522
img_13203_mirrored.jpg,0.0104999998584389
img_09778.jpg,-0.2115000039339065
img_13624.jpg,-0.0581000000238418
img_01743.jpg,-0.0093999998643994
img_08684.jpg,-0.0046999999321997
img_14574_mirrored.jpg,0.150299996137619
img_14835.jpg,-0.5235999822616577
img_08094_mirrored.jpg,0.1015999987721443
img_12453_mirrored.jpg,0.2082999944686889
img_05882_mirrored.jpg,0.2502000033855438
img_13936.jpg,-0.0564999990165233
img_14546.jpg,-0.2687000036239624
img_02763.jpg,-0.0078999996185302
img_11764.jpg,-0.0885000005364418
img_07993_mirrored.jpg,-0.0115000000223517
img_01737_mirrored.jpg,0.0434999987483024
img_13171_mirrored.jpg,0.3142000138759613
img_14470_mirrored.jpg,0.2198999971151352
img_11563_mirrored.jpg,0.1041999980807304
img_01347.jpg,-0.1387999951839447
img_13267_mirrored.jpg,-0.1754000037908554
img_12315.jpg,0.0864000022411346
img_00868.jpg,-0.3142000138759613
img_05348_mirrored.jpg,0.1093999966979026
img_03917.jpg,-0.1492000073194503
img_03367.jpg,-0.1445000022649765
img_13367_mirrored.jpg,-0.0052000000141561
img_11710_mirrored.jpg,0.209999993443489
img_15113_mirrored.jpg,-0.5235999822616577
img_14906_mirrored.jpg,0.5235999822616577
img_06373.jpg,-0.1168000027537345
img_14390_mirrored.jpg,0.1115000024437904
img_06598_mirrored.jpg,-0.1292999982833862
img_11359.jpg,-0.0340000018477439
img_01761.jpg,0.0173000004142522
img_03790_mirrored.jpg,0.1072999984025955
img_04537_mirrored.jpg,0.0833000019192695
img_14391_mirrored.jpg,0.1367000043392181
img_15087.jpg,0.5235999822616577
img_11927.jpg,0.0397999994456768
img_12029_mirrored.jpg,0.0885000005364418
img_00181.jpg,-0.0372000001370906
img_15074.jpg,0.5235999822616577
img_07697.jpg,-0.1869000047445297
img_14193_mirrored.jpg,0.096900001168251
img_06880.jpg,-0.1460999995470047
img_07507.jpg,0.2770000100135803
img_00540.jpg,-0.0245999991893768
img_07674_mirrored.jpg,-0.0057999999262392
img_09658.jpg,-0.0041999998502433
img_05233_mirrored.jpg,-0.1833000034093856
img_02770_mirrored.jpg,-0.0104999998584389
img_05603.jpg,-0.1052000001072883
img_12971.jpg,0.0251000002026557
img_07020.jpg,0.013600000180304
img_07047_mirrored.jpg,0.0204000007361173
img_04405_mirrored.jpg,0.2223999947309494
img_09502_mirrored.jpg,0.1146999970078468
img_05050.jpg,-0.069300003349781
img_06507.jpg,-0.0627999976277351
img_09534.jpg,0.0962999984622001
img_09753_mirrored.jpg,0.1413999944925308
img_06771_mirrored.jpg,0.0318999998271465
img_12022_mirrored.jpg,0.002600000007078
img_12312.jpg,0.1774999946355819
img_01537.jpg,0.2675999999046325
img_00660.jpg,0.070200003683567
img_11609_mirrored.jpg,0.1445000022649765
img_01132.jpg,-0.0749000012874603
img_12808_mirrored.jpg,0.0031000000890344
img_11831.jpg,-0.0194000005722045
img_11991.jpg,-0.0204000007361173
img_13113_mirrored.jpg,0.2309000045061111
img_11597.jpg,-0.210999995470047
img_05267.jpg,-0.0287999995052814
img_11452.jpg,-0.0304000005125999
img_09700_mirrored.jpg,0.0408000014722347
img_00628_mirrored.jpg,-0.13680000603199
img_02913.jpg,-0.1643999963998794
img_03495_mirrored.jpg,0.3142000138759613
img_02455.jpg,-0.2827000021934509
img_08458_mirrored.jpg,0.0842999964952468
img_01479.jpg,-0.3142000138759613
img_15144_mirrored.jpg,-0.5235999822616577
img_10438.jpg,0.1015999987721443
img_08428.jpg,-0.3142000138759613
img_10916_mirrored.jpg,-0.0204000007361173
img_13526_mirrored.jpg,0.3142000138759613
img_12109.jpg,-0.1397999972105026
img_08007_mirrored.jpg,-0.0922000035643577
img_08876_mirrored.jpg,0.2901000082492828
img_13111_mirrored.jpg,0.1695999950170517
img_05256_mirrored.jpg,0.0131000000983476
img_06416_mirrored.jpg,0.1597000062465667
img_07907_mirrored.jpg,0.2466000020503997
img_00674_mirrored.jpg,0.0450000017881393
img_01417.jpg,-0.131400004029274
img_12336_mirrored.jpg,-0.2037000060081482
img_13341.jpg,-0.0215000007301569
img_04382_mirrored.jpg,0.2730999886989593
img_04118_mirrored.jpg,0.0063000000081956
img_12163.jpg,-0.3142000138759613
img_13924_mirrored.jpg,0.0957999974489212
img_09279.jpg,-0.2134999930858612
img_04814.jpg,-0.0408000014722347
img_09631_mirrored.jpg,-0.1407999992370605
img_13438.jpg,-0.0287999995052814
img_00636_mirrored.jpg,-0.1748999953269958
img_02964.jpg,-0.19480000436306
img_11420.jpg,0.094200000166893
img_05562.jpg,0.1046999990940094
img_06961_mirrored.jpg,0.2612999975681305
img_00024.jpg,-0.0046999999321997
img_01856_mirrored.jpg,-0.0293000005185604
img_10812_mirrored.jpg,0.3142000138759613
img_03503_mirrored.jpg,0.3142000138759613
img_02778_mirrored.jpg,0.0225000008940696
img_14853.jpg,-0.5235999822616577
img_09946_mirrored.jpg,-0.0109999999403953
img_10698_mirrored.jpg,-0.1010999977588653
img_08929_mirrored.jpg,0.2000000029802322
img_03581.jpg,0.0421000011265277
img_06302.jpg,-0.094200000166893
img_00532.jpg,0.0711999982595443
img_01749_mirrored.jpg,0.0073000001721084
img_09229.jpg,-0.096900001168251
img_01521.jpg,-0.0230000000447034
img_06289.jpg,0.1120999976992607
img_03780_mirrored.jpg,-0.018300000578165
img_14856.jpg,-0.5235999822616577
img_11586_mirrored.jpg,0.0308999996632337
img_03961.jpg,-0.3142000138759613
img_00996_mirrored.jpg,-0.0245999991893768
img_14935.jpg,-0.5235999822616577
img_00737.jpg,-0.0078999996185302
img_07331.jpg,-0.1863999962806701
img_05346.jpg,-0.1052000001072883
img_01716.jpg,0.1445000022649765
img_05486_mirrored.jpg,0.3142000138759613
img_00802_mirrored.jpg,0.1758999973535537
img_07854.jpg,-0.1460999995470047
img_12353.jpg,0.1015999987721443
img_11970_mirrored.jpg,-0.1744000017642974
img_04872.jpg,-0.1508000046014785
img_06448.jpg,-0.1879999935626983
img_10875.jpg,0.0046999999321997
img_05683.jpg,0.1136000007390976
img_05888.jpg,-0.3142000138759613
img_03785.jpg,-0.050500001758337
img_10854_mirrored.jpg,0.0131000000983476
img_01901.jpg,-0.1806000024080276
img_08504.jpg,0.0063000000081956
img_14387.jpg,-0.0340000018477439
img_09452.jpg,0.2107000052928924
img_09505_mirrored.jpg,0.0723000019788742
img_12420_mirrored.jpg,0.0592000000178813
img_09253.jpg,-0.1492000073194503
img_06791_mirrored.jpg,0.1072999984025955
img_14770_mirrored.jpg,0.5235999822616577
img_08171.jpg,-0.0800999999046325
img_12823_mirrored.jpg,0.0031000000890344
img_12496_mirrored.jpg,0.1031000018119812
img_11298.jpg,-0.3142000138759613
img_00442.jpg,-0.0627999976277351
img_14997.jpg,0.5235999822616577
img_14986_mirrored.jpg,-0.5235999822616577
img_09797_mirrored.jpg,0.2723000049591064
img_03599_mirrored.jpg,0.1079000011086463
img_13068.jpg,-0.1668999940156936
img_12411.jpg,-0.0167999994009733
img_05682_mirrored.jpg,-0.1168000027537345
img_05753.jpg,-0.0198999997228384
img_13408.jpg,-0.0078999996185302
img_06656_mirrored.jpg,-0.1020999997854232
img_05546_mirrored.jpg,-0.018300000578165
img_04959.jpg,-0.2388000041246414
img_03099_mirrored.jpg,-0.0194000005722045
img_10742_mirrored.jpg,0.1634999960660934
img_12824_mirrored.jpg,0.0031000000890344
img_04711_mirrored.jpg,0.0564999990165233
img_11432_mirrored.jpg,-0.0245999991893768
img_04895.jpg,-0.1882999986410141
img_04854.jpg,-0.1796000003814697
img_02593.jpg,-0.1215000003576278
img_00206.jpg,-0.0653999969363212
img_02061.jpg,0.0392999984323978
img_12080.jpg,-0.1042999997735023
img_10356.jpg,-0.3142000138759613
img_14911.jpg,-0.5235999822616577
img_02457.jpg,-0.2538999915122986
img_02342.jpg,-0.1571000069379806
img_06173.jpg,-0.0120000001043081
img_08042.jpg,-0.0037000000011175
img_12099.jpg,-0.153899997472763
img_01487_mirrored.jpg,0.3142000138759613
img_01896.jpg,-0.1413999944925308
img_00494.jpg,0.0057999999262392
img_04666.jpg,0.1952999979257583
img_12441_mirrored.jpg,-0.1324999928474426
img_11540.jpg,-0.0104999998584389
img_05239_mirrored.jpg,-0.1215000003576278
img_15027_mirrored.jpg,-0.5235999822616577
img_13645_mirrored.jpg,-0.0318999998271465
img_00587_mirrored.jpg,-0.1774999946355819
img_03950_mirrored.jpg,0.2644000053405761
img_10813_mirrored.jpg,0.3142000138759613
img_00691.jpg,0.0057999999262392
img_10456_mirrored.jpg,0.1136000007390976
img_04259_mirrored.jpg,-0.0083999997004866
img_14525.jpg,-0.2497999966144561
img_03433_mirrored.jpg,0.1796000003814697
img_10376.jpg,0.032999999821186
img_10204_mirrored.jpg,0.0671999976038932
img_00722_mirrored.jpg,0.1015999987721443
img_08394_mirrored.jpg,0.2617999911308288
img_06828.jpg,-0.1151999980211258
img_04538.jpg,-0.0759000033140182
img_03930.jpg,-0.3142000138759613
img_05850_mirrored.jpg,0.1151999980211258
img_06650.jpg,0.0297999996691942
img_04481_mirrored.jpg,0.0474000014364719
img_02565.jpg,-0.0156999994069337
img_03021.jpg,0.0208999998867511
img_04609.jpg,-0.0962999984622001
img_00788.jpg,-0.0308999996632337
img_02589_mirrored.jpg,0.0432000011205673
img_11243_mirrored.jpg,0.1298999935388565
img_13155.jpg,-0.3142000138759613
img_14710_mirrored.jpg,0.1084000021219253
img_11010_mirrored.jpg,0.0414000004529953
img_15052.jpg,0.5235999822616577
img_04938.jpg,-0.3142000138759613
img_03505_mirrored.jpg,0.3142000138759613
img_05445_mirrored.jpg,0.1240999996662139
img_04972_mirrored.jpg,0.2770000100135803
img_08005.jpg,0.0549999997019767
img_07072_mirrored.jpg,0.006800000090152
img_11945.jpg,-0.0414000004529953
img_02089.jpg,0.0126000000163912
img_03846_mirrored.jpg,0.1680999994277954
img_06989.jpg,0.0266999993473291
img_03040.jpg,-0.1262000054121017
img_05745.jpg,-0.1706999987363815
img_03244_mirrored.jpg,0.0304000005125999
img_11757_mirrored.jpg,0.0859000012278556
img_08777.jpg,-0.1162000000476837
img_14783_mirrored.jpg,0.5235999822616577
img_06673.jpg,-0.0198999997228384
img_13172_mirrored.jpg,0.3142000138759613
img_01843.jpg,-0.1393000036478042
img_10024.jpg,-0.0031000000890344
img_08316.jpg,-0.2885000109672546
img_00971_mirrored.jpg,0.1492000073194503
img_08715.jpg,-0.0769999995827674
img_12005_mirrored.jpg,0.0397999994456768
img_08236.jpg,0.093199998140335
img_12921_mirrored.jpg,0.0476000010967254
img_11717_mirrored.jpg,0.3142000138759613
img_06614_mirrored.jpg,-0.1262000054121017
img_05999.jpg,-0.2135999947786331
img_14557_mirrored.jpg,0.1010999977588653
img_11905.jpg,-0.0617999993264675
img_01271.jpg,-0.0461000017821788
img_14134_mirrored.jpg,0.0293000005185604
img_06183.jpg,-0.0423999987542629
img_14024_mirrored.jpg,0.2325000017881393
img_00444.jpg,-0.0272000003606081
img_02471_mirrored.jpg,0.1853999942541122
img_02738_mirrored.jpg,0.1306000053882599
img_06633_mirrored.jpg,-0.1774999946355819
img_07978.jpg,-0.0531999990344047
img_13816_mirrored.jpg,0.0277999993413686
img_12457_mirrored.jpg,0.1796000003814697
img_11907_mirrored.jpg,0.0803000032901763
img_03493.jpg,-0.3142000138759613
img_01234_mirrored.jpg,0.0156999994069337
img_01195.jpg,0.0452999994158744
img_12046_mirrored.jpg,-0.1000000014901161
img_15008.jpg,0.5235999822616577
img_01167.jpg,-0.0194000005722045
img_09973_mirrored.jpg,-0.0219999998807907
img_04953.jpg,-0.3142000138759613
img_08783_mirrored.jpg,0.1508000046014785
img_07040_mirrored.jpg,-0.0366999991238117
img_08742_mirrored.jpg,0.1418000012636184
img_00561.jpg,0.1351000070571899
img_00785_mirrored.jpg,0.0215000007301569
img_08794_mirrored.jpg,0.0126000000163912
img_07107.jpg,-0.0031000000890344
img_12252.jpg,0.0167999994009733
img_03293.jpg,-0.0623000003397464
img_04037.jpg,-0.0098999999463558
img_00071.jpg,-0.006800000090152
img_04772_mirrored.jpg,0.0063000000081956
img_04138.jpg,-0.0037000000011175
img_10269.jpg,-0.3142000138759613
img_13733_mirrored.jpg,0.0046999999321997
img_11699.jpg,-0.3142000138759613
img_14601_mirrored.jpg,0.0890000015497207
img_05965_mirrored.jpg,0.0885000005364418
img_07986.jpg,-0.0821999981999397
img_12117.jpg,-0.2685000002384186
img_05763.jpg,-0.0083999997004866
img_08290_mirrored.jpg,0.1544999927282333
img_04962.jpg,-0.2067999988794326
img_13169.jpg,-0.3142000138759613
img_00888.jpg,-0.1580999940633773
img_03923_mirrored.jpg,0.2474000006914138
img_04755_mirrored.jpg,0.1937000006437301
img_14803_mirrored.jpg,0.5235999822616577
img_05699_mirrored.jpg,0.0377000011503696
img_01440_mirrored.jpg,0.3046999871730804
img_14055.jpg,-0.3142000138759613
img_05396.jpg,-0.1367000043392181
img_13184.jpg,0.0147000001743435
img_06718_mirrored.jpg,0.2224999964237213
img_02273_mirrored.jpg,0.0763999968767166
img_01183_mirrored.jpg,0.0649000033736229
img_09019_mirrored.jpg,0.0063000000081956
img_04032_mirrored.jpg,0.0052000000141561
img_01878_mirrored.jpg,0.3142000138759613
img_05306.jpg,0.0324999988079071
img_03530.jpg,-0.0769999995827674
img_06589.jpg,0.1573999971151352
img_02102_mirrored.jpg,0.0041999998502433
img_06756.jpg,-0.0538999997079372
img_09817.jpg,-0.3142000138759613
img_13779.jpg,-0.060199998319149
img_07888_mirrored.jpg,0.2896000146865845
img_04231.jpg,0.2073000073432922
img_09967.jpg,-0.0115000000223517
img_12708_mirrored.jpg,0.0502999983727932
img_06094.jpg,-0.0063000000081956
img_00248_mirrored.jpg,0.0502999983727932
img_07338.jpg,-0.3142000138759613
img_12408_mirrored.jpg,0.0236000008881092
img_06205_mirrored.jpg,-0.0645999982953071
img_02778.jpg,-0.0225000008940696
img_09218_mirrored.jpg,0.0549999997019767
img_14289_mirrored.jpg,0.0529000014066696
img_14303_mirrored.jpg,-0.0031000000890344
img_01281.jpg,0.1015999987721443
img_03294_mirrored.jpg,0.0461000017821788
img_14450_mirrored.jpg,0.1905999928712844
img_14809.jpg,-0.5235999822616577
img_00231.jpg,-0.0544999986886978
img_05054_mirrored.jpg,0.1272000074386596
img_08424_mirrored.jpg,0.3142000138759613
img_03308_mirrored.jpg,-0.0606999993324279
img_02766_mirrored.jpg,0.0063000000081956
img_03514.jpg,-0.0749000012874603
img_11498_mirrored.jpg,-0.0093999998643994
img_04900_mirrored.jpg,0.3142000138759613
img_03087_mirrored.jpg,-0.0162000004202127
img_03446_mirrored.jpg,0.2842999994754791
img_12130.jpg,-0.1770000010728836
img_01849_mirrored.jpg,0.1580999940633773
img_09240.jpg,-0.0728000029921531
img_01496_mirrored.jpg,0.0496999993920326
img_12016_mirrored.jpg,0.0346000008285045
img_07279_mirrored.jpg,0.0962999984622001
img_00903.jpg,-0.3142000138759613
img_00751.jpg,-0.0098999999463558
img_12703_mirrored.jpg,0.224600002169609
img_02680_mirrored.jpg,-0.1182999983429908
img_10105_mirrored.jpg,-0.1617999970912933
img_03981_mirrored.jpg,0.0297999996691942
img_08579.jpg,0.0993999987840652
img_07103_mirrored.jpg,0.0031000000890344
img_03512.jpg,-0.1571000069379806
img_12948_mirrored.jpg,0.0340000018477439
img_04175_mirrored.jpg,-0.0790999978780746
img_07764_mirrored.jpg,0.0266999993473291
img_02150.jpg,-0.0816999971866607
img_07722.jpg,0.0109999999403953
img_13145.jpg,-0.2425000071525573
img_07619.jpg,0.0461000017821788
img_03068_mirrored.jpg,-0.1151999980211258
img_06454.jpg,-0.0219999998807907
img_08161_mirrored.jpg,-0.2057999968528747
img_10440.jpg,0.1471000015735626
img_00416.jpg,-0.2937000095844269
img_03810.jpg,-0.0308999996632337
img_10473.jpg,0.1189000010490417
img_05292.jpg,-0.0780000016093254
img_09809_mirrored.jpg,0.2188999950885772
img_09008.jpg,0.0225000008940696
img_11408.jpg,0.1292999982833862
img_11508.jpg,0.1220000013709068
img_04205.jpg,-0.0386999994516372
img_13734.jpg,-0.0041999998502433
img_11741_mirrored.jpg,0.0549000017344951
img_12107_mirrored.jpg,0.179199993610382
img_07142_mirrored.jpg,0.0204000007361173
img_00857.jpg,-0.1375000029802322
img_15148.jpg,0.5235999822616577
img_01101.jpg,-0.0031000000890344
img_14278.jpg,-0.017799999564886
img_03921.jpg,-0.2079000025987625
img_06152_mirrored.jpg,0.0230000000447034
img_07372_mirrored.jpg,0.2592000067234039
img_03364_mirrored.jpg,0.1613000035285949
img_06012.jpg,0.0304000005125999
img_12511.jpg,-0.0355999991297721
img_07428_mirrored.jpg,0.1130999997258186
img_04681_mirrored.jpg,-0.0340000018477439
img_09268.jpg,-0.1565999984741211
img_06829.jpg,-0.1184000000357627
img_06762_mirrored.jpg,0.1052000001072883
img_08164_mirrored.jpg,-0.137700006365776
img_11675.jpg,-0.1476999968290329
img_09058.jpg,-0.0041999998502433
img_14903_mirrored.jpg,0.5235999822616577
img_09029_mirrored.jpg,0.0037000000011175
img_08728_mirrored.jpg,0.0414000004529953
img_12482_mirrored.jpg,-0.0162000004202127
img_12471_mirrored.jpg,0.0031000000890344
img_02922_mirrored.jpg,0.3142000138759613
img_12532_mirrored.jpg,0.1770000010728836
img_07607.jpg,0.1303000003099441
img_14778_mirrored.jpg,0.5235999822616577
img_14454_mirrored.jpg,0.3057000041007995
img_09555.jpg,0.1512999981641769
img_13015.jpg,-0.1215000003576278
img_07635_mirrored.jpg,-0.1162000000476837
img_02969.jpg,-0.100500002503395
img_07544.jpg,0.1266999989748001
img_10870.jpg,0.0156999994069337
img_09993_mirrored.jpg,0.0057999999262392
img_14367_mirrored.jpg,0.0575999990105629
img_00129.jpg,-0.0476000010967254
img_14341.jpg,-0.0098999999463558
img_13180.jpg,0.0283000003546476
img_13050.jpg,-0.3142000138759613
img_08460_mirrored.jpg,0.0838000029325485
img_06254.jpg,-0.0471000000834465
img_08640.jpg,0.0063000000081956
img_01707.jpg,0.006800000090152
img_02777.jpg,-0.0126000000163912
img_10276_mirrored.jpg,0.3142000138759613
img_02754.jpg,-0.0208999998867511
img_06096_mirrored.jpg,0.0078999996185302
img_04561_mirrored.jpg,-0.2486999928951263
img_07575_mirrored.jpg,-0.1623000055551529
img_10588_mirrored.jpg,0.2120999991893768
img_01915.jpg,-0.3142000138759613
img_05003_mirrored.jpg,0.2973999977111816
img_09564.jpg,0.1105000004172325
img_09175_mirrored.jpg,0.0496999993920326
img_07593.jpg,0.1482000052928924
img_14929.jpg,-0.5235999822616577
img_03408_mirrored.jpg,0.3104999959468841
img_12799_mirrored.jpg,0.0037000000011175
img_06126.jpg,-0.0031000000890344
img_14584_mirrored.jpg,-0.0156999994069337
img_13085_mirrored.jpg,0.2533999979496002
img_01588.jpg,-0.0507999993860721
img_11090.jpg,-0.0526000000536441
img_05834_mirrored.jpg,0.1435000002384185
img_06114.jpg,-0.0031000000890344
img_13673_mirrored.jpg,-0.0152000002562999
img_08386.jpg,-0.3142000138759613
img_04225.jpg,0.0898000001907348
img_04377.jpg,-0.1719000041484832
img_04437.jpg,-0.2046999931335449
img_07822_mirrored.jpg,0.0194000005722045
img_09954_mirrored.jpg,-0.1172999963164329
img_00850_mirrored.jpg,0.0236000008881092
img_11236_mirrored.jpg,0.2079000025987625
img_00866.jpg,-0.3142000138759613
img_10482.jpg,0.1738000065088272
img_01903_mirrored.jpg,0.2101999968290329
img_12905.jpg,0.2120999991893768
img_06072_mirrored.jpg,0.0156999994069337
img_05060.jpg,-0.0297999996691942
img_04698.jpg,-0.0141000002622604
img_02014_mirrored.jpg,0.0052000000141561
img_12365.jpg,0.0283000003546476
img_09237_mirrored.jpg,0.0450000017881393
img_09571.jpg,0.0115000000223517
img_02326_mirrored.jpg,0.09740000218153
img_05345_mirrored.jpg,0.1046999990940094
img_10898_mirrored.jpg,0.024100000038743
img_06055.jpg,0.0737999975681305
img_03983.jpg,0.0093999998643994
img_01621_mirrored.jpg,-0.1441999971866607
img_03964.jpg,-0.2879999876022339
img_03423.jpg,-0.3142000138759613
img_06584.jpg,-0.0340000018477439
img_08131_mirrored.jpg,0.0414000004529953
img_13841_mirrored.jpg,-0.1528999954462051
img_11087.jpg,-0.0089999996125698
img_04697_mirrored.jpg,0.0162000004202127
img_12104.jpg,-0.1554999947547912
img_00649_mirrored.jpg,-0.0586000010371208
img_07069.jpg,-0.0041999998502433
img_13829_mirrored.jpg,-0.0266999993473291
img_10577.jpg,0.1340000033378601
img_12929_mirrored.jpg,-0.0115000000223517
img_08062.jpg,-0.0031000000890344
img_14883_mirrored.jpg,0.5235999822616577
img_00413.jpg,-0.208199992775917
img_00702.jpg,0.1120999976992607
img_04280.jpg,0.0078999996185302
img_01586_mirrored.jpg,0.09009999781847
img_10883_mirrored.jpg,-0.0313999988138675
img_08767.jpg,-0.1847999989986419
img_01083_mirrored.jpg,0.006800000090152
img_14676.jpg,-0.0031000000890344
img_01958.jpg,-0.0995000004768371
img_01960_mirrored.jpg,0.0716999992728233
img_09399.jpg,-0.3142000138759613
img_12896_mirrored.jpg,-0.0372000001370906
img_06751.jpg,0.0173000004142522
img_05098.jpg,0.0083999997004866
img_05694.jpg,-0.0141000002622604
img_04172_mirrored.jpg,-0.0277999993413686
img_07128_mirrored.jpg,0.033500000834465
img_06270_mirrored.jpg,0.0890000015497207
img_13035.jpg,-0.164000004529953
img_11396_mirrored.jpg,-0.0219999998807907
img_09919_mirrored.jpg,0.0104999998584389
img_02102.jpg,-0.0041999998502433
img_02085.jpg,0.0208999998867511
img_09839.jpg,-0.2152000069618225
img_10903.jpg,-0.0063000000081956
img_01538_mirrored.jpg,-0.2402999997138977
img_11583.jpg,-0.0208999998867511
img_08028.jpg,0.0230000000447034
img_00790_mirrored.jpg,0.0606000013649463
img_04649.jpg,0.1058000028133392
img_13408_mirrored.jpg,0.0078999996185302
img_06089_mirrored.jpg,-0.0162000004202127
img_12860_mirrored.jpg,0.017799999564886
img_14450.jpg,-0.1905999928712844
img_09112.jpg,-0.0251000002026557
img_01589_mirrored.jpg,0.0256999991834163
img_09048.jpg,-0.0031000000890344
img_02903_mirrored.jpg,0.2727999985218048
img_04825_mirrored.jpg,0.0408000014722347
img_15086_mirrored.jpg,-0.5235999822616577
img_14041_mirrored.jpg,0.1345999985933303
img_11636_mirrored.jpg,-0.0456000007688999
img_05114_mirrored.jpg,-0.0115000000223517
img_02675.jpg,0.0910999998450279
img_08010_mirrored.jpg,-0.1136000007390976
img_02094_mirrored.jpg,0.0057999999262392
img_14961.jpg,0.5235999822616577
img_14886_mirrored.jpg,0.5235999822616577
img_02808_mirrored.jpg,0.0187999997287988
img_10382_mirrored.jpg,-0.0162000004202127
img_07051.jpg,0.006800000090152
img_10168_mirrored.jpg,0.0215000007301569
img_10361.jpg,-0.3142000138759613
img_01060.jpg,-0.006800000090152
img_03692_mirrored.jpg,0.0162000004202127
img_02613.jpg,0.120399996638298
img_14788_mirrored.jpg,0.5235999822616577
img_04863.jpg,-0.1413999944925308
img_07776.jpg,-0.1962999999523162
img_00483.jpg,-0.0869000032544136
img_00324.jpg,-0.1492000073194503
img_02794_mirrored.jpg,0.0361000001430511
img_04023.jpg,-0.0549999997019767
img_12153.jpg,-0.2440000027418136
img_09706_mirrored.jpg,0.017799999564886
img_03394_mirrored.jpg,0.0926999971270561
img_01395_mirrored.jpg,0.2477000057697296
img_02990_mirrored.jpg,0.2791000008583069
img_10255.jpg,-0.2481999993324279
img_11693.jpg,-0.3142000138759613
img_05178_mirrored.jpg,-0.0204000007361173
img_11351_mirrored.jpg,-0.2063000053167343
img_08098.jpg,-0.0916000008583068
img_00840.jpg,0.1010999977588653
img_02949_mirrored.jpg,0.2053000032901764
img_10915.jpg,0.0215000007301569
img_12555_mirrored.jpg,0.1215000003576278
img_12693.jpg,-0.0318999998271465
img_01540.jpg,0.1669999957084655
img_11654_mirrored.jpg,0.3142000138759613
img_14548_mirrored.jpg,0.3142000138759613
img_01750.jpg,-0.0073000001721084
img_10553.jpg,-0.0533999986946582
img_12744_mirrored.jpg,0.0052000000141561
img_04046.jpg,-0.1256999969482422
img_04329_mirrored.jpg,0.094200000166893
img_01986_mirrored.jpg,0.0685999989509582
img_02786_mirrored.jpg,0.1036999970674514
img_13419.jpg,0.0147000001743435
img_12030.jpg,-0.093199998140335
img_04766.jpg,-0.0126000000163912
img_14740.jpg,-0.0293000005185604
img_12378_mirrored.jpg,-0.201100006699562
img_03455.jpg,-0.3142000138759613
img_04427_mirrored.jpg,0.3142000138759613
img_14381_mirrored.jpg,0.0215000007301569
img_03711_mirrored.jpg,0.0513000003993511
img_14091.jpg,-0.3142000138759613
img_02218_mirrored.jpg,-0.1182999983429908
img_11404_mirrored.jpg,-0.1712000072002411
img_14033.jpg,-0.3142000138759613
img_06910.jpg,-0.3142000138759613
img_05358_mirrored.jpg,0.1601999998092651
img_00508_mirrored.jpg,0.0346000008285045
img_05372_mirrored.jpg,0.1770000010728836
img_12000.jpg,0.0104999998584389
img_12330.jpg,0.0091000003740191
img_10327.jpg,-0.2926999926567077
img_05992.jpg,-0.0361000001430511
img_08006_mirrored.jpg,-0.0754000023007392
img_06546.jpg,-0.0256999991834163
img_04124.jpg,-0.0031000000890344
img_07543_mirrored.jpg,-0.1554999947547912
img_13672_mirrored.jpg,-0.0162000004202127
img_02495_mirrored.jpg,0.3142000138759613
img_10522_mirrored.jpg,-0.0297999996691942
img_08171_mirrored.jpg,0.0800999999046325
img_14775.jpg,-0.5235999822616577
img_08827_mirrored.jpg,0.1623000055551529
img_08373_mirrored.jpg,0.1833000034093856
img_02914.jpg,-0.1772000044584274
img_01200.jpg,0.1572999954223632
img_06629.jpg,0.0408000014722347
img_07771.jpg,-0.1987999975681305
img_00578_mirrored.jpg,0.0397999994456768
img_03031.jpg,-0.0098999999463558
img_09765_mirrored.jpg,-0.0297999996691942
img_02340_mirrored.jpg,0.1587000042200088
img_03229_mirrored.jpg,-0.1330000013113021
img_01266.jpg,-0.0916000008583068
img_09899.jpg,-0.2736000120639801
img_10126_mirrored.jpg,-0.008899999782443
img_01735.jpg,-0.063400000333786
img_01014_mirrored.jpg,0.0979000031948089
img_01630_mirrored.jpg,0.0187999997287988
img_09813_mirrored.jpg,0.3118999898433685
img_02616_mirrored.jpg,-0.1371999979019165
img_07397_mirrored.jpg,0.1120999976992607
img_00581_mirrored.jpg,-0.0659999996423721
img_11916.jpg,0.0225000008940696
img_11897_mirrored.jpg,0.0031000000890344
img_02706_mirrored.jpg,0.0471000000834465
img_14285.jpg,-0.0549999997019767
img_14356_mirrored.jpg,0.0419000014662742
img_00424.jpg,-0.3136000037193298
img_14940_mirrored.jpg,0.5235999822616577
img_04780_mirrored.jpg,-0.0078999996185302
img_01870.jpg,-0.1858000010251999
img_03815_mirrored.jpg,0.0215000007301569
img_12930.jpg,0.0126000000163912
img_05509.jpg,-0.3142000138759613
img_11161.jpg,-0.150299996137619
img_01898.jpg,-0.1482000052928924
img_10201.jpg,-0.0428999997675418
img_00422_mirrored.jpg,0.3142000138759613
img_13238.jpg,0.0560000017285347
img_01267_mirrored.jpg,0.0890000015497207
img_14009.jpg,-0.3142000138759613
img_10057_mirrored.jpg,-0.0397999994456768
img_03821.jpg,-0.0883999988436698
img_09726_mirrored.jpg,0.1449999958276748
img_03680_mirrored.jpg,-0.0812000036239624
img_04391.jpg,-0.2608000040054321
img_13072.jpg,-0.3142000138759613
img_11595.jpg,-0.2303999960422516
img_08147_mirrored.jpg,0.0737999975681305
img_13349.jpg,-0.0386999994516372
img_11538_mirrored.jpg,0.0063000000081956
img_15141_mirrored.jpg,-0.5235999822616577
img_05399.jpg,-0.0895000025629997
img_14066.jpg,-0.2702000141143799
img_09003_mirrored.jpg,-0.0187999997287988
img_00075_mirrored.jpg,0.0052000000141561
img_13078.jpg,-0.3142000138759613
img_02621_mirrored.jpg,-0.2542000114917755
img_06509_mirrored.jpg,0.0842999964952468
img_08214.jpg,-0.0272000003606081
img_12134.jpg,-0.0890000015497207
img_01005_mirrored.jpg,0.0083999997004866
img_01300_mirrored.jpg,0.1000000014901161
img_02316.jpg,-0.067500002682209
img_12677_mirrored.jpg,0.2847999930381775
img_07844.jpg,-0.3142000138759613
img_00215_mirrored.jpg,0.0093999998643994
img_00048_mirrored.jpg,0.013600000180304
img_06198_mirrored.jpg,0.0744000002741813
img_01908_mirrored.jpg,0.3142000138759613
img_09977.jpg,0.024100000038743
img_03287.jpg,-0.0910999998450279
img_04279_mirrored.jpg,0.013600000180304
img_02594.jpg,-0.1256999969482422
img_05515_mirrored.jpg,0.1591999977827072
img_09045.jpg,-0.0037000000011175
img_14586.jpg,0.0078999996185302
img_02069.jpg,-0.0152000002562999
img_08657.jpg,0.1435000002384185
img_06158.jpg,0.1026000007987022
img_01455_mirrored.jpg,0.0439999997615814
img_12822_mirrored.jpg,0.0031000000890344
img_05395.jpg,-0.1623000055551529
img_00311_mirrored.jpg,0.1278000026941299
img_05657_mirrored.jpg,-0.1905999928712844
img_14793_mirrored.jpg,0.5235999822616577
img_11393_mirrored.jpg,0.0859000012278556
img_11318.jpg,0.0219999998807907
img_10557.jpg,-0.0293000005185604
img_14228_mirrored.jpg,-0.1246000006794929
img_05826_mirrored.jpg,0.1627999991178512
img_13754_mirrored.jpg,0.0031000000890344
img_09878_mirrored.jpg,0.3142000138759613
img_11472_mirrored.jpg,0.0204000007361173
img_05235_mirrored.jpg,-0.2083999961614608
img_04804_mirrored.jpg,0.0408000014722347
img_10503.jpg,0.0732000023126602
img_02834_mirrored.jpg,0.1435000002384185
img_09579_mirrored.jpg,-0.1031000018119812
img_14151.jpg,0.224600002169609
img_01660_mirrored.jpg,-0.0732999965548515
img_03063_mirrored.jpg,-0.024100000038743
img_05772.jpg,0.018300000578165
img_09182.jpg,-0.0083999997004866
img_05216.jpg,-0.0649000033736229
img_06558.jpg,0.049600001424551
img_05880.jpg,-0.1921000033617019
img_11223.jpg,-0.2601999938488006
img_07797.jpg,-0.1691000014543533
img_02923_mirrored.jpg,0.3142000138759613
img_01592_mirrored.jpg,-0.0835999995470047
img_07314_mirrored.jpg,0.1492000073194503
img_03500.jpg,-0.3142000138759613
img_09204.jpg,0.0219999998807907
img_14325_mirrored.jpg,0.1774999946355819
img_00070_mirrored.jpg,0.0052000000141561
img_07868_mirrored.jpg,0.3142000138759613
img_05035.jpg,0.0230000000447034
img_09199.jpg,-0.0785000026226043
img_03395_mirrored.jpg,0.0958999991416931
img_04620.jpg,0.1873999983072281
img_04207.jpg,-0.0262000001966953
img_09370_mirrored.jpg,0.2178000062704086
img_13551.jpg,-0.3142000138759613
img_11508_mirrored.jpg,-0.1220000013709068
img_08338_mirrored.jpg,0.3142000138759613
img_06926_mirrored.jpg,0.3142000138759613
img_12436_mirrored.jpg,-0.0198999997228384
img_03429.jpg,-0.3142000138759613
img_00662_mirrored.jpg,-0.0297999996691942
img_12833.jpg,-0.05180000141263
img_10568_mirrored.jpg,-0.0167999994009733
img_12550.jpg,-0.1754000037908554
img_09422_mirrored.jpg,-0.0187999997287988
img_11540_mirrored.jpg,0.0104999998584389
img_09806_mirrored.jpg,0.1606999933719635
img_14723.jpg,0.1046999990940094
img_12426_mirrored.jpg,0.0219999998807907
img_04085_mirrored.jpg,0.024100000038743
img_04222.jpg,0.0308999996632337
img_13404.jpg,-0.0020999999251216
img_07965.jpg,0.0324999988079071
img_00877_mirrored.jpg,0.3142000138759613
img_04217_mirrored.jpg,0.0749000012874603
img_07882.jpg,-0.3142000138759613
img_01902_mirrored.jpg,0.1974000036716461
img_10877.jpg,-0.0057999999262392
img_15180_mirrored.jpg,-0.0
img_05582.jpg,0.0505999997258186
img_10740_mirrored.jpg,0.1476999968290329
img_04201_mirrored.jpg,0.0419000014662742
img_00823.jpg,-0.1680999994277954
img_13962_mirrored.jpg,0.1492000073194503
img_10746_mirrored.jpg,0.2477000057697296
img_01243.jpg,-0.0507999993860721
img_00842.jpg,0.0571000017225742
img_08663.jpg,-0.0773999989032745
img_01453.jpg,-0.06700000166893
img_05865_mirrored.jpg,-0.0456000007688999
img_03118.jpg,-0.0031000000890344
img_10644_mirrored.jpg,0.0313999988138675
img_07832_mirrored.jpg,0.2282000035047531
img_14388_mirrored.jpg,0.05180000141263
img_04999.jpg,-0.3142000138759613
img_04947_mirrored.jpg,0.3142000138759613
img_07864.jpg,-0.2518999874591827
img_03903_mirrored.jpg,0.3142000138759613
img_11564.jpg,-0.0962999984622001
img_14254.jpg,-0.0313999988138675
img_10996_mirrored.jpg,0.0245999991893768
img_12694_mirrored.jpg,0.0542999990284442
img_05218_mirrored.jpg,0.0790999978780746
img_01996.jpg,-0.2529000043869018
img_02637_mirrored.jpg,-0.1544999927282333
img_11853_mirrored.jpg,-0.0198999997228384
img_08884.jpg,-0.1456000059843063
img_12132_mirrored.jpg,0.1062999963760376
img_04183_mirrored.jpg,-0.0266999993473291
img_14415_mirrored.jpg,0.1873999983072281
img_09377.jpg,-0.0419000014662742
img_07459.jpg,-0.3142000138759613
img_14552_mirrored.jpg,0.2770000100135803
img_03302_mirrored.jpg,-0.1015999987721443
img_03373.jpg,-0.1952999979257583
img_06943.jpg,-0.0706999972462654
img_00027.jpg,0.0147000001743435
img_03020_mirrored.jpg,-0.0194000005722045
img_10426.jpg,-0.0245999991893768
img_13956.jpg,-0.1508000046014785
img_14223.jpg,0.1099999994039535
img_10572_mirrored.jpg,-0.1083000004291534
img_12793_mirrored.jpg,0.0073000001721084
img_03321.jpg,-0.100500002503395
img_08241.jpg,0.066500000655651
img_02331.jpg,-0.1130999997258186
img_14386.jpg,-0.0266999993473291
img_00876.jpg,-0.3142000138759613
img_09226_mirrored.jpg,0.1062999963760376
img_04780.jpg,0.0078999996185302
img_07320_mirrored.jpg,0.1627999991178512
img_11588_mirrored.jpg,0.0680000036954879
img_07762_mirrored.jpg,0.0236000008881092
img_10736_mirrored.jpg,0.167600005865097
img_09722_mirrored.jpg,0.1915999948978424
img_06134.jpg,-0.0046999999321997
img_00319_mirrored.jpg,0.157600000500679
img_06764.jpg,-0.0948000028729438
img_09138.jpg,0.1439999938011169
img_04869_mirrored.jpg,0.1456000059843063
img_12770.jpg,0.0063000000081956
img_00335.jpg,-0.1429000049829483
img_04427.jpg,-0.3142000138759613
img_02045.jpg,-0.0063000000081956
img_13603.jpg,-0.0147000001743435
img_01423_mirrored.jpg,0.1798000037670135
img_09086.jpg,0.0800999999046325
img_02781_mirrored.jpg,0.0640999972820282
img_00111.jpg,-0.0015999999595806
img_03737_mirrored.jpg,-0.1230000033974647
img_04922_mirrored.jpg,0.1403000056743621
img_03788_mirrored.jpg,0.0957999974489212
img_06936.jpg,-0.1606999933719635
img_09048_mirrored.jpg,0.0031000000890344
img_04368_mirrored.jpg,0.1554999947547912
img_04246_mirrored.jpg,0.0680999979376792
img_09884_mirrored.jpg,0.201100006699562
img_08863_mirrored.jpg,0.2608000040054321
img_05212_mirrored.jpg,0.0277999993413686
img_06404.jpg,-0.3142000138759613
img_10988.jpg,0.1052000001072883
img_13494.jpg,-0.1460999995470047
img_13738.jpg,-0.002600000007078
img_04053.jpg,0.0156999994069337
img_01922_mirrored.jpg,0.3142000138759613
img_10020_mirrored.jpg,0.0031000000890344
img_07012.jpg,-0.0821999981999397
img_09288_mirrored.jpg,0.3010999858379364
img_03512_mirrored.jpg,0.1571000069379806
img_06322_mirrored.jpg,0.1041999980807304
img_10676.jpg,-0.1639000028371811
img_13317.jpg,0.0812000036239624
img_11513.jpg,0.1262000054121017
img_06390_mirrored.jpg,0.3142000138759613
img_10914.jpg,0.0230000000447034
img_11130_mirrored.jpg,0.0926999971270561
img_07206.jpg,-0.0245999991893768
img_08537_mirrored.jpg,-0.1213999986648559
img_11464.jpg,0.1125999987125396
img_02861.jpg,-0.1524000018835067
img_08226.jpg,-0.0627999976277351
img_07792.jpg,-0.1811999976634979
img_00846_mirrored.jpg,-0.0208999998867511
img_05432.jpg,-0.3142000138759613
img_03472.jpg,-0.0690999999642372
img_02129_mirrored.jpg,0.0031000000890344
img_01108_mirrored.jpg,0.0037000000011175
img_05801_mirrored.jpg,0.0414000004529953
img_14219_mirrored.jpg,-0.1079000011086463
img_13351_mirrored.jpg,0.05180000141263
img_12310_mirrored.jpg,-0.1685999929904937
img_01615_mirrored.jpg,-0.0922000035643577
img_12059.jpg,-0.094200000166893
img_04126.jpg,-0.0031000000890344
img_06749.jpg,0.0173000004142522
img_09012.jpg,0.0204000007361173
img_11277_mirrored.jpg,0.1024999991059303
img_02024_mirrored.jpg,0.0564000010490417
img_00700.jpg,0.0706999972462654
img_14025_mirrored.jpg,0.277999997138977
img_03712_mirrored.jpg,0.0456000007688999
img_02043.jpg,-0.0031000000890344
img_10195_mirrored.jpg,0.0842999964952468
img_12115_mirrored.jpg,0.2250999957323074
img_08135_mirrored.jpg,0.0392999984323978
img_06596.jpg,0.1194000020623207
img_05046_mirrored.jpg,0.0098999999463558
img_04258.jpg,0.0141000002622604
img_03397.jpg,-0.1189000010490417
img_06220_mirrored.jpg,0.0653999969363212
img_10117_mirrored.jpg,0.0653999969363212
img_00875.jpg,-0.3142000138759613
img_06141.jpg,-0.0606999993324279
img_09748.jpg,-0.1125999987125396
img_09942.jpg,-0.008899999782443
img_11333_mirrored.jpg,0.0308999996632337
img_05056.jpg,-0.1067999973893165
img_01289_mirrored.jpg,0.0564999990165233
img_08656.jpg,0.1381999999284744
img_10006_mirrored.jpg,0.0031000000890344
img_08762.jpg,-0.1466999948024749
img_01696.jpg,-0.0262000001966953
img_01451_mirrored.jpg,0.1308999955654144
img_06831.jpg,-0.1429000049829483
img_11688.jpg,-0.3142000138759613
img_09217_mirrored.jpg,-0.0063000000081956
img_02398.jpg,-0.3142000138759613
img_03081_mirrored.jpg,0.0225000008940696
img_10485.jpg,0.09740000218153
img_05764.jpg,-0.0078999996185302
img_01034.jpg,-0.0063000000081956
img_09141_mirrored.jpg,-0.0386999994516372
img_08606_mirrored.jpg,-0.1036999970674514
img_14543.jpg,-0.0904000028967857
img_10343_mirrored.jpg,0.3041999936103821
img_03647.jpg,0.048200000077486
img_09485.jpg,0.1220000013709068
img_05529_mirrored.jpg,0.033500000834465
img_02875_mirrored.jpg,0.0156999994069337
img_09387_mirrored.jpg,0.3142000138759613
img_14331_mirrored.jpg,0.0266999993473291
img_10211_mirrored.jpg,0.1089000031352043
img_09264.jpg,-0.1554999947547912
img_03000_mirrored.jpg,0.0346000008285045
img_13427_mirrored.jpg,0.1062999963760376
img_14586_mirrored.jpg,-0.0078999996185302
img_07262.jpg,0.0737999975681305
img_02777_mirrored.jpg,0.0126000000163912
img_04319_mirrored.jpg,0.070200003683567
img_02182_mirrored.jpg,0.0361000001430511
img_10618.jpg,-0.0131000000983476
img_06283_mirrored.jpg,-0.0408000014722347
img_10608.jpg,-0.0093999998643994
img_06017.jpg,-0.0063000000081956
img_06179.jpg,-0.0304000005125999
img_01301.jpg,-0.0979000031948089
img_02837.jpg,-0.1429000049829483
img_02983_mirrored.jpg,0.225600004196167
img_11179.jpg,-0.2319999933242797
img_01603.jpg,0.1308999955654144
img_03352.jpg,-0.1565999984741211
img_00230.jpg,-0.0533999986946582
img_13962.jpg,-0.1492000073194503
img_02534_mirrored.jpg,0.0204000007361173
img_03366_mirrored.jpg,0.1843000054359436
img_08735_mirrored.jpg,0.0230000000447034
img_01051.jpg,-0.0204000007361173
img_06314_mirrored.jpg,0.0456000007688999
img_13270_mirrored.jpg,-0.1821999996900558
img_02367_mirrored.jpg,0.257099986076355
img_11949.jpg,-0.0381999984383583
img_13813_mirrored.jpg,0.0423999987542629
img_01354_mirrored.jpg,0.2380000054836273
img_07612.jpg,0.1978999972343444
img_05300_mirrored.jpg,0.070200003683567
img_00584.jpg,0.1595000028610229
img_14942_mirrored.jpg,0.5235999822616577
img_03767.jpg,-0.0073000001721084
img_10310_mirrored.jpg,0.1932000070810318
img_13203.jpg,-0.0104999998584389
img_10847.jpg,0.033500000834465
img_04992_mirrored.jpg,-0.0078999996185302
img_07367_mirrored.jpg,0.3142000138759613
img_00309_mirrored.jpg,0.1130999997258186
img_11889.jpg,-0.0031000000890344
img_12329.jpg,-0.0293000005185604
img_05558_mirrored.jpg,-0.2381999939680099
img_05374.jpg,-0.1512999981641769
img_01069_mirrored.jpg,-0.0251000002026557
img_00796_mirrored.jpg,0.200200006365776
img_12805.jpg,-0.0031000000890344
img_09880.jpg,-0.2942999899387359
img_08824.jpg,-0.2664999961853027
img_03181_mirrored.jpg,0.0173000004142522
img_12530_mirrored.jpg,0.2142000049352646
img_00433_mirrored.jpg,0.25450000166893
img_13493.jpg,-0.1419000029563903
img_01823_mirrored.jpg,0.1429000049829483
img_06153.jpg,0.0204000007361173
img_04102_mirrored.jpg,-0.0208999998867511
img_11674.jpg,-0.1435000002384185
img_11267_mirrored.jpg,0.2345999926328659
img_07720_mirrored.jpg,-0.0046999999321997
img_05754_mirrored.jpg,0.0141000002622604
img_10197.jpg,-0.06700000166893
img_14772.jpg,-0.5235999822616577
img_13838_mirrored.jpg,-0.197500005364418
img_07180_mirrored.jpg,-0.0606000013649463
img_07782.jpg,-0.137700006365776
img_14710.jpg,-0.1084000021219253
img_14879.jpg,-0.5235999822616577
img_14787_mirrored.jpg,0.5235999822616577
img_12512.jpg,-0.0293000005185604
img_09036_mirrored.jpg,0.0031000000890344
img_14876_mirrored.jpg,0.5235999822616577
img_12129.jpg,-0.1770000010728836
img_07256.jpg,0.0198999997228384
img_13704.jpg,-0.0187999997287988
img_09782_mirrored.jpg,0.3142000138759613
img_06285.jpg,0.070200003683567
img_04057.jpg,0.0115000000223517
img_03586_mirrored.jpg,-0.152099996805191
img_02220.jpg,0.0555000007152557
img_04574_mirrored.jpg,0.0225000008940696
img_14462_mirrored.jpg,0.3142000138759613
img_04670_mirrored.jpg,-0.1508000046014785
img_03103_mirrored.jpg,0.0037000000011175
img_10013.jpg,-0.0037000000011175
img_03185_mirrored.jpg,0.0093999998643994
img_02882.jpg,-0.1464000046253204
img_11601.jpg,-0.1456000059843063
img_02485_mirrored.jpg,0.3142000138759613
img_03073_mirrored.jpg,-0.0423999987542629
img_13527.jpg,-0.3142000138759613
img_12726.jpg,-0.0879999995231628
img_07981.jpg,-0.1115000024437904
img_00142_mirrored.jpg,-0.0716999992728233
img_00320_mirrored.jpg,0.1554999947547912
img_04142_mirrored.jpg,0.0031000000890344
img_03754.jpg,-0.0617999993264675
img_09904_mirrored.jpg,0.1685999929904937
img_04754.jpg,-0.2339999973773956
img_12039_mirrored.jpg,-0.0215000007301569
img_01296.jpg,-0.0962999984622001
img_09152_mirrored.jpg,0.0366999991238117
img_03768_mirrored.jpg,0.0083999997004866
img_13933.jpg,-0.0910999998450279
img_07323_mirrored.jpg,0.1601999998092651
img_12392_mirrored.jpg,-0.0507999993860721
img_06452.jpg,-0.0617999993264675
img_09571_mirrored.jpg,-0.0115000000223517
img_14528_mirrored.jpg,0.1524000018835067
img_05439.jpg,-0.2105000019073486
img_04383.jpg,-0.290800005197525
img_14451_mirrored.jpg,0.2214999943971634
img_05889.jpg,-0.3142000138759613
img_05025_mirrored.jpg,0.2319999933242797
img_08207_mirrored.jpg,0.0208999998867511
img_15019.jpg,0.5235999822616577
img_13642_mirrored.jpg,0.0564999990165233
img_09826.jpg,-0.3142000138759613
img_10779.jpg,-0.2664999961853027
img_05640_mirrored.jpg,-0.1524000018835067
img_12277.jpg,0.1790000051259994
img_10990.jpg,0.0649000033736229
img_00918_mirrored.jpg,0.3000000119209289
img_11520_mirrored.jpg,0.2037000060081482
img_11237_mirrored.jpg,0.1722999960184097
img_13685.jpg,0.0445000007748603
img_03379.jpg,-0.3142000138759613
img_09137.jpg,0.1738000065088272
img_08780_mirrored.jpg,0.1429000049829483
img_04154_mirrored.jpg,0.0266999993473291
img_11116.jpg,0.0397999994456768
img_15053_mirrored.jpg,-0.5235999822616577
img_00454_mirrored.jpg,0.3142000138759613
img_10603_mirrored.jpg,0.0041999998502433
img_12662_mirrored.jpg,0.1015999987721443
img_12299.jpg,-0.0109999999403953
img_09732.jpg,-0.1419000029563903
img_07554.jpg,-0.1194000020623207
img_14619_mirrored.jpg,-0.0351000018417835
img_06079_mirrored.jpg,-0.0230000000447034
img_08309_mirrored.jpg,0.2915000021457672
img_01318_mirrored.jpg,0.1026000007987022
img_10866.jpg,-0.0847999975085258
img_05874_mirrored.jpg,0.0549999997019767
img_01943.jpg,-0.3142000138759613
img_00689.jpg,0.0057999999262392
img_06456_mirrored.jpg,0.0359999984502792
img_05602.jpg,-0.1120999976992607
img_14071.jpg,-0.1680999994277954
img_14537_mirrored.jpg,0.0208999998867511
img_13762.jpg,-0.0031000000890344
img_00786.jpg,-0.0245999991893768
img_02190_mirrored.jpg,0.0287999995052814
img_03104_mirrored.jpg,0.0041999998502433
img_00482_mirrored.jpg,0.1371999979019165
img_10781_mirrored.jpg,0.3142000138759613
img_03130_mirrored.jpg,0.0037000000011175
img_08377.jpg,-0.2973999977111816
img_10050_mirrored.jpg,-0.0763999968767166
img_13069_mirrored.jpg,0.2039999961853027
img_07397.jpg,-0.1120999976992607
img_08685_mirrored.jpg,0.0046999999321997
img_05588.jpg,0.1817000061273574
img_07606_mirrored.jpg,-0.0881000012159347
img_03255_mirrored.jpg,0.0078999996185302
img_07557_mirrored.jpg,0.0979000031948089
img_01832.jpg,-0.1843000054359436
img_12909.jpg,0.0842999964952468
img_03318_mirrored.jpg,0.0962999984622001
img_14841.jpg,-0.5235999822616577
img_03901.jpg,-0.3142000138759613
img_12302_mirrored.jpg,0.0037000000011175
img_14833_mirrored.jpg,0.5235999822616577
img_07245.jpg,-0.0806000009179115
img_01723.jpg,-0.0798999965190887
img_09974.jpg,0.0236000008881092
img_08776_mirrored.jpg,0.1141000017523765
img_05304.jpg,0.0173000004142522
img_12963.jpg,-0.0952999964356422
img_12861.jpg,-0.017799999564886
img_07858.jpg,-0.1471000015735626
img_09750.jpg,-0.1194000020623207
img_04777.jpg,-0.006800000090152
img_14078_mirrored.jpg,0.0478000007569789
img_11533_mirrored.jpg,-0.006800000090152
img_09389.jpg,-0.3142000138759613
img_08939_mirrored.jpg,-0.0245999991893768
img_10391_mirrored.jpg,0.0873999968171119
img_05890.jpg,-0.3142000138759613
img_11613_mirrored.jpg,0.1806000024080276
img_10610.jpg,0.0041999998502433
img_11913.jpg,-0.0769999995827674
img_03881_mirrored.jpg,0.0355999991297721
img_03714.jpg,-0.0355999991297721
img_05237_mirrored.jpg,-0.1879999935626983
img_04979_mirrored.jpg,0.146599993109703
img_09996.jpg,-0.0046999999321997
img_08261_mirrored.jpg,0.0533999986946582
img_06211_mirrored.jpg,-0.2037000060081482
img_03752_mirrored.jpg,0.1115000024437904
img_12801.jpg,-0.0031000000890344
img_06610.jpg,0.093699999153614
img_09654.jpg,-0.0141000002622604
img_13200_mirrored.jpg,0.0318999998271465
img_03244.jpg,-0.0304000005125999
img_06780_mirrored.jpg,0.0340000018477439
img_11274.jpg,-0.0230000000447034
img_02262_mirrored.jpg,0.0230000000447034
img_12004_mirrored.jpg,0.0277999993413686
img_12181.jpg,-0.2644000053405761
img_03348_mirrored.jpg,0.1554999947547912
img_12454.jpg,-0.2277999967336654
img_03661_mirrored.jpg,-0.198400005698204
img_00000.jpg,0.0
img_12484_mirrored.jpg,-0.0194000005722045
img_07203.jpg,-0.0644000023603439
img_07143_mirrored.jpg,0.0187999997287988
img_03777_mirrored.jpg,-0.0167999994009733
img_12041.jpg,0.0355999991297721
img_11854.jpg,0.018300000578165
img_06984_mirrored.jpg,0.1220000013709068
img_03961_mirrored.jpg,0.3142000138759613
img_00300.jpg,-0.0529000014066696
img_06529_mirrored.jpg,-0.2275999933481216
img_10551_mirrored.jpg,0.0592000000178813
img_00716.jpg,-0.2070000022649765
img_06194.jpg,-0.0723000019788742
img_11138.jpg,-0.0450000017881393
img_07960_mirrored.jpg,0.0586000010371208
img_04955.jpg,-0.2906000018119812
img_02489_mirrored.jpg,0.3142000138759613
img_11741.jpg,-0.0549000017344951
img_04435.jpg,-0.2786000072956085
img_08631.jpg,-0.060199998319149
img_09779.jpg,-0.2312999963760376
img_10737.jpg,-0.1482000052928924
img_00750.jpg,0.017799999564886
img_06646_mirrored.jpg,0.0293000005185604
img_12673.jpg,-0.0493000000715255
img_01343_mirrored.jpg,0.1633999943733215
img_11148_mirrored.jpg,0.1240999996662139
img_00113.jpg,-0.0126000000163912
img_14713.jpg,-0.0775000005960464
img_13675.jpg,0.0083999997004866
img_01971.jpg,-0.2087000012397766
img_03365.jpg,-0.1722999960184097
img_04114_mirrored.jpg,0.0083999997004866
img_04352.jpg,-0.1482000052928924
img_10134_mirrored.jpg,0.0372000001370906
img_09330.jpg,-0.3142000138759613
img_05198_mirrored.jpg,0.0156999994069337
img_07520_mirrored.jpg,0.0266999993473291
img_12810_mirrored.jpg,0.0031000000890344
img_02373_mirrored.jpg,0.3142000138759613
img_08908.jpg,-0.265500009059906
img_07359.jpg,-0.3142000138759613
img_07150.jpg,-0.0083999997004866
img_11079_mirrored.jpg,0.0428999997675418
img_01743_mirrored.jpg,0.0093999998643994
img_01894.jpg,-0.1613000035285949
img_15164_mirrored.jpg,-0.5235999822616577
img_03276.jpg,0.0046999999321997
img_14253.jpg,-0.0355999991297721
img_10999_mirrored.jpg,0.018300000578165
img_07759_mirrored.jpg,0.0194000005722045
img_08065.jpg,-0.0037000000011175
img_00381.jpg,-0.2592000067234039
img_10595.jpg,-0.033500000834465
img_11144_mirrored.jpg,0.1010999977588653
img_04029_mirrored.jpg,-0.0219999998807907
img_12707_mirrored.jpg,0.0852999985218048
img_14920.jpg,-0.5235999822616577
img_00676_mirrored.jpg,0.0560000017285347
img_03184_mirrored.jpg,0.0120000001043081
img_12405_mirrored.jpg,0.0208999998867511
img_10708.jpg,-0.0408000014722347
img_03531_mirrored.jpg,0.0847999975085258
img_00298_mirrored.jpg,0.0445000007748603
img_00355.jpg,-0.2560000121593475
img_06741.jpg,-0.0078999996185302
img_00038.jpg,0.0728000029921531
img_11840.jpg,-0.0147000001743435
img_03554.jpg,0.2948000133037567
img_06472_mirrored.jpg,0.3142000138759613
img_03634.jpg,0.0962999984622001
img_02004.jpg,-0.1058000028133392
img_14366.jpg,-0.0716999992728233
img_01815.jpg,-0.1601999998092651
img_03548.jpg,0.091899998486042
img_07419_mirrored.jpg,0.2854000031948089
img_11273_mirrored.jpg,0.0428999997675418
img_14570.jpg,-0.2660000026226043
img_03157.jpg,-0.100500002503395
img_08781_mirrored.jpg,0.1482000052928924
img_08588_mirrored.jpg,-0.1706999987363815
img_01333_mirrored.jpg,0.1492000073194503
img_10429.jpg,-0.0104999998584389
img_00480_mirrored.jpg,0.2355999946594238
img_12470_mirrored.jpg,0.0020999999251216
img_03059_mirrored.jpg,0.0078999996185302
img_06739_mirrored.jpg,0.0083999997004866
img_04806.jpg,-0.0313999988138675
img_07381_mirrored.jpg,0.3142000138759613
img_12105.jpg,-0.1633999943733215
img_04894_mirrored.jpg,0.155799999833107
img_05109.jpg,0.0219999998807907
img_13500_mirrored.jpg,-0.0706999972462654
img_14112.jpg,-0.0873999968171119
img_01671_mirrored.jpg,-0.048700001090765
img_09693.jpg,-0.0324999988079071
img_00443.jpg,-0.0403000004589557
img_04722.jpg,-0.0126000000163912
img_04255_mirrored.jpg,-0.0073000001721084
img_06999.jpg,-0.0115000000223517
img_06366.jpg,-0.2973999977111816
img_00264_mirrored.jpg,-0.0147000001743435
img_06657_mirrored.jpg,-0.1084000021219253
img_13345_mirrored.jpg,0.0141000002622604
img_02745.jpg,-0.1633999943733215
img_04572.jpg,-0.0262000001966953
img_11992.jpg,-0.0156999994069337
img_01158.jpg,-0.0187999997287988
img_10208.jpg,-0.1046999990940094
img_11544_mirrored.jpg,0.0073000001721084
img_06372.jpg,-0.1429000049829483
img_13170.jpg,-0.3142000138759613
img_03618.jpg,0.1497000008821487
img_07686.jpg,0.1015999987721443
img_01196_mirrored.jpg,-0.0666999965906143
img_08898.jpg,-0.064300000667572
img_13904_mirrored.jpg,0.0465999990701675
img_12982.jpg,-0.0392999984323978
img_06556_mirrored.jpg,-0.0109999999403953
img_04751_mirrored.jpg,0.2000000029802322
img_14795_mirrored.jpg,0.5235999822616577
img_01860.jpg,-0.0173000004142522
img_07710.jpg,-0.008899999782443
img_12652.jpg,-0.2842999994754791
img_02462.jpg,-0.1565999984741211
img_11689.jpg,-0.3142000138759613
img_05450.jpg,-0.2594999969005584
img_03083.jpg,-0.0141000002622604
img_09007.jpg,0.0230000000447034
img_12703.jpg,-0.224600002169609
img_14560_mirrored.jpg,0.0293000005185604
img_04093.jpg,0.0194000005722045
img_08913_mirrored.jpg,0.100500002503395
img_04145.jpg,-0.0031000000890344
img_03494.jpg,-0.3142000138759613
img_05034.jpg,0.0236000008881092
img_12583_mirrored.jpg,0.2277999967336654
img_04818.jpg,-0.0204000007361173
img_09201.jpg,-0.048200000077486
img_12165_mirrored.jpg,0.3142000138759613
img_09547.jpg,-0.0187999997287988
img_00440.jpg,-0.1194000020623207
img_14089.jpg,-0.3142000138759613
img_12818.jpg,-0.0031000000890344
img_06583.jpg,-0.0560000017285347
img_14060_mirrored.jpg,0.3142000138759613
img_12385.jpg,-0.033500000834465
img_13356_mirrored.jpg,0.0524000003933906
img_00475_mirrored.jpg,0.3142000138759613
img_08695.jpg,0.0083999997004866
img_01919.jpg,-0.289000004529953
img_00152_mirrored.jpg,0.0126000000163912
img_04832.jpg,-0.2016000002622604
img_13044_mirrored.jpg,0.2026000022888183
img_00273.jpg,0.1036999970674514
img_14670_mirrored.jpg,0.0031000000890344
img_10924_mirrored.jpg,0.0093999998643994
img_06418_mirrored.jpg,0.1209999993443489
img_09550_mirrored.jpg,-0.0204000007361173
img_13807.jpg,-0.0297999996691942
img_14287.jpg,-0.0592000000178813
img_14608.jpg,0.0187999997287988
img_13759_mirrored.jpg,0.0031000000890344
img_00520_mirrored.jpg,-0.1780000030994415
img_07818.jpg,0.0283000003546476
img_14978_mirrored.jpg,-0.5235999822616577
img_09389_mirrored.jpg,0.3142000138759613
img_13152_mirrored.jpg,0.3142000138759613
img_10419.jpg,0.0564999990165233
img_00915.jpg,-0.3142000138759613
img_13973_mirrored.jpg,0.1770000010728836
img_11116_mirrored.jpg,-0.0397999994456768
img_13565.jpg,-0.3142000138759613
img_03441.jpg,-0.1367000043392181
img_02299.jpg,-0.0324999988079071
img_11855_mirrored.jpg,-0.0152000002562999
img_01460_mirrored.jpg,0.3138999938964844
img_13586.jpg,-0.2885000109672546
img_04177_mirrored.jpg,-0.1084000021219253
img_05036_mirrored.jpg,-0.0204000007361173
img_08350.jpg,-0.2662999927997589
img_12186_mirrored.jpg,0.3142000138759613
img_12214_mirrored.jpg,0.3142000138759613
img_01509_mirrored.jpg,0.033500000834465
img_00135_mirrored.jpg,-0.0471000000834465
img_02800.jpg,-0.0392999984323978
img_15159_mirrored.jpg,-0.5235999822616577
img_07540_mirrored.jpg,-0.1565999984741211
img_03995_mirrored.jpg,0.2926999926567077
img_13335.jpg,0.0962999984622001
img_01052_mirrored.jpg,0.0225000008940696
img_13706_mirrored.jpg,-0.0083999997004866
img_04398.jpg,-0.100500002503395
img_15073.jpg,0.5235999822616577
img_06498_mirrored.jpg,-0.0187999997287988
img_15001.jpg,0.5235999822616577
img_00992.jpg,-0.1324999928474426
img_13213.jpg,0.2931999862194061
img_10079_mirrored.jpg,0.0346000008285045
img_14629_mirrored.jpg,-0.0313999988138675
img_11780_mirrored.jpg,-0.0308999996632337
img_04477_mirrored.jpg,0.0623000003397464
img_12292_mirrored.jpg,0.0351000018417835
img_02486.jpg,-0.3142000138759613
img_14967_mirrored.jpg,-0.5235999822616577
img_06231_mirrored.jpg,0.017799999564886
img_12094_mirrored.jpg,0.1560000032186508
img_04340.jpg,-0.0847999975085258
img_08099.jpg,-0.0685999989509582
img_02713_mirrored.jpg,-0.0063000000081956
img_02760_mirrored.jpg,0.006800000090152
img_11344.jpg,0.193900004029274
img_13898_mirrored.jpg,0.0957999974489212
img_10077_mirrored.jpg,0.0423999987542629
img_10357.jpg,-0.3142000138759613
img_02855.jpg,-0.120399996638298
img_06785_mirrored.jpg,0.0204000007361173
img_02093.jpg,-0.0046999999321997
img_06468.jpg,-0.3142000138759613
img_01539.jpg,0.2016000002622604
img_13863_mirrored.jpg,-0.0104999998584389
img_00715.jpg,-0.1871999949216842
img_09445_mirrored.jpg,-0.0109999999403953
img_10402_mirrored.jpg,-0.0083999997004866
img_10530_mirrored.jpg,-0.1199000030755996
img_14821.jpg,-0.5235999822616577
img_13573_mirrored.jpg,0.2592000067234039
img_01909_mirrored.jpg,0.3142000138759613
img_05329_mirrored.jpg,0.1000000014901161
img_08510_mirrored.jpg,-0.121299996972084
img_04744_mirrored.jpg,-0.0873999968171119
img_04712.jpg,-0.0592000000178813
img_03456_mirrored.jpg,0.3142000138759613
img_03106_mirrored.jpg,0.0063000000081956
img_09541_mirrored.jpg,-0.1512999981641769
img_15068_mirrored.jpg,-0.5235999822616577
img_11086.jpg,-0.002600000007078
img_12974_mirrored.jpg,-0.06700000166893
img_09397.jpg,-0.3142000138759613
img_14380_mirrored.jpg,0.0266999993473291
img_01528.jpg,0.0564999990165233
img_08395.jpg,-0.2513000071048736
img_06068.jpg,-0.0225000008940696
img_12520_mirrored.jpg,0.0428999997675418
img_09783_mirrored.jpg,0.3142000138759613
img_13195_mirrored.jpg,0.0769999995827674
img_00338.jpg,-0.1544999927282333
img_14858.jpg,-0.5235999822616577
img_10629_mirrored.jpg,0.0926999971270561
img_00102.jpg,-0.0010000000474974
img_11018.jpg,-0.0445000007748603
img_14595_mirrored.jpg,0.0926999971270561
img_14512.jpg,-0.2004999965429306
img_06770.jpg,-0.0346000008285045
img_04311.jpg,0.1058000028133392
img_07410_mirrored.jpg,0.3142000138759613
img_06226.jpg,-0.060199998319149
img_07831_mirrored.jpg,0.2030999958515167
img_01167_mirrored.jpg,0.0194000005722045
img_07726_mirrored.jpg,-0.0194000005722045
img_11774.jpg,-0.1393000036478042
img_10684.jpg,-0.1565999984741211
img_14913.jpg,-0.5235999822616577
img_13709.jpg,0.0208999998867511
img_13382_mirrored.jpg,0.0450000017881393
img_12092_mirrored.jpg,0.1606999933719635
img_12546_mirrored.jpg,0.1843000054359436
img_09424.jpg,0.0141000002622604
img_13481.jpg,-0.1879999935626983
img_02505_mirrored.jpg,0.1486999988555908
img_13206.jpg,0.0277999993413686
img_13224_mirrored.jpg,0.0304000005125999
img_03118_mirrored.jpg,0.0031000000890344
img_08046_mirrored.jpg,0.006800000090152
img_13302.jpg,-0.0230000000447034
img_05580_mirrored.jpg,-0.0152000002562999
img_14002.jpg,-0.1015999987721443
img_07480.jpg,-0.0078999996185302
img_02711.jpg,-0.0167999994009733
img_02563_mirrored.jpg,0.0215000007301569
img_11163_mirrored.jpg,0.1565999984741211
img_10558_mirrored.jpg,0.0293000005185604
img_03745_mirrored.jpg,0.1685999929904937
img_09554.jpg,0.1298000067472458
img_02306.jpg,-0.0952999964356422
img_06251_mirrored.jpg,0.0513000003993511
img_13488.jpg,-0.120399996638298
img_06766_mirrored.jpg,0.0644000023603439
img_11078_mirrored.jpg,0.0476000010967254
img_13426.jpg,-0.0979000031948089
img_09971_mirrored.jpg,-0.0162000004202127
img_14032_mirrored.jpg,0.3142000138759613
img_14731_mirrored.jpg,0.0256999991834163
img_05762.jpg,-0.0078999996185302
img_10508.jpg,0.2000000029802322
img_01233_mirrored.jpg,0.0093999998643994
img_07068_mirrored.jpg,-0.006800000090152
img_03188.jpg,-0.0078999996185302
img_03749.jpg,-0.1962999999523162
img_00050.jpg,-0.0083999997004866
img_13076.jpg,-0.3142000138759613
img_01728_mirrored.jpg,0.2135999947786331
img_09781.jpg,-0.2824999988079071
img_05253_mirrored.jpg,0.0304000005125999
img_00624.jpg,0.0361000001430511
img_06503_mirrored.jpg,-0.006800000090152
img_01509.jpg,-0.033500000834465
img_04647.jpg,0.1445000022649765
img_03504.jpg,-0.3142000138759613
img_12984_mirrored.jpg,0.0414000004529953
img_10686.jpg,-0.1282999962568283
img_14959_mirrored.jpg,-0.0
img_04642.jpg,0.1136000007390976
img_10053.jpg,0.1067999973893165
img_13276.jpg,0.1439999938011169
img_03212.jpg,-0.0716999992728233
img_10539_mirrored.jpg,0.024100000038743
img_10693.jpg,-0.1471000015735626
img_04046_mirrored.jpg,0.1256999969482422
img_10225.jpg,-0.1482000052928924
img_07746_mirrored.jpg,0.033500000834465
img_09737.jpg,-0.1717000007629394
img_06213.jpg,0.1926999986171722
img_01207_mirrored.jpg,-0.1115000024437904
img_14442_mirrored.jpg,0.0236000008881092
img_03978.jpg,-0.0790999978780746
img_11778.jpg,0.0283000003546476
img_09953_mirrored.jpg,-0.1194000020623207
img_13454.jpg,-0.0573999993503093
img_07328.jpg,-0.1407999992370605
img_08195.jpg,-0.0439999997615814
img_06141_mirrored.jpg,0.0606999993324279
img_00286.jpg,-0.0926999971270561
img_13153_mirrored.jpg,0.3142000138759613
img_04161_mirrored.jpg,0.0816999971866607
img_12936_mirrored.jpg,0.0351000018417835
img_09777_mirrored.jpg,0.1752000004053115
img_06847_mirrored.jpg,0.0194000005722045
img_10054.jpg,0.0948000028729438
img_13014_mirrored.jpg,0.1215000003576278
img_13268_mirrored.jpg,-0.191100001335144
img_03866.jpg,-0.1518000066280365
img_14060.jpg,-0.3142000138759613
img_09611_mirrored.jpg,0.0245999991893768
img_14097.jpg,-0.3142000138759613
img_12935.jpg,-0.0272000003606081
img_08610.jpg,0.1010999977588653
img_04448.jpg,-0.2006999999284744
img_00095.jpg,-0.0015999999595806
img_12136_mirrored.jpg,0.0995000004768371
img_14308_mirrored.jpg,-0.0869000032544136
img_04763_mirrored.jpg,0.0304000005125999
img_07515.jpg,0.1041999980807304
img_15002_mirrored.jpg,-0.5235999822616577
img_12447_mirrored.jpg,-0.0775000005960464
img_11766.jpg,-0.2069000005722046
img_02753_mirrored.jpg,0.0262000001966953
img_08542.jpg,0.1717000007629394
img_08600.jpg,0.0456000007688999
img_13251.jpg,-0.0538999997079372
img_14521_mirrored.jpg,0.2915999889373779
img_13145_mirrored.jpg,0.2425000071525573
img_07269.jpg,-0.0392999984323978
img_09806.jpg,-0.1606999933719635
img_03933_mirrored.jpg,0.3142000138759613
img_08553.jpg,0.2470999956130981
img_02968_mirrored.jpg,0.1026000007987022
img_04815.jpg,-0.0377000011503696
img_08091_mirrored.jpg,0.0617999993264675
img_10811.jpg,-0.3142000138759613
img_08102_mirrored.jpg,-0.0194000005722045
img_00941.jpg,-0.1817000061273574
img_09276.jpg,-0.1659999936819076
img_13264.jpg,0.0606999993324279
img_08129.jpg,-0.0351000018417835
img_13107.jpg,-0.1072999984025955
img_02730_mirrored.jpg,-0.1387999951839447
img_01000.jpg,0.0167999994009733
img_10511.jpg,0.1968999952077865
img_15096.jpg,0.0
img_02502.jpg,-0.3037000000476837
img_11530_mirrored.jpg,0.0308999996632337
img_04230_mirrored.jpg,-0.1955000013113021
img_00545_mirrored.jpg,0.0104999998584389
img_14898.jpg,-0.5235999822616577
img_04073_mirrored.jpg,-0.1125999987125396
img_11066.jpg,-0.0147000001743435
img_13328.jpg,0.0826999992132186
img_07416.jpg,-0.3142000138759613
img_03654_mirrored.jpg,-0.0564999990165233
img_02901.jpg,-0.3142000138759613
img_02073.jpg,-0.0057999999262392
img_03411_mirrored.jpg,0.2680999934673309
img_04875_mirrored.jpg,0.1606999933719635
img_02972.jpg,-0.0763999968767166
img_00061_mirrored.jpg,-0.032999999821186
img_13096.jpg,-0.3142000138759613
img_14512_mirrored.jpg,0.2004999965429306
img_01015_mirrored.jpg,0.0979000031948089
img_10182.jpg,0.00089999998454
img_13823.jpg,-0.0821999981999397
img_09231.jpg,-0.0826999992132186
img_10062.jpg,-0.0198999997228384
img_09960.jpg,-0.0167999994009733
img_01882_mirrored.jpg,0.3142000138759613
img_04305_mirrored.jpg,-0.0649000033736229
img_15151_mirrored.jpg,-0.5235999822616577
img_11523_mirrored.jpg,0.2372000068426132
img_11802.jpg,-0.0780000016093254
img_12349_mirrored.jpg,-0.2079000025987625
img_09375.jpg,-0.0659999996423721
img_03753_mirrored.jpg,0.0821999981999397
img_10548_mirrored.jpg,0.0496999993920326
img_04993.jpg,-0.0113000003620982
img_01417_mirrored.jpg,0.131400004029274
img_11390.jpg,-0.1194000020623207
img_13314.jpg,0.201100006699562
img_12713.jpg,0.0230000000447034
img_04153_mirrored.jpg,0.0156999994069337
img_10901.jpg,-0.0147000001743435
img_12162.jpg,-0.3142000138759613
img_07688.jpg,-0.0571000017225742
img_05513.jpg,-0.263399988412857
img_04836_mirrored.jpg,0.2046999931335449
img_04533_mirrored.jpg,0.0586000010371208
img_02575_mirrored.jpg,-0.0366999991238117
img_00605_mirrored.jpg,-0.0922000035643577
img_03571_mirrored.jpg,0.0208999998867511
img_09352_mirrored.jpg,0.3142000138759613
img_14153_mirrored.jpg,-0.150299996137619
img_02125.jpg,-0.0031000000890344
img_13686.jpg,0.0623000003397464
img_13159_mirrored.jpg,0.3142000138759613
img_06653_mirrored.jpg,-0.0732999965548515
img_05337_mirrored.jpg,0.0461000017821788
img_02685.jpg,0.0403000004589557
img_07969.jpg,-0.0078999996185302
img_06701_mirrored.jpg,-0.066500000655651
img_12023_mirrored.jpg,0.0109999999403953
img_11016.jpg,-0.032999999821186
img_10113_mirrored.jpg,0.0842999964952468
img_05422.jpg,-0.2440000027418136
img_01755.jpg,0.0063000000081956
img_01332.jpg,-0.1560000032186508
img_11252_mirrored.jpg,0.3142000138759613
img_03347.jpg,-0.1508000046014785
img_03551_mirrored.jpg,-0.208199992775917
img_00028.jpg,0.0251000002026557
img_02973_mirrored.jpg,0.0564999990165233
img_04269_mirrored.jpg,0.0507999993860721
img_03607_mirrored.jpg,0.048200000077486
img_11287.jpg,-0.3142000138759613
img_03604_mirrored.jpg,0.0989999994635582
img_10029_mirrored.jpg,0.0184000004082918
img_00430.jpg,-0.2885000109672546
img_05761.jpg,-0.0063000000081956
img_09320.jpg,-0.2424000054597854
img_05314.jpg,0.096900001168251
img_05213_mirrored.jpg,0.0304000005125999
img_02499_mirrored.jpg,0.3142000138759613
img_12095_mirrored.jpg,0.1524000018835067
img_10052.jpg,0.1017000004649162
img_12375.jpg,0.1744000017642974
img_01339.jpg,-0.1627999991178512
img_09715_mirrored.jpg,0.157600000500679
img_12239.jpg,-0.3142000138759613
img_03408.jpg,-0.3104999959468841
img_06106.jpg,-0.0031000000890344
img_12051.jpg,0.0606999993324279
img_00598.jpg,0.2440000027418136
img_00502_mirrored.jpg,0.0842999964952468
img_03656.jpg,0.1066000014543533
img_10495_mirrored.jpg,-0.0754000023007392
img_13652_mirrored.jpg,0.0093999998643994
img_00732_mirrored.jpg,0.0073000001721084
img_02899.jpg,-0.3142000138759613
img_13675_mirrored.jpg,-0.0083999997004866
img_10149_mirrored.jpg,-0.0073000001721084
img_02592_mirrored.jpg,0.1099999994039535
img_03645_mirrored.jpg,-0.1036999970674514
img_11538.jpg,-0.0063000000081956
img_01008.jpg,-0.0098999999463558
img_09949.jpg,0.0560000017285347
img_04796.jpg,-0.1052000001072883
img_02251.jpg,-0.048200000077486
img_02301.jpg,-0.0588999986648559
img_11147_mirrored.jpg,0.1168000027537345
img_13367.jpg,0.0052000000141561
img_04828.jpg,-0.1067000031471252
img_10285.jpg,-0.2309000045061111
img_09703_mirrored.jpg,0.0293000005185604
img_08471.jpg,0.0141000002622604
img_00798_mirrored.jpg,0.2178000062704086
img_12669_mirrored.jpg,-0.0141000002622604
img_02373.jpg,-0.3142000138759613
img_06163.jpg,0.0852999985218048
img_12053_mirrored.jpg,0.0434999987483024
img_00692_mirrored.jpg,-0.0052000000141561
img_13770_mirrored.jpg,0.0606999993324279
img_12490_mirrored.jpg,0.066500000655651
img_14907_mirrored.jpg,0.5235999822616577
img_10859.jpg,-0.070200003683567
img_05356_mirrored.jpg,0.1587000042200088
img_12792.jpg,-0.0073000001721084
img_15109_mirrored.jpg,-0.5235999822616577
img_11479.jpg,-0.0194000005722045
img_09627.jpg,0.1191999986767768
img_04351.jpg,-0.1413999944925308
img_08308.jpg,-0.26910001039505
img_05879_mirrored.jpg,0.1665000021457672
img_04519.jpg,-0.0653999969363212
img_12489.jpg,-0.0496999993920326
img_02631_mirrored.jpg,-0.1067999973893165
img_02832.jpg,-0.1429000049829483
img_05289.jpg,-0.0392999984323978
img_11024.jpg,-0.0769999995827674
img_07273.jpg,-0.0639000013470649
img_00268.jpg,0.0769999995827674
img_02226.jpg,-0.0842999964952468
img_12293_mirrored.jpg,0.0372000001370906
img_06167_mirrored.jpg,0.0156999994069337
img_11423_mirrored.jpg,-0.1130999997258186
img_08342_mirrored.jpg,0.2838000059127807
img_04089.jpg,-0.0073000001721084
img_08779.jpg,-0.1345999985933303
img_10257_mirrored.jpg,0.1942999958992004
img_10760_mirrored.jpg,0.2942999899387359
img_07418.jpg,-0.2989999949932098
img_02898_mirrored.jpg,0.3142000138759613
img_11084_mirrored.jpg,-0.0083999997004866
img_06708.jpg,0.1318999975919723
img_07912.jpg,-0.1115000024437904
img_06746_mirrored.jpg,-0.0109999999403953
img_05902_mirrored.jpg,0.1623000055551529
img_00279_mirrored.jpg,0.0538999997079372
img_02073_mirrored.jpg,0.0057999999262392
img_03898.jpg,-0.3142000138759613
img_14992_mirrored.jpg,-0.5235999822616577
img_05353.jpg,-0.137700006365776
img_07173.jpg,-0.0790999978780746
img_10328_mirrored.jpg,0.2786000072956085
img_00425_mirrored.jpg,0.3142000138759613
img_06690_mirrored.jpg,-0.0073000001721084
img_01982.jpg,-0.1780000030994415
img_02644.jpg,-0.0219999998807907
img_04243_mirrored.jpg,0.0922000035643577
img_12264_mirrored.jpg,0.0529000014066696
img_01335.jpg,-0.1508000046014785
img_11317_mirrored.jpg,-0.0251000002026557
img_07919_mirrored.jpg,0.0297999996691942
img_03729_mirrored.jpg,-0.0588999986648559
img_08569_mirrored.jpg,-0.0957999974489212
img_07871.jpg,-0.3142000138759613
img_02618.jpg,0.1756000071763992
img_13339_mirrored.jpg,0.0204000007361173
img_14870.jpg,-0.5235999822616577
img_00472.jpg,-0.3142000138759613
img_08511.jpg,0.1262000054121017
img_13392.jpg,-0.1460999995470047
img_12089_mirrored.jpg,0.1534000039100647
img_09338_mirrored.jpg,0.176499992609024
img_11764_mirrored.jpg,0.0885000005364418
img_14395_mirrored.jpg,0.2240999937057495
img_00589_mirrored.jpg,-0.1445000022649765
img_13889.jpg,0.0037000000011175
img_03596_mirrored.jpg,0.0542000010609626
img_13881.jpg,-0.0471000000834465
img_14038.jpg,-0.2142000049352646
img_05059.jpg,-0.0471000000834465
img_09622_mirrored.jpg,-0.013600000180304
img_01711.jpg,0.0789000019431114
img_00916_mirrored.jpg,0.3142000138759613
img_10806_mirrored.jpg,0.0252000000327825
img_01667_mirrored.jpg,-0.1105000004172325
img_12933.jpg,-0.0115000000223517
img_10438_mirrored.jpg,-0.1015999987721443
img_14251_mirrored.jpg,0.0381999984383583
img_07424.jpg,-0.2303999960422516
img_07988_mirrored.jpg,0.0386999994516372
img_08017_mirrored.jpg,0.0324999988079071
img_08843.jpg,-0.3142000138759613
img_08716.jpg,-0.0644000023603439
img_07716.jpg,-0.0078999996185302
img_13240.jpg,0.1058000028133392
img_10824_mirrored.jpg,0.0366999991238117
img_05963.jpg,-0.1010999977588653
img_11587_mirrored.jpg,0.0456000007688999
img_04384_mirrored.jpg,0.3142000138759613
img_02162_mirrored.jpg,-0.0989999994635582
img_08717_mirrored.jpg,0.0538999997079372
img_11363.jpg,-0.0173000004142522
img_05186_mirrored.jpg,-0.1136000007390976
img_05642_mirrored.jpg,-0.1439999938011169
img_03121_mirrored.jpg,0.0031000000890344
img_05251_mirrored.jpg,0.0538999997079372
img_05171_mirrored.jpg,0.1093999966979026
img_00773.jpg,-0.0346000008285045
img_13444_mirrored.jpg,0.0397999994456768
img_04053_mirrored.jpg,-0.0156999994069337
img_08314_mirrored.jpg,0.3093999922275543
img_11559_mirrored.jpg,0.093199998140335
img_11487_mirrored.jpg,0.0586000010371208
img_14377.jpg,-0.0397999994456768
img_07766_mirrored.jpg,0.0706999972462654
img_04557_mirrored.jpg,-0.2727000117301941
img_06236.jpg,0.008899999782443
img_09224_mirrored.jpg,0.1084000021219253
img_10569_mirrored.jpg,-0.0296000000089406
img_14163_mirrored.jpg,0.0198999997228384
img_04202_mirrored.jpg,0.0428999997675418
img_05868_mirrored.jpg,-0.0219999998807907
img_08763_mirrored.jpg,0.1580999940633773
img_09450.jpg,0.1455000042915344
img_11289.jpg,-0.3142000138759613
img_06748_mirrored.jpg,-0.0156999994069337
img_09108_mirrored.jpg,0.0423999987542629
img_13401_mirrored.jpg,0.0057999999262392
img_07929.jpg,-0.3142000138759613
img_09200_mirrored.jpg,0.063400000333786
img_08959_mirrored.jpg,0.0842999964952468
img_09499_mirrored.jpg,0.1251000016927719
img_13058_mirrored.jpg,0.2083999961614608
img_08035.jpg,0.0215000007301569
img_13193_mirrored.jpg,0.0885000005364418
img_04488_mirrored.jpg,0.3142000138759613
img_08196.jpg,-0.048200000077486
img_06639_mirrored.jpg,-0.1732999980449676
img_04417.jpg,-0.2565999925136566
img_00808.jpg,-0.1419000029563903
img_14371.jpg,-0.0297999996691942
img_07133.jpg,0.0680999979376792
img_10039.jpg,-0.1130999997258186
img_09586_mirrored.jpg,-0.0597000010311603
img_13380.jpg,0.1194000020623207
img_02662.jpg,0.0847999975085258
img_03755_mirrored.jpg,0.0465999990701675
img_02827_mirrored.jpg,0.1754000037908554
img_01719.jpg,0.1046999990940094
img_06662_mirrored.jpg,-0.0775000005960464
img_03880.jpg,-0.0188999995589256
img_12119_mirrored.jpg,0.3142000138759613
img_07405.jpg,-0.2942999899387359
img_09775_mirrored.jpg,0.1191999986767768
img_00423.jpg,-0.3142000138759613
img_02349.jpg,-0.1565999984741211
img_07869.jpg,-0.3142000138759613
img_05706_mirrored.jpg,0.0538999997079372
img_10241_mirrored.jpg,0.1738000065088272
img_01913_mirrored.jpg,0.3142000138759613
img_12970_mirrored.jpg,-0.0204000007361173
img_10034_mirrored.jpg,0.0606999993324279
img_01666.jpg,0.1136000007390976
img_02281.jpg,-0.0732999965548515
img_00512_mirrored.jpg,0.0126000000163912
img_09861.jpg,-0.100500002503395
img_02170_mirrored.jpg,0.0187999997287988
img_02174_mirrored.jpg,0.0098999999463558
img_04920.jpg,-0.1403000056743621
img_05164.jpg,-0.048700001090765
img_12685_mirrored.jpg,0.2093999981880188
img_06854.jpg,-0.1115999966859817
img_09028.jpg,-0.0041999998502433
img_04867.jpg,-0.1282999962568283
img_04696_mirrored.jpg,-0.0304000005125999
img_11173_mirrored.jpg,0.1497000008821487
img_09951.jpg,0.0923999994993209
img_06143.jpg,-0.0806000009179115
img_00490_mirrored.jpg,-0.0162000004202127
img_14524.jpg,-0.2696999907493591
img_11579_mirrored.jpg,0.0283000003546476
img_13948.jpg,-0.1072999984025955
img_13064.jpg,-0.0890000015497207
img_03132_mirrored.jpg,0.0031000000890344
img_09216.jpg,0.0318999998271465
img_05976_mirrored.jpg,0.1826999932527542
img_14569.jpg,-0.2707000076770782
img_11618.jpg,-0.1680999994277954
img_09787.jpg,-0.3142000138759613
img_00759_mirrored.jpg,0.093199998140335
img_10655_mirrored.jpg,0.1208000034093856
img_10551.jpg,-0.0592000000178813
img_12892.jpg,-0.0653999969363212
img_08112.jpg,0.063400000333786
img_09344.jpg,-0.1262000054121017
img_06811.jpg,-0.1419000029563903
img_07510.jpg,0.2754000127315521
img_10047_mirrored.jpg,-0.0215000007301569
img_08374_mirrored.jpg,0.2120999991893768
img_06542.jpg,-0.0198999997228384
img_02563.jpg,-0.0215000007301569
img_01530.jpg,0.1085999980568885
img_06392.jpg,-0.3142000138759613
img_13034.jpg,-0.157600000500679
img_07260_mirrored.jpg,-0.0581000000238418
img_07531.jpg,-0.0046999999321997
img_03563_mirrored.jpg,-0.0476000010967254
img_14475_mirrored.jpg,0.1482000052928924
img_01673_mirrored.jpg,-0.0293000005185604
img_03496_mirrored.jpg,0.3142000138759613
img_14849.jpg,-0.5235999822616577
img_12986_mirrored.jpg,0.0744000002741813
img_03314.jpg,-0.0800999999046325
img_00861_mirrored.jpg,0.2558999955654144
img_06713.jpg,-0.0715999975800514
img_04613_mirrored.jpg,0.0074000000022351
img_11616_mirrored.jpg,0.1843000054359436
img_01611.jpg,0.2053000032901764
img_03500_mirrored.jpg,0.3142000138759613
img_08381.jpg,-0.3142000138759613
img_13396_mirrored.jpg,0.0423999987542629
img_09364_mirrored.jpg,0.2931999862194061
img_00198_mirrored.jpg,-0.0644000023603439
img_02391_mirrored.jpg,0.2301999926567077
img_04846.jpg,-0.1449999958276748
img_06009_mirrored.jpg,0.0612999983131885
img_09898_mirrored.jpg,0.249099999666214
img_01274_mirrored.jpg,-0.0187999997287988
img_02542_mirrored.jpg,-0.1115000024437904
img_06508.jpg,-0.0759000033140182
img_06129_mirrored.jpg,0.0031000000890344
img_09672.jpg,0.0187999997287988
img_09624.jpg,0.0489999987185001
img_03695_mirrored.jpg,0.0141000002622604
img_11496_mirrored.jpg,-0.006800000090152
img_11220_mirrored.jpg,0.2388000041246414
img_11395_mirrored.jpg,0.0403000004589557
img_01696_mirrored.jpg,0.0262000001966953
img_04558_mirrored.jpg,-0.2931999862194061
img_14692_mirrored.jpg,0.0031000000890344
img_14662_mirrored.jpg,0.006800000090152
img_05852.jpg,-0.1172999963164329
img_03803_mirrored.jpg,0.0351000018417835
img_11486_mirrored.jpg,0.0597000010311603
img_12928_mirrored.jpg,-0.008899999782443
img_09413_mirrored.jpg,0.2355999946594238
img_03768.jpg,-0.0083999997004866
img_08558_mirrored.jpg,-0.1026000007987022
img_06993.jpg,0.0219999998807907
img_08200_mirrored.jpg,0.05180000141263
img_14656_mirrored.jpg,0.0046999999321997
img_06709.jpg,0.1177999973297119
img_06868_mirrored.jpg,0.3142000138759613
img_13923.jpg,-0.0885000005364418
img_05938_mirrored.jpg,0.2712000012397766
img_01353.jpg,-0.2220000028610229
img_02498.jpg,-0.3142000138759613
img_03739_mirrored.jpg,-0.0706999972462654
img_06642.jpg,0.0785000026226043
img_01651_mirrored.jpg,0.0251000002026557
img_08354.jpg,-0.3142000138759613
img_14248_mirrored.jpg,-0.1456000059843063
img_02671.jpg,0.0355999991297721
img_12925_mirrored.jpg,0.0098999999463558
img_07105.jpg,-0.0031000000890344
img_06923_mirrored.jpg,0.2472999989986419
img_08520_mirrored.jpg,0.0361000001430511
img_04600_mirrored.jpg,0.0428999997675418
img_08276.jpg,-0.1298999935388565
img_08638.jpg,-0.0194000005722045
img_12304.jpg,0.0266999993473291
img_01482_mirrored.jpg,0.3142000138759613
img_13478_mirrored.jpg,0.1680999994277954
img_14657.jpg,-0.0046999999321997
img_13491.jpg,-0.1225000023841857
img_04664.jpg,0.1879999935626983
img_00356.jpg,-0.2063000053167343
img_06206_mirrored.jpg,-0.1050999984145164
img_05080_mirrored.jpg,-0.1093999966979026
img_04747.jpg,-0.0729999989271164
img_10982.jpg,0.0366999991238117
img_08662.jpg,0.0165999997407197
img_14182_mirrored.jpg,-0.0826999992132186
img_05260.jpg,0.0104999998584389
img_09635.jpg,-0.048700001090765
img_05816.jpg,-0.1238999962806701
img_06432.jpg,-0.3142000138759613
img_06520_mirrored.jpg,0.0156999994069337
img_10597.jpg,-0.0141000002622604
img_04276_mirrored.jpg,0.0386999994516372
img_08841.jpg,-0.3142000138759613
img_04971_mirrored.jpg,0.2842999994754791
img_03849_mirrored.jpg,0.183799996972084
img_06421_mirrored.jpg,0.1215000003576278
img_09922_mirrored.jpg,0.0115000000223517
img_02103.jpg,-0.0041999998502433
img_11352.jpg,0.1617999970912933
img_10908_mirrored.jpg,-0.024100000038743
img_07985.jpg,-0.1010999977588653
img_10739.jpg,-0.1435000002384185
img_05651.jpg,0.0269000008702278
img_08744_mirrored.jpg,0.1922000050544738
img_09208.jpg,0.0732999965548515
img_15026_mirrored.jpg,-0.5235999822616577
img_01641.jpg,0.1942999958992004
img_00191.jpg,0.1758999973535537
img_09315_mirrored.jpg,0.3021000027656555
img_12005.jpg,-0.0397999994456768
img_05201.jpg,-0.0147000001743435
img_09673.jpg,0.0198999997228384
img_08936_mirrored.jpg,-0.0245999991893768
img_11712.jpg,-0.2020999938249588
img_11014_mirrored.jpg,0.0293000005185604
img_06967_mirrored.jpg,0.0737999975681305
img_02277.jpg,-0.0922000035643577
img_01835.jpg,-0.164900004863739
img_03190_mirrored.jpg,0.0187999997287988
img_04206_mirrored.jpg,0.032999999821186
img_07409.jpg,-0.3142000138759613
img_05435_mirrored.jpg,0.3142000138759613
img_09125_mirrored.jpg,-0.0204000007361173
img_09302.jpg,-0.1695999950170517
img_11795_mirrored.jpg,0.0715000033378601
img_04313_mirrored.jpg,-0.0649000033736229
img_07944.jpg,-0.0230000000447034
img_10851.jpg,0.0083999997004866
img_13532.jpg,-0.3142000138759613
img_02279.jpg,-0.0885000005364418
img_10292.jpg,-0.3142000138759613
img_11474_mirrored.jpg,0.0236000008881092
img_13682.jpg,-0.0083999997004866
img_05013.jpg,-0.0372000001370906
img_04643.jpg,0.1246000006794929
img_07181.jpg,0.0851999968290329
img_00366_mirrored.jpg,0.1468999981880188
img_01232.jpg,-0.0052000000141561
img_07895.jpg,-0.2198999971151352
img_07109_mirrored.jpg,0.0031000000890344
img_01994.jpg,-0.169400006532669
img_00359.jpg,-0.1351000070571899
img_13144.jpg,-0.1156999990344047
img_07800_mirrored.jpg,0.1367000043392181
img_02040_mirrored.jpg,-0.0115000000223517
img_11876_mirrored.jpg,0.0031000000890344
img_02137.jpg,-0.0256999991834163
img_11331.jpg,-0.0507999993860721
img_01924_mirrored.jpg,0.3142000138759613
img_07887.jpg,-0.3142000138759613
img_04310_mirrored.jpg,-0.1151999980211258
img_13582_mirrored.jpg,0.3066999912261963
img_12082_mirrored.jpg,0.1036999970674514
img_07311_mirrored.jpg,0.1580999940633773
img_10796_mirrored.jpg,0.1010999977588653
img_13530.jpg,-0.3142000138759613
img_02412_mirrored.jpg,0.3007999956607818
img_07325_mirrored.jpg,0.1817000061273574
img_00863_mirrored.jpg,0.3082000017166137
img_14632_mirrored.jpg,0.0313999988138675
img_03596.jpg,-0.0542000010609626
img_01989_mirrored.jpg,0.033500000834465
img_06742_mirrored.jpg,0.0078999996185302
img_01552_mirrored.jpg,0.0225000008940696
img_02860_mirrored.jpg,0.1497000008821487
img_04374.jpg,-0.1423999965190887
img_14948_mirrored.jpg,0.5235999822616577
img_14685.jpg,-0.0037000000011175
img_13611.jpg,-0.2754000127315521
img_08280_mirrored.jpg,0.1550000011920929
img_13009_mirrored.jpg,0.1000000014901161
img_08124.jpg,-0.0109999999403953
img_02742_mirrored.jpg,0.2188999950885772
img_05513_mirrored.jpg,0.263399988412857
img_04126_mirrored.jpg,0.0031000000890344
img_05398.jpg,-0.09740000218153
img_03773_mirrored.jpg,-0.0046999999321997
img_11120_mirrored.jpg,0.0790999978780746
img_04522.jpg,0.0141000002622604
img_08791.jpg,0.0392999984323978
img_09804_mirrored.jpg,0.1439999938011169
img_04790_mirrored.jpg,0.032600000500679
img_12111_mirrored.jpg,0.1617999970912933
img_03263.jpg,-0.0496999993920326
img_11146_mirrored.jpg,0.1089000031352043
img_07865_mirrored.jpg,0.2775000035762787
img_09495_mirrored.jpg,0.0450000017881393
img_09372_mirrored.jpg,0.1601999998092651
img_00617_mirrored.jpg,-0.0639000013470649
img_11569.jpg,-0.0346000008285045
img_12813.jpg,-0.0037000000011175
img_05427_mirrored.jpg,0.3142000138759613
img_03477.jpg,-0.0979999974370002
img_13237.jpg,0.0308999996632337
img_03556.jpg,0.2576000094413757
img_03220_mirrored.jpg,-0.0943000018596649
img_11150_mirrored.jpg,0.1340000033378601
img_10509_mirrored.jpg,-0.2057999968528747
img_12610_mirrored.jpg,0.1826999932527542
img_08820_mirrored.jpg,0.3142000138759613
img_11327_mirrored.jpg,0.0885000005364418
img_13356.jpg,-0.0524000003933906
img_07246.jpg,-0.0869999974966049
img_02123_mirrored.jpg,0.0031000000890344
img_12912.jpg,-0.0544999986886978
img_00583.jpg,0.1274999976158142
img_02781.jpg,-0.0640999972820282
img_08047.jpg,-0.006800000090152
img_14347_mirrored.jpg,-0.0093999998643994
img_08291_mirrored.jpg,0.1587000042200088
img_06382.jpg,-0.3142000138759613
img_07455.jpg,-0.3142000138759613
img_05773_mirrored.jpg,-0.0194000005722045
img_04425_mirrored.jpg,0.3142000138759613
img_09139.jpg,0.1120999976992607
img_11021_mirrored.jpg,0.0833000019192695
img_05480.jpg,-0.0493000000715255
img_00816.jpg,-0.1669999957084655
img_09501.jpg,-0.1240999996662139
img_10213_mirrored.jpg,0.1256999969482422
img_14125_mirrored.jpg,0.0639000013470649
img_04160.jpg,-0.0690999999642372
img_12829_mirrored.jpg,0.0141000002622604
img_03201_mirrored.jpg,0.0297999996691942
img_07792_mirrored.jpg,0.1811999976634979
img_04107_mirrored.jpg,-0.0083999997004866
img_06778_mirrored.jpg,0.0419000014662742
img_00734_mirrored.jpg,0.0057999999262392
img_00171_mirrored.jpg,0.0476000010967254
img_13500.jpg,0.0706999972462654
img_05061_mirrored.jpg,-0.0167999994009733
img_06361_mirrored.jpg,0.3142000138759613
img_13073.jpg,-0.3142000138759613
img_07552.jpg,-0.1115000024437904
img_12917.jpg,-0.0833000019192695
img_03630_mirrored.jpg,-0.2152000069618225
img_10044.jpg,-0.0428999997675418
img_03182.jpg,-0.0173000004142522
img_10450_mirrored.jpg,0.0627999976277351
img_03771.jpg,-0.006800000090152
img_05862.jpg,0.1010999977588653
img_12561_mirrored.jpg,0.1482000052928924
img_00304.jpg,-0.0885000005364418
img_14316.jpg,-0.0476000010967254
img_13880_mirrored.jpg,0.048700001090765
img_06107_mirrored.jpg,0.0031000000890344
img_14062_mirrored.jpg,0.3136000037193298
img_05024_mirrored.jpg,0.2608000040054321
img_12185_mirrored.jpg,0.3142000138759613
img_10702_mirrored.jpg,-0.0381999984383583
img_02274_mirrored.jpg,0.0833000019192695
img_08818_mirrored.jpg,0.3142000138759613
img_02166_mirrored.jpg,-0.0283000003546476
img_04771.jpg,-0.0057999999262392
img_13026.jpg,-0.1486999988555908
img_13773_mirrored.jpg,0.0896999984979629
img_14578_mirrored.jpg,-0.0272000003606081
img_01058.jpg,-0.0162000004202127
img_14048_mirrored.jpg,0.2125999927520752
img_04430.jpg,-0.3142000138759613
img_10717_mirrored.jpg,0.2754000127315521
img_06679_mirrored.jpg,0.0581000000238418
img_04598_mirrored.jpg,-0.0428999997675418
img_07362_mirrored.jpg,0.3142000138759613
img_09354.jpg,-0.3142000138759613
img_10944.jpg,-0.0037000000011175
img_06567_mirrored.jpg,-0.1445000022649765
img_15057_mirrored.jpg,-0.5235999822616577
img_10537_mirrored.jpg,0.0187999997287988
img_11961_mirrored.jpg,0.0575999990105629
img_13982.jpg,-0.2370000034570694
img_07664_mirrored.jpg,0.0236000008881092
img_13699.jpg,-0.0308999996632337
img_02155.jpg,0.0297999996691942
img_10884_mirrored.jpg,-0.0476000010967254
img_14155_mirrored.jpg,-0.0852999985218048
img_07727.jpg,0.018300000578165
img_07867_mirrored.jpg,0.3142000138759613
img_11269.jpg,-0.1784999966621399
img_11326.jpg,-0.0852999985218048
img_01629.jpg,0.0297999996691942
img_09474_mirrored.jpg,0.0131000000983476
img_14083_mirrored.jpg,0.3142000138759613
img_07682_mirrored.jpg,-0.1435000002384185
img_13592.jpg,-0.2257000058889389
img_09826_mirrored.jpg,0.3142000138759613
img_05682.jpg,0.1168000027537345
img_00645_mirrored.jpg,-0.0120000001043081
img_11437_mirrored.jpg,-0.0450000017881393
img_07347.jpg,-0.1885000020265579
img_06462.jpg,-0.3142000138759613
img_06189.jpg,-0.0293000005185604
img_07095_mirrored.jpg,0.0037000000011175
img_06583_mirrored.jpg,0.0560000017285347
img_00373.jpg,-0.3142000138759613
img_03744_mirrored.jpg,0.1643999963998794
img_06338.jpg,-0.1482000052928924
img_05269.jpg,-0.0423999987542629
img_06933.jpg,-0.2492000013589859
img_13823_mirrored.jpg,0.0821999981999397
img_03798_mirrored.jpg,0.0428999997675418
img_02390.jpg,-0.2004999965429306
img_07430_mirrored.jpg,0.0564999990165233
img_05302.jpg,-0.0377000011503696
img_05086_mirrored.jpg,-0.0428999997675418
img_02736.jpg,-0.0562000013887882
img_07154_mirrored.jpg,0.0225000008940696
img_14993_mirrored.jpg,-0.5235999822616577
img_05240.jpg,0.0890000015497207
img_10405_mirrored.jpg,-0.064300000667572
img_00313_mirrored.jpg,0.1367000043392181
img_01287.jpg,-0.033500000834465
img_04861.jpg,-0.1518000066280365
img_13419_mirrored.jpg,-0.0147000001743435
img_07702.jpg,-0.0538999997079372
img_05967_mirrored.jpg,0.0524000003933906
img_00816_mirrored.jpg,0.1669999957084655
img_00097.jpg,-0.0015999999595806
img_09026.jpg,-0.0052000000141561
img_08808_mirrored.jpg,0.2858000099658966
img_13598.jpg,-0.093199998140335
img_06972.jpg,-0.0690999999642372
img_00485.jpg,-0.0256999991834163
img_07218.jpg,-0.0167999994009733
img_05148_mirrored.jpg,0.0031000000890344
img_13741.jpg,-0.002600000007078
img_10980_mirrored.jpg,-0.0198999997228384
img_12274.jpg,0.0575000010430812
img_02286_mirrored.jpg,-0.0173000004142522
img_00840_mirrored.jpg,-0.1010999977588653
img_04534.jpg,-0.0711999982595443
img_02035.jpg,-0.0262000001966953
img_00115.jpg,-0.0287999995052814
img_11231.jpg,-0.3142000138759613
img_07373.jpg,-0.2592000067234039
img_04376.jpg,-0.153899997472763
img_09750_mirrored.jpg,0.1194000020623207
img_08410.jpg,-0.3142000138759613
img_07227_mirrored.jpg,0.0507999993860721
img_02612.jpg,0.1381999999284744
img_13122.jpg,-0.3142000138759613
img_00955.jpg,0.008899999782443
img_02323.jpg,-0.0685999989509582
img_05858.jpg,-0.1528999954462051
img_12614.jpg,-0.2716000080108642
img_00594_mirrored.jpg,-0.1638000011444091
img_00580_mirrored.jpg,-0.0372000001370906
img_09927_mirrored.jpg,0.0952999964356422
img_04050_mirrored.jpg,0.0706999972462654
img_13472_mirrored.jpg,0.1371999979019165
img_05062.jpg,0.0141000002622604
img_07190_mirrored.jpg,-0.1587000042200088
img_00066.jpg,0.0215000007301569
img_11642.jpg,-0.0245999991893768
img_01824_mirrored.jpg,0.1429000049829483
img_05040.jpg,-0.0057999999262392
img_11861_mirrored.jpg,0.0073000001721084
img_13178.jpg,-0.0842999964952468
img_03053_mirrored.jpg,-0.0098999999463558
img_00108.jpg,-0.0010000000474974
img_07631.jpg,0.096900001168251
img_03847_mirrored.jpg,0.1758999973535537
img_06575_mirrored.jpg,0.0916000008583068
img_13879.jpg,-0.0496999993920326
img_09687_mirrored.jpg,0.0869000032544136
img_00506_mirrored.jpg,0.0533999986946582
img_08778_mirrored.jpg,0.1230000033974647
img_00953_mirrored.jpg,-0.0115000000223517
img_13799_mirrored.jpg,0.018300000578165
img_04240.jpg,-0.070200003683567
img_14411.jpg,-0.1597000062465667
img_13121_mirrored.jpg,0.3142000138759613
img_02849_mirrored.jpg,0.1597000062465667
img_04468.jpg,-0.2587000131607055
img_14636.jpg,-0.0230000000447034
img_03115_mirrored.jpg,0.0037000000011175
img_12780.jpg,0.0230000000447034
img_11268_mirrored.jpg,0.2057999968528747
img_02642_mirrored.jpg,-0.0293000005185604
img_04478_mirrored.jpg,0.0403000004589557
img_14686.jpg,-0.0031000000890344
img_04429.jpg,-0.3142000138759613
img_10349.jpg,-0.3142000138759613
img_09589.jpg,-0.0162000004202127
img_11920_mirrored.jpg,-0.0586000010371208
img_01682.jpg,-0.0215000007301569
img_08787_mirrored.jpg,-0.1010999977588653
img_00298.jpg,-0.0445000007748603
img_12415_mirrored.jpg,0.0414000004529953
img_07393.jpg,-0.1554999947547912
img_07468_mirrored.jpg,0.1334999948740005
img_10581.jpg,-0.0627999976277351
img_02034_mirrored.jpg,0.0423999987542629
img_04576_mirrored.jpg,0.0167999994009733
img_15166.jpg,0.5235999822616577
img_03997.jpg,-0.2680999934673309
img_01033.jpg,-0.0063000000081956
img_13141_mirrored.jpg,0.0204000007361173
img_10187.jpg,-0.1046999990940094
img_08368.jpg,-0.1089000031352043
img_00092.jpg,-0.0010000000474974
img_13201.jpg,-0.0198999997228384
img_08681.jpg,-0.0104999998584389
img_11549_mirrored.jpg,-0.0162000004202127
img_07604.jpg,0.0454000011086463
img_14162_mirrored.jpg,0.0236000008881092
img_11512_mirrored.jpg,-0.1419000029563903
img_14443.jpg,-0.0318999998271465
img_08849_mirrored.jpg,0.3142000138759613
img_02380_mirrored.jpg,0.1811999976634979
img_02998_mirrored.jpg,0.0592000000178813
img_01432.jpg,-0.3142000138759613
img_06808.jpg,-0.1419000029563903
img_13763_mirrored.jpg,0.0057999999262392
img_03894.jpg,-0.3142000138759613
img_13934_mirrored.jpg,0.0728000029921531
img_00451.jpg,-0.3142000138759613
img_06744.jpg,0.0046999999321997
img_03570.jpg,-0.0236000008881092
img_14858_mirrored.jpg,0.5235999822616577
img_14691_mirrored.jpg,0.0031000000890344
img_05543.jpg,-0.0187999997287988
img_11924_mirrored.jpg,-0.1041999980807304
img_06047.jpg,-0.0063000000081956
img_01952_mirrored.jpg,0.1900999993085861
img_05349.jpg,-0.1189000010490417
img_13140.jpg,-0.0649000033736229
img_06741_mirrored.jpg,0.0078999996185302
img_07166_mirrored.jpg,0.033500000834465
img_01491.jpg,-0.2969000041484833
img_10270.jpg,-0.3142000138759613
img_07602.jpg,0.0115000000223517
img_01178.jpg,-0.0308999996632337
img_12752.jpg,0.0617999993264675
img_04377_mirrored.jpg,0.1719000041484832
img_09295_mirrored.jpg,0.130400002002716
img_14689_mirrored.jpg,0.0031000000890344
img_04521_mirrored.jpg,0.0386999994516372
img_14472_mirrored.jpg,0.1639000028371811
img_12541.jpg,-0.1397999972105026
img_12980_mirrored.jpg,-0.0962999984622001
img_07770.jpg,-0.1796000003814697
img_06663_mirrored.jpg,-0.0592000000178813
img_03540_mirrored.jpg,0.0256999991834163
img_01599.jpg,0.1482000052928924
img_03890.jpg,-0.2217999994754791
img_06864.jpg,-0.3142000138759613
img_13081.jpg,-0.2915999889373779
img_11642_mirrored.jpg,0.0245999991893768
img_06084.jpg,0.0230000000447034
img_07408_mirrored.jpg,0.3142000138759613
img_03897.jpg,-0.3142000138759613
img_02026.jpg,-0.0962999984622001
img_05313.jpg,0.1105000004172325
img_04404_mirrored.jpg,0.19480000436306
img_02555_mirrored.jpg,-0.0812000036239624
img_05791.jpg,-0.0592000000178813
img_03903.jpg,-0.3142000138759613
img_06874_mirrored.jpg,0.3142000138759613
img_05262.jpg,0.0131000000983476
img_00361.jpg,-0.1000000014901161
img_10754.jpg,-0.3142000138759613
img_13740.jpg,-0.002600000007078
img_13230_mirrored.jpg,0.0219999998807907
img_00863.jpg,-0.3082000017166137
img_11804_mirrored.jpg,0.0340000018477439
img_11095_mirrored.jpg,0.093199998140335
img_11214.jpg,-0.2989999949932098
img_03315_mirrored.jpg,0.0847999975085258
img_13267.jpg,0.1754000037908554
img_07547_mirrored.jpg,0.033500000834465
img_06506_mirrored.jpg,0.0491999983787536
img_08198.jpg,-0.05180000141263
img_06783.jpg,-0.0187999997287988
img_12886_mirrored.jpg,0.0732999965548515
img_14860_mirrored.jpg,0.5235999822616577
img_07639.jpg,0.0555000007152557
img_03248_mirrored.jpg,0.0131000000983476
img_13841.jpg,0.1528999954462051
img_08686_mirrored.jpg,0.0052000000141561
img_05700_mirrored.jpg,0.0439999997615814
img_11472.jpg,-0.0204000007361173
img_06562.jpg,0.1353999972343444
img_08927_mirrored.jpg,0.2601999938488006
img_07369.jpg,-0.2906000018119812
img_14813.jpg,-0.5235999822616577
img_04014.jpg,-0.2648000121116638
img_05058_mirrored.jpg,0.06700000166893
img_15142_mirrored.jpg,-0.5235999822616577
img_08465.jpg,-0.032999999821186
img_09646_mirrored.jpg,0.1272000074386596
img_09303_mirrored.jpg,0.2025000005960464
img_02472.jpg,-0.2998000085353851
img_08838_mirrored.jpg,0.2556999921798706
img_06025.jpg,-0.0194000005722045
img_02192.jpg,-0.0340000018477439
img_05102.jpg,0.0198999997228384
img_00038_mirrored.jpg,-0.0728000029921531
img_05281.jpg,-0.0230000000447034
img_01022.jpg,-0.0439999997615814
img_11465.jpg,0.1172999963164329
img_08096.jpg,-0.1162000000476837
img_09821_mirrored.jpg,0.3142000138759613
img_06091_mirrored.jpg,-0.006800000090152
img_02203.jpg,-0.0439999997615814
img_09613_mirrored.jpg,0.008899999782443
img_05864_mirrored.jpg,-0.0564999990165233
img_00293_mirrored.jpg,0.0790999978780746
img_09117.jpg,-0.0769999995827674
img_09392.jpg,-0.3142000138759613
img_08221_mirrored.jpg,0.093699999153614
img_13075.jpg,-0.3142000138759613
img_11765_mirrored.jpg,0.1404000073671341
img_02511_mirrored.jpg,-0.008899999782443
img_10505_mirrored.jpg,-0.1381999999284744
img_01703_mirrored.jpg,-0.0057999999262392
img_08212_mirrored.jpg,0.0041999998502433
img_00693_mirrored.jpg,-0.0041999998502433
img_00478.jpg,-0.3142000138759613
img_03424_mirrored.jpg,0.3142000138759613
img_12090.jpg,-0.157600000500679
img_05912_mirrored.jpg,0.2307000011205673
img_09031_mirrored.jpg,0.0031000000890344
img_13712.jpg,0.0251000002026557
img_12374.jpg,0.1528999954462051
img_12500_mirrored.jpg,0.0529000014066696
img_12170_mirrored.jpg,0.2053000032901764
img_06725.jpg,-0.063400000333786
img_01357.jpg,-0.3097000122070312
img_06220.jpg,-0.0653999969363212
img_05796_mirrored.jpg,0.0304000005125999
img_13462.jpg,-0.2272000014781952
img_13418.jpg,0.0194000005722045
img_05619.jpg,0.1215000003576278
img_05938.jpg,-0.2712000012397766
img_13108_mirrored.jpg,0.1099999994039535
img_10230.jpg,-0.1623000055551529
img_11408_mirrored.jpg,-0.1292999982833862
img_00563_mirrored.jpg,-0.0754000023007392
img_01233.jpg,-0.0093999998643994
img_08035_mirrored.jpg,-0.0215000007301569
img_03770_mirrored.jpg,0.0078999996185302
img_01372_mirrored.jpg,0.09740000218153
img_00543.jpg,-0.0156999994069337
img_01349.jpg,-0.1591999977827072
img_12296.jpg,-0.0256999991834163
img_14479.jpg,-0.1915999948978424
img_11425.jpg,0.1403000056743621
img_14746.jpg,-0.5235999822616577
img_11444.jpg,0.2043000012636184
img_14544_mirrored.jpg,0.1639000028371811
img_10409.jpg,0.220100000500679
img_13266_mirrored.jpg,-0.1344999969005584
img_13650.jpg,-0.006800000090152
img_10778.jpg,-0.2226999998092651
img_05993.jpg,-0.0251000002026557
img_10408.jpg,0.1925999969244003
img_13899.jpg,-0.0952999964356422
img_05011_mirrored.jpg,0.0696000009775161
img_01276_mirrored.jpg,-0.0266999993473291
img_04211.jpg,-0.0639000013470649
img_14011_mirrored.jpg,0.3142000138759613
img_00258.jpg,-0.0744000002741813
img_08979_mirrored.jpg,-0.0696000009775161
img_13220_mirrored.jpg,-0.1067999973893165
img_13468.jpg,-0.1419000029563903
img_00292.jpg,-0.0890000015497207
img_01994_mirrored.jpg,0.169400006532669
img_01054_mirrored.jpg,0.0272000003606081
img_07298.jpg,-0.1046999990940094
img_11601_mirrored.jpg,0.1456000059843063
img_13253_mirrored.jpg,0.1019999980926513
img_11940_mirrored.jpg,0.0256999991834163
img_00314.jpg,-0.1423999965190887
img_11261.jpg,-0.3073999881744385
img_10797_mirrored.jpg,0.0895000025629997
img_05128_mirrored.jpg,0.0037000000011175
img_11501.jpg,0.006800000090152
img_06820_mirrored.jpg,0.1826999932527542
img_01381_mirrored.jpg,0.3142000138759613
img_12030_mirrored.jpg,0.093199998140335
img_11551_mirrored.jpg,-0.0198999997228384
img_09286_mirrored.jpg,0.3142000138759613
img_10424_mirrored.jpg,0.032999999821186
img_11546.jpg,0.006800000090152
img_13747.jpg,-0.0037000000011175
img_03938.jpg,-0.244499996304512
img_00780.jpg,-0.0318999998271465
img_02508.jpg,-0.0381999984383583
img_09837_mirrored.jpg,0.2508000135421753
img_04000_mirrored.jpg,0.1780000030994415
img_08480_mirrored.jpg,-0.2818999886512756
img_00684.jpg,-0.0355999991297721
img_11797.jpg,-0.1150000020861625
img_04297.jpg,-0.0690999999642372
img_03374_mirrored.jpg,0.2113000005483627
img_08219.jpg,-0.0873999968171119
img_09681_mirrored.jpg,0.0905999988317489
img_12592_mirrored.jpg,0.3142000138759613
img_08142_mirrored.jpg,0.0711999982595443
img_10416.jpg,0.1643999963998794
img_03699_mirrored.jpg,0.008899999782443
img_08130.jpg,-0.0386999994516372
img_09055_mirrored.jpg,0.0031000000890344
img_03967_mirrored.jpg,0.2707000076770782
img_08594.jpg,-0.0236000008881092
img_01652_mirrored.jpg,0.0251000002026557
img_02835_mirrored.jpg,0.1456000059843063
img_07489.jpg,-0.0696000009775161
img_08770.jpg,-0.1758999973535537
img_10899.jpg,-0.0215000007301569
img_08847_mirrored.jpg,0.3142000138759613
img_13818_mirrored.jpg,0.0419000014662742
img_02464_mirrored.jpg,0.0983999967575073
img_02749.jpg,-0.0571000017225742
img_14486.jpg,-0.3142000138759613
img_04170_mirrored.jpg,-0.0198999997228384
img_09608_mirrored.jpg,0.0434999987483024
img_07380_mirrored.jpg,0.3142000138759613
img_06007_mirrored.jpg,0.1288000047206878
img_11161_mirrored.jpg,0.150299996137619
img_11217_mirrored.jpg,0.2639000117778778
img_03952.jpg,-0.2313999980688095
img_15179_mirrored.jpg,-0.0
img_01853.jpg,0.0564999990165233
img_03026_mirrored.jpg,0.0046999999321997
img_12403_mirrored.jpg,-0.0549999997019767
img_03518_mirrored.jpg,-0.0120000001043081
img_06272.jpg,-0.094200000166893
img_13339.jpg,-0.0204000007361173
img_10856.jpg,-0.0162000004202127
img_05839_mirrored.jpg,0.1685999929904937
img_15092_mirrored.jpg,-0.5235999822616577
img_10881.jpg,-0.0052000000141561
img_05273.jpg,-0.0524000003933906
img_05485.jpg,-0.3142000138759613
img_12670_mirrored.jpg,-0.0120000001043081
img_07959_mirrored.jpg,0.0948000028729438
img_09483.jpg,0.1020999997854232
img_02095.jpg,-0.0057999999262392
img_03881.jpg,-0.0355999991297721
img_00208_mirrored.jpg,0.0502999983727932
img_10326.jpg,-0.3037000000476837
img_06734.jpg,-0.0046999999321997
img_07627_mirrored.jpg,-0.0450000017881393
img_10177.jpg,0.1110000014305114
img_11401.jpg,0.183799996972084
img_05431.jpg,-0.3142000138759613
img_11235.jpg,-0.2460999935865402
img_09486.jpg,0.1601999998092651
img_03692.jpg,-0.0162000004202127
img_13405.jpg,-0.0031000000890344
img_14203.jpg,0.183799996972084
img_01484.jpg,-0.3142000138759613
img_02058.jpg,0.1062999963760376
img_09313.jpg,-0.3142000138759613
img_04474.jpg,-0.1524000018835067
img_13608.jpg,-0.067500002682209
img_10689_mirrored.jpg,0.1177999973297119
img_12210_mirrored.jpg,0.0377999991178512
img_00685.jpg,-0.0272000003606081
img_11009.jpg,-0.0408000014722347
img_05691_mirrored.jpg,0.018300000578165
img_13185_mirrored.jpg,-0.0098999999463558
img_09535.jpg,0.1046999990940094
img_10610_mirrored.jpg,-0.0041999998502433
img_09475.jpg,-0.0093999998643994
img_00729_mirrored.jpg,0.0230000000447034
img_04233.jpg,0.1758999973535537
img_01622.jpg,0.1550000011920929
img_14864.jpg,0.0
img_12528.jpg,-0.2313999980688095
img_01631.jpg,-0.018300000578165
img_13230.jpg,-0.0219999998807907
img_00254.jpg,-0.0910999998450279
img_12578_mirrored.jpg,0.0879999995231628
img_12839_mirrored.jpg,0.1075000017881393
img_14641_mirrored.jpg,-0.018300000578165
img_03610.jpg,0.0469999983906745
img_11994_mirrored.jpg,0.006800000090152
img_05760_mirrored.jpg,0.0041999998502433
img_01905.jpg,-0.2451000064611435
img_00290.jpg,-0.1000000014901161
img_12743.jpg,-0.0046999999321997
img_08977_mirrored.jpg,-0.0313999988138675
img_14635.jpg,-0.0283000003546476
img_14744.jpg,-0.0414000004529953
img_09475_mirrored.jpg,0.0093999998643994
img_13818.jpg,-0.0419000014662742
img_12273.jpg,0.0318999998271465
img_00173_mirrored.jpg,0.0706999972462654
img_14832.jpg,-0.5235999822616577
img_14402_mirrored.jpg,0.1439999938011169
img_06827_mirrored.jpg,0.1130999997258186
img_03656_mirrored.jpg,-0.1066000014543533
img_04301.jpg,0.0198999997228384
img_09645.jpg,-0.1627999991178512
img_09665.jpg,-0.0057999999262392
img_00699_mirrored.jpg,-0.0604999996721744
img_10529.jpg,0.1162000000476837
img_01188_mirrored.jpg,0.0785000026226043
img_06726.jpg,-0.0465999990701675
img_07634.jpg,0.1162000000476837
img_05006.jpg,-0.2178000062704086
img_05969.jpg,-0.0194000005722045
img_10171.jpg,0.0434999987483024
img_04985_mirrored.jpg,0.0821999981999397
img_02421_mirrored.jpg,0.3142000138759613
img_04997.jpg,-0.2348999977111816
img_07806_mirrored.jpg,0.1429000049829483
img_06767.jpg,-0.0538999997079372
img_12786_mirrored.jpg,-0.0078999996185302
img_05117.jpg,-0.0041999998502433
img_07545.jpg,0.0957999974489212
img_04596.jpg,0.1371999979019165
img_03585.jpg,0.132200002670288
img_10247.jpg,-0.3109000027179718
img_04316.jpg,-0.0504000000655651
img_12316_mirrored.jpg,-0.0513000003993511
img_14846.jpg,-0.5235999822616577
img_07302_mirrored.jpg,0.1246000006794929
img_07848.jpg,-0.3142000138759613
img_01345_mirrored.jpg,0.1863999962806701
img_10089.jpg,-0.0780000016093254
img_11655.jpg,-0.3142000138759613
img_00743_mirrored.jpg,-0.0046999999321997
img_05594_mirrored.jpg,0.0355999991297721
img_13826_mirrored.jpg,0.0706999972462654
img_04137.jpg,-0.0037000000011175
img_01527.jpg,0.0308999996632337
img_00369_mirrored.jpg,0.3046999871730804
img_08692_mirrored.jpg,0.0052000000141561
img_00694.jpg,0.002600000007078
img_05439_mirrored.jpg,0.2105000019073486
img_13834.jpg,0.137700006365776
img_01628_mirrored.jpg,-0.0544999986886978
img_05219_mirrored.jpg,0.0812000036239624
img_06917_mirrored.jpg,0.228300005197525
img_11673_mirrored.jpg,0.1423999965190887
img_05571.jpg,-0.0287999995052814
img_08515.jpg,0.1796000003814697
img_09557.jpg,0.1853999942541122
img_08470.jpg,0.0078999996185302
img_05129_mirrored.jpg,0.0037000000011175
img_05476_mirrored.jpg,0.0728000029921531
img_13440_mirrored.jpg,0.0340000018477439
img_11166_mirrored.jpg,0.1597000062465667
img_08118.jpg,-0.0219999998807907
img_07963.jpg,0.0287999995052814
img_09598.jpg,-0.0324999988079071
img_03268_mirrored.jpg,0.0476000010967254
img_02128_mirrored.jpg,0.0031000000890344
img_02566.jpg,-0.0126000000163912
img_08577_mirrored.jpg,-0.0443999990820884
img_14703.jpg,-0.0564999990165233
img_13865_mirrored.jpg,-0.0120000001043081
img_09991.jpg,-0.0063000000081956
img_10246_mirrored.jpg,0.2730000019073486
img_07556_mirrored.jpg,0.1067999973893165
img_14465.jpg,-0.3142000138759613
img_13942_mirrored.jpg,0.0732999965548515
img_13837_mirrored.jpg,-0.1942999958992004
img_04726.jpg,0.0063000000081956
img_05042.jpg,-0.008899999782443
img_12559_mirrored.jpg,0.1403000056743621
img_09949_mirrored.jpg,-0.0560000017285347
img_14176_mirrored.jpg,-0.1528999954462051
img_09943.jpg,-0.0109999999403953
img_05396_mirrored.jpg,0.1367000043392181
img_09522.jpg,0.1590999960899353
img_04474_mirrored.jpg,0.1524000018835067
img_11661.jpg,-0.3142000138759613
img_13478.jpg,-0.1680999994277954
img_14430_mirrored.jpg,0.1528999954462051
img_07679_mirrored.jpg,-0.1072999984025955
img_00693.jpg,0.0041999998502433
img_04325.jpg,-0.0983999967575073
img_01131.jpg,-0.0606999993324279
img_13293.jpg,0.1476999968290329
img_06537.jpg,0.1784999966621399
img_02021_mirrored.jpg,0.0093999998643994
img_01061.jpg,0.0078999996185302
img_12064_mirrored.jpg,0.100500002503395
img_07574_mirrored.jpg,-0.1371999979019165
img_04237_mirrored.jpg,-0.0403000004589557
img_12079_mirrored.jpg,0.094200000166893
img_03733.jpg,0.1367000043392181
img_12142.jpg,-0.3142000138759613
img_05579.jpg,0.0046999999321997
img_12562.jpg,-0.1550000011920929
img_05182_mirrored.jpg,-0.0723000019788742
img_11149.jpg,-0.1308999955654144
img_11353_mirrored.jpg,-0.1251000016927719
img_04630_mirrored.jpg,-0.2223999947309494
img_14310_mirrored.jpg,-0.1407999992370605
img_06747_mirrored.jpg,-0.013600000180304
img_01596.jpg,0.1952999979257583
img_01881_mirrored.jpg,0.3142000138759613
img_04033_mirrored.jpg,0.0078999996185302
img_03166.jpg,0.018300000578165
img_04106_mirrored.jpg,-0.0131000000983476
img_10894_mirrored.jpg,0.0251000002026557
img_00281.jpg,-0.0627999976277351
img_02368_mirrored.jpg,0.2763000130653381
img_07324_mirrored.jpg,0.1685999929904937
img_07103.jpg,-0.0031000000890344
img_05812.jpg,-0.0318999998271465
img_08971_mirrored.jpg,0.0052000000141561
img_09067_mirrored.jpg,0.0790999978780746
img_01560.jpg,0.0115000000223517
img_05533_mirrored.jpg,0.0842999964952468
img_12774_mirrored.jpg,-0.0219999998807907
img_07869_mirrored.jpg,0.3142000138759613
img_09612_mirrored.jpg,0.0162000004202127
img_05829.jpg,-0.1439999938011169
img_11580_mirrored.jpg,0.0225000008940696
img_11366.jpg,-0.0063000000081956
img_05256.jpg,-0.0131000000983476
img_02083.jpg,0.0236000008881092
img_13785_mirrored.jpg,-0.0507999993860721
img_08642.jpg,0.0063000000081956
img_01545_mirrored.jpg,-0.0324999988079071
img_00939.jpg,-0.2440000027418136
img_06368.jpg,-0.2576000094413757
img_13166_mirrored.jpg,0.3142000138759613
img_08842.jpg,-0.3142000138759613
img_06789_mirrored.jpg,0.0491999983787536
img_04984.jpg,-0.0952999964356422
img_07170.jpg,-0.0738999992609024
img_10922.jpg,-0.0063000000081956
img_03165_mirrored.jpg,-0.017799999564886
img_04149_mirrored.jpg,0.0031000000890344
img_01565.jpg,0.1203000023961067
img_09336_mirrored.jpg,0.2538999915122986
img_11582_mirrored.jpg,0.0194000005722045
img_10464.jpg,0.1142999976873397
img_14668_mirrored.jpg,0.0037000000011175
img_01557.jpg,-0.0078999996185302
img_00437.jpg,-0.2261999994516372
img_04788_mirrored.jpg,0.0126000000163912
img_10615.jpg,0.017799999564886
img_12212_mirrored.jpg,0.2578999996185303
img_12501_mirrored.jpg,0.0419000014662742
img_11456.jpg,0.0173000004142522
img_02657.jpg,0.1937000006437301
img_01950.jpg,-0.244499996304512
img_03517_mirrored.jpg,0.0251000002026557
img_01214_mirrored.jpg,0.0885000005364418
img_07489_mirrored.jpg,0.0696000009775161
img_03891_mirrored.jpg,0.2538000047206878
img_07101.jpg,-0.0031000000890344
img_00793.jpg,-0.1395999938249588
img_00761_mirrored.jpg,0.1052000001072883
img_08050.jpg,-0.0057999999262392
img_05127_mirrored.jpg,0.0041999998502433
img_09669.jpg,0.0115000000223517
img_01294_mirrored.jpg,0.0885000005364418
img_06775_mirrored.jpg,0.0386999994516372
img_01232_mirrored.jpg,0.0052000000141561
img_12015_mirrored.jpg,0.0434999987483024
img_04914.jpg,-0.3125999867916107
img_13012_mirrored.jpg,0.1067999973893165
img_04497_mirrored.jpg,0.3142000138759613
img_06685_mirrored.jpg,0.0423999987542629
img_07306.jpg,-0.146599993109703
img_05147_mirrored.jpg,0.0031000000890344
img_14339.jpg,-0.0052000000141561
img_07116.jpg,-0.05180000141263
img_05257_mirrored.jpg,0.0073000001721084
img_09589_mirrored.jpg,0.0162000004202127
img_06569.jpg,0.0800999999046325
img_01986.jpg,-0.0685999989509582
img_11897.jpg,-0.0031000000890344
img_07696_mirrored.jpg,0.2142000049352646
img_03016.jpg,-0.0926999971270561
img_00565_mirrored.jpg,0.0304000005125999
img_01614.jpg,0.1041999980807304
img_07136_mirrored.jpg,-0.1125999987125396
img_11786.jpg,-0.0063000000081956
img_11077_mirrored.jpg,0.0491999983787536
img_12032_mirrored.jpg,0.0952999964356422
img_03668.jpg,0.0995000004768371
img_00636.jpg,0.1748999953269958
img_08882.jpg,-0.2067999988794326
img_02843_mirrored.jpg,0.1796000003814697
img_08175.jpg,-0.0617999993264675
img_11864_mirrored.jpg,0.0073000001721084
img_14304_mirrored.jpg,-0.018300000578165
img_12401.jpg,0.096900001168251
img_04519_mirrored.jpg,0.0653999969363212
img_14549_mirrored.jpg,0.3142000138759613
img_03965_mirrored.jpg,0.2786000072956085
img_04024_mirrored.jpg,-0.0297999996691942
img_08085.jpg,-0.018300000578165
img_12882_mirrored.jpg,0.0272000003606081
img_06695.jpg,0.0037000000011175
img_01621.jpg,0.1441999971866607
img_04099.jpg,0.0256999991834163
img_13926_mirrored.jpg,0.0995000004768371
img_04501.jpg,-0.3142000138759613
img_10546.jpg,-0.0366999991238117
img_01424.jpg,-0.2098000049591064
img_09973.jpg,0.0219999998807907
img_08526.jpg,-0.1246000006794929
img_07210.jpg,-0.0109999999403953
img_10994_mirrored.jpg,0.0167999994009733
img_04645.jpg,0.1497000008821487
img_10598_mirrored.jpg,0.0078999996185302
img_09228_mirrored.jpg,0.1010999977588653
img_11967_mirrored.jpg,-0.1105000004172325
img_07209_mirrored.jpg,0.0109999999403953
img_05409_mirrored.jpg,0.3142000138759613
img_05076_mirrored.jpg,-0.0397999994456768
img_03641_mirrored.jpg,-0.1524000018835067
img_13653.jpg,-0.0109999999403953
img_07226_mirrored.jpg,0.0507999993860721
img_07728_mirrored.jpg,-0.0126000000163912
img_14313_mirrored.jpg,-0.130400002002716
img_06311_mirrored.jpg,0.0597000010311603
img_13026_mirrored.jpg,0.1486999988555908
img_07607_mirrored.jpg,-0.1303000003099441
img_06946.jpg,-0.033500000834465
img_10582.jpg,-0.0724000036716461
img_06481.jpg,-0.3142000138759613
img_10888.jpg,0.1151999980211258
img_03581_mirrored.jpg,-0.0421000011265277
img_02788_mirrored.jpg,0.09740000218153
img_00724_mirrored.jpg,0.0544999986886978
img_00217.jpg,0.0057999999262392
img_12140_mirrored.jpg,0.2590000033378601
img_08109_mirrored.jpg,-0.1099999994039535
img_03196.jpg,-0.0428999997675418
img_05426_mirrored.jpg,0.3142000138759613
img_03984_mirrored.jpg,-0.0083999997004866
img_07855_mirrored.jpg,0.1371999979019165
img_08450.jpg,0.0162000004202127
img_10241.jpg,-0.1738000065088272
img_04495.jpg,-0.3142000138759613
img_03623.jpg,0.1482000052928924
img_05621.jpg,0.1356000006198883
img_04441_mirrored.jpg,0.1199000030755996
img_13603_mirrored.jpg,0.0147000001743435
img_05538.jpg,-0.0461000017821788
img_14017.jpg,-0.2926999926567077
img_04067.jpg,0.0115000000223517
img_10568.jpg,0.0167999994009733
img_14934_mirrored.jpg,0.5235999822616577
img_08604_mirrored.jpg,-0.094200000166893
img_04109.jpg,-0.0041999998502433
img_14399.jpg,-0.1889999955892563
img_12699.jpg,-0.262800008058548
img_15101_mirrored.jpg,-0.5235999822616577
img_13548_mirrored.jpg,0.2759000062942505
img_14457.jpg,-0.3142000138759613
img_06019_mirrored.jpg,0.0093999998643994
img_13800.jpg,-0.0152000002562999
img_06763.jpg,-0.1010999977588653
img_05856.jpg,-0.150299996137619
img_09367.jpg,-0.2587000131607055
img_00487.jpg,0.0147000001743435
img_04908_mirrored.jpg,0.3142000138759613
img_14728_mirrored.jpg,0.0187999997287988
img_13568_mirrored.jpg,0.3142000138759613
img_14322.jpg,-0.2287999987602234
img_14772_mirrored.jpg,0.5235999822616577
img_05477.jpg,-0.0456000007688999
img_15084_mirrored.jpg,-0.5235999822616577
img_02940.jpg,-0.3142000138759613
img_15037.jpg,0.5235999822616577
img_03053.jpg,0.0098999999463558
img_14712.jpg,-0.0775000005960464
img_08329_mirrored.jpg,0.1397999972105026
img_07068.jpg,0.006800000090152
img_01637.jpg,0.1129999980330467
img_07571_mirrored.jpg,-0.1199000030755996
img_08419.jpg,-0.3142000138759613
img_11305.jpg,-0.3142000138759613
img_03553.jpg,0.2854000031948089
img_02769_mirrored.jpg,-0.0073000001721084
img_04051_mirrored.jpg,0.05180000141263
img_00078_mirrored.jpg,0.0031000000890344
img_02577_mirrored.jpg,-0.1058000028133392
img_09853_mirrored.jpg,0.2696999907493591
img_08893_mirrored.jpg,0.0204000007361173
img_13503.jpg,0.0381999984383583
img_04260_mirrored.jpg,0.0073000001721084
img_06437_mirrored.jpg,0.3142000138759613
img_03966.jpg,-0.274399995803833
img_10321_mirrored.jpg,0.3142000138759613
img_00307.jpg,-0.1020999997854232
img_08348.jpg,-0.244499996304512
img_05118.jpg,-0.0057999999262392
img_13870.jpg,-0.0293000005185604
img_10220_mirrored.jpg,0.1613000035285949
img_05841_mirrored.jpg,0.1817000061273574
img_06108.jpg,-0.0031000000890344
img_05224.jpg,-0.0476000010967254
img_09168_mirrored.jpg,0.0419000014662742
img_09776.jpg,-0.1560000032186508
img_05559_mirrored.jpg,-0.2046999931335449
img_04588_mirrored.jpg,-0.1002999991178512
img_03269.jpg,-0.0465999990701675
img_13005_mirrored.jpg,0.063400000333786
img_11034.jpg,0.1623000055551529
img_04158.jpg,-0.0571000017225742
img_07273_mirrored.jpg,0.0639000013470649
img_01713_mirrored.jpg,-0.1190999969840049
img_13442_mirrored.jpg,0.0381999984383583
img_07793_mirrored.jpg,0.1853999942541122
img_15118_mirrored.jpg,-0.5235999822616577
img_11298_mirrored.jpg,0.3142000138759613
img_01337_mirrored.jpg,0.1571000069379806
img_10480_mirrored.jpg,-0.2418999969959259
img_01267.jpg,-0.0890000015497207
img_11452_mirrored.jpg,0.0304000005125999
img_00938.jpg,-0.265500009059906
img_05179.jpg,0.0225000008940696
img_07077.jpg,-0.0057999999262392
img_08322.jpg,-0.1367000043392181
img_01217.jpg,-0.0763999968767166
img_08456_mirrored.jpg,0.063400000333786
img_02175_mirrored.jpg,0.0098999999463558
img_10196.jpg,-0.0754000023007392
img_08907_mirrored.jpg,0.2822000086307525
img_13299_mirrored.jpg,-0.0283000003546476
img_06441_mirrored.jpg,0.2921999990940094
img_11435_mirrored.jpg,0.0204000007361173
img_09494.jpg,-0.0318999998271465
img_14532_mirrored.jpg,0.1000000014901161
img_03637.jpg,0.1046999990940094
img_10600.jpg,0.0031000000890344
img_04511_mirrored.jpg,0.3142000138759613
img_08218.jpg,-0.0800999999046325
img_00360_mirrored.jpg,0.1141000017523765
img_09420_mirrored.jpg,-0.018300000578165
img_02854.jpg,-0.1120999976992607
img_11213.jpg,-0.3131000101566314
img_03525.jpg,0.0115000000223517
img_09574.jpg,0.0439999997615814
img_05175.jpg,-0.0680999979376792
img_07239_mirrored.jpg,0.0057999999262392
img_13789_mirrored.jpg,-0.1093999966979026
img_14555.jpg,-0.1806000024080276
img_10704_mirrored.jpg,-0.0167999994009733
img_13051.jpg,-0.3142000138759613
img_11495_mirrored.jpg,0.0073000001721084
img_01171.jpg,-0.0381999984383583
img_00121_mirrored.jpg,0.0639000013470649
img_14490.jpg,-0.3142000138759613
img_07028.jpg,0.0078999996185302
img_04975.jpg,-0.2707000076770782
img_00714_mirrored.jpg,0.162100002169609
img_07629.jpg,0.0737999975681305
img_07940_mirrored.jpg,0.1220000013709068
img_01360_mirrored.jpg,0.3142000138759613
img_00848_mirrored.jpg,0.0120000001043081
img_12042_mirrored.jpg,-0.048700001090765
img_14960.jpg,0.0
img_04184_mirrored.jpg,0.0156999994069337
img_13769.jpg,-0.0564999990165233
img_10795.jpg,-0.1067999973893165
img_15174_mirrored.jpg,-0.0
img_11025.jpg,-0.0769999995827674
img_08787.jpg,0.1010999977588653
img_03082_mirrored.jpg,0.018300000578165
img_00843_mirrored.jpg,-0.0456000007688999
img_05975_mirrored.jpg,0.1240999996662139
img_13564_mirrored.jpg,0.3142000138759613
img_11915_mirrored.jpg,0.0304000005125999
img_06464.jpg,-0.3142000138759613
img_00940_mirrored.jpg,0.2115000039339065
img_08186_mirrored.jpg,-0.008899999782443
img_05905.jpg,-0.1381999999284744
img_11964.jpg,0.0351000018417835
img_12407_mirrored.jpg,0.0236000008881092
img_06076_mirrored.jpg,-0.0141000002622604
img_11845_mirrored.jpg,-0.024100000038743
img_01279_mirrored.jpg,-0.0800999999046325
img_12371.jpg,0.0467000007629394
img_14598.jpg,-0.1215000003576278
img_08134.jpg,-0.0423999987542629
img_12524_mirrored.jpg,0.1544999927282333
img_07809_mirrored.jpg,0.1528999954462051
img_12241_mirrored.jpg,0.2366999983787536
img_03908.jpg,-0.3073999881744385
img_10119.jpg,-0.0403000004589557
img_02044.jpg,-0.0046999999321997
img_00782_mirrored.jpg,0.0208999998867511
img_05843_mirrored.jpg,0.1847999989986419
img_13270.jpg,0.1821999996900558
img_05989_mirrored.jpg,0.0983999967575073
img_05638.jpg,0.1360999941825866
img_06072.jpg,-0.0156999994069337
img_08718.jpg,-0.0445000007748603
img_08916_mirrored.jpg,0.0355999991297721
img_04245_mirrored.jpg,0.0785000026226043
img_07692_mirrored.jpg,0.1555999964475631
img_08694.jpg,0.0046999999321997
img_01601.jpg,0.1156999990344047
img_01883.jpg,-0.3142000138759613
img_05929_mirrored.jpg,0.3142000138759613
img_14672_mirrored.jpg,0.0031000000890344
img_08136.jpg,-0.0346000008285045
img_01699_mirrored.jpg,-0.006800000090152
img_09295.jpg,-0.130400002002716
img_14347.jpg,0.0093999998643994
img_03986_mirrored.jpg,0.0176999997347593
img_07465.jpg,-0.2915999889373779
img_05738.jpg,-0.1093000024557113
img_03542_mirrored.jpg,0.0162000004202127
img_03340.jpg,-0.1036999970674514
img_09948.jpg,0.0386999994516372
img_04121_mirrored.jpg,0.0037000000011175
img_07894.jpg,-0.2037000060081482
img_15023.jpg,0.5235999822616577
img_07035_mirrored.jpg,-0.1182999983429908
img_05392.jpg,-0.2398000061511993
img_02435_mirrored.jpg,0.1740999966859817
img_04315_mirrored.jpg,0.0408000014722347
img_07353_mirrored.jpg,0.096900001168251
img_05814.jpg,-0.0710999965667724
img_03409.jpg,-0.2948000133037567
img_02852_mirrored.jpg,0.1240999996662139
img_07292_mirrored.jpg,0.0549999997019767
img_02626_mirrored.jpg,-0.1292999982833862
img_13295_mirrored.jpg,-0.130400002002716
img_07245_mirrored.jpg,0.0806000009179115
img_04188_mirrored.jpg,0.0194000005722045
img_04287_mirrored.jpg,0.0533999986946582
img_14226_mirrored.jpg,-0.1445000022649765
img_06543.jpg,-0.0215000007301569
img_00718_mirrored.jpg,0.2105000019073486
img_14309.jpg,0.1282999962568283
img_07084.jpg,-0.0031000000890344
img_14226.jpg,0.1445000022649765
img_06426_mirrored.jpg,0.2623000144958496
img_06274_mirrored.jpg,0.0916000008583068
img_09361.jpg,-0.3142000138759613
img_14154.jpg,0.1172999963164329
img_13093.jpg,-0.3142000138759613
img_11357.jpg,-0.0272000003606081
img_04350.jpg,-0.1356000006198883
img_02240.jpg,0.008899999782443
img_11574.jpg,-0.0355999991297721
img_00799_mirrored.jpg,0.2120999991893768
img_04770.jpg,-0.0052000000141561
img_08924.jpg,-0.2346999943256378
img_11843.jpg,0.018300000578165
img_15176.jpg,0.0
img_05473_mirrored.jpg,0.1774999946355819
img_07001_mirrored.jpg,0.0120000001043081
img_03983_mirrored.jpg,-0.0093999998643994
img_13345.jpg,-0.0141000002622604
img_13718.jpg,0.0198999997228384
img_08924_mirrored.jpg,0.2346999943256378
img_02194.jpg,-0.0606999993324279
img_13862.jpg,0.0078999996185302
img_15075.jpg,0.5235999822616577
img_10587_mirrored.jpg,0.224600002169609
img_10770_mirrored.jpg,0.2989999949932098
img_08581_mirrored.jpg,-0.1601999998092651
img_11703_mirrored.jpg,0.3142000138759613
img_05238.jpg,0.1544999927282333
img_14745_mirrored.jpg,0.0419000014662742
img_00155_mirrored.jpg,0.013600000180304
img_00343.jpg,-0.2280000001192093
img_06061_mirrored.jpg,-0.1046999990940094
img_03126.jpg,-0.0037000000011175
img_01764_mirrored.jpg,0.0156999994069337
img_03878.jpg,-0.0098999999463558
img_02665.jpg,-0.0293000005185604
img_12760.jpg,0.0324999988079071
img_05899_mirrored.jpg,0.2791000008583069
img_05381.jpg,-0.2285999953746795
img_11594.jpg,-0.2222000062465667
img_02271_mirrored.jpg,0.0538999997079372
img_04014_mirrored.jpg,0.2648000121116638
img_06252_mirrored.jpg,0.0502999983727932
img_09316.jpg,-0.2942999899387359
img_05286.jpg,-0.0041999998502433
img_09725.jpg,-0.1518000066280365
img_02787_mirrored.jpg,0.1015999987721443
img_14440_mirrored.jpg,0.0126000000163912
img_00331.jpg,-0.1544999927282333
img_00511.jpg,-0.0187999997287988
img_05935_mirrored.jpg,0.3142000138759613
img_03218.jpg,0.0542000010609626
img_14774_mirrored.jpg,0.5235999822616577
img_01201_mirrored.jpg,-0.1821999996900558
img_02269.jpg,-0.0256999991834163
img_14763_mirrored.jpg,0.5235999822616577
img_03196_mirrored.jpg,0.0428999997675418
img_08819.jpg,-0.3142000138759613
img_10712_mirrored.jpg,0.1240999996662139
img_00341.jpg,-0.1876000016927719
img_01624_mirrored.jpg,-0.1429000049829483
img_09126_mirrored.jpg,-0.0204000007361173
img_02237_mirrored.jpg,0.008899999782443
img_09333.jpg,-0.3142000138759613
img_02712.jpg,-0.0104999998584389
img_10759_mirrored.jpg,0.2942999899387359
img_10299_mirrored.jpg,0.2732999920845032
img_09088.jpg,0.0403000004589557
img_00775_mirrored.jpg,0.0392999984323978
img_05659.jpg,0.201100006699562
img_10953.jpg,-0.0031000000890344
img_02553.jpg,0.1367000043392181
img_03377.jpg,-0.2612999975681305
img_00222.jpg,-0.0063000000081956
img_03945.jpg,-0.3142000138759613
img_14828.jpg,0.0
img_15135_mirrored.jpg,-0.5235999822616577
img_08517.jpg,0.1099999994039535
img_05527.jpg,-0.0093999998643994
img_11542_mirrored.jpg,0.0115000000223517
img_13788_mirrored.jpg,-0.1141000017523765
img_02244_mirrored.jpg,0.0073000001721084
img_01211_mirrored.jpg,0.05180000141263
img_04965.jpg,-0.2748999893665313
img_09147_mirrored.jpg,0.1015999987721443
img_11526.jpg,-0.1371999979019165
img_12161_mirrored.jpg,0.3142000138759613
img_04575.jpg,-0.0198999997228384
img_06098_mirrored.jpg,0.0073000001721084
img_06549_mirrored.jpg,0.017799999564886
img_01369_mirrored.jpg,0.1482000052928924
img_01694.jpg,-0.0397999994456768
img_11923_mirrored.jpg,-0.1156999990344047
img_01179.jpg,-0.0245999991893768
img_14966_mirrored.jpg,-0.5235999822616577
img_08266_mirrored.jpg,0.0706999972462654
img_03249.jpg,-0.006800000090152
img_04770_mirrored.jpg,0.0052000000141561
img_04252.jpg,-0.0131000000983476
img_11885_mirrored.jpg,0.0037000000011175
img_03998_mirrored.jpg,0.244499996304512
img_04504_mirrored.jpg,0.3142000138759613
img_13474_mirrored.jpg,0.1381999999284744
img_10708_mirrored.jpg,0.0408000014722347
img_00894.jpg,-0.2524000108242035
img_03614_mirrored.jpg,-0.1877000033855438
img_08996_mirrored.jpg,0.0156999994069337
img_02737_mirrored.jpg,0.0876000002026557
img_03007.jpg,-0.2460999935865402
img_03326.jpg,-0.0716999992728233
img_04501_mirrored.jpg,0.3142000138759613
img_10293_mirrored.jpg,0.3142000138759613
img_14319.jpg,-0.1439999938011169
img_00139.jpg,0.1000000014901161
img_09932_mirrored.jpg,0.1026000007987022
img_01634_mirrored.jpg,-0.0256999991834163
img_14640.jpg,0.0131000000983476
img_07253.jpg,-0.0649000033736229
img_09681.jpg,-0.0905999988317489
img_15102_mirrored.jpg,-0.5235999822616577
img_12592.jpg,-0.3142000138759613
img_02168.jpg,-0.0162000004202127
img_14529_mirrored.jpg,0.1230000033974647
img_12870.jpg,-0.0152000002562999
img_03427_mirrored.jpg,0.3142000138759613
img_12227_mirrored.jpg,0.3142000138759613
img_12436.jpg,0.0198999997228384
img_05472.jpg,-0.2020999938249588
img_04686_mirrored.jpg,-0.093699999153614
img_11200_mirrored.jpg,0.1220000013709068
img_11077.jpg,-0.0491999983787536
img_14896.jpg,-0.5235999822616577
img_12220_mirrored.jpg,0.3142000138759613
img_14688_mirrored.jpg,0.0031000000890344
img_02253_mirrored.jpg,0.0507999993860721
img_04520_mirrored.jpg,0.0386999994516372
img_10217_mirrored.jpg,0.1508000046014785
img_02043_mirrored.jpg,0.0031000000890344
img_04879.jpg,0.0456000007688999
img_08619_mirrored.jpg,0.0162000004202127
img_09795_mirrored.jpg,0.3142000138759613
img_04583.jpg,0.0041999998502433
img_01513.jpg,-0.0885000005364418
img_05006_mirrored.jpg,0.2178000062704086
img_11185.jpg,-0.3142000138759613
img_11083.jpg,0.0083999997004866
img_11177_mirrored.jpg,0.1913000047206878
img_10822_mirrored.jpg,0.0806000009179115
img_02364_mirrored.jpg,0.2002999931573867
img_10859_mirrored.jpg,0.070200003683567
img_01191_mirrored.jpg,0.0524000003933906
img_09161.jpg,0.013600000180304
img_10302_mirrored.jpg,0.1601999998092651
img_06556.jpg,0.0109999999403953
img_04159_mirrored.jpg,0.060199998319149
img_05832.jpg,-0.1387999951839447
img_07310_mirrored.jpg,0.1591999977827072
img_14220_mirrored.jpg,-0.0962999984622001
img_11017.jpg,-0.0445000007748603
img_08709.jpg,-0.093699999153614
img_12274_mirrored.jpg,-0.0575000010430812
img_11999.jpg,0.0104999998584389
img_11417.jpg,0.1601999998092651
img_01513_mirrored.jpg,0.0885000005364418
img_06847.jpg,-0.0194000005722045
img_08412.jpg,-0.3142000138759613
img_01117_mirrored.jpg,0.0031000000890344
img_09746_mirrored.jpg,0.1403000056743621
img_13449_mirrored.jpg,0.0194000005722045
img_11027.jpg,-0.0340000018477439
img_03419.jpg,-0.2994999885559082
img_10726.jpg,-0.3142000138759613
img_13414_mirrored.jpg,-0.0098999999463558
img_07388_mirrored.jpg,0.3142000138759613
img_01520.jpg,-0.0266999993473291
img_01965.jpg,0.008899999782443
img_14010.jpg,-0.3142000138759613
img_11072.jpg,-0.0507999993860721
img_05318_mirrored.jpg,0.0456000007688999
img_09935_mirrored.jpg,0.0386999994516372
img_01813_mirrored.jpg,0.1821999996900558
img_01150_mirrored.jpg,-0.1125999987125396
img_05044.jpg,-0.0098999999463558
img_13375.jpg,0.1282999962568283
img_03514_mirrored.jpg,0.0749000012874603
img_07949.jpg,-0.1875
img_09612.jpg,-0.0162000004202127
img_01663.jpg,0.1031000018119812
img_10714.jpg,-0.1859000027179718
img_01943_mirrored.jpg,0.3142000138759613
img_11710.jpg,-0.209999993443489
img_04842.jpg,-0.1419000029563903
img_12779.jpg,0.024100000038743
img_04725.jpg,0.0063000000081956
img_12979_mirrored.jpg,-0.1136000007390976
img_00968_mirrored.jpg,0.2508000135421753
img_13464.jpg,-0.2004999965429306
img_08074.jpg,-0.0031000000890344
img_00581.jpg,0.0659999996423721
img_03270.jpg,-0.0439999997615814
img_07482_mirrored.jpg,0.033500000834465
img_02188.jpg,-0.0403000004589557
img_04771_mirrored.jpg,0.0057999999262392
img_00186.jpg,0.0731000006198883
img_15110_mirrored.jpg,-0.5235999822616577
img_03939.jpg,-0.250900000333786
img_11492.jpg,-0.0318999998271465
img_13691.jpg,0.1194000020623207
img_14392.jpg,-0.1590999960899353
img_02074_mirrored.jpg,-0.0098999999463558
img_03763_mirrored.jpg,0.0057999999262392
img_11670_mirrored.jpg,0.1994999945163726
img_08381_mirrored.jpg,0.3142000138759613
img_12859.jpg,0.0251000002026557
img_00793_mirrored.jpg,0.1395999938249588
img_11177.jpg,-0.1913000047206878
img_04411_mirrored.jpg,0.3142000138759613
img_03236.jpg,-0.0718000009655952
img_14764_mirrored.jpg,0.5235999822616577
img_02497.jpg,-0.3142000138759613
img_12491_mirrored.jpg,0.0806000009179115
img_06604.jpg,0.2587000131607055
img_12140.jpg,-0.2590000033378601
img_09491_mirrored.jpg,-0.1036999970674514
img_09677.jpg,-0.0230999998748302
img_11446.jpg,0.1962999999523162
img_08987.jpg,0.0465999990701675
img_08707.jpg,-0.0690999999642372
img_14777_mirrored.jpg,0.5235999822616577
img_07576.jpg,0.1958000063896179
img_09524.jpg,0.2054000049829483
img_12487.jpg,-0.0204000007361173
img_07093.jpg,-0.0037000000011175
img_03143.jpg,-0.0031000000890344
img_09108.jpg,-0.0423999987542629
img_04946.jpg,-0.3142000138759613
img_09808_mirrored.jpg,0.186499997973442
img_04185.jpg,-0.0167999994009733
img_09034_mirrored.jpg,0.0031000000890344
img_11201.jpg,-0.1348000019788742
img_15014_mirrored.jpg,-0.5235999822616577
img_02140.jpg,-0.0513000003993511
img_03467.jpg,-0.2135999947786331
img_08424.jpg,-0.3142000138759613
img_04915.jpg,-0.2969000041484833
img_13052.jpg,-0.3142000138759613
img_09338.jpg,-0.176499992609024
img_11879.jpg,-0.0031000000890344
img_12072.jpg,-0.0456000007688999
img_13318_mirrored.jpg,-0.0428999997675418
img_08010.jpg,0.1136000007390976
img_05778_mirrored.jpg,0.0408000014722347
img_09121_mirrored.jpg,0.0759000033140182
img_06501_mirrored.jpg,-0.0156999994069337
img_12689_mirrored.jpg,0.0706999972462654
img_13128_mirrored.jpg,0.3046999871730804
img_00506.jpg,-0.0533999986946582
img_00575_mirrored.jpg,0.09740000218153
img_01001.jpg,0.0109999999403953
img_04087.jpg,-0.0173000004142522
img_08361_mirrored.jpg,0.3136000037193298
img_13815.jpg,-0.0340000018477439
img_03264_mirrored.jpg,0.0507999993860721
img_04113_mirrored.jpg,0.0083999997004866
img_04175.jpg,0.0790999978780746
img_00455.jpg,-0.3142000138759613
img_08165.jpg,0.1036999970674514
img_07801.jpg,-0.1199000030755996
img_14296_mirrored.jpg,-0.0078999996185302
img_00118_mirrored.jpg,0.0456000007688999
img_13508_mirrored.jpg,0.0236000008881092
img_05550.jpg,0.1145000010728836
img_11032_mirrored.jpg,-0.1146999970078468
img_04981.jpg,-0.1079000011086463
img_08724.jpg,-0.0366999991238117
img_15076.jpg,0.5235999822616577
img_13173.jpg,-0.2874999940395355
img_01013.jpg,-0.0789000019431114
img_14551_mirrored.jpg,0.289000004529953
img_10424.jpg,-0.032999999821186
img_10333.jpg,-0.1869000047445297
img_04911.jpg,-0.3142000138759613
img_00165.jpg,-0.0361000001430511
img_03979_mirrored.jpg,0.0639000013470649
img_04702.jpg,-0.0109999999403953
img_10727_mirrored.jpg,0.3142000138759613
img_04007_mirrored.jpg,0.0308999996632337
img_05966_mirrored.jpg,0.070200003683567
img_11292.jpg,-0.3142000138759613
img_10353_mirrored.jpg,0.3142000138759613
img_07752.jpg,-0.0392999984323978
img_06810.jpg,-0.1439999938011169
img_03205_mirrored.jpg,0.0555000007152557
img_09976_mirrored.jpg,-0.024100000038743
img_02258.jpg,-0.0465999990701675
img_08318.jpg,-0.2392999976873397
img_09297_mirrored.jpg,0.1084000021219253
img_11500_mirrored.jpg,-0.0083999997004866
img_08129_mirrored.jpg,0.0351000018417835
img_02077.jpg,0.0215000007301569
img_03826_mirrored.jpg,0.2016000002622604
img_02598.jpg,-0.0962999984622001
img_06818_mirrored.jpg,0.183799996972084
img_04020.jpg,-0.1833000034093856
img_04171.jpg,0.0204000007361173
img_13789.jpg,0.1093999966979026
img_02825.jpg,-0.2041999995708465
img_02284.jpg,-0.0297999996691942
img_11362_mirrored.jpg,0.0230000000447034
img_12898_mirrored.jpg,-0.0851999968290329
img_12895_mirrored.jpg,-0.0236000008881092
img_04924_mirrored.jpg,0.1528999954462051
img_08658.jpg,0.1360999941825866
img_04574.jpg,-0.0225000008940696
img_12237.jpg,-0.3142000138759613
img_05443_mirrored.jpg,0.1079000011086463
img_05167_mirrored.jpg,0.0639000013470649
img_03005.jpg,-0.1509000062942505
img_04722_mirrored.jpg,0.0126000000163912
img_00872.jpg,-0.3142000138759613
img_01470.jpg,-0.3142000138759613
img_12563_mirrored.jpg,0.1601999998092651
img_01652.jpg,-0.0251000002026557
img_01326.jpg,-0.1524000018835067
img_06409.jpg,-0.3142000138759613
img_02944_mirrored.jpg,0.2549999952316284
img_06778.jpg,-0.0419000014662742
img_07125_mirrored.jpg,0.0989999994635582
img_09083_mirrored.jpg,-0.1084000021219253
img_14494_mirrored.jpg,0.2973999977111816
img_06991.jpg,0.0313999988138675
img_12014.jpg,-0.0471000000834465
img_01151.jpg,0.093199998140335
img_09782.jpg,-0.3142000138759613
img_10160.jpg,-0.0926999971270561
img_10293.jpg,-0.3142000138759613
img_06962_mirrored.jpg,0.2345999926328659
img_09567_mirrored.jpg,0.0293000005185604
img_05483.jpg,-0.3088999986648559
img_01967.jpg,-0.0071000000461936
img_14865.jpg,0.0
img_14562.jpg,-0.0324999988079071
img_09561.jpg,0.1873999983072281
img_00181_mirrored.jpg,0.0372000001370906
img_07778_mirrored.jpg,0.1643999963998794
img_12155_mirrored.jpg,0.2309000045061111
img_08641_mirrored.jpg,-0.0057999999262392
img_03441_mirrored.jpg,0.1367000043392181
img_11477.jpg,-0.0156999994069337
img_04381.jpg,-0.2506000101566314
img_03597_mirrored.jpg,0.0703999996185302
img_12479.jpg,0.006800000090152
img_05664.jpg,0.1020999997854232
img_09310_mirrored.jpg,0.3142000138759613
img_02340.jpg,-0.1587000042200088
img_06897.jpg,-0.3142000138759613
img_13705.jpg,0.0073000001721084
img_06361.jpg,-0.3142000138759613
img_04799.jpg,-0.09740000218153
img_01259.jpg,-0.0524000003933906
img_02770.jpg,0.0104999998584389
img_09530_mirrored.jpg,-0.1360999941825866
img_10141.jpg,-0.0513000003993511
img_08475_mirrored.jpg,-0.1030000001192092
img_07407_mirrored.jpg,0.3142000138759613
img_02231_mirrored.jpg,0.0439999997615814
img_02747_mirrored.jpg,0.1010999977588653
img_08823.jpg,-0.2973999977111816
img_03122_mirrored.jpg,0.0031000000890344
img_07480_mirrored.jpg,0.0078999996185302
img_03491_mirrored.jpg,0.3142000138759613
img_02439_mirrored.jpg,0.2851000130176544
img_13031.jpg,-0.1617999970912933
img_09988.jpg,-0.0052000000141561
img_02449_mirrored.jpg,0.3142000138759613
img_03573_mirrored.jpg,0.0147000001743435
img_13214_mirrored.jpg,-0.3000000119209289
img_00833.jpg,-0.1476999968290329
img_13967_mirrored.jpg,0.1606999933719635
img_05801.jpg,-0.0414000004529953
img_11960_mirrored.jpg,0.0696000009775161
img_13492.jpg,-0.1324999928474426
img_04517.jpg,-0.150299996137619
img_12875.jpg,-0.0386999994516372
img_00674.jpg,-0.0450000017881393
img_00158_mirrored.jpg,0.0262000001966953
img_11808_mirrored.jpg,-0.0173000004142522
img_00128.jpg,-0.067500002682209
img_13562_mirrored.jpg,0.2684000134468078
img_04142.jpg,-0.0031000000890344
img_07838.jpg,-0.3142000138759613
img_08375_mirrored.jpg,0.2576000094413757
img_00032_mirrored.jpg,-0.0754000023007392
img_08733_mirrored.jpg,0.018300000578165
img_03582_mirrored.jpg,-0.0662999972701072
img_12191_mirrored.jpg,0.3142000138759613
img_14295_mirrored.jpg,0.0120000001043081
img_03710_mirrored.jpg,0.0555000007152557
img_03143_mirrored.jpg,0.0031000000890344
img_11866_mirrored.jpg,0.0057999999262392
img_06104_mirrored.jpg,0.0037000000011175
img_10404_mirrored.jpg,-0.0419000014662742
img_04624.jpg,0.1168000027537345
img_03884.jpg,-0.0812000036239624
img_15093.jpg,0.5235999822616577
img_08137_mirrored.jpg,0.0346000008285045
img_11414.jpg,0.2524000108242035
img_09957_mirrored.jpg,-0.0644000023603439
img_10325.jpg,-0.3136000037193298
img_00471.jpg,-0.3142000138759613
img_12633.jpg,-0.3142000138759613
img_11825.jpg,0.1182999983429908
img_06790_mirrored.jpg,0.0555999986827373
img_11429.jpg,0.1046999990940094
img_00804.jpg,-0.1528999954462051
img_14508_mirrored.jpg,0.2335000038146972
img_07156.jpg,-0.0340000018477439
img_01547.jpg,-0.0236000008881092
img_08957.jpg,-0.120399996638298
img_05904_mirrored.jpg,0.1360999941825866
img_14292.jpg,-0.0381999984383583
img_07915_mirrored.jpg,0.0957999974489212
img_06222_mirrored.jpg,0.0821999981999397
img_09212.jpg,0.1146999970078468
img_14106.jpg,-0.3142000138759613
img_15131.jpg,0.5235999822616577
img_13105.jpg,-0.1356000006198883
img_03750.jpg,-0.1685999929904937
img_06406.jpg,-0.3142000138759613
img_05627_mirrored.jpg,-0.2529000043869018
img_04333.jpg,-0.0592000000178813
img_01839_mirrored.jpg,0.1199000030755996
img_00661.jpg,0.048200000077486
img_09114_mirrored.jpg,0.0408000014722347
img_05463_mirrored.jpg,0.3142000138759613
img_08796.jpg,-0.0208999998867511
img_07051_mirrored.jpg,-0.006800000090152
img_11683_mirrored.jpg,0.2824000120162964
img_03691_mirrored.jpg,-0.0308999996632337
img_11042.jpg,0.0711999982595443
img_07413_mirrored.jpg,0.3142000138759613
img_09679_mirrored.jpg,0.0639000013470649
img_07852_mirrored.jpg,0.2020999938249588
img_06154_mirrored.jpg,-0.0251000002026557
img_11314_mirrored.jpg,-0.0219999998807907
img_06095_mirrored.jpg,0.0073000001721084
img_10147_mirrored.jpg,0.0215000007301569
img_14556_mirrored.jpg,0.1403000056743621
img_00395_mirrored.jpg,0.3142000138759613
img_05130_mirrored.jpg,0.0031000000890344
img_11462.jpg,0.0952999964356422
img_09743_mirrored.jpg,0.1732999980449676
img_01892_mirrored.jpg,0.2178000062704086
img_01027_mirrored.jpg,-0.0156999994069337
img_12473.jpg,-0.0057999999262392
img_06262.jpg,0.002600000007078
img_03325.jpg,-0.0812000036239624
img_03537_mirrored.jpg,0.0361000001430511
img_00629_mirrored.jpg,-0.1712000072002411
img_06735.jpg,-0.0046999999321997
img_14603.jpg,-0.0450000017881393
img_00895_mirrored.jpg,0.2946000099182129
img_13483_mirrored.jpg,0.1821999996900558
img_07294_mirrored.jpg,0.0775000005960464
img_05729_mirrored.jpg,-0.1387999951839447
img_13292_mirrored.jpg,-0.1393000036478042
img_04246.jpg,-0.0680999979376792
img_06857_mirrored.jpg,0.1958000063896179
img_13024_mirrored.jpg,0.1591999977827072
img_01038_mirrored.jpg,-0.0219999998807907
img_05197.jpg,-0.0194000005722045
img_02474_mirrored.jpg,0.3142000138759613
img_14987_mirrored.jpg,-0.5235999822616577
img_09851_mirrored.jpg,0.2791000008583069
img_12562_mirrored.jpg,0.1550000011920929
img_12987_mirrored.jpg,0.0790999978780746
img_15146_mirrored.jpg,-0.5235999822616577
img_14707_mirrored.jpg,0.0989999994635582
img_11964_mirrored.jpg,-0.0351000018417835
img_10289.jpg,-0.3142000138759613
img_12362.jpg,0.1067999973893165
img_04065_mirrored.jpg,0.0083999997004866
img_09104.jpg,-0.0366999991238117
img_02587_mirrored.jpg,-0.0377000011503696
img_03590.jpg,0.1560000032186508
img_06120_mirrored.jpg,0.0037000000011175
img_10381_mirrored.jpg,-0.0208999998867511
img_05718_mirrored.jpg,-0.0063000000081956
img_00029.jpg,0.0379000008106231
img_01197_mirrored.jpg,-0.1026000007987022
img_12075_mirrored.jpg,0.05180000141263
img_01095_mirrored.jpg,0.0031000000890344
img_06170.jpg,-0.0204000007361173
img_01137_mirrored.jpg,0.1062999963760376
img_10178.jpg,0.1146999970078468
img_06942_mirrored.jpg,0.0890000015497207
img_12135_mirrored.jpg,0.0962999984622001
img_08477.jpg,0.1868000030517578
img_03211_mirrored.jpg,0.0759000033140182
img_07186.jpg,0.2000000029802322
img_03900_mirrored.jpg,0.3142000138759613
img_01381.jpg,-0.3142000138759613
img_11751_mirrored.jpg,0.2737999856472015
img_04061.jpg,-0.0041999998502433
img_11762_mirrored.jpg,0.0522000007331371
img_09444.jpg,0.0083999997004866
img_06252.jpg,-0.0502999983727932
img_10643.jpg,-0.0386999994516372
img_12776.jpg,0.0256999991834163
img_12872_mirrored.jpg,0.0308999996632337
img_09631.jpg,0.1407999992370605
img_03575_mirrored.jpg,0.0098999999463558
img_13663_mirrored.jpg,0.1215000003576278
img_02422.jpg,-0.3142000138759613
img_04546_mirrored.jpg,0.018300000578165
img_12687_mirrored.jpg,0.1340000033378601
img_11075.jpg,-0.05180000141263
img_04916.jpg,-0.2554999887943268
img_08406.jpg,-0.0450000017881393
img_00902.jpg,-0.3142000138759613
img_02587.jpg,0.0377000011503696
img_07763.jpg,-0.0266999993473291
img_03975.jpg,-0.100500002503395
img_11555_mirrored.jpg,0.033500000834465
img_14986.jpg,0.5235999822616577
img_10934_mirrored.jpg,0.002600000007078
img_08272_mirrored.jpg,0.1020999997854232
img_10839.jpg,-0.1334999948740005
img_10873_mirrored.jpg,-0.013600000180304
img_02593_mirrored.jpg,0.1215000003576278
img_02408.jpg,-0.2460999935865402
img_00691_mirrored.jpg,-0.0057999999262392
img_09421_mirrored.jpg,-0.0208999998867511
img_09201_mirrored.jpg,0.048200000077486
img_02378_mirrored.jpg,0.228300005197525
img_03457.jpg,-0.3142000138759613
img_09537.jpg,0.131400004029274
img_05182.jpg,0.0723000019788742
img_06500_mirrored.jpg,-0.0173000004142522
img_11504.jpg,0.0304000005125999
img_11768_mirrored.jpg,0.2680000066757202
img_05570_mirrored.jpg,0.0313999988138675
img_00073_mirrored.jpg,0.006800000090152
img_13815_mirrored.jpg,0.0340000018477439
img_08312_mirrored.jpg,0.3142000138759613
img_13201_mirrored.jpg,0.0198999997228384
img_14824.jpg,-0.5235999822616577
img_02692_mirrored.jpg,0.0152000002562999
img_05965.jpg,-0.0885000005364418
img_00051.jpg,0.0052000000141561
img_04454.jpg,-0.3142000138759613
img_08107.jpg,0.093699999153614
img_10469.jpg,0.1826999932527542
img_10709_mirrored.jpg,0.0560000017285347
img_11758.jpg,-0.0639000013470649
img_07382_mirrored.jpg,0.3142000138759613
img_04704.jpg,-0.008899999782443
img_06946_mirrored.jpg,0.033500000834465
img_00666.jpg,-0.0152000002562999
img_10271_mirrored.jpg,0.3142000138759613
img_13556_mirrored.jpg,0.3142000138759613
img_06852.jpg,-0.0696000009775161
img_04302_mirrored.jpg,-0.0245999991893768
img_05166.jpg,-0.0592000000178813
img_02361.jpg,-0.1597000062465667
img_03324.jpg,-0.0885000005364418
img_01660.jpg,0.0732999965548515
img_05687.jpg,0.0397999994456768
img_02493.jpg,-0.3142000138759613
img_13073_mirrored.jpg,0.3142000138759613
img_03570_mirrored.jpg,0.0236000008881092
img_13545.jpg,-0.1869000047445297
img_05146.jpg,-0.0031000000890344
img_05363_mirrored.jpg,0.150299996137619
img_03198.jpg,-0.0423999987542629
img_13806_mirrored.jpg,0.0236000008881092
img_07040.jpg,0.0366999991238117
img_10202.jpg,-0.048700001090765
img_11870_mirrored.jpg,0.0037000000011175
img_14259.jpg,0.0623000003397464
img_03112_mirrored.jpg,0.0052000000141561
img_05254.jpg,-0.0215000007301569
img_06591.jpg,0.1932000070810318
img_02116_mirrored.jpg,0.0037000000011175
img_00133.jpg,0.0251000002026557
img_04008_mirrored.jpg,0.0500999987125396
img_00002_mirrored.jpg,-0.0
img_00360.jpg,-0.1141000017523765
img_05426.jpg,-0.3142000138759613
img_06750_mirrored.jpg,-0.018300000578165
img_01466.jpg,-0.3142000138759613
img_01255_mirrored.jpg,0.0037000000011175
img_11221_mirrored.jpg,0.2414000034332275
img_01293.jpg,-0.0842999964952468
img_13283.jpg,0.1962999999523162
img_12504_mirrored.jpg,0.0272000003606081
img_08186.jpg,0.008899999782443
img_03428.jpg,-0.3142000138759613
img_06908.jpg,-0.3142000138759613
img_00858.jpg,-0.1615000069141388
img_06319.jpg,-0.093199998140335
img_10825.jpg,-0.0215000007301569
img_07307_mirrored.jpg,0.146599993109703
img_00465.jpg,-0.3142000138759613
img_06213_mirrored.jpg,-0.1926999986171722
img_01997_mirrored.jpg,0.2657000124454498
img_07570.jpg,0.1429000049829483
img_12271.jpg,0.0093999998643994
img_13187.jpg,-0.0093999998643994
img_10536.jpg,0.024100000038743
img_10679_mirrored.jpg,0.1853999942541122
img_08183_mirrored.jpg,0.0073000001721084
img_10659.jpg,-0.2188999950885772
img_09696.jpg,-0.0355999991297721
img_05841.jpg,-0.1817000061273574
img_09129_mirrored.jpg,-0.0887999981641769
img_14318.jpg,-0.1019999980926513
img_03813.jpg,-0.0187999997287988
img_13578_mirrored.jpg,0.2067999988794326
img_06439_mirrored.jpg,0.3142000138759613
img_01710.jpg,0.0597000010311603
img_07081_mirrored.jpg,0.0037000000011175
img_10260_mirrored.jpg,0.1146999970078468
img_04353_mirrored.jpg,0.1534000039100647
img_14361.jpg,-0.1058000028133392
img_12037_mirrored.jpg,0.0524000003933906
img_09192_mirrored.jpg,0.0711999982595443
img_10994.jpg,-0.0167999994009733
img_11844_mirrored.jpg,-0.0215000007301569
img_10975_mirrored.jpg,0.1099999994039535
img_03191.jpg,-0.0245999991893768
img_10627.jpg,-0.1062999963760376
img_01046.jpg,0.1052000001072883
img_06715_mirrored.jpg,0.1554999947547912
img_08128_mirrored.jpg,0.0308999996632337
img_14072.jpg,-0.1292999982833862
img_09928_mirrored.jpg,0.1130999997258186
img_12756_mirrored.jpg,-0.1115000024437904
img_15045_mirrored.jpg,-0.5235999822616577
img_09601_mirrored.jpg,0.0502999983727932
img_14709.jpg,-0.1156999990344047
img_02826.jpg,-0.1885000020265579
img_00156_mirrored.jpg,0.0173000004142522
img_00212.jpg,-0.0198999997228384
img_12543_mirrored.jpg,0.1550000011920929
img_11035_mirrored.jpg,-0.1833000034093856
img_07908_mirrored.jpg,0.2220000028610229
img_15178.jpg,0.0
img_05244.jpg,-0.0706999972462654
img_12848.jpg,0.0293000005185604
img_03523_mirrored.jpg,-0.0147000001743435
img_09652_mirrored.jpg,0.0272000003606081
img_03713.jpg,-0.0403000004589557
img_04560.jpg,0.2737999856472015
img_10943.jpg,-0.0037000000011175
img_03941_mirrored.jpg,0.3142000138759613
img_00381_mirrored.jpg,0.2592000067234039
img_11013.jpg,-0.0351000018417835
img_13015_mirrored.jpg,0.1215000003576278
img_07624.jpg,0.0120000001043081
img_04030_mirrored.jpg,-0.0098999999463558
img_03909_mirrored.jpg,0.2764999866485595
img_09070_mirrored.jpg,0.1120999976992607
img_00517_mirrored.jpg,-0.0658000037074089
img_12875_mirrored.jpg,0.0386999994516372
img_05172.jpg,-0.1115000024437904
img_02806_mirrored.jpg,0.024100000038743
img_03127_mirrored.jpg,0.0037000000011175
img_01442_mirrored.jpg,0.2822000086307525
img_09801_mirrored.jpg,0.1445000022649765
img_08860_mirrored.jpg,0.3142000138759613
img_04079.jpg,0.0297999996691942
img_07863_mirrored.jpg,0.2296999990940094
img_05777_mirrored.jpg,0.0245999991893768
img_12154_mirrored.jpg,0.2309000045061111
img_11630.jpg,-0.1565999984741211
img_11697_mirrored.jpg,0.3142000138759613
img_14705_mirrored.jpg,0.0685999989509582
img_07436_mirrored.jpg,0.2825999855995178
img_12581_mirrored.jpg,0.1665000021457672
img_06978_mirrored.jpg,0.2754000127315521
img_06003.jpg,-0.2518999874591827
img_07889_mirrored.jpg,0.2680999934673309
img_07967_mirrored.jpg,-0.0225000008940696
img_11511_mirrored.jpg,-0.1476999968290329
img_02449.jpg,-0.3142000138759613
img_11448_mirrored.jpg,-0.1419000029563903
img_09151_mirrored.jpg,0.0513000003993511
img_05846_mirrored.jpg,0.164900004863739
img_03942.jpg,-0.3142000138759613
img_14529.jpg,-0.1230000033974647
img_02375_mirrored.jpg,0.2969000041484833
img_09719_mirrored.jpg,0.2224999964237213
img_07629_mirrored.jpg,-0.0737999975681305
img_13701_mirrored.jpg,0.0272000003606081
img_11780.jpg,0.0308999996632337
img_04038.jpg,-0.0098999999463558
img_08806.jpg,-0.2277999967336654
img_15145_mirrored.jpg,-0.5235999822616577
img_04591.jpg,0.1513999998569488
img_01953_mirrored.jpg,0.1565999984741211
img_11485_mirrored.jpg,0.0575999990105629
img_06987_mirrored.jpg,0.0297999996691942
img_04375.jpg,-0.153899997472763
img_07632.jpg,0.1058000028133392
img_10930.jpg,-0.0057999999262392
img_10975.jpg,-0.1099999994039535
img_10244.jpg,-0.2152999937534332
img_11426.jpg,0.1492000073194503
img_13173_mirrored.jpg,0.2874999940395355
img_04601_mirrored.jpg,0.0557000003755092
img_06626.jpg,-0.0215000007301569
img_05754.jpg,-0.0141000002622604
img_10340_mirrored.jpg,0.0439999997615814
img_03309_mirrored.jpg,0.0355999991297721
img_12530.jpg,-0.2142000049352646
img_03562.jpg,0.0711999982595443
img_10222_mirrored.jpg,0.157600000500679
img_00548_mirrored.jpg,0.006800000090152
img_06931_mirrored.jpg,0.2727999985218048
img_14139.jpg,0.0152000002562999
img_05562_mirrored.jpg,-0.1046999990940094
img_09931.jpg,-0.1209999993443489
img_06085.jpg,0.0219999998807907
img_03239_mirrored.jpg,0.0749000012874603
img_01030_mirrored.jpg,-0.0057999999262392
img_00188_mirrored.jpg,-0.1271000057458877
img_03748.jpg,-0.2204000055789947
img_03935.jpg,-0.3142000138759613
img_10046_mirrored.jpg,-0.017799999564886
img_12245.jpg,-0.0434999987483024
img_08760_mirrored.jpg,0.1419000029563903
img_07962_mirrored.jpg,-0.0262000001966953
img_13906.jpg,0.0198999997228384
img_14469.jpg,-0.26910001039505
img_10843.jpg,0.0272000003606081
img_04826.jpg,-0.0599999986588954
img_11745_mirrored.jpg,0.2712999880313873
img_07793.jpg,-0.1853999942541122
img_02718_mirrored.jpg,-0.0037000000011175
img_06758.jpg,-0.0821999981999397
img_06140_mirrored.jpg,0.0560000017285347
img_06340.jpg,-0.1524000018835067
img_15020_mirrored.jpg,-0.0
img_08831_mirrored.jpg,0.1482000052928924
img_07547.jpg,-0.033500000834465
img_13754.jpg,-0.0031000000890344
img_12760_mirrored.jpg,-0.0324999988079071
img_14942.jpg,-0.5235999822616577
img_07107_mirrored.jpg,0.0031000000890344
img_06393.jpg,-0.2937000095844269
img_11479_mirrored.jpg,0.0194000005722045
img_05019_mirrored.jpg,0.1674000024795532
img_09169_mirrored.jpg,0.0461000017821788
img_14215_mirrored.jpg,-0.2335000038146972
img_01800_mirrored.jpg,0.0361000001430511
img_13179.jpg,0.0283000003546476
img_10208_mirrored.jpg,0.1046999990940094
img_08925.jpg,-0.2754000127315521
img_14009_mirrored.jpg,0.3142000138759613
img_11195_mirrored.jpg,0.1146999970078468
img_00515.jpg,0.0189999993890523
img_02878.jpg,-0.0690999999642372
img_10679.jpg,-0.1853999942541122
img_11029.jpg,0.0377000011503696
img_12996_mirrored.jpg,0.094200000166893
img_11510_mirrored.jpg,-0.1445000022649765
img_10149.jpg,0.0073000001721084
img_05957.jpg,-0.2319999933242797
img_08575.jpg,-0.0147000001743435
img_14959.jpg,0.0
img_04068_mirrored.jpg,-0.0274999998509883
img_00082.jpg,-0.0005000000237487
img_02793.jpg,-0.0419000014662742
img_02098_mirrored.jpg,0.0057999999262392
img_08441.jpg,-0.1356000006198883
img_03917_mirrored.jpg,0.1492000073194503
img_01406.jpg,-0.3142000138759613
img_11438_mirrored.jpg,-0.0706000030040741
img_02706.jpg,-0.0471000000834465
img_10457.jpg,-0.1058000028133392
img_14364_mirrored.jpg,0.1010999977588653
img_12736_mirrored.jpg,-0.017799999564886
img_15098_mirrored.jpg,-0.0
img_07719_mirrored.jpg,0.0037000000011175
img_07435.jpg,-0.1679999977350235
img_02353.jpg,-0.1544999927282333
img_02802.jpg,-0.0414000004529953
img_06837_mirrored.jpg,0.1613000035285949
img_10337_mirrored.jpg,0.0507999993860721
img_08609_mirrored.jpg,-0.1130999997258186
img_05106_mirrored.jpg,-0.0256999991834163
img_11525_mirrored.jpg,0.1780000030994415
img_06263.jpg,-0.0052000000141561
img_06349_mirrored.jpg,0.1387999951839447
img_02100_mirrored.jpg,0.0052000000141561
img_14007.jpg,-0.3142000138759613
img_04366.jpg,-0.1627999991178512
img_01602.jpg,0.1172999963164329
img_05265_mirrored.jpg,0.0141000002622604
img_06616_mirrored.jpg,-0.1482000052928924
img_00205.jpg,-0.0706999972462654
img_14174_mirrored.jpg,-0.1057000011205673
img_12942.jpg,-0.05180000141263
img_01640.jpg,0.1841000020503997
img_11473_mirrored.jpg,0.0204000007361173
img_14594_mirrored.jpg,0.0754000023007392
img_04320_mirrored.jpg,0.0737999975681305
img_03603.jpg,-0.1084000021219253
img_03721_mirrored.jpg,-0.006800000090152
img_10436_mirrored.jpg,-0.0513000003993511
img_03820_mirrored.jpg,0.0423999987542629
img_08287_mirrored.jpg,0.1482000052928924
img_06203.jpg,0.0351000018417835
img_04156_mirrored.jpg,0.0445000007748603
img_01512.jpg,-0.0869000032544136
img_04661.jpg,0.1072999984025955
img_12752_mirrored.jpg,-0.0617999993264675
img_00763_mirrored.jpg,0.0983999967575073
img_03875.jpg,0.0287999995052814
img_05699.jpg,-0.0377000011503696
img_01163.jpg,-0.0104999998584389
img_03104.jpg,-0.0041999998502433
img_00041.jpg,0.0366999991238117
img_13020_mirrored.jpg,0.1571000069379806
img_01203_mirrored.jpg,-0.2053000032901764
img_12057.jpg,-0.0859000012278556
img_02589.jpg,-0.0432000011205673
img_13644.jpg,0.0272000003606081
img_04892_mirrored.jpg,0.1118000000715255
img_05077_mirrored.jpg,-0.0526000000536441
img_09644.jpg,-0.1900999993085861
img_10261.jpg,-0.0989999994635582
img_13995.jpg,-0.1895000040531158
img_06764_mirrored.jpg,0.0948000028729438
img_00184.jpg,0.0381999984383583
img_08052_mirrored.jpg,0.0046999999321997
img_05597_mirrored.jpg,0.0749000012874603
img_05893.jpg,-0.3142000138759613
img_04633_mirrored.jpg,-0.2440000027418136
img_11303.jpg,-0.3142000138759613
img_05038.jpg,0.0098999999463558
img_02525.jpg,-0.0859000012278556
img_07383_mirrored.jpg,0.3142000138759613
img_04830_mirrored.jpg,0.1499000042676925
img_01593.jpg,0.1290999948978424
img_07082.jpg,-0.0037000000011175
img_13091_mirrored.jpg,0.3075000047683716
img_13139_mirrored.jpg,0.0649000033736229
img_12255.jpg,-0.0204000007361173
img_04711.jpg,-0.0564999990165233
img_01331_mirrored.jpg,0.1560000032186508
img_06001_mirrored.jpg,0.2754000127315521
img_14534_mirrored.jpg,0.0763999968767166
img_07796.jpg,-0.1774999946355819
img_14249_mirrored.jpg,-0.1120999976992607
img_14593.jpg,-0.0531999990344047
img_00083_mirrored.jpg,0.0005000000237487
img_10992.jpg,0.0225000008940696
img_11896.jpg,-0.0031000000890344
img_14107.jpg,-0.3142000138759613
img_05927_mirrored.jpg,0.3125999867916107
img_08136_mirrored.jpg,0.0346000008285045
img_01220.jpg,-0.0419000014662742
img_04772.jpg,-0.0063000000081956
img_07461.jpg,-0.3142000138759613
img_13802.jpg,-0.0078999996185302
img_13410_mirrored.jpg,0.0073000001721084
img_03261.jpg,-0.0445000007748603
img_07796_mirrored.jpg,0.1774999946355819
img_11168_mirrored.jpg,0.1587000042200088
img_04457_mirrored.jpg,0.3142000138759613
img_01517.jpg,-0.0592000000178813
img_02537.jpg,0.0131000000983476
img_03280_mirrored.jpg,0.0152000002562999
img_10069_mirrored.jpg,0.0187999997287988
img_13646.jpg,0.0313999988138675
img_14311.jpg,0.1476999968290329
img_07920_mirrored.jpg,0.0156999994069337
img_14564.jpg,-0.09740000218153
img_10273.jpg,-0.3142000138759613
img_10249_mirrored.jpg,0.3142000138759613
img_01935.jpg,-0.2057999968528747
img_07105_mirrored.jpg,0.0031000000890344
img_11981.jpg,-0.0759000033140182
img_06478_mirrored.jpg,0.3142000138759613
img_01325.jpg,-0.146599993109703
img_11134.jpg,-0.0571000017225742
img_04200.jpg,-0.0403000004589557
img_04632_mirrored.jpg,-0.2581000030040741
img_10753.jpg,-0.3142000138759613
img_04512_mirrored.jpg,0.3142000138759613
img_07314.jpg,-0.1492000073194503
img_05764_mirrored.jpg,0.0078999996185302
img_04895_mirrored.jpg,0.1882999986410141
img_01606.jpg,0.2013999968767166
img_06333_mirrored.jpg,0.1606999933719635
img_01390.jpg,-0.2948000133037567
img_02829.jpg,-0.1534000039100647
img_03056_mirrored.jpg,0.0046999999321997
img_07837.jpg,-0.3142000138759613
img_00579_mirrored.jpg,-0.0208999998867511
img_10059.jpg,-0.018300000578165
img_06976_mirrored.jpg,0.1991000026464462
img_06504_mirrored.jpg,0.018300000578165
img_06159_mirrored.jpg,-0.1141000017523765
img_10223_mirrored.jpg,0.153899997472763
img_13970.jpg,-0.1554999947547912
img_13231_mirrored.jpg,0.0162000004202127
img_12276_mirrored.jpg,-0.1298000067472458
img_00781_mirrored.jpg,0.0245999991893768
img_11194.jpg,-0.1367000043392181
img_13248_mirrored.jpg,-0.09009999781847
img_01596_mirrored.jpg,-0.1952999979257583
img_02663_mirrored.jpg,-0.0564999990165233
img_09965.jpg,-0.0187999997287988
img_05842.jpg,-0.1843000054359436
img_12586.jpg,-0.3125
img_10221.jpg,-0.1601999998092651
img_12951.jpg,0.008899999782443
img_05357.jpg,-0.1606999933719635
img_08968.jpg,0.0093999998643994
img_04541_mirrored.jpg,0.0434999987483024
img_09234_mirrored.jpg,0.0555000007152557
img_12234.jpg,-0.3142000138759613
img_12755_mirrored.jpg,-0.120399996638298
img_15162_mirrored.jpg,-0.0
img_13030.jpg,-0.1587000042200088
img_07832.jpg,-0.2282000035047531
img_14661_mirrored.jpg,0.006800000090152
img_00986.jpg,-0.2737999856472015
img_14985.jpg,0.5235999822616577
img_09133.jpg,0.1843000054359436
img_13822_mirrored.jpg,0.0812000036239624
img_13918_mirrored.jpg,-0.0445000007748603
img_13208_mirrored.jpg,-0.094200000166893
img_01170.jpg,-0.0351000018417835
img_07457_mirrored.jpg,0.3142000138759613
img_03349.jpg,-0.1591999977827072
img_00934_mirrored.jpg,0.2910999953746795
img_03592_mirrored.jpg,-0.0905999988317489
img_02715_mirrored.jpg,-0.0057999999262392
img_06654_mirrored.jpg,-0.0847999975085258
img_04447.jpg,-0.1775999963283538
img_09764_mirrored.jpg,-0.0386999994516372
img_09492_mirrored.jpg,-0.0744000002741813
img_08457.jpg,-0.0754000023007392
img_11293_mirrored.jpg,0.3142000138759613
img_13343.jpg,-0.018300000578165
img_08003_mirrored.jpg,-0.0187999997287988
img_13448.jpg,-0.0194000005722045
img_11208_mirrored.jpg,0.3142000138759613
img_01714.jpg,0.1352999955415725
img_14962_mirrored.jpg,-0.5235999822616577
img_04095.jpg,0.0245999991893768
img_05601_mirrored.jpg,0.1146999970078468
img_12649.jpg,-0.3142000138759613
img_02980.jpg,-0.0500999987125396
img_08991_mirrored.jpg,0.0219999998807907
img_02983.jpg,-0.225600004196167
img_03770.jpg,-0.0078999996185302
img_11316_mirrored.jpg,-0.0266999993473291
img_01159_mirrored.jpg,0.0198999997228384
img_13160.jpg,-0.3142000138759613
img_10923_mirrored.jpg,0.0083999997004866
img_04265_mirrored.jpg,0.0397999994456768
img_12244_mirrored.jpg,0.0833000019192695
img_06722_mirrored.jpg,0.1518000066280365
img_08162_mirrored.jpg,-0.19480000436306
img_09872_mirrored.jpg,0.0663999989628791
img_08209_mirrored.jpg,-0.0073000001721084
img_06757_mirrored.jpg,0.067500002682209
img_05735.jpg,-0.0496999993920326
img_13894_mirrored.jpg,0.070200003683567
img_13127.jpg,-0.3120999932289123
img_13505_mirrored.jpg,-0.017799999564886
img_14501.jpg,-0.3142000138759613
img_04626_mirrored.jpg,-0.1256999969482422
img_05835.jpg,-0.1429000049829483
img_04928.jpg,-0.2188999950885772
img_01411_mirrored.jpg,0.2770000100135803
img_10500.jpg,-0.0156999994069337
img_07305.jpg,-0.1413999944925308
img_11295.jpg,-0.3142000138759613
img_01837_mirrored.jpg,0.1445000022649765
img_06651.jpg,0.0450000017881393
img_12353_mirrored.jpg,-0.1015999987721443
img_12203.jpg,-0.1591999977827072
img_10818.jpg,-0.2554999887943268
img_07193.jpg,0.048700001090765
img_05885_mirrored.jpg,0.3142000138759613
img_11595_mirrored.jpg,0.2303999960422516
img_14847_mirrored.jpg,0.5235999822616577
img_04761_mirrored.jpg,0.0419000014662742
img_14928.jpg,0.0
img_12864_mirrored.jpg,0.0194000005722045
img_00512.jpg,-0.0126000000163912
img_07904.jpg,-0.2764999866485595
img_00117.jpg,-0.0423999987542629
img_08395_mirrored.jpg,0.2513000071048736
img_09721_mirrored.jpg,0.2067999988794326
img_03700.jpg,-0.013600000180304
img_14913_mirrored.jpg,0.5235999822616577
img_05760.jpg,-0.0041999998502433
img_14131_mirrored.jpg,0.0564999990165233
img_14413.jpg,-0.1784999966621399
img_13472.jpg,-0.1371999979019165
img_01931_mirrored.jpg,0.2732999920845032
img_09597_mirrored.jpg,0.0251000002026557
img_12599.jpg,-0.3142000138759613
img_11413_mirrored.jpg,-0.2450000047683715
img_09980.jpg,0.0208999998867511
img_00747.jpg,0.0156999994069337
img_07472_mirrored.jpg,-0.0167999994009733
img_03556_mirrored.jpg,-0.2576000094413757
img_03067.jpg,0.1026000007987022
img_11458.jpg,0.0386999994516372
img_12510_mirrored.jpg,0.0392999984323978
img_07029_mirrored.jpg,-0.0078999996185302
img_02826_mirrored.jpg,0.1885000020265579
img_09790_mirrored.jpg,0.3142000138759613
img_10817.jpg,-0.2554999887943268
img_02147.jpg,-0.1130999997258186
img_02678_mirrored.jpg,-0.1130999997258186
img_03076.jpg,-0.0215000007301569
img_04819.jpg,-0.0187999997287988
img_14208_mirrored.jpg,-0.1256999969482422
img_01613_mirrored.jpg,-0.1282999962568283
img_07694.jpg,-0.2178000062704086
img_14709_mirrored.jpg,0.1156999990344047
img_05563_mirrored.jpg,-0.0749000012874603
img_04166_mirrored.jpg,0.0979000031948089
img_04375_mirrored.jpg,0.153899997472763
img_14473.jpg,-0.1497000008821487
img_02498_mirrored.jpg,0.3142000138759613
img_02259.jpg,-0.0456000007688999
img_14751.jpg,-0.5235999822616577
img_07875_mirrored.jpg,0.3142000138759613
img_06795_mirrored.jpg,0.198400005698204
img_03358.jpg,-0.1560000032186508
img_14655.jpg,0.0083999997004866
img_13929.jpg,-0.1031000018119812
img_01614_mirrored.jpg,-0.1041999980807304
img_11277.jpg,-0.1024999991059303
img_04995.jpg,-0.1093000024557113
img_00567.jpg,-0.0728000029921531
img_03583_mirrored.jpg,-0.0904000028967857
img_14122.jpg,-0.0167999994009733
img_06532.jpg,0.3005000054836273
img_13325.jpg,0.0386999994516372
img_04105_mirrored.jpg,-0.0167999994009733
img_10448_mirrored.jpg,0.0346000008285045
img_13560_mirrored.jpg,0.2869000136852264
img_11987_mirrored.jpg,0.0612999983131885
img_03935_mirrored.jpg,0.3142000138759613
img_01720.jpg,0.1046999990940094
img_10065_mirrored.jpg,0.0098999999463558
img_05662_mirrored.jpg,-0.1680999994277954
img_09634.jpg,0.070200003683567
img_11062.jpg,0.0126000000163912
img_10874_mirrored.jpg,-0.008899999782443
img_08051_mirrored.jpg,0.0052000000141561
img_05211_mirrored.jpg,0.0397999994456768
img_06304_mirrored.jpg,0.1031000018119812
img_02311.jpg,-0.1000000014901161
img_05604.jpg,-0.094200000166893
img_03146_mirrored.jpg,0.0031000000890344
img_08199.jpg,-0.0524000003933906
img_06039_mirrored.jpg,-0.0152000002562999
img_12627_mirrored.jpg,0.2883000075817108
img_10883.jpg,0.0313999988138675
img_01821.jpg,-0.1449999958276748
img_04646_mirrored.jpg,-0.1534000039100647
img_11187.jpg,-0.3088999986648559
img_12426.jpg,-0.0219999998807907
img_12476_mirrored.jpg,0.0073000001721084
img_13133_mirrored.jpg,0.244499996304512
img_01798.jpg,-0.0251000002026557
img_07257.jpg,0.0215000007301569
img_12607.jpg,-0.146599993109703
img_01071.jpg,0.0230000000447034
img_07822.jpg,-0.0194000005722045
img_09584.jpg,0.1000000014901161
img_01683.jpg,-0.0304000005125999
img_14708_mirrored.jpg,0.1099999994039535
img_12546.jpg,-0.1843000054359436
img_08566_mirrored.jpg,-0.1512999981641769
img_12168_mirrored.jpg,0.2833000123500824
img_04016_mirrored.jpg,0.2644000053405761
img_07224.jpg,-0.0491999983787536
img_12884_mirrored.jpg,0.048700001090765
img_03157_mirrored.jpg,0.100500002503395
img_14524_mirrored.jpg,0.2696999907493591
img_09456_mirrored.jpg,-0.2775000035762787
img_06750.jpg,0.018300000578165
img_05004_mirrored.jpg,0.2664999961853027
img_01655_mirrored.jpg,-0.0156999994069337
img_14140_mirrored.jpg,-0.0245999991893768
img_11012_mirrored.jpg,0.0403000004589557
img_10651.jpg,-0.0293000005185604
img_04270_mirrored.jpg,0.0513000003993511
img_02661.jpg,0.1162000000476837
img_02064.jpg,-0.0173000004142522
img_03072_mirrored.jpg,-0.067500002682209
img_07830_mirrored.jpg,0.1562999933958053
img_13297.jpg,0.0806000009179115
img_12989_mirrored.jpg,0.0869000032544136
img_12538.jpg,-0.1334999948740005
img_04315.jpg,-0.0408000014722347
img_09458_mirrored.jpg,-0.2178000062704086
img_09209.jpg,0.0873999968171119
img_11554_mirrored.jpg,0.0204000007361173
img_08852_mirrored.jpg,0.2885000109672546
img_13570.jpg,-0.3142000138759613
img_12710_mirrored.jpg,-0.0266999993473291
img_13114.jpg,-0.2732999920845032
img_14349_mirrored.jpg,-0.0167999994009733
img_04335.jpg,-0.0465999990701675
img_05581.jpg,0.0313999988138675
img_02515_mirrored.jpg,-0.0147000001743435
img_00868_mirrored.jpg,0.3142000138759613
img_05996_mirrored.jpg,0.0878000035881996
img_05849_mirrored.jpg,0.1288000047206878
img_03873_mirrored.jpg,-0.0571000017225742
img_08455_mirrored.jpg,0.0480000004172325
img_08753_mirrored.jpg,0.1482000052928924
img_04502_mirrored.jpg,0.3142000138759613
img_01265_mirrored.jpg,0.0916000008583068
img_09823.jpg,-0.3093999922275543
img_06736.jpg,-0.0052000000141561
img_08767_mirrored.jpg,0.1847999989986419
img_13394.jpg,-0.0812000036239624
img_02600.jpg,-0.0581000000238418
img_00473.jpg,-0.3142000138759613
img_07992_mirrored.jpg,-0.0141000002622604
img_04176_mirrored.jpg,-0.0957999974489212
img_13225_mirrored.jpg,0.0372000001370906
img_10302.jpg,-0.1601999998092651
img_03124_mirrored.jpg,0.0037000000011175
img_08292.jpg,-0.1617999970912933
img_02406.jpg,-0.2529000043869018
img_06798_mirrored.jpg,0.2161999940872192
img_00479_mirrored.jpg,0.2879999876022339
img_03227.jpg,0.1859000027179718
img_11744.jpg,-0.2472999989986419
img_08303.jpg,-0.1691000014543533
img_03022.jpg,0.0208999998867511
img_08216_mirrored.jpg,0.0581000000238418
img_13275.jpg,0.1262000054121017
img_05367_mirrored.jpg,0.1601999998092651
img_00195.jpg,0.1601999998092651
img_14384.jpg,-0.0208999998867511
img_06261_mirrored.jpg,-0.0046999999321997
img_10498.jpg,-0.0204000007361173
img_07430.jpg,-0.0564999990165233
img_00719.jpg,-0.1905999928712844
img_13202.jpg,-0.0167999994009733
img_10218_mirrored.jpg,0.1560000032186508
img_04760.jpg,-0.05180000141263
img_03836.jpg,-0.1439999938011169
img_11922_mirrored.jpg,-0.1146999970078468
img_15149_mirrored.jpg,-0.5235999822616577
img_15126_mirrored.jpg,-0.0
img_02828_mirrored.jpg,0.1639000028371811
img_13919_mirrored.jpg,0.0408000014722347
img_10384.jpg,-0.0083999997004866
img_03783_mirrored.jpg,0.0251000002026557
img_11301.jpg,-0.3142000138759613
img_02997.jpg,-0.0775000005960464
img_05275.jpg,-0.0513000003993511
img_00653_mirrored.jpg,-0.1026000007987022
img_09313_mirrored.jpg,0.3142000138759613
img_01026.jpg,0.0147000001743435
img_09672_mirrored.jpg,-0.0187999997287988
img_04190_mirrored.jpg,0.0147000001743435
img_06317.jpg,-0.0723000019788742
img_00397_mirrored.jpg,0.3142000138759613
img_04924.jpg,-0.1528999954462051
img_13878.jpg,-0.0513000003993511
img_11799.jpg,-0.1272000074386596
img_13010.jpg,-0.1036999970674514
img_08851.jpg,-0.2597000002861023
img_03875_mirrored.jpg,-0.0287999995052814
img_14803.jpg,-0.5235999822616577
img_12914_mirrored.jpg,0.0781000033020973
img_04934_mirrored.jpg,0.3142000138759613
img_14185_mirrored.jpg,0.0564000010490417
img_10574_mirrored.jpg,-0.1407999992370605
img_13991.jpg,-0.2833000123500824
img_05542_mirrored.jpg,0.0215000007301569
img_04195_mirrored.jpg,0.0173000004142522
img_10461_mirrored.jpg,0.0272000003606081
img_09373.jpg,-0.1278000026941299
img_13003_mirrored.jpg,0.0465999990701675
img_08826_mirrored.jpg,0.1885000020265579
img_08764.jpg,-0.1665000021457672
img_00652_mirrored.jpg,-0.0948000028729438
img_06731_mirrored.jpg,0.0104999998584389
img_05612_mirrored.jpg,-0.1627999991178512
img_12148.jpg,-0.3052999973297119
img_04214_mirrored.jpg,0.0821999981999397
img_03177.jpg,0.0414000004529953
img_05762_mirrored.jpg,0.0078999996185302
img_06592.jpg,0.1885000020265579
img_08153.jpg,0.0496999993920326
img_11349.jpg,0.274399995803833
img_13086_mirrored.jpg,0.2466000020503997
img_09503_mirrored.jpg,0.1146999970078468
img_13567_mirrored.jpg,0.3142000138759613
img_02998.jpg,-0.0592000000178813
img_04958_mirrored.jpg,0.2538999915122986
img_09850.jpg,-0.2885000109672546
img_01946.jpg,-0.2811999917030334
img_01689_mirrored.jpg,0.0606999993324279
img_06627_mirrored.jpg,0.0023000000510364
img_04956_mirrored.jpg,0.2712000012397766
img_09350_mirrored.jpg,0.2838000059127807
img_09860_mirrored.jpg,0.1093999966979026
img_06172_mirrored.jpg,0.0152000002562999
img_02339.jpg,-0.1571000069379806
img_08235.jpg,0.0800999999046325
img_05191_mirrored.jpg,-0.018300000578165
img_06411.jpg,-0.3142000138759613
img_11537.jpg,-0.0041999998502433
img_06369.jpg,-0.2339999973773956
img_14577.jpg,-0.0419000014662742
img_00900_mirrored.jpg,0.3142000138759613
img_06415_mirrored.jpg,0.1889999955892563
img_05902.jpg,-0.1623000055551529
img_14059.jpg,-0.3142000138759613
img_00881.jpg,-0.1905999928712844
img_05725.jpg,0.0604000017046928
img_11081.jpg,-0.0251000002026557
img_08464.jpg,-0.0408000014722347
img_01282.jpg,0.1084000021219253
img_04854_mirrored.jpg,0.1796000003814697
img_11080.jpg,-0.033500000834465
img_07379_mirrored.jpg,0.3055000007152557
img_02595_mirrored.jpg,0.123599998652935
img_12313.jpg,0.1601999998092651
img_00258_mirrored.jpg,0.0744000002741813
img_10116.jpg,-0.0769999995827674
img_06004_mirrored.jpg,0.2257000058889389
img_08900_mirrored.jpg,0.1717000007629394
img_04354.jpg,-0.1571000069379806
img_10023_mirrored.jpg,0.0031000000890344
img_14845_mirrored.jpg,0.5235999822616577
img_08268_mirrored.jpg,0.0838000029325485
img_04905.jpg,-0.3142000138759613
img_11284.jpg,-0.3142000138759613
img_15042_mirrored.jpg,-0.5235999822616577
img_01420_mirrored.jpg,0.1282999962568283
img_04779_mirrored.jpg,-0.0041999998502433
img_00467.jpg,-0.3142000138759613
img_07022.jpg,0.0052000000141561
img_09968_mirrored.jpg,-0.006800000090152
img_14604.jpg,-0.0262000001966953
img_14547.jpg,-0.3142000138759613
img_04940.jpg,-0.3142000138759613
img_03164_mirrored.jpg,0.0297999996691942
img_11211.jpg,-0.3142000138759613
img_07304_mirrored.jpg,0.1356000006198883
img_11306.jpg,-0.3142000138759613
img_04952.jpg,-0.3142000138759613
img_10773.jpg,-0.2372000068426132
img_14326_mirrored.jpg,0.1403000056743621
img_10267_mirrored.jpg,0.2152999937534332
img_12169.jpg,-0.2477000057697296
img_09516.jpg,0.167600005865097
img_05617_mirrored.jpg,-0.153899997472763
img_03028_mirrored.jpg,0.0073000001721084
img_07032.jpg,0.0759000033140182
img_02560.jpg,-0.0245999991893768
img_12826.jpg,-0.0031000000890344
img_09912.jpg,0.0251000002026557
img_13541.jpg,-0.1482000052928924
img_10942.jpg,-0.0031000000890344
img_05294_mirrored.jpg,0.0905999988317489
img_07319_mirrored.jpg,0.1606999933719635
img_05531.jpg,-0.063400000333786
img_13041.jpg,-0.1627999991178512
img_06784.jpg,-0.0187999997287988
img_09908.jpg,-0.0434999987483024
img_05775_mirrored.jpg,-0.0126000000163912
img_12396.jpg,0.1036999970674514
img_13354.jpg,-0.060199998319149
img_04321_mirrored.jpg,0.0775000005960464
img_12659_mirrored.jpg,0.1591999977827072
img_13839.jpg,0.2053000032901764
img_08382.jpg,-0.3142000138759613
img_09249_mirrored.jpg,0.1251000016927719
img_03620_mirrored.jpg,-0.1146999970078468
img_08974.jpg,-0.008899999782443
img_10628.jpg,-0.1031000018119812
img_07463.jpg,-0.3142000138759613
img_07847_mirrored.jpg,0.3142000138759613
img_14861_mirrored.jpg,0.5235999822616577
img_10985_mirrored.jpg,-0.0916000008583068
img_11219.jpg,-0.2466000020503997
img_10688_mirrored.jpg,0.1125999987125396
img_05200.jpg,-0.0104999998584389
img_07361_mirrored.jpg,0.3142000138759613
img_02536.jpg,0.0098999999463558
img_05027_mirrored.jpg,0.1722999960184097
img_05303.jpg,0.0187999997287988
img_02869_mirrored.jpg,-0.0386999994516372
img_09140.jpg,0.0744000002741813
img_05657.jpg,0.1905999928712844
img_12571_mirrored.jpg,-0.0147000001743435
img_00894_mirrored.jpg,0.2524000108242035
img_04424_mirrored.jpg,0.3018999993801117
img_05555.jpg,0.2931999862194061
img_02784.jpg,-0.0995000004768371
img_04918_mirrored.jpg,0.1800999939441681
img_11695.jpg,-0.2608000040054321
img_02605_mirrored.jpg,-0.1049999967217445
img_13061_mirrored.jpg,0.130400002002716
img_01221.jpg,-0.0308999996632337
img_14636_mirrored.jpg,0.0230000000447034
img_07757.jpg,-0.0262000001966953
img_11558.jpg,-0.0812000036239624
img_14136_mirrored.jpg,0.0194000005722045
img_14630_mirrored.jpg,0.024100000038743
img_02143.jpg,-0.0653999969363212
img_02725_mirrored.jpg,-0.0872000008821487
img_01284_mirrored.jpg,-0.0983999967575073
img_04579_mirrored.jpg,0.0093999998643994
img_05530_mirrored.jpg,0.0476000010967254
img_02153.jpg,0.0225000008940696
img_11355.jpg,0.0592000000178813
img_09554_mirrored.jpg,-0.1298000067472458
img_08855_mirrored.jpg,0.3142000138759613
img_08585.jpg,0.2000000029802322
img_05152.jpg,-0.0031000000890344
img_05204.jpg,-0.0366999991238117
img_02118_mirrored.jpg,0.0037000000011175
img_09775.jpg,-0.1191999986767768
img_04998.jpg,-0.295199990272522
img_10172.jpg,0.0586000010371208
img_00334.jpg,-0.1821999996900558
img_08589.jpg,0.1381999999284744
img_05487.jpg,-0.3142000138759613
img_10061_mirrored.jpg,0.0208999998867511
img_11423.jpg,0.1130999997258186
img_06874.jpg,-0.3142000138759613
img_02513.jpg,0.0141000002622604
img_04843_mirrored.jpg,0.1403000056743621
img_06779.jpg,-0.0397999994456768
img_03263_mirrored.jpg,0.0496999993920326
img_00687_mirrored.jpg,0.0120000001043081
img_04317.jpg,-0.063400000333786
img_11123_mirrored.jpg,0.09740000218153
img_02526_mirrored.jpg,0.0780000016093254
img_01379_mirrored.jpg,0.2354000061750412
img_05343_mirrored.jpg,0.093199998140335
img_10842.jpg,-0.032999999821186
img_00214.jpg,-0.013600000180304
img_02379.jpg,-0.2041999995708465
img_14536.jpg,-0.0386999994516372
img_04284.jpg,-0.0120000001043081
img_09664.jpg,-0.0073000001721084
img_06665.jpg,0.0208999998867511
img_01055.jpg,-0.0262000001966953
img_00977.jpg,-0.0313999988138675
img_13207.jpg,0.0533999986946582
img_06340_mirrored.jpg,0.1524000018835067
img_06996.jpg,-0.006800000090152
img_01492.jpg,-0.2053000032901764
img_03004.jpg,-0.131300002336502
img_08484_mirrored.jpg,-0.2440000027418136
img_04239_mirrored.jpg,0.0544999986886978
img_07146_mirrored.jpg,0.0208999998867511
img_03105.jpg,-0.0057999999262392
img_04436.jpg,-0.2414000034332275
img_09481.jpg,0.0549999997019767
img_11762.jpg,-0.0522000007331371
img_04553.jpg,0.1024999991059303
img_14660.jpg,-0.0073000001721084
img_05057_mirrored.jpg,0.09009999781847
img_09394_mirrored.jpg,0.3142000138759613
img_05780.jpg,-0.0696000009775161
img_01089.jpg,-0.0052000000141561
img_06368_mirrored.jpg,0.2576000094413757
img_14497_mirrored.jpg,0.3142000138759613
img_06216.jpg,0.09740000218153
img_05645.jpg,0.0491999983787536
img_08168.jpg,-0.0465999990701675
img_07700_mirrored.jpg,0.0957999974489212
img_14102_mirrored.jpg,0.3142000138759613
img_06992_mirrored.jpg,-0.0272000003606081
img_07779.jpg,-0.1534000039100647
img_08955.jpg,-0.1178999990224838
img_07601_mirrored.jpg,0.0219999998807907
img_09374_mirrored.jpg,0.0979000031948089
img_09585.jpg,0.0795999988913536
img_13059_mirrored.jpg,0.1859000027179718
img_07619_mirrored.jpg,-0.0461000017821788
img_00263.jpg,0.0147000001743435
img_02022_mirrored.jpg,0.018300000578165
img_09357_mirrored.jpg,0.3142000138759613
img_03685.jpg,0.1146999970078468
img_08603_mirrored.jpg,-0.0842999964952468
img_04078.jpg,0.0507999993860721
img_11739.jpg,0.0126000000163912
img_10055_mirrored.jpg,-0.0795999988913536
img_10635_mirrored.jpg,0.0313999988138675
img_15071.jpg,0.5235999822616577
img_11192.jpg,-0.2152000069618225
img_06774.jpg,-0.0366999991238117
img_03128.jpg,-0.0037000000011175
img_02403.jpg,-0.2791000008583069
img_00438.jpg,-0.1791000068187713
img_09356.jpg,-0.3142000138759613
img_13540.jpg,-0.1439999938011169
img_03959.jpg,-0.2940999865531921
img_05193.jpg,-0.0187999997287988
img_04922.jpg,-0.1403000056743621
img_10493.jpg,0.1256999969482422
img_09919.jpg,-0.0104999998584389
img_02868.jpg,0.0456000007688999
img_11502.jpg,0.0052000000141561
img_11001.jpg,-0.0131000000983476
img_10904.jpg,0.0073000001721084
img_06745.jpg,0.0078999996185302
img_03048_mirrored.jpg,-0.0167999994009733
img_04391_mirrored.jpg,0.2608000040054321
img_06124.jpg,-0.0031000000890344
img_01193_mirrored.jpg,-0.0187999997287988
img_08275_mirrored.jpg,0.1266999989748001
img_12977_mirrored.jpg,-0.1052000001072883
img_03456.jpg,-0.3142000138759613
img_05906.jpg,-0.1429000049829483
img_11860.jpg,-0.006800000090152
img_03894_mirrored.jpg,0.3142000138759613
img_08342.jpg,-0.2838000059127807
img_02241_mirrored.jpg,-0.0109999999403953
img_05765.jpg,-0.006800000090152
img_13589_mirrored.jpg,0.2712000012397766
img_12125_mirrored.jpg,0.2800999879837036
img_05809.jpg,-0.0215000007301569
img_08489.jpg,0.0571000017225742
img_01479_mirrored.jpg,0.3142000138759613
img_05489_mirrored.jpg,0.3142000138759613
img_05979_mirrored.jpg,0.3142000138759613
img_09507.jpg,-0.0236000008881092
img_11867_mirrored.jpg,0.0052000000141561
img_14655_mirrored.jpg,-0.0083999997004866
img_05207_mirrored.jpg,0.0450000017881393
img_09203.jpg,0.0173000004142522
img_03565.jpg,0.0266999993473291
img_10358_mirrored.jpg,0.3142000138759613
img_02532_mirrored.jpg,0.0266999993473291
img_00833_mirrored.jpg,0.1476999968290329
img_08241_mirrored.jpg,-0.066500000655651
img_14478.jpg,-0.1748999953269958
img_12786.jpg,0.0078999996185302
img_03338.jpg,-0.1052000001072883
img_11262_mirrored.jpg,0.2985000014305115
img_00247_mirrored.jpg,0.0346000008285045
img_03766_mirrored.jpg,0.0063000000081956
img_05690_mirrored.jpg,0.0156999994069337
img_07674.jpg,0.0057999999262392
img_05186.jpg,0.1136000007390976
img_04968.jpg,-0.3142000138759613
img_10876_mirrored.jpg,0.0046999999321997
img_07658_mirrored.jpg,0.0597000010311603
img_06387_mirrored.jpg,0.3142000138759613
img_11100_mirrored.jpg,0.0653999969363212
img_04884.jpg,-0.0120000001043081
img_07293.jpg,-0.0649000033736229
img_03640.jpg,0.1423999965190887
img_09306.jpg,-0.3142000138759613
img_07463_mirrored.jpg,0.3142000138759613
img_08505_mirrored.jpg,-0.0173000004142522
img_05744_mirrored.jpg,0.1952999979257583
img_00770.jpg,-0.0324999988079071
img_06124_mirrored.jpg,0.0031000000890344
img_10892.jpg,0.070200003683567
img_07415_mirrored.jpg,0.3142000138759613
img_13778_mirrored.jpg,0.0852999985218048
img_11803_mirrored.jpg,0.0538999997079372
img_12040.jpg,0.0225000008940696
img_07950_mirrored.jpg,0.2106000036001205
img_06246.jpg,-0.0471000000834465
img_08822.jpg,-0.3142000138759613
img_10780.jpg,-0.2851000130176544
img_08788_mirrored.jpg,-0.0711999982595443
img_02134.jpg,-0.0031000000890344
img_03223.jpg,0.1758999973535537
img_04630.jpg,0.2223999947309494
img_09109_mirrored.jpg,0.0414000004529953
img_02081.jpg,0.0251000002026557
img_06027.jpg,-0.0542999990284442
img_02500.jpg,-0.3142000138759613
img_07755_mirrored.jpg,0.0403000004589557
img_03216.jpg,0.0256999991834163
img_01923.jpg,-0.3142000138759613
img_14714.jpg,-0.033500000834465
img_03434.jpg,-0.1550000011920929
img_06492.jpg,-0.1031000018119812
img_10481.jpg,0.2093999981880188
img_05573_mirrored.jpg,0.0204000007361173
img_06341_mirrored.jpg,0.1554999947547912
img_14525_mirrored.jpg,0.2497999966144561
img_13287.jpg,0.0952999964356422
img_13684_mirrored.jpg,-0.0251000002026557
img_10466_mirrored.jpg,-0.1853999942541122
img_10487_mirrored.jpg,-0.0989999994635582
img_07423_mirrored.jpg,0.2408999949693679
img_11908.jpg,-0.1010999977588653
img_03344_mirrored.jpg,0.1324999928474426
img_11460.jpg,0.0685999989509582
img_13183_mirrored.jpg,-0.0147000001743435
img_06715.jpg,-0.1554999947547912
img_00988.jpg,-0.224600002169609
img_04294.jpg,-0.0905999988317489
img_06706.jpg,0.1423999965190887
img_13307.jpg,0.1345999985933303
img_11278_mirrored.jpg,0.1967999935150146
img_07737.jpg,-0.1072999984025955
img_01269_mirrored.jpg,0.0759000033140182
img_08003.jpg,0.0187999997287988
img_08176.jpg,-0.0513000003993511
img_09290_mirrored.jpg,0.2639000117778778
img_08941_mirrored.jpg,-0.013600000180304
img_06047_mirrored.jpg,0.0063000000081956
img_14726_mirrored.jpg,-0.0450000017881393
img_01566.jpg,0.1419000029563903
img_13070_mirrored.jpg,0.3016000092029571
img_05618.jpg,0.1345999985933303
img_12278_mirrored.jpg,-0.2193000018596649
img_12320_mirrored.jpg,0.1084000021219253
img_13716.jpg,0.0219999998807907
img_01215_mirrored.jpg,0.0890000015497207
img_08396.jpg,-0.2402999997138977
img_01022_mirrored.jpg,0.0439999997615814
img_13116.jpg,-0.3079000115394592
img_08540_mirrored.jpg,-0.1895000040531158
img_09760_mirrored.jpg,-0.100500002503395
img_14669_mirrored.jpg,0.0031000000890344
img_07539.jpg,0.1565999984741211
img_00423_mirrored.jpg,0.3142000138759613
img_03299_mirrored.jpg,-0.0564999990165233
img_03823_mirrored.jpg,0.1375000029802322
img_10014_mirrored.jpg,0.0037000000011175
img_01050_mirrored.jpg,-0.0256999991834163
img_00690_mirrored.jpg,-0.0063000000081956
img_06890_mirrored.jpg,0.2723000049591064
img_01237_mirrored.jpg,0.0386999994516372
img_10524_mirrored.jpg,-0.0623000003397464
img_07426.jpg,-0.1784999966621399
img_04202.jpg,-0.0428999997675418
img_09027.jpg,-0.0046999999321997
img_03266.jpg,-0.0502999983727932
img_08371.jpg,-0.1324999928474426
img_10146_mirrored.jpg,0.0308999996632337
img_00301.jpg,-0.067500002682209
img_10072.jpg,-0.0351000018417835
img_04928_mirrored.jpg,0.2188999950885772
img_05597.jpg,-0.0749000012874603
img_09527.jpg,0.2470999956130981
img_14810.jpg,-0.5235999822616577
img_06279.jpg,-0.0340000018477439
img_13298_mirrored.jpg,-0.0549999997019767
img_08629_mirrored.jpg,0.0581000000238418
img_10772.jpg,-0.2549999952316284
img_01774_mirrored.jpg,0.100500002503395
img_09242_mirrored.jpg,0.0926999971270561
img_00125.jpg,-0.1062999963760376
img_09519.jpg,0.1168000027537345
img_05454_mirrored.jpg,0.3142000138759613
img_07942.jpg,-0.0423999987542629
img_08713.jpg,-0.1000000014901161
img_01796_mirrored.jpg,0.0198999997228384
img_13417.jpg,0.018300000578165
img_07309_mirrored.jpg,0.1591999977827072
img_05065.jpg,0.0109999999403953
img_14699_mirrored.jpg,0.0215000007301569
img_14623_mirrored.jpg,-0.0922000035643577
img_06112_mirrored.jpg,0.0031000000890344
img_09979.jpg,0.0225000008940696
img_02574_mirrored.jpg,-0.0366999991238117
img_05291_mirrored.jpg,0.067500002682209
img_13064_mirrored.jpg,0.0890000015497207
img_08705.jpg,-0.0434999987483024
img_08301_mirrored.jpg,0.1460999995470047
img_08321_mirrored.jpg,0.1601999998092651
img_12685.jpg,-0.2093999981880188
img_15158.jpg,0.5235999822616577
img_11478.jpg,-0.0152000002562999
img_05028_mirrored.jpg,0.1367000043392181
img_02324.jpg,-0.0790999978780746
img_07672.jpg,0.0046999999321997
img_01184.jpg,-0.0749000012874603
img_00733_mirrored.jpg,0.0063000000081956
img_02952.jpg,-0.2705000042915344
img_08858.jpg,-0.3142000138759613
img_02876_mirrored.jpg,0.0346999987959861
img_13782_mirrored.jpg,-0.0230000000447034
img_00091_mirrored.jpg,0.0010000000474974
img_13728.jpg,-0.0078999996185302
img_14923_mirrored.jpg,0.5235999822616577
img_04021_mirrored.jpg,0.1162000000476837
img_08417_mirrored.jpg,0.3142000138759613
img_11682.jpg,-0.2502999901771545
img_09657.jpg,-0.0063000000081956
img_01678_mirrored.jpg,0.0120000001043081
img_14823.jpg,-0.5235999822616577
img_12440_mirrored.jpg,-0.1156999990344047
img_08780.jpg,-0.1429000049829483
img_05845_mirrored.jpg,0.1744000017642974
img_08807.jpg,-0.259799987077713
img_13149.jpg,-0.3142000138759613
img_12387_mirrored.jpg,0.0346000008285045
img_00801.jpg,-0.1885000020265579
img_11281_mirrored.jpg,0.3142000138759613
img_12599_mirrored.jpg,0.3142000138759613
img_03732.jpg,0.1260000020265579
img_04247.jpg,-0.0538999997079372
img_09227.jpg,-0.1036999970674514
img_13234.jpg,-0.0046999999321997
img_02758.jpg,-0.0078999996185302
img_14807_mirrored.jpg,0.5235999822616577
img_03483_mirrored.jpg,0.3142000138759613
img_01406_mirrored.jpg,0.3142000138759613
img_12652_mirrored.jpg,0.2842999994754791
img_13406.jpg,-0.0041999998502433
img_03479.jpg,-0.3034999966621399
img_10861.jpg,-0.1089000031352043
img_09149.jpg,-0.0816999971866607
img_06185_mirrored.jpg,0.0423999987542629
img_03540.jpg,-0.0256999991834163
img_14640_mirrored.jpg,-0.0131000000983476
img_13982_mirrored.jpg,0.2370000034570694
img_05293.jpg,-0.0852999985218048
img_09122_mirrored.jpg,0.0759000033140182
img_08571.jpg,0.0403000004589557
img_13649_mirrored.jpg,-0.0131000000983476
img_02516.jpg,0.0141000002622604
img_12790_mirrored.jpg,0.0073000001721084
img_10911.jpg,0.0266999993473291
img_10792_mirrored.jpg,0.1565999984741211
img_05183.jpg,0.09009999781847
img_07495.jpg,-0.0219999998807907
img_12257_mirrored.jpg,0.0549999997019767
img_14150_mirrored.jpg,-0.2608000040054321
img_04842_mirrored.jpg,0.1419000029563903
img_08824_mirrored.jpg,0.2664999961853027
img_09757_mirrored.jpg,0.1587000042200088
img_08211_mirrored.jpg,-0.0031000000890344
img_13739.jpg,-0.002600000007078
img_14170_mirrored.jpg,0.002600000007078
img_07421_mirrored.jpg,0.263399988412857
img_10048_mirrored.jpg,-0.0247000008821487
img_04942.jpg,-0.3142000138759613
img_05490_mirrored.jpg,0.3142000138759613
img_13193.jpg,-0.0885000005364418
img_01152.jpg,0.0769999995827674
img_07742.jpg,-0.066500000655651
img_14201.jpg,0.1683000028133392
img_01265.jpg,-0.0916000008583068
img_06568_mirrored.jpg,-0.1445000022649765
img_07807.jpg,-0.1486999988555908
img_10490.jpg,0.1360999941825866
img_06316.jpg,-0.0623000003397464
img_13570_mirrored.jpg,0.3142000138759613
img_10885_mirrored.jpg,-0.0685999989509582
img_01275_mirrored.jpg,-0.0266999993473291
img_03898_mirrored.jpg,0.3142000138759613
img_05301_mirrored.jpg,0.0533999986946582
img_07843_mirrored.jpg,0.3142000138759613
img_14550.jpg,-0.3021000027656555
img_03190.jpg,-0.0187999997287988
img_12407.jpg,-0.0236000008881092
img_04979.jpg,-0.146599993109703
img_03939_mirrored.jpg,0.250900000333786
img_14776_mirrored.jpg,0.5235999822616577
img_04856_mirrored.jpg,0.1847999989986419
img_00169.jpg,-0.0283000003546476
img_12764_mirrored.jpg,0.024100000038743
img_07577.jpg,0.2213999927043914
img_07829_mirrored.jpg,0.1237000003457069
img_09903_mirrored.jpg,0.1990000009536743
img_14034.jpg,-0.3142000138759613
img_11068.jpg,-0.0313999988138675
img_03426_mirrored.jpg,0.3142000138759613
img_07306_mirrored.jpg,0.146599993109703
img_12020.jpg,0.0052000000141561
img_04437_mirrored.jpg,0.2046999931335449
img_07536_mirrored.jpg,-0.0890000015497207
img_03200_mirrored.jpg,0.0361000001430511
img_03742.jpg,-0.0777999982237815
img_12306.jpg,0.0790999978780746
img_12345.jpg,0.202000007033348
img_08973.jpg,-0.0083999997004866
img_10903_mirrored.jpg,0.0063000000081956
img_08688.jpg,-0.0073000001721084
img_03718.jpg,-0.006800000090152
img_03806_mirrored.jpg,0.0408000014722347
img_07833_mirrored.jpg,0.2549999952316284
img_10179_mirrored.jpg,-0.094200000166893
img_02658.jpg,0.1869000047445297
img_01700.jpg,0.0063000000081956
img_05460_mirrored.jpg,0.3142000138759613
img_04594.jpg,0.1627999991178512
img_02606_mirrored.jpg,-0.1389999985694885
img_12771_mirrored.jpg,-0.0093999998643994
img_11132_mirrored.jpg,0.0749000012874603
img_02443_mirrored.jpg,0.3142000138759613
img_09445.jpg,0.0109999999403953
img_12762.jpg,-0.0194000005722045
img_08188_mirrored.jpg,-0.0098999999463558
img_00792.jpg,-0.1086999997496604
img_12995_mirrored.jpg,0.100500002503395
img_12899_mirrored.jpg,-0.0910999998450279
img_13291.jpg,0.1125999987125396
img_05225_mirrored.jpg,0.0251000002026557
img_00370.jpg,-0.3142000138759613
img_03454.jpg,-0.3142000138759613
img_00795_mirrored.jpg,0.1788000017404556
img_10199.jpg,-0.0513000003993511
img_11808.jpg,0.0173000004142522
img_02232.jpg,-0.0346000008285045
img_00449_mirrored.jpg,0.3142000138759613
img_00072.jpg,-0.006800000090152
img_00118.jpg,-0.0456000007688999
img_13812_mirrored.jpg,0.0428999997675418
img_10307.jpg,-0.1172999963164329
img_00949_mirrored.jpg,0.0685999989509582
img_14912.jpg,-0.5235999822616577
img_10071.jpg,-0.0297999996691942
img_03271_mirrored.jpg,0.0386999994516372
img_02883_mirrored.jpg,0.1682000011205673
img_04403_mirrored.jpg,0.1527000069618225
img_04987_mirrored.jpg,0.0502999983727932
img_04134.jpg,-0.0037000000011175
img_02189.jpg,-0.0346000008285045
img_10558.jpg,-0.0293000005185604
img_09866.jpg,-0.0366999991238117
img_02918.jpg,-0.2630999982357025
img_13542_mirrored.jpg,0.1482000052928924
img_00762_mirrored.jpg,0.1026000007987022
img_06071.jpg,-0.0156999994069337
img_05234_mirrored.jpg,-0.1968999952077865
img_13067_mirrored.jpg,0.1130999997258186
img_01297.jpg,-0.0989999994635582
img_12394.jpg,0.0816999971866607
img_13612_mirrored.jpg,0.3142000138759613
img_10209_mirrored.jpg,0.1062999963760376
img_10543_mirrored.jpg,0.018300000578165
img_03133.jpg,-0.0031000000890344
img_00395.jpg,-0.3142000138759613
img_07185_mirrored.jpg,-0.1702000051736831
img_04890_mirrored.jpg,0.0775000005960464
img_01081.jpg,-0.0046999999321997
img_01826.jpg,-0.1534000039100647
img_08330.jpg,-0.2186000049114227
img_09737_mirrored.jpg,0.1717000007629394
img_05710.jpg,-0.032999999821186
img_14871_mirrored.jpg,0.5235999822616577
img_14641.jpg,0.018300000578165
img_08043_mirrored.jpg,0.0046999999321997
img_02551.jpg,0.201100006699562
img_00030.jpg,0.0524000003933906
img_00316_mirrored.jpg,0.1534000039100647
img_04295.jpg,-0.0885000005364418
img_13630.jpg,-0.0952999964356422
img_00177_mirrored.jpg,0.0744000002741813
img_03718_mirrored.jpg,0.006800000090152
img_10036_mirrored.jpg,0.0785000026226043
img_13167.jpg,-0.3142000138759613
img_07586.jpg,0.093199998140335
img_09897_mirrored.jpg,0.2187999933958053
img_03527.jpg,-0.0366999991238117
img_12816.jpg,-0.0037000000011175
img_10180_mirrored.jpg,-0.0680999979376792
img_11349_mirrored.jpg,-0.274399995803833
img_09176_mirrored.jpg,0.048200000077486
img_12131.jpg,-0.1266999989748001
img_09604_mirrored.jpg,0.060199998319149
img_05861_mirrored.jpg,0.1613000035285949
img_12294_mirrored.jpg,0.0351000018417835
img_04094_mirrored.jpg,-0.0225000008940696
img_04950_mirrored.jpg,0.3142000138759613
img_01996_mirrored.jpg,0.2529000043869018
img_01507_mirrored.jpg,0.0102000003680586
img_08324.jpg,-0.0995000004768371
img_10215_mirrored.jpg,0.1371999979019165
img_01878.jpg,-0.3142000138759613
img_07036.jpg,0.1151999980211258
img_13528_mirrored.jpg,0.3142000138759613
img_13423_mirrored.jpg,0.0529000014066696
img_09669_mirrored.jpg,-0.0115000000223517
img_03336_mirrored.jpg,0.0879999995231628
img_10853_mirrored.jpg,0.0115000000223517
img_02275_mirrored.jpg,0.0890000015497207
img_13636_mirrored.jpg,0.2560000121593475
img_03404.jpg,-0.3142000138759613
img_01740_mirrored.jpg,0.0230000000447034
img_00410_mirrored.jpg,0.1432999968528747
img_09436.jpg,-0.0711999982595443
img_09265.jpg,-0.1587000042200088
img_12894_mirrored.jpg,0.0266999993473291
img_08918_mirrored.jpg,0.0236000008881092
img_04993_mirrored.jpg,0.0113000003620982
img_09793.jpg,-0.3142000138759613
img_03301_mirrored.jpg,-0.0887999981641769
img_05339_mirrored.jpg,0.0450000017881393
img_10143.jpg,-0.048200000077486
img_01687.jpg,-0.0571000017225742
img_02225_mirrored.jpg,0.0759000033140182
img_00086_mirrored.jpg,0.0005000000237487
img_10743.jpg,-0.183799996972084
img_13484_mirrored.jpg,0.1728000044822693
img_06876_mirrored.jpg,0.2791000008583069
img_14144.jpg,0.13680000603199
img_00531.jpg,0.0983999967575073
img_09529.jpg,0.1791000068187713
img_08519_mirrored.jpg,-0.0471000000834465
img_11913_mirrored.jpg,0.0769999995827674
img_02757.jpg,-0.0093999998643994
img_04631.jpg,0.2330999970436096
img_06029_mirrored.jpg,0.0956000015139579
img_00122.jpg,-0.0785000026226043
img_09683_mirrored.jpg,0.1052000001072883
img_09723.jpg,-0.1774999946355819
img_10063_mirrored.jpg,0.0167999994009733
img_10137.jpg,-0.0502999983727932
img_09321.jpg,-0.2293000072240829
img_04184.jpg,-0.0156999994069337
img_06807_mirrored.jpg,0.1397999972105026
img_06021_mirrored.jpg,0.0115000000223517
img_08120_mirrored.jpg,0.0187999997287988
img_09744_mirrored.jpg,0.1633999943733215
img_15178_mirrored.jpg,-0.0
img_10872_mirrored.jpg,-0.0173000004142522
img_04390_mirrored.jpg,0.2858999967575073
img_01199.jpg,0.1272000074386596
img_12519_mirrored.jpg,0.0308999996632337
img_03174.jpg,0.096900001168251
img_11201_mirrored.jpg,0.1348000019788742
img_07288.jpg,-0.0575999990105629
img_05034_mirrored.jpg,-0.0236000008881092
img_09930.jpg,-0.1282999962568283
img_12188.jpg,-0.3142000138759613
img_07892.jpg,-0.2125999927520752
img_12662.jpg,-0.1015999987721443
img_09064.jpg,-0.0555000007152557
img_04669_mirrored.jpg,-0.1732999980449676
img_08746.jpg,-0.221000000834465
img_02892_mirrored.jpg,0.3142000138759613
img_02764.jpg,-0.0078999996185302
img_10692.jpg,-0.1449999958276748
img_14480.jpg,-0.2146999984979629
img_09843.jpg,-0.2275000065565109
img_12435.jpg,0.0073000001721084
img_14779.jpg,-0.5235999822616577
img_02581_mirrored.jpg,-0.1774999946355819
img_11737_mirrored.jpg,-0.0126000000163912
img_06959.jpg,-0.2931999862194061
img_13950.jpg,-0.1225000023841857
img_05936.jpg,-0.3136000037193298
img_04527_mirrored.jpg,-0.0173000004142522
img_07488_mirrored.jpg,0.0812000036239624
img_12708.jpg,-0.0502999983727932
img_13332_mirrored.jpg,-0.1152999997138977
img_05920_mirrored.jpg,0.3142000138759613
img_04989_mirrored.jpg,0.018300000578165
img_06612_mirrored.jpg,-0.1010999977588653
img_09397_mirrored.jpg,0.3142000138759613
img_13863.jpg,0.0104999998584389
img_05433_mirrored.jpg,0.3142000138759613
img_09808.jpg,-0.186499997973442
img_01933_mirrored.jpg,0.2339999973773956
img_01480_mirrored.jpg,0.3142000138759613
img_09685_mirrored.jpg,0.1036999970674514
img_00635.jpg,0.1748999953269958
img_07028_mirrored.jpg,-0.0078999996185302
img_07683.jpg,0.1456000059843063
img_04048_mirrored.jpg,0.1110000014305114
img_05873.jpg,-0.0381999984383583
img_09978_mirrored.jpg,-0.0230000000447034
img_04278.jpg,-0.0219999998807907
img_03098.jpg,0.0194000005722045
img_01974.jpg,-0.3142000138759613
img_00225.jpg,-0.018300000578165
img_10051.jpg,0.0952999964356422
img_11668_mirrored.jpg,0.2854000031948089
img_07840_mirrored.jpg,0.3142000138759613
img_14770.jpg,-0.5235999822616577
img_11646_mirrored.jpg,0.096900001168251
img_06848.jpg,-0.0272000003606081
img_01069.jpg,0.0251000002026557
img_03393_mirrored.jpg,0.0989999994635582
img_12823.jpg,-0.0031000000890344
img_10387.jpg,-0.0513000003993511
img_01489.jpg,-0.3142000138759613
img_07568.jpg,0.183799996972084
img_03736.jpg,0.1356000006198883
img_05847_mirrored.jpg,0.1554999947547912
img_04018.jpg,-0.2188999950885772
img_04409.jpg,-0.3142000138759613
img_04864.jpg,-0.1156999990344047
img_00063_mirrored.jpg,-0.0308999996632337
img_00401.jpg,-0.277999997138977
img_08239.jpg,0.1089000031352043
img_07287_mirrored.jpg,0.0653999969363212
img_10869.jpg,0.0204000007361173
img_14693.jpg,-0.0031000000890344
img_12394_mirrored.jpg,-0.0816999971866607
img_05507.jpg,-0.3142000138759613
img_12606.jpg,-0.1423999965190887
img_07493.jpg,-0.0313999988138675
img_15032_mirrored.jpg,-0.5235999822616577
img_10664_mirrored.jpg,0.1770000010728836
img_14284_mirrored.jpg,0.0502999983727932
img_14375.jpg,-0.0372000001370906
img_03717.jpg,-0.0131000000983476
img_08616.jpg,-0.0162000004202127
img_10067.jpg,-0.008899999782443
img_00970.jpg,-0.1811999976634979
img_00148_mirrored.jpg,0.0167999994009733
img_12330_mirrored.jpg,-0.0091000003740191
img_06154.jpg,0.0251000002026557
img_04887_mirrored.jpg,0.033500000834465
img_05722_mirrored.jpg,-0.0104999998584389
img_05982_mirrored.jpg,0.2958000004291534
img_12536_mirrored.jpg,0.1334999948740005
img_13639_mirrored.jpg,0.157600000500679
img_13405_mirrored.jpg,0.0031000000890344
img_06538.jpg,0.1136000007390976
img_06473_mirrored.jpg,0.3142000138759613
img_00144.jpg,0.0361000001430511
img_15139.jpg,0.5235999822616577
img_08931.jpg,-0.1345999985933303
img_06207_mirrored.jpg,-0.1072999984025955
img_14435.jpg,0.0560000017285347
img_05159.jpg,-0.0057999999262392
img_12037.jpg,-0.0524000003933906
img_02402_mirrored.jpg,0.2926999926567077
img_06803.jpg,-0.153899997472763
img_01026_mirrored.jpg,-0.0147000001743435
img_02822_mirrored.jpg,0.2115000039339065
img_04041.jpg,-0.0346000008285045
img_07309.jpg,-0.1591999977827072
img_04516.jpg,-0.19480000436306
img_04025.jpg,0.024100000038743
img_01372.jpg,-0.09740000218153
img_00477.jpg,-0.3142000138759613
img_07134_mirrored.jpg,-0.0680999979376792
img_12062_mirrored.jpg,0.1015999987721443
img_07655.jpg,-0.0575999990105629
img_00078.jpg,-0.0031000000890344
img_14340.jpg,-0.0078999996185302
img_12427.jpg,-0.0131000000983476
img_14700.jpg,-0.0324999988079071
img_09623_mirrored.jpg,-0.0297999996691942
img_07682.jpg,0.1435000002384185
img_11271_mirrored.jpg,0.1058000028133392
img_01586.jpg,-0.09009999781847
img_13849.jpg,-0.0873999968171119
img_08300_mirrored.jpg,0.1397999972105026
img_14039.jpg,-0.1806000024080276
img_12058.jpg,-0.0859000012278556
img_01846_mirrored.jpg,0.1492000073194503
img_01418_mirrored.jpg,0.1199000030755996
img_06889_mirrored.jpg,0.2466000020503997
img_02932_mirrored.jpg,0.2912000119686126
img_11175_mirrored.jpg,0.1670999974012375
img_09390_mirrored.jpg,0.3142000138759613
img_07572_mirrored.jpg,-0.1115000024437904
img_00315.jpg,-0.1486999988555908
img_08190_mirrored.jpg,0.008899999782443
img_01199_mirrored.jpg,-0.1272000074386596
img_10867.jpg,-0.0606999993324279
img_12178.jpg,-0.1559000015258789
img_02545_mirrored.jpg,-0.2460000067949295
img_04112_mirrored.jpg,0.0078999996185302
img_13170_mirrored.jpg,0.3142000138759613
img_06338_mirrored.jpg,0.1482000052928924
img_01130_mirrored.jpg,0.0586000010371208
img_13205.jpg,0.0083999997004866
img_08289_mirrored.jpg,0.1512999981641769
img_10865.jpg,-0.1036999970674514
img_11937.jpg,-0.0147000001743435
img_12901.jpg,0.162100002169609
img_04740.jpg,0.1460999995470047
img_00735.jpg,-0.0063000000081956
img_07764.jpg,-0.0266999993473291
img_03274.jpg,-0.013600000180304
img_10136_mirrored.jpg,0.0476000010967254
img_03629_mirrored.jpg,-0.2424000054597854
img_09816_mirrored.jpg,0.3142000138759613
img_14868_mirrored.jpg,0.5235999822616577
img_11010.jpg,-0.0414000004529953
img_13749_mirrored.jpg,0.0037000000011175
img_12390_mirrored.jpg,-0.0215000007301569
img_10445.jpg,0.1298999935388565
img_12261_mirrored.jpg,0.0852999985218048
img_08079.jpg,-0.0031000000890344
img_11849.jpg,0.0245999991893768
img_10818_mirrored.jpg,0.2554999887943268
img_14844.jpg,-0.5235999822616577
img_14481.jpg,-0.2275000065565109
img_09236_mirrored.jpg,0.0445000007748603
img_12977.jpg,0.1052000001072883
img_07732.jpg,-0.0529000014066696
img_05457_mirrored.jpg,0.3142000138759613
img_10429_mirrored.jpg,0.0104999998584389
img_08021.jpg,-0.024100000038743
img_00154.jpg,-0.0104999998584389
img_04282_mirrored.jpg,-0.0037000000011175
img_03267_mirrored.jpg,0.0491999983787536
img_14286.jpg,-0.0581000000238418
img_05022.jpg,-0.2684000134468078
img_05503.jpg,-0.3142000138759613
img_00462.jpg,-0.3142000138759613
img_11499_mirrored.jpg,-0.0093999998643994
img_04550.jpg,0.0266999993473291
img_01484_mirrored.jpg,0.3142000138759613
img_11336.jpg,-0.0141000002622604
img_03435.jpg,-0.1445000022649765
img_00446.jpg,-0.0502999983727932
img_02991_mirrored.jpg,0.2538999915122986
img_11892.jpg,-0.0031000000890344
img_07013.jpg,-0.0592000000178813
img_10348_mirrored.jpg,0.3142000138759613
img_13855.jpg,-0.0507999993860721
img_05977_mirrored.jpg,0.2619000077247619
img_11517.jpg,-0.0838000029325485
img_14147_mirrored.jpg,-0.2791000008583069
img_08011.jpg,0.1015999987721443
img_00045.jpg,-0.0194000005722045
img_12324.jpg,-0.1278000026941299
img_03942_mirrored.jpg,0.3142000138759613
img_02977.jpg,0.0126000000163912
img_11196_mirrored.jpg,0.0983999967575073
img_04293.jpg,-0.0922000035643577
img_06733_mirrored.jpg,0.0057999999262392
img_01822.jpg,-0.146599993109703
img_01200_mirrored.jpg,-0.1572999954223632
img_05779_mirrored.jpg,0.0555000007152557
img_13596.jpg,-0.100500002503395
img_13758.jpg,-0.0031000000890344
img_02896_mirrored.jpg,0.3142000138759613
img_07123.jpg,-0.1130999997258186
img_05155.jpg,-0.0031000000890344
img_04422_mirrored.jpg,0.2556999921798706
img_12854_mirrored.jpg,-0.1020999997854232
img_14617_mirrored.jpg,-0.006800000090152
img_02009.jpg,0.024100000038743
img_10678.jpg,-0.1806000024080276
img_08404.jpg,-0.024100000038743
img_03720.jpg,0.0063000000081956
img_09985.jpg,0.0098999999463558
img_00632_mirrored.jpg,-0.1974000036716461
img_03153.jpg,-0.0586000010371208
img_03197_mirrored.jpg,0.0434999987483024
img_03424.jpg,-0.3142000138759613
img_05584_mirrored.jpg,-0.0976999998092651
img_13260.jpg,-0.0873999968171119
img_12837.jpg,-0.0821999981999397
img_02703_mirrored.jpg,0.0597000010311603
img_09177.jpg,-0.0465999990701675
img_09438_mirrored.jpg,0.0408000014722347
img_00174_mirrored.jpg,0.0775000005960464
img_00082_mirrored.jpg,0.0005000000237487
img_14385_mirrored.jpg,0.024100000038743
img_09404.jpg,-0.3142000138759613
img_03033_mirrored.jpg,0.0093999998643994
img_01909.jpg,-0.3142000138759613
img_13741_mirrored.jpg,0.002600000007078
img_02855_mirrored.jpg,0.120399996638298
img_05000.jpg,-0.3142000138759613
img_07609.jpg,0.1770000010728836
img_04900.jpg,-0.3142000138759613
img_04822_mirrored.jpg,0.024100000038743
img_06282_mirrored.jpg,-0.0272000003606081
img_14558.jpg,-0.0716999992728233
img_13878_mirrored.jpg,0.0513000003993511
img_00939_mirrored.jpg,0.2440000027418136
img_02836.jpg,-0.1435000002384185
img_04518_mirrored.jpg,0.1015999987721443
img_03971_mirrored.jpg,0.2016000002622604
img_11340_mirrored.jpg,-0.0366999991238117
img_13907.jpg,0.0219999998807907
img_02329.jpg,-0.1036999970674514
img_10776_mirrored.jpg,0.2031999975442886
img_11301_mirrored.jpg,0.3142000138759613
img_05973_mirrored.jpg,0.0119000002741813
img_12464_mirrored.jpg,0.0251000002026557
img_00352_mirrored.jpg,0.3021000027656555
img_15161.jpg,0.0
img_07305_mirrored.jpg,0.1413999944925308
img_13946.jpg,-0.1041999980807304
img_06738.jpg,-0.0073000001721084
img_06619_mirrored.jpg,-0.1272000074386596
img_14349.jpg,0.0167999994009733
img_10131.jpg,-0.0120000001043081
img_04718_mirrored.jpg,0.0403000004589557
img_09725_mirrored.jpg,0.1518000066280365
img_06214.jpg,0.1613000035285949
img_05807_mirrored.jpg,0.018300000578165
img_01836_mirrored.jpg,0.1544999927282333
img_00942_mirrored.jpg,0.1534000039100647
img_12519.jpg,-0.0308999996632337
img_14539_mirrored.jpg,-0.0120000001043081
img_11310_mirrored.jpg,0.1298999935388565
img_06216_mirrored.jpg,-0.09740000218153
img_07665_mirrored.jpg,0.0162000004202127
img_11387.jpg,-0.1079000011086463
img_03024.jpg,0.0131000000983476
img_04072.jpg,0.0989999994635582
img_05654_mirrored.jpg,-0.125
img_06408.jpg,-0.3142000138759613
img_02082.jpg,0.0245999991893768
img_04118.jpg,-0.0063000000081956
img_01439_mirrored.jpg,0.3142000138759613
img_08877_mirrored.jpg,0.2791000008583069
img_02788.jpg,-0.09740000218153
img_04174.jpg,0.0599999986588954
img_01693.jpg,-0.0502999983727932
img_03027_mirrored.jpg,0.0052000000141561
img_13243_mirrored.jpg,-0.1722999960184097
img_12516.jpg,-0.0208999998867511
img_06172.jpg,-0.0152000002562999
img_02719_mirrored.jpg,-0.0020999999251216
img_04877.jpg,0.0706999972462654
img_09761.jpg,0.0711999982595443
img_07409_mirrored.jpg,0.3142000138759613
img_12732_mirrored.jpg,0.0905999988317489
img_03180.jpg,-0.0173000004142522
img_02900.jpg,-0.3142000138759613
img_05326.jpg,-0.1000000014901161
img_00456_mirrored.jpg,0.3142000138759613
img_14624.jpg,0.120399996638298
img_13214.jpg,0.3000000119209289
img_11986_mirrored.jpg,0.0847999975085258
img_12660_mirrored.jpg,0.1318999975919723
img_05793.jpg,-0.0355999991297721
img_01947_mirrored.jpg,0.2759000062942505
img_04834.jpg,-0.218299999833107
img_02789.jpg,-0.0890000015497207
img_08328.jpg,-0.1291999965906143
img_08636_mirrored.jpg,0.0355999991297721
img_05653_mirrored.jpg,-0.1026000007987022
img_00680.jpg,-0.0555000007152557
img_04392_mirrored.jpg,0.2366999983787536
img_05226_mirrored.jpg,-0.0230000000447034
img_13469_mirrored.jpg,0.1419000029563903
img_12242.jpg,-0.1863999962806701
img_03153_mirrored.jpg,0.0586000010371208
img_13948_mirrored.jpg,0.1072999984025955
img_10887_mirrored.jpg,-0.1026000007987022
img_02554.jpg,0.1093999966979026
img_09712.jpg,-0.0763999968767166
img_11484.jpg,-0.0538999997079372
img_13114_mirrored.jpg,0.2732999920845032
img_06688_mirrored.jpg,0.0219999998807907
img_06135_mirrored.jpg,0.0104999998584389
img_05013_mirrored.jpg,0.0372000001370906
img_07174_mirrored.jpg,0.0737999975681305
img_04506.jpg,-0.3142000138759613
img_05643_mirrored.jpg,-0.0995000004768371
img_12093_mirrored.jpg,0.1591999977827072
img_10585.jpg,-0.2040999978780746
img_10120_mirrored.jpg,0.0293000005185604
img_03385.jpg,-0.2775000035762787
img_04860_mirrored.jpg,0.1613000035285949
img_03624.jpg,0.1641999930143356
img_14368.jpg,-0.0476000010967254
img_08348_mirrored.jpg,0.244499996304512
img_01508_mirrored.jpg,0.017799999564886
img_05515.jpg,-0.1591999977827072
img_08016_mirrored.jpg,0.0256999991834163
img_07286.jpg,-0.0749000012874603
img_06014_mirrored.jpg,-0.024100000038743
img_10250.jpg,-0.3142000138759613
img_08267.jpg,-0.0806000009179115
img_10705.jpg,-0.0126000000163912
img_07429.jpg,-0.0821999981999397
img_08506_mirrored.jpg,-0.0340000018477439
img_03886.jpg,-0.1181000024080276
img_12052_mirrored.jpg,0.033500000834465
img_02573.jpg,0.0159000009298324
img_05037_mirrored.jpg,-0.0152000002562999
img_12380_mirrored.jpg,-0.1806000024080276
img_04101_mirrored.jpg,-0.0219999998807907
img_01711_mirrored.jpg,-0.0789000019431114
img_05744.jpg,-0.1952999979257583
img_01166.jpg,-0.0141000002622604
img_08867.jpg,-0.2026000022888183
img_09391_mirrored.jpg,0.3142000138759613
img_04045_mirrored.jpg,0.1189000010490417
img_09517_mirrored.jpg,-0.1449999958276748
img_12077_mirrored.jpg,0.0842999964952468
img_03147.jpg,-0.0063000000081956
img_02650.jpg,0.0976999998092651
img_13220.jpg,0.1067999973893165
img_01003.jpg,-0.0052000000141561
img_06939.jpg,-0.1031000018119812
img_03837.jpg,-0.1423999965190887
img_11603_mirrored.jpg,0.1330000013113021
img_04724.jpg,0.0063000000081956
img_06254_mirrored.jpg,0.0471000000834465
img_02966_mirrored.jpg,0.1330000013113021
img_11975_mirrored.jpg,-0.1591999977827072
img_13613.jpg,-0.3142000138759613
img_10606_mirrored.jpg,0.0104999998584389
img_14017_mirrored.jpg,0.2926999926567077
img_08479.jpg,0.2626999914646148
img_05548.jpg,0.0533999986946582
img_01334_mirrored.jpg,0.1492000073194503
img_11244_mirrored.jpg,0.1523000001907348
img_06416.jpg,-0.1597000062465667
img_08873_mirrored.jpg,0.3142000138759613
img_14885.jpg,-0.5235999822616577
img_11871_mirrored.jpg,0.0031000000890344
img_12489_mirrored.jpg,0.0496999993920326
img_05381_mirrored.jpg,0.2285999953746795
img_05168.jpg,-0.0744000002741813
img_05520.jpg,0.0167999994009733
img_09751.jpg,-0.1292999982833862
img_02128.jpg,-0.0031000000890344
img_10857_mirrored.jpg,0.0283000003546476
img_05940.jpg,-0.2309000045061111
img_12135.jpg,-0.0962999984622001
img_05788.jpg,-0.0983999967575073
img_01016_mirrored.jpg,0.1230000033974647
img_11288.jpg,-0.3142000138759613
img_02933_mirrored.jpg,0.3142000138759613
img_11182_mirrored.jpg,0.3046999871730804
img_13310.jpg,0.1952999979257583
img_00158.jpg,-0.0262000001966953
img_08258_mirrored.jpg,0.0790999978780746
img_02684_mirrored.jpg,-0.0627999976277351
img_04274_mirrored.jpg,0.0471000000834465
img_04012.jpg,-0.1882999986410141
img_01618_mirrored.jpg,-0.1046999990940094
img_09159.jpg,0.0109999999403953
img_06914.jpg,-0.2869000136852264
img_07130_mirrored.jpg,-0.0194000005722045
img_00039_mirrored.jpg,-0.0564999990165233
img_10110_mirrored.jpg,0.0465999990701675
img_08561_mirrored.jpg,-0.1072999984025955
img_12455_mirrored.jpg,0.2277999967336654
img_02311_mirrored.jpg,0.1000000014901161
img_08937.jpg,0.0283000003546476
img_00047.jpg,-0.0167999994009733
img_10430_mirrored.jpg,0.0073000001721084
img_14279_mirrored.jpg,0.0204000007361173
img_07879.jpg,-0.3142000138759613
img_01147_mirrored.jpg,-0.0846000015735626
img_11057.jpg,-0.0152000002562999
img_04197.jpg,-0.0287999995052814
img_01206.jpg,0.150299996137619
img_09490.jpg,0.1330000013113021
img_12346.jpg,0.2418999969959259
img_03307.jpg,0.0948000028729438
img_06913.jpg,-0.3088999986648559
img_04417_mirrored.jpg,0.2565999925136566
img_00385_mirrored.jpg,0.2477000057697296
img_09850_mirrored.jpg,0.2885000109672546
img_00815_mirrored.jpg,0.1571000069379806
img_07573.jpg,0.1189000010490417
img_10380_mirrored.jpg,-0.0245999991893768
img_13032.jpg,-0.1601999998092651
img_04855_mirrored.jpg,0.1833000034093856
img_14046.jpg,-0.157600000500679
img_14037.jpg,-0.2576000094413757
img_13966_mirrored.jpg,0.1565999984741211
img_10617_mirrored.jpg,-0.0167999994009733
img_07584.jpg,0.1105000004172325
img_08001_mirrored.jpg,0.0083999997004866
img_08175_mirrored.jpg,0.0617999993264675
img_00173.jpg,-0.0706999972462654
img_09369.jpg,-0.2372000068426132
img_02921_mirrored.jpg,0.3142000138759613
img_10118.jpg,-0.05180000141263
img_03928.jpg,-0.3142000138759613
img_14702_mirrored.jpg,0.0502999983727932
img_14755.jpg,-0.5235999822616577
img_03584.jpg,0.1146000027656555
img_02787.jpg,-0.1015999987721443
img_07468.jpg,-0.1334999948740005
img_09730.jpg,-0.1419000029563903
img_12429_mirrored.jpg,-0.006800000090152
img_02780_mirrored.jpg,0.0513000003993511
img_07656.jpg,-0.060199998319149
img_14044.jpg,-0.1136000007390976
img_05459_mirrored.jpg,0.3142000138759613
img_00678_mirrored.jpg,0.0606999993324279
img_03219_mirrored.jpg,-0.0692000016570091
img_10093_mirrored.jpg,-0.0236000008881092
img_08605_mirrored.jpg,-0.1036999970674514
img_07260.jpg,0.0581000000238418
img_00174.jpg,-0.0775000005960464
img_12249_mirrored.jpg,-0.024100000038743
img_06182.jpg,-0.0414000004529953
img_10462.jpg,-0.0015999999595806
img_02411.jpg,-0.2746999859809875
img_06460.jpg,-0.3142000138759613
img_02479.jpg,-0.3142000138759613
img_03750_mirrored.jpg,0.1685999929904937
img_11173.jpg,-0.1497000008821487
img_06410.jpg,-0.3142000138759613
img_13713.jpg,0.0251000002026557
img_08572_mirrored.jpg,0.0230000000447034
img_06656.jpg,0.1020999997854232
img_08546_mirrored.jpg,-0.1182999983429908
img_14003.jpg,-0.1272000074386596
img_06391.jpg,-0.3142000138759613
img_13016_mirrored.jpg,0.1330000013113021
img_08201_mirrored.jpg,0.0507999993860721
img_09929_mirrored.jpg,0.1163000017404556
img_13672.jpg,0.0162000004202127
img_05373_mirrored.jpg,0.1889999955892563
img_03327_mirrored.jpg,0.063400000333786
img_11461_mirrored.jpg,-0.0838000029325485
img_07505_mirrored.jpg,-0.1925999969244003
img_12729.jpg,-0.131400004029274
img_01292.jpg,-0.0785000026226043
img_06678.jpg,-0.0544999986886978
img_15089.jpg,0.5235999822616577
img_13998.jpg,-0.1125999987125396
img_11254_mirrored.jpg,0.3142000138759613
img_04814_mirrored.jpg,0.0408000014722347
img_10437.jpg,0.0737000033259391
img_09748_mirrored.jpg,0.1125999987125396
img_00871_mirrored.jpg,0.3142000138759613
img_02307_mirrored.jpg,0.0979000031948089
img_14996.jpg,0.5235999822616577
img_07911.jpg,-0.1334999948740005
img_07939.jpg,-0.1220000013709068
img_03856.jpg,-0.1476999968290329
img_10769_mirrored.jpg,0.3142000138759613
img_07349_mirrored.jpg,0.1298999935388565
img_02420.jpg,-0.3142000138759613
img_09858.jpg,-0.130400002002716
img_13388.jpg,-0.2250999957323074
img_01128_mirrored.jpg,0.0491999983787536
img_08813.jpg,-0.3142000138759613
img_11468_mirrored.jpg,-0.0962999984622001
img_00120.jpg,-0.0544999986886978
img_11958.jpg,-0.0800999999046325
img_06276.jpg,-0.0775000005960464
img_07949_mirrored.jpg,0.1875
img_06527_mirrored.jpg,-0.1412999927997589
img_09038_mirrored.jpg,0.0031000000890344
img_05850.jpg,-0.1151999980211258
img_04355.jpg,-0.1591999977827072
img_12557_mirrored.jpg,0.1199000030755996
img_08879_mirrored.jpg,0.2707000076770782
img_06713_mirrored.jpg,0.0715999975800514
img_04092_mirrored.jpg,-0.0152000002562999
img_07860.jpg,-0.163000002503395
img_03866_mirrored.jpg,0.1518000066280365
img_11360.jpg,-0.0318999998271465
img_04218_mirrored.jpg,0.0749000012874603
img_02918_mirrored.jpg,0.2630999982357025
img_12139.jpg,-0.2141000032424926
img_00093.jpg,-0.0015999999595806
img_03040_mirrored.jpg,0.1262000054121017
img_04169_mirrored.jpg,0.0392999984323978
img_09620_mirrored.jpg,-0.0046999999321997
img_01706_mirrored.jpg,0.0015999999595806
img_00392_mirrored.jpg,0.3142000138759613
img_00369.jpg,-0.3046999871730804
img_11257_mirrored.jpg,0.3142000138759613
img_07699_mirrored.jpg,0.1288000047206878
img_06165.jpg,0.0266999993473291
img_09849_mirrored.jpg,0.3093999922275543
img_08008.jpg,0.1079000011086463
img_03480_mirrored.jpg,0.3142000138759613
img_13184_mirrored.jpg,-0.0147000001743435
img_13537_mirrored.jpg,0.1685999929904937
img_12961.jpg,-0.0905999988317489
img_00448_mirrored.jpg,0.2046999931335449
img_01654_mirrored.jpg,0.0219999998807907
img_05481.jpg,-0.0794000029563903
img_04572_mirrored.jpg,0.0262000001966953
img_04492_mirrored.jpg,0.3142000138759613
img_10659_mirrored.jpg,0.2188999950885772
img_04884_mirrored.jpg,0.0120000001043081
img_06308.jpg,-0.09009999781847
img_13902.jpg,-0.0775000005960464
img_12344.jpg,0.1796000003814697
img_05144.jpg,-0.0037000000011175
img_04844.jpg,-0.1407999992370605
img_02099_mirrored.jpg,0.0052000000141561
img_09912_mirrored.jpg,-0.0251000002026557
img_02221_mirrored.jpg,0.0419000014662742
img_13448_mirrored.jpg,0.0194000005722045
img_01609_mirrored.jpg,-0.2597000002861023
img_10027_mirrored.jpg,0.0041999998502433
img_11978.jpg,0.05180000141263
img_08457_mirrored.jpg,0.0754000023007392
img_10045.jpg,0.0215000007301569
img_11296.jpg,-0.3142000138759613
img_05733.jpg,0.1110000014305114
img_11124.jpg,-0.100500002503395
img_07259_mirrored.jpg,-0.0445000007748603
img_07737_mirrored.jpg,0.1072999984025955
img_01311_mirrored.jpg,0.063400000333786
img_12815_mirrored.jpg,0.0037000000011175
img_04489.jpg,-0.3142000138759613
img_08680.jpg,-0.0147000001743435
img_08814.jpg,-0.3142000138759613
img_00721_mirrored.jpg,0.1308999955654144
img_11165.jpg,-0.1617999970912933
img_08146_mirrored.jpg,0.0780000016093254
img_08978_mirrored.jpg,-0.048700001090765
img_08075.jpg,-0.0031000000890344
img_11001_mirrored.jpg,0.0131000000983476
img_14771_mirrored.jpg,0.5235999822616577
img_04889.jpg,-0.0597000010311603
img_00192.jpg,0.1879999935626983
img_11337_mirrored.jpg,0.0141000002622604
img_00591_mirrored.jpg,-0.1199000030755996
img_12158.jpg,-0.2879999876022339
img_13437.jpg,-0.0297999996691942
img_15060_mirrored.jpg,-0.5235999822616577
img_09794_mirrored.jpg,0.3142000138759613
img_03443_mirrored.jpg,0.1961999982595443
img_06327.jpg,-0.1334999948740005
img_14235.jpg,-0.0230000000447034
img_00821_mirrored.jpg,0.1826999932527542
img_04898.jpg,-0.2497999966144561
img_04204_mirrored.jpg,0.0414000004529953
img_08694_mirrored.jpg,-0.0046999999321997
img_06149.jpg,-0.1020999997854232
img_01751_mirrored.jpg,0.006800000090152
img_09556.jpg,0.1717000007629394
img_00664.jpg,-0.0147000001743435
img_00713.jpg,-0.1307000070810318
img_05111_mirrored.jpg,-0.0198999997228384
img_00995_mirrored.jpg,-0.0245999991893768
img_14270_mirrored.jpg,-0.0617999993264675
img_08528_mirrored.jpg,0.1141000017523765
img_02635_mirrored.jpg,-0.1560000032186508
img_06897_mirrored.jpg,0.3142000138759613
img_09000_mirrored.jpg,-0.0098999999463558
img_05188_mirrored.jpg,-0.0744000002741813
img_11875_mirrored.jpg,0.002600000007078
img_09344_mirrored.jpg,0.1262000054121017
img_10439_mirrored.jpg,-0.1080000028014183
img_15112.jpg,0.5235999822616577
img_09461.jpg,0.1120999976992607
img_01776.jpg,-0.0812000036239624
img_01076.jpg,0.0167999994009733
img_05389.jpg,-0.3100000023841858
img_14946_mirrored.jpg,0.5235999822616577
img_07516_mirrored.jpg,-0.0754000023007392
img_14488_mirrored.jpg,0.3142000138759613
img_14777.jpg,-0.5235999822616577
img_14507_mirrored.jpg,0.2554999887943268
img_08315_mirrored.jpg,0.3025999963283539
img_13888.jpg,0.0037000000011175
img_10098_mirrored.jpg,-0.124499998986721
img_01070.jpg,0.024100000038743
img_00160.jpg,-0.032999999821186
img_10532_mirrored.jpg,-0.1079000011086463
img_09891.jpg,-0.0236000008881092
img_02480.jpg,-0.3142000138759613
img_00315_mirrored.jpg,0.1486999988555908
img_06235.jpg,0.0063000000081956
img_10964.jpg,-0.0194000005722045
img_14313.jpg,0.130400002002716
img_10799_mirrored.jpg,0.0592000000178813
img_11988_mirrored.jpg,0.0502999983727932
img_08013_mirrored.jpg,-0.0606999993324279
img_08313_mirrored.jpg,0.3142000138759613
img_08990_mirrored.jpg,0.018300000578165
img_07481_mirrored.jpg,0.0194000005722045
img_13750.jpg,-0.0037000000011175
img_01087.jpg,-0.0063000000081956
img_13063.jpg,-0.0957999974489212
img_08984.jpg,0.1151999980211258
img_05910.jpg,-0.1904000043869018
img_13576_mirrored.jpg,0.2115000039339065
img_03273_mirrored.jpg,0.0215000007301569
img_10370.jpg,-0.3068000078201294
img_12572.jpg,-0.0115000000223517
img_00551.jpg,0.0386999994516372
img_05535.jpg,-0.0775000005960464
img_10463_mirrored.jpg,-0.0732999965548515
img_14763.jpg,-0.5235999822616577
img_11136_mirrored.jpg,0.0434999987483024
img_02410_mirrored.jpg,0.2554999887943268
img_12574.jpg,-0.0262000001966953
img_02995_mirrored.jpg,0.1308999955654144
img_01113_mirrored.jpg,0.0031000000890344
img_10851_mirrored.jpg,-0.0083999997004866
img_12656.jpg,-0.2486999928951263
img_00899.jpg,-0.3142000138759613
img_11203_mirrored.jpg,0.2293999940156936
img_00634_mirrored.jpg,-0.1937000006437301
img_04064.jpg,-0.0078999996185302
img_00882.jpg,-0.1617999970912933
img_10319_mirrored.jpg,0.3142000138759613
img_15177_mirrored.jpg,-0.0
img_08728.jpg,-0.0414000004529953
img_09831.jpg,-0.3142000138759613
img_10931_mirrored.jpg,0.0046999999321997
img_09630.jpg,0.1456000059843063
img_12765.jpg,-0.0236000008881092
img_02138_mirrored.jpg,0.0361000001430511
img_03554_mirrored.jpg,-0.2948000133037567
img_11598.jpg,-0.1905999928712844
img_03010_mirrored.jpg,0.2644000053405761
img_08420_mirrored.jpg,0.3142000138759613
img_05949.jpg,-0.3142000138759613
img_07678.jpg,0.0756999999284744
img_08523.jpg,-0.093699999153614
img_06048.jpg,-0.0073000001721084
img_07909.jpg,-0.1952999979257583
img_11953_mirrored.jpg,0.0581000000238418
img_06559.jpg,0.0705000013113021
img_05565_mirrored.jpg,-0.0245999991893768
img_01444.jpg,-0.2623000144958496
img_05458_mirrored.jpg,0.3142000138759613
img_10368.jpg,-0.3142000138759613
img_05488.jpg,-0.3142000138759613
img_04521.jpg,-0.0386999994516372
img_00358.jpg,-0.1580999940633773
img_05568.jpg,-0.0308999996632337
img_02935.jpg,-0.3142000138759613
img_11841_mirrored.jpg,-0.0098999999463558
img_04469.jpg,-0.2497999966144561
img_08226_mirrored.jpg,0.0627999976277351
img_03593.jpg,0.0597000010311603
img_02622_mirrored.jpg,-0.2581000030040741
img_01380_mirrored.jpg,0.3142000138759613
img_11100.jpg,-0.0653999969363212
img_03968.jpg,-0.2576000094413757
img_01443_mirrored.jpg,0.271699994802475
img_07361.jpg,-0.3142000138759613
img_02113.jpg,-0.0037000000011175
img_08352.jpg,-0.3142000138759613
img_05670_mirrored.jpg,0.0225000008940696
img_02539_mirrored.jpg,-0.0278999991714954
img_06101_mirrored.jpg,0.0052000000141561
img_03577_mirrored.jpg,0.006800000090152
img_06506.jpg,-0.0491999983787536
img_03006.jpg,-0.1821999996900558
img_00971.jpg,-0.1492000073194503
img_03861.jpg,-0.1345999985933303
img_04093_mirrored.jpg,-0.0194000005722045
img_12425.jpg,-0.0304000005125999
img_12395.jpg,0.093199998140335
img_14269.jpg,0.0816999971866607
img_08435_mirrored.jpg,0.3142000138759613
img_10033.jpg,-0.0535000003874301
img_04200_mirrored.jpg,0.0403000004589557
img_03818_mirrored.jpg,0.0313999988138675
img_12906_mirrored.jpg,-0.1843000054359436
img_08715_mirrored.jpg,0.0769999995827674
img_05606_mirrored.jpg,0.0575999990105629
img_00035.jpg,0.0957999974489212
img_06339.jpg,-0.1497000008821487
img_05336_mirrored.jpg,0.0513000003993511
img_08634_mirrored.jpg,0.0461000017821788
img_05467.jpg,-0.2748999893665313
img_04451.jpg,-0.2915999889373779
img_11748.jpg,-0.3120999932289123
img_10337.jpg,-0.0507999993860721
img_01560_mirrored.jpg,-0.0115000000223517
img_07781_mirrored.jpg,0.1397999972105026
img_04823_mirrored.jpg,0.0266999993473291
img_14439.jpg,0.0162000004202127
img_08931_mirrored.jpg,0.1345999985933303
img_14129.jpg,-0.0795999988913536
img_13892_mirrored.jpg,0.0419000014662742
img_09819_mirrored.jpg,0.3142000138759613
img_14452.jpg,-0.2486999928951263
img_08809_mirrored.jpg,0.3142000138759613
img_11151.jpg,-0.1393000036478042
img_10106_mirrored.jpg,-0.1308999955654144
img_13665_mirrored.jpg,0.1225000023841857
img_05395_mirrored.jpg,0.1623000055551529
img_12198_mirrored.jpg,0.2669999897480011
img_03150_mirrored.jpg,0.0361000001430511
img_02104_mirrored.jpg,0.0037000000011175
img_08551.jpg,0.2296999990940094
img_09504_mirrored.jpg,0.0905999988317489
img_07671_mirrored.jpg,-0.0063000000081956
img_06121.jpg,-0.0037000000011175
img_09678_mirrored.jpg,0.0491999983787536
img_14453.jpg,-0.2833000123500824
img_09262_mirrored.jpg,0.1482000052928924
img_04350_mirrored.jpg,0.1356000006198883
img_08912_mirrored.jpg,0.1345999985933303
img_14693_mirrored.jpg,0.0031000000890344
img_11406.jpg,0.1308999955654144
img_07854_mirrored.jpg,0.1460999995470047
img_02608_mirrored.jpg,-0.1712999939918518
img_05368.jpg,-0.1606999933719635
img_05716_mirrored.jpg,-0.006800000090152
img_13975_mirrored.jpg,0.1560000032186508
img_14856_mirrored.jpg,0.5235999822616577
img_05135_mirrored.jpg,0.0031000000890344
img_12553_mirrored.jpg,0.1371999979019165
img_01879_mirrored.jpg,0.3142000138759613
img_09705.jpg,-0.0187999997287988
img_14045_mirrored.jpg,0.1298999935388565
img_11285.jpg,-0.3142000138759613
img_04587.jpg,0.0746000036597251
img_07009_mirrored.jpg,0.1266999989748001
img_05615_mirrored.jpg,-0.1873999983072281
img_09484_mirrored.jpg,-0.1220000013709068
img_10991.jpg,0.0445000007748603
img_04484_mirrored.jpg,0.3142000138759613
img_02414.jpg,-0.3142000138759613
img_14971.jpg,0.5235999822616577
img_12437_mirrored.jpg,-0.0434999987483024
img_03472_mirrored.jpg,0.0690999999642372
img_11822.jpg,0.0833000019192695
img_14878.jpg,-0.5235999822616577
img_02530.jpg,-0.0381999984383583
img_00755_mirrored.jpg,0.0520999990403652
img_04558.jpg,0.2931999862194061
img_13423.jpg,-0.0529000014066696
img_00376_mirrored.jpg,0.3142000138759613
img_11164.jpg,-0.1597000062465667
img_05465_mirrored.jpg,0.2985000014305115
img_13050_mirrored.jpg,0.3142000138759613
img_09853.jpg,-0.2696999907493591
img_09474.jpg,-0.0131000000983476
img_10026.jpg,-0.0031000000890344
img_03507_mirrored.jpg,0.3142000138759613
img_12210.jpg,-0.0377999991178512
img_13553_mirrored.jpg,0.3142000138759613
img_01907_mirrored.jpg,0.3107999861240387
img_01079.jpg,0.0052000000141561
img_06233.jpg,-0.0093999998643994
img_02581.jpg,0.1774999946355819
img_12788.jpg,-0.0046999999321997
img_00012_mirrored.jpg,0.1052000001072883
img_05894_mirrored.jpg,0.3142000138759613
img_14958_mirrored.jpg,-0.0
img_11793.jpg,-0.0194000005722045
img_02149.jpg,-0.1020999997854232
img_06471_mirrored.jpg,0.3142000138759613
img_06079.jpg,0.0230000000447034
img_06696_mirrored.jpg,-0.002600000007078
img_09614.jpg,0.0057999999262392
img_02027_mirrored.jpg,0.1125999987125396
img_14707.jpg,-0.0989999994635582
img_05524.jpg,0.013600000180304
img_13461_mirrored.jpg,0.2272000014781952
img_03794_mirrored.jpg,0.0890000015497207
img_00844.jpg,0.0381999984383583
img_05468.jpg,-0.2644000053405761
img_06836.jpg,-0.1591999977827072
img_00991.jpg,-0.1324999928474426
img_11238.jpg,-0.1512999981641769
img_05157_mirrored.jpg,0.0031000000890344
img_03536.jpg,-0.0439999997615814
img_01517_mirrored.jpg,0.0592000000178813
img_07815.jpg,0.0571000017225742
img_06541.jpg,0.033500000834465
img_00960.jpg,-0.2563999891281128
img_06385_mirrored.jpg,0.3142000138759613
img_06119_mirrored.jpg,0.0037000000011175
img_11720_mirrored.jpg,0.2906000018119812
img_10671_mirrored.jpg,0.1381999999284744
img_05260_mirrored.jpg,-0.0104999998584389
img_03271.jpg,-0.0386999994516372
img_01148_mirrored.jpg,-0.1050999984145164
img_10639_mirrored.jpg,0.0361000001430511
img_12411_mirrored.jpg,0.0167999994009733
img_12947.jpg,-0.0423999987542629
img_00065.jpg,0.0262000001966953
img_05425.jpg,-0.2861999869346618
img_04582.jpg,-0.0057999999262392
img_12289.jpg,0.0423999987542629
img_10256_mirrored.jpg,0.2198999971151352
img_07132_mirrored.jpg,-0.0471000000834465
img_09277_mirrored.jpg,0.1744000017642974
img_12085_mirrored.jpg,0.1292999982833862
img_10833_mirrored.jpg,0.2784000039100647
img_11378.jpg,0.1873999983072281
img_00701_mirrored.jpg,-0.1120999976992607
img_03252_mirrored.jpg,-0.0109999999403953
img_13598_mirrored.jpg,0.093199998140335
img_06142.jpg,-0.0680999979376792
img_07167_mirrored.jpg,0.0465999990701675
img_04801.jpg,-0.0716999992728233
img_11818.jpg,0.0109999999403953
img_06325.jpg,-0.1163000017404556
img_14403_mirrored.jpg,0.1367000043392181
img_11404.jpg,0.1712000072002411
img_04006_mirrored.jpg,0.0324999988079071
img_10216_mirrored.jpg,0.1445000022649765
img_09603_mirrored.jpg,0.060199998319149
img_06011_mirrored.jpg,-0.0256999991834163
img_04270.jpg,-0.0513000003993511
img_13928.jpg,-0.1041999980807304
img_06484_mirrored.jpg,0.3142000138759613
img_11831_mirrored.jpg,0.0194000005722045
img_08864_mirrored.jpg,0.2402999997138977
img_05055.jpg,-0.1199000030755996
img_05706.jpg,-0.0538999997079372
img_06291.jpg,0.1072999984025955
img_05679_mirrored.jpg,-0.1031000018119812
img_14247.jpg,0.1796000003814697
img_04654_mirrored.jpg,0.017799999564886
img_14137_mirrored.jpg,0.013600000180304
img_11516.jpg,-0.0496999993920326
img_09818.jpg,-0.3142000138759613
img_14482.jpg,-0.2484000027179718
img_09876.jpg,-0.2985000014305115
img_05061.jpg,0.0167999994009733
img_03124.jpg,-0.0037000000011175
img_06607.jpg,0.1550000011920929
img_06115_mirrored.jpg,0.0037000000011175
img_05103.jpg,0.0245999991893768
img_05375_mirrored.jpg,0.1460999995470047
img_06037_mirrored.jpg,0.0366999991238117
img_00688.jpg,0.006800000090152
img_15050_mirrored.jpg,-0.0
img_13099_mirrored.jpg,0.3142000138759613
img_06958.jpg,-0.3109999895095825
img_06461.jpg,-0.3142000138759613
img_14283_mirrored.jpg,0.0445000007748603
img_00994.jpg,-0.0434999987483024
img_04049.jpg,-0.0905999988317489
img_10857.jpg,-0.0283000003546476
img_00930.jpg,-0.3082000017166137
img_13085.jpg,-0.2533999979496002
img_14597_mirrored.jpg,0.1215000003576278
img_13927.jpg,-0.1041999980807304
img_06824_mirrored.jpg,0.1476999968290329
img_14468.jpg,-0.2994999885559082
img_03700_mirrored.jpg,0.013600000180304
img_04125.jpg,-0.002600000007078
img_01319_mirrored.jpg,0.1062999963760376
img_09971.jpg,0.0162000004202127
img_14147.jpg,0.2791000008583069
img_13866.jpg,0.0073000001721084
img_05333_mirrored.jpg,0.0744000002741813
img_14232.jpg,-0.0256999991834163
img_10099.jpg,0.1449999958276748
img_07943_mirrored.jpg,0.0283000003546476
img_03136_mirrored.jpg,0.0031000000890344
img_14937.jpg,-0.5235999822616577
img_11620_mirrored.jpg,0.1456000059843063
img_06097_mirrored.jpg,0.0073000001721084
img_09682.jpg,-0.100500002503395
img_03967.jpg,-0.2707000076770782
img_01383.jpg,-0.3142000138759613
img_00956.jpg,-0.0103000001981854
img_11737.jpg,0.0126000000163912
img_02652_mirrored.jpg,-0.1554999947547912
img_02076_mirrored.jpg,-0.018300000578165
img_01858.jpg,0.0109999999403953
img_07066_mirrored.jpg,-0.0152000002562999
img_03974_mirrored.jpg,0.1046999990940094
img_14339_mirrored.jpg,0.0052000000141561
img_01017.jpg,-0.1230000033974647
img_08597_mirrored.jpg,0.0230000000447034
img_08702_mirrored.jpg,0.0093999998643994
img_08609.jpg,0.1130999997258186
img_09460.jpg,0.1439999938011169
img_11385_mirrored.jpg,0.0716999992728233
img_01186_mirrored.jpg,0.0833000019192695
img_08889.jpg,-0.0895000025629997
img_14918_mirrored.jpg,0.5235999822616577
img_12855_mirrored.jpg,-0.0859000012278556
img_12791_mirrored.jpg,0.0078999996185302
img_12023.jpg,-0.0109999999403953
img_12748_mirrored.jpg,-0.0131000000983476
img_07655_mirrored.jpg,0.0575999990105629
img_00822.jpg,-0.1774999946355819
img_06814_mirrored.jpg,0.157600000500679
img_14415.jpg,-0.1873999983072281
img_13387.jpg,-0.2083999961614608
img_11247.jpg,-0.2535000145435333
img_12449.jpg,-0.0700000002980232
img_06150.jpg,-0.06700000166893
img_06080_mirrored.jpg,-0.024100000038743
img_00556.jpg,0.1490000039339065
img_12916.jpg,-0.0905999988317489
img_04389_mirrored.jpg,0.3005000054836273
img_01374_mirrored.jpg,0.0979000031948089
img_01472.jpg,-0.3142000138759613
img_05391_mirrored.jpg,0.26910001039505
img_01324_mirrored.jpg,0.1387999951839447
img_00223_mirrored.jpg,0.0109999999403953
img_04070.jpg,0.0524999983608722
img_12603_mirrored.jpg,0.1821999996900558
img_01049_mirrored.jpg,-0.0456000007688999
img_00908.jpg,-0.3082000017166137
img_06392_mirrored.jpg,0.3142000138759613
img_03859.jpg,-0.1168000027537345
img_14437_mirrored.jpg,-0.0372000001370906
img_13787.jpg,0.1086999997496604
img_07925.jpg,-0.0575000010430812
img_04929.jpg,-0.2424000054597854
img_12157_mirrored.jpg,0.2847999930381775
img_14862.jpg,-0.5235999822616577
img_13643_mirrored.jpg,-0.0318999998271465
img_13209_mirrored.jpg,-0.1165999993681907
img_11581.jpg,-0.0198999997228384
img_01002.jpg,-0.0052000000141561
img_08654_mirrored.jpg,-0.1211000010371208
img_00885_mirrored.jpg,0.1393000036478042
img_12868.jpg,-0.0109999999403953
img_13808_mirrored.jpg,0.0346000008285045
img_03222_mirrored.jpg,-0.154799997806549
img_06901.jpg,-0.3142000138759613
img_00374_mirrored.jpg,0.3142000138759613
img_00459.jpg,-0.3142000138759613
img_14268_mirrored.jpg,-0.1026000007987022
img_04017_mirrored.jpg,0.244499996304512
img_14216.jpg,0.2031999975442886
img_09624_mirrored.jpg,-0.0489999987185001
img_03627_mirrored.jpg,-0.2517000138759613
img_01662_mirrored.jpg,-0.0957999974489212
img_11356.jpg,-0.0324999988079071
img_08705_mirrored.jpg,0.0434999987483024
img_05528.jpg,-0.0194000005722045
img_02442_mirrored.jpg,0.3142000138759613
img_10492_mirrored.jpg,-0.1435000002384185
img_10907_mirrored.jpg,-0.0208999998867511
img_13123_mirrored.jpg,0.3142000138759613
img_14735.jpg,-0.0167999994009733
img_00869.jpg,-0.3142000138759613
img_05082.jpg,0.1141000017523765
img_02696.jpg,-0.0287999995052814
img_06413.jpg,-0.2623000144958496
img_01462.jpg,-0.3142000138759613
img_07562.jpg,0.0527999997138977
img_13531.jpg,-0.3142000138759613
img_02145.jpg,-0.0806000009179115
img_10840.jpg,-0.1000000014901161
img_08345_mirrored.jpg,0.2533999979496002
img_14345_mirrored.jpg,0.0037000000011175
img_07379.jpg,-0.3055000007152557
img_14425_mirrored.jpg,0.1240999996662139
img_00182.jpg,0.0187999997287988
img_08110_mirrored.jpg,-0.0995000004768371
img_02314_mirrored.jpg,0.0852999985218048
img_08570_mirrored.jpg,-0.0696000009775161
img_10995_mirrored.jpg,0.0245999991893768
img_14664_mirrored.jpg,0.0057999999262392
img_08541_mirrored.jpg,-0.1843000054359436
img_01160.jpg,-0.018300000578165
img_15096_mirrored.jpg,-0.0
img_02405.jpg,-0.2592000067234039
img_01139_mirrored.jpg,0.0685999989509582
img_12234_mirrored.jpg,0.3142000138759613
img_06743_mirrored.jpg,-0.0037000000011175
img_08644.jpg,0.0052000000141561
img_06097.jpg,-0.0073000001721084
img_01669.jpg,0.0826999992132186
img_12264.jpg,-0.0529000014066696
img_08495.jpg,-0.0293000005185604
img_09080_mirrored.jpg,-0.0564999990165233
img_09466_mirrored.jpg,0.0277999993413686
img_11048.jpg,-0.0895000025629997
img_00809.jpg,-0.1435000002384185
img_11483_mirrored.jpg,0.048200000077486
img_10871_mirrored.jpg,-0.017799999564886
img_03922_mirrored.jpg,0.2302999943494796
img_00372_mirrored.jpg,0.3142000138759613
img_14190.jpg,-0.1318999975919723
img_13965.jpg,-0.1534000039100647
img_06038_mirrored.jpg,-0.0194000005722045
img_09072_mirrored.jpg,0.1015999987721443
img_07630.jpg,0.0869000032544136
img_03956_mirrored.jpg,0.224600002169609
img_14892_mirrored.jpg,-0.0
img_04645_mirrored.jpg,-0.1497000008821487
img_02720.jpg,-0.0010000000474974
img_10084.jpg,-0.0544999986886978
img_13911.jpg,0.0806000009179115
img_02352.jpg,-0.1597000062465667
img_05768.jpg,0.0073000001721084
img_12324_mirrored.jpg,0.1278000026941299
img_14720.jpg,0.093699999153614
img_00270.jpg,0.0983999967575073
img_10764.jpg,-0.3142000138759613
img_12761_mirrored.jpg,-0.0324999988079071
img_00206_mirrored.jpg,0.0653999969363212
img_10160_mirrored.jpg,0.0926999971270561
img_02212_mirrored.jpg,-0.1758999973535537
img_04462.jpg,-0.3142000138759613
img_13851.jpg,-0.0833000019192695
img_08380.jpg,-0.3142000138759613
img_06566.jpg,0.1665000021457672
img_10098.jpg,0.124499998986721
img_08355.jpg,-0.3142000138759613
img_02282.jpg,-0.060199998319149
img_05017_mirrored.jpg,0.0877000018954277
img_05143_mirrored.jpg,0.0037000000011175
img_13652.jpg,-0.0093999998643994
img_06768.jpg,-0.0461000017821788
img_07928.jpg,-0.274399995803833
img_01501_mirrored.jpg,-0.013600000180304
img_07909_mirrored.jpg,0.1952999979257583
img_01018.jpg,-0.1220000013709068
img_02880_mirrored.jpg,0.1033999994397163
img_14428_mirrored.jpg,0.1476999968290329
img_00533_mirrored.jpg,-0.0465999990701675
img_12648_mirrored.jpg,0.3142000138759613
img_07327_mirrored.jpg,0.1318999975919723
img_06419_mirrored.jpg,0.1209999993443489
img_10205.jpg,-0.0771000012755394
img_06026.jpg,-0.0351000018417835
img_13252_mirrored.jpg,0.0763000026345253
img_04820.jpg,-0.0194000005722045
img_07667_mirrored.jpg,-0.0057999999262392
img_11188_mirrored.jpg,0.2953000068664551
img_07054.jpg,0.0187999997287988
img_11190_mirrored.jpg,0.2450000047683715
img_09057_mirrored.jpg,0.0031000000890344
img_06962.jpg,-0.2345999926328659
img_02227_mirrored.jpg,0.0833000019192695
img_12516_mirrored.jpg,0.0208999998867511
img_00414_mirrored.jpg,0.2404000014066696
img_05064_mirrored.jpg,-0.0131000000983476
img_03781.jpg,0.0120000001043081
img_03788.jpg,-0.0957999974489212
img_06108_mirrored.jpg,0.0031000000890344
img_09488.jpg,0.1784999966621399
img_09263_mirrored.jpg,0.1524000018835067
img_11503_mirrored.jpg,-0.0115000000223517
img_09516_mirrored.jpg,-0.167600005865097
img_03300_mirrored.jpg,-0.066100001335144
img_07002_mirrored.jpg,0.0236000008881092
img_04190.jpg,-0.0147000001743435
img_01709_mirrored.jpg,-0.0364000014960765
img_03845_mirrored.jpg,0.1528999954462051
img_12635_mirrored.jpg,0.3142000138759613
img_02335_mirrored.jpg,0.1318999975919723
img_11289_mirrored.jpg,0.3142000138759613
img_02479_mirrored.jpg,0.3142000138759613
img_14480_mirrored.jpg,0.2146999984979629
img_06900.jpg,-0.3142000138759613
img_08654.jpg,0.1211000010371208
img_09274_mirrored.jpg,0.1439999938011169
img_10972.jpg,-0.0908000022172927
img_05708.jpg,-0.0445000007748603
img_12058_mirrored.jpg,0.0859000012278556
img_02617_mirrored.jpg,-0.1500000059604644
img_02744_mirrored.jpg,0.1885000020265579
img_04267_mirrored.jpg,0.048200000077486
img_14023_mirrored.jpg,0.2293000072240829
img_12862.jpg,-0.0225000008940696
img_12143.jpg,-0.3142000138759613
img_05051_mirrored.jpg,0.091899998486042
img_15033.jpg,0.5235999822616577
img_13730.jpg,-0.006800000090152
img_02492_mirrored.jpg,0.3142000138759613
img_12219_mirrored.jpg,0.3142000138759613
img_05991.jpg,-0.0513000003993511
img_01208_mirrored.jpg,-0.0769999995827674
img_02816_mirrored.jpg,0.0825000032782554
img_10277.jpg,-0.3142000138759613
img_11619.jpg,-0.1587000042200088
img_14077_mirrored.jpg,0.0093999998643994
img_05791_mirrored.jpg,0.0592000000178813
img_11958_mirrored.jpg,0.0800999999046325
img_15056.jpg,0.5235999822616577
img_02111.jpg,-0.0031000000890344
img_04166.jpg,-0.0979000031948089
img_06815_mirrored.jpg,0.1607999950647354
img_04284_mirrored.jpg,0.0120000001043081
img_02823.jpg,-0.2157000005245208
img_01341_mirrored.jpg,0.1544999927282333
img_08173.jpg,-0.0790999978780746
img_03515.jpg,-0.0471000000834465
img_07225.jpg,-0.0507999993860721
img_06407.jpg,-0.3142000138759613
img_07004_mirrored.jpg,0.0557999983429908
img_00665.jpg,-0.0147000001743435
img_07124.jpg,-0.1099999994039535
img_01276.jpg,0.0266999993473291
img_00311.jpg,-0.1278000026941299
img_00034.jpg,0.0905999988317489
img_01823.jpg,-0.1429000049829483
img_06818.jpg,-0.183799996972084
img_08157.jpg,0.1405999958515167
img_03444.jpg,-0.2249000072479248
img_13834_mirrored.jpg,-0.137700006365776
img_10025_mirrored.jpg,0.0031000000890344
img_14338.jpg,-0.0031000000890344
img_01937.jpg,-0.2053000032901764
img_09162_mirrored.jpg,-0.0093999998643994
img_08862_mirrored.jpg,0.2800999879837036
img_06263_mirrored.jpg,0.0052000000141561
img_14056.jpg,-0.3142000138759613
img_08469_mirrored.jpg,0.0147000001743435
img_10103_mirrored.jpg,-0.2031999975442886
img_02357.jpg,-0.1869000047445297
img_03889_mirrored.jpg,0.1871999949216842
img_08195_mirrored.jpg,0.0439999997615814
img_12138.jpg,-0.1710000038146972
img_04514_mirrored.jpg,0.2816999852657318
img_06330_mirrored.jpg,0.1512999981641769
img_03161_mirrored.jpg,0.0910999998450279
img_03511.jpg,-0.2120999991893768
img_13748.jpg,-0.0037000000011175
img_02533.jpg,-0.0225000008940696
img_00304_mirrored.jpg,0.0885000005364418
img_02971.jpg,-0.0989999994635582
img_07525.jpg,-0.0173000004142522
img_12476.jpg,-0.0073000001721084
img_01619_mirrored.jpg,-0.1142999976873397
img_09489_mirrored.jpg,-0.1587000042200088
img_13957.jpg,-0.1591999977827072
img_10023.jpg,-0.0031000000890344
img_00432.jpg,-0.2644000053405761
img_02541.jpg,0.0855000019073486
img_00607.jpg,0.0983999967575073
img_07473_mirrored.jpg,-0.0156999994069337
img_06302_mirrored.jpg,0.094200000166893
img_06747.jpg,0.013600000180304
img_14748_mirrored.jpg,0.5235999822616577
img_07241_mirrored.jpg,0.0308999996632337
img_05041_mirrored.jpg,0.0073000001721084
img_10918.jpg,0.0162000004202127
img_11581_mirrored.jpg,0.0198999997228384
img_07583_mirrored.jpg,-0.1351000070571899
img_00841.jpg,0.0711999982595443
img_04735.jpg,0.062899999320507
img_03979.jpg,-0.0639000013470649
img_11801.jpg,-0.0983999967575073
img_05036.jpg,0.0204000007361173
img_07508.jpg,0.2962000072002411
img_00919.jpg,-0.2759000062942505
img_12417.jpg,-0.0538999997079372
img_13859_mirrored.jpg,0.0152000002562999
img_05989.jpg,-0.0983999967575073
img_08274.jpg,-0.1093999966979026
img_08971.jpg,-0.0052000000141561
img_08210.jpg,0.0052000000141561
img_09469.jpg,-0.033500000834465
img_13509_mirrored.jpg,0.0366999991238117
img_08567_mirrored.jpg,-0.1413999944925308
img_07640_mirrored.jpg,-0.033500000834465
img_04249_mirrored.jpg,0.0308999996632337
img_11564_mirrored.jpg,0.0962999984622001
img_11129.jpg,-0.0979000031948089
img_08875.jpg,-0.3142000138759613
img_00975.jpg,-0.0502999983727932
img_14406_mirrored.jpg,0.1345999985933303
img_07951.jpg,-0.2388000041246414
img_07224_mirrored.jpg,0.0491999983787536
img_06968_mirrored.jpg,0.0538999997079372
img_14535.jpg,-0.0564999990165233
img_07086_mirrored.jpg,0.0031000000890344
img_04446.jpg,-0.163100004196167
img_15083.jpg,0.5235999822616577
img_07356_mirrored.jpg,0.1636999994516372
img_01416_mirrored.jpg,0.153899997472763
img_05575_mirrored.jpg,0.0167999994009733
img_01913.jpg,-0.3142000138759613
img_11817_mirrored.jpg,0.0063000000081956
img_08668.jpg,-0.2414000034332275
img_00404.jpg,-0.1387999951839447
img_01819.jpg,-0.1435000002384185
img_13618_mirrored.jpg,0.2680999934673309
img_04798_mirrored.jpg,0.1020999997854232
img_07301.jpg,-0.1162000000476837
img_02732_mirrored.jpg,-0.1172999963164329
img_02856.jpg,-0.1308999955654144
img_14333.jpg,-0.0083999997004866
img_03074.jpg,0.0219999998807907
img_03620.jpg,0.1146999970078468
img_08542_mirrored.jpg,-0.1717000007629394
img_04370.jpg,-0.1695999950170517
img_04740_mirrored.jpg,-0.1460999995470047
img_01515_mirrored.jpg,0.0711999982595443
img_09135.jpg,0.2089000046253204
img_14555_mirrored.jpg,0.1806000024080276
img_05924.jpg,-0.3142000138759613
img_07521.jpg,-0.0277999993413686
img_11115.jpg,0.0723000019788742
img_05488_mirrored.jpg,0.3142000138759613
img_05692_mirrored.jpg,0.0187999997287988
img_09395_mirrored.jpg,0.3142000138759613
img_01358.jpg,-0.3142000138759613
img_10997.jpg,-0.0251000002026557
img_05149_mirrored.jpg,0.0031000000890344
img_02439.jpg,-0.2851000130176544
img_04716_mirrored.jpg,0.0513000003993511
img_10262_mirrored.jpg,0.0905999988317489
img_07021.jpg,0.0093999998643994
img_07041.jpg,0.0366999991238117
img_01932_mirrored.jpg,0.2524000108242035
img_09649_mirrored.jpg,0.0533999986946582
img_04667.jpg,0.198400005698204
img_08462.jpg,-0.0728000029921531
img_09030_mirrored.jpg,0.0037000000011175
img_05666.jpg,0.0408000014722347
img_01268_mirrored.jpg,0.0842999964952468
img_08216.jpg,-0.0581000000238418
img_01407_mirrored.jpg,0.3142000138759613
img_08067.jpg,-0.0037000000011175
img_10664.jpg,-0.1770000010728836
img_05665_mirrored.jpg,-0.0690999999642372
img_07386_mirrored.jpg,0.3142000138759613
img_03294.jpg,-0.0461000017821788
img_13912_mirrored.jpg,-0.093199998140335
img_08062_mirrored.jpg,0.0031000000890344
img_11702.jpg,-0.3142000138759613
img_09019.jpg,-0.0063000000081956
img_02766.jpg,-0.0063000000081956
img_11895.jpg,-0.0031000000890344
img_02151.jpg,-0.0617999993264675
img_13243.jpg,0.1722999960184097
img_03262_mirrored.jpg,0.0476000010967254
img_04290_mirrored.jpg,0.0842999964952468
img_05074_mirrored.jpg,-0.0087000001221895
img_07841.jpg,-0.3142000138759613
img_04283_mirrored.jpg,0.0041999998502433
img_09590.jpg,-0.0147000001743435
img_05259.jpg,0.0052000000141561
img_07021_mirrored.jpg,-0.0093999998643994
img_08221.jpg,-0.093699999153614
img_08041.jpg,0.0063000000081956
img_12747.jpg,-0.008899999782443
img_14561_mirrored.jpg,0.0187999997287988
img_03231.jpg,0.0639000013470649
img_08896_mirrored.jpg,-0.0120000001043081
img_12149.jpg,-0.2931999862194061
img_06740_mirrored.jpg,0.0083999997004866
img_04044_mirrored.jpg,0.099600002169609
img_10627_mirrored.jpg,0.1062999963760376
img_08655.jpg,0.1381999999284744
img_12211.jpg,-0.1447000056505203
img_09287_mirrored.jpg,0.3115000128746032
img_11109.jpg,0.0847999975085258
img_12802.jpg,-0.0031000000890344
img_02937_mirrored.jpg,0.3142000138759613
img_12033_mirrored.jpg,0.093199998140335
img_07252_mirrored.jpg,0.0775000005960464
img_08433_mirrored.jpg,0.3142000138759613
img_05372.jpg,-0.1770000010728836
img_00428.jpg,-0.3093999922275543
img_11664_mirrored.jpg,0.3142000138759613
img_15005_mirrored.jpg,-0.5235999822616577
img_11740_mirrored.jpg,0.0065999999642372
img_04210_mirrored.jpg,0.0502999983727932
img_04228_mirrored.jpg,-0.1624999940395355
img_11788_mirrored.jpg,0.0098999999463558
img_02138.jpg,-0.0361000001430511
img_02105_mirrored.jpg,0.0037000000011175
img_15169.jpg,0.5235999822616577
img_12183.jpg,-0.2994999885559082
img_14934.jpg,-0.5235999822616577
img_01989.jpg,-0.033500000834465
img_11450_mirrored.jpg,-0.1079000011086463
img_09233_mirrored.jpg,0.0644000023603439
img_06090_mirrored.jpg,-0.0115000000223517
img_08834.jpg,-0.1831000000238418
img_09837.jpg,-0.2508000135421753
img_05672_mirrored.jpg,-0.0167999994009733
img_08162.jpg,0.19480000436306
img_07845_mirrored.jpg,0.3142000138759613
img_06358.jpg,-0.248999997973442
img_04589.jpg,0.1233000010251998
img_03855_mirrored.jpg,0.1476999968290329
img_09259.jpg,-0.1550000011920929
img_12509.jpg,-0.0361000001430511
img_04447_mirrored.jpg,0.1775999963283538
img_07836.jpg,-0.3142000138759613
img_12095.jpg,-0.1524000018835067
img_06060_mirrored.jpg,-0.1046999990940094
img_14883.jpg,-0.5235999822616577
img_05107.jpg,0.0245999991893768
img_10594.jpg,-0.0445000007748603
img_06016_mirrored.jpg,-0.0109999999403953
img_08733.jpg,-0.018300000578165
img_01976_mirrored.jpg,0.2989999949932098
img_12189_mirrored.jpg,0.3142000138759613
img_02678.jpg,0.1130999997258186
img_08117.jpg,-0.0208999998867511
img_03402.jpg,-0.3142000138759613
img_09900_mirrored.jpg,0.2748999893665313
img_02796_mirrored.jpg,0.0304000005125999
img_15075_mirrored.jpg,-0.5235999822616577
img_00649.jpg,0.0586000010371208
img_07727_mirrored.jpg,-0.018300000578165
img_12216_mirrored.jpg,0.3142000138759613
img_15156_mirrored.jpg,-0.5235999822616577
img_12541_mirrored.jpg,0.1397999972105026
img_14466.jpg,-0.3142000138759613
img_08074_mirrored.jpg,0.0031000000890344
img_02293_mirrored.jpg,-0.096900001168251
img_00033_mirrored.jpg,-0.0838000029325485
img_06698_mirrored.jpg,-0.0052000000141561
img_06487.jpg,-0.3142000138759613
img_01159.jpg,-0.0198999997228384
img_13902_mirrored.jpg,0.0775000005960464
img_14792_mirrored.jpg,0.5235999822616577
img_00757_mirrored.jpg,0.0816999971866607
img_12908_mirrored.jpg,-0.123599998652935
img_06817_mirrored.jpg,0.1806000024080276
img_08159_mirrored.jpg,-0.1859000027179718
img_11610_mirrored.jpg,0.1541000008583068
img_07173_mirrored.jpg,0.0790999978780746
img_06170_mirrored.jpg,0.0204000007361173
img_14984_mirrored.jpg,-0.5235999822616577
img_03991.jpg,-0.2985000014305115
img_10681_mirrored.jpg,0.1853999942541122
img_11092.jpg,-0.0755999982357025
img_05479.jpg,-0.0173000004142522
img_13025_mirrored.jpg,0.1512999981641769
img_03450.jpg,-0.3142000138759613
img_02039_mirrored.jpg,-0.013600000180304
img_06400_mirrored.jpg,0.24269999563694
img_00209_mirrored.jpg,0.0403000004589557
img_01542.jpg,0.1079000011086463
img_05680.jpg,0.1093999966979026
img_00377.jpg,-0.3142000138759613
img_11816.jpg,-0.0093999998643994
img_02933.jpg,-0.3142000138759613
img_15169_mirrored.jpg,-0.5235999822616577
img_09481_mirrored.jpg,-0.0549999997019767
img_12796_mirrored.jpg,0.0052000000141561
img_06346_mirrored.jpg,0.1571000069379806
img_06117_mirrored.jpg,0.0037000000011175
img_11338_mirrored.jpg,-0.013600000180304
img_02242.jpg,0.0115000000223517
img_04378.jpg,-0.1950999945402145
img_01642.jpg,0.198400005698204
img_03631.jpg,0.1717000007629394
img_06098.jpg,-0.0073000001721084
img_02292.jpg,0.093699999153614
img_08260_mirrored.jpg,0.0612999983131885
img_14941.jpg,-0.5235999822616577
img_06635_mirrored.jpg,-0.198400005698204
img_12388.jpg,-0.0266999993473291
img_05219.jpg,-0.0812000036239624
img_13212.jpg,0.2569999992847442
img_14159_mirrored.jpg,0.0287999995052814
img_04703_mirrored.jpg,0.0083999997004866
img_06272_mirrored.jpg,0.094200000166893
img_03960_mirrored.jpg,0.3100999891757965
img_02546_mirrored.jpg,-0.2667999863624573
img_01103_mirrored.jpg,0.0037000000011175
img_06666.jpg,-0.013600000180304
img_14806_mirrored.jpg,0.5235999822616577
img_12108.jpg,-0.1497000008821487
img_06057_mirrored.jpg,-0.1046999990940094
img_13009.jpg,-0.1000000014901161
img_12941_mirrored.jpg,0.0507999993860721
img_06700_mirrored.jpg,-0.0423999987542629
img_11418.jpg,0.1262000054121017
img_04840_mirrored.jpg,0.1528999954462051
img_01348.jpg,-0.1482000052928924
img_10443_mirrored.jpg,-0.1780000030994415
img_09254.jpg,-0.1544999927282333
img_14260.jpg,0.0623000003397464
img_06841_mirrored.jpg,-0.0456000007688999
img_07555_mirrored.jpg,0.1156999990344047
img_04926_mirrored.jpg,0.1788000017404556
img_10125.jpg,0.006800000090152
img_15108_mirrored.jpg,-0.5235999822616577
img_14188_mirrored.jpg,0.1225000023841857
img_05206.jpg,-0.0439999997615814
img_03715.jpg,-0.0287999995052814
img_12456.jpg,-0.2105000019073486
img_09342.jpg,-0.1084000021219253
img_06006.jpg,-0.1597000062465667
img_09436_mirrored.jpg,0.0711999982595443
img_04247_mirrored.jpg,0.0538999997079372
img_10932.jpg,-0.0037000000011175
img_09756.jpg,-0.1554999947547912
img_13620_mirrored.jpg,0.1942999958992004
img_12722_mirrored.jpg,0.0115000000223517
img_07561_mirrored.jpg,-0.0304000005125999
img_07164_mirrored.jpg,0.0308999996632337
img_08392.jpg,-0.2833000123500824
img_08963.jpg,0.0147000001743435
img_14533_mirrored.jpg,0.09009999781847
img_11789_mirrored.jpg,0.0104999998584389
img_05328_mirrored.jpg,0.100500002503395
img_12587_mirrored.jpg,0.3142000138759613
img_00707.jpg,0.1215000003576278
img_01216.jpg,-0.0842999964952468
img_04700_mirrored.jpg,0.0147000001743435
img_10445_mirrored.jpg,-0.1298999935388565
img_00100_mirrored.jpg,0.0010000000474974
img_04305.jpg,0.0649000033736229
img_00427.jpg,-0.3142000138759613
img_09754_mirrored.jpg,0.1528999954462051
img_12152.jpg,-0.2538999915122986
img_14932_mirrored.jpg,0.5235999822616577
img_00161_mirrored.jpg,0.0351000018417835
img_02556.jpg,0.0581000000238418
img_02058_mirrored.jpg,-0.1062999963760376
img_08306.jpg,-0.2198999971151352
img_03340_mirrored.jpg,0.1036999970674514
img_09734_mirrored.jpg,0.1449999958276748
img_09882_mirrored.jpg,0.2669999897480011
img_10461.jpg,-0.0272000003606081
img_02145_mirrored.jpg,0.0806000009179115
img_13100.jpg,-0.3057999908924103
img_05228.jpg,0.047699999064207
img_13883_mirrored.jpg,0.0408000014722347
img_06043.jpg,0.0083999997004866
img_14396.jpg,-0.2287999987602234
img_11801_mirrored.jpg,0.0983999967575073
img_13679_mirrored.jpg,0.006800000090152
img_10703_mirrored.jpg,-0.0272000003606081
img_00447_mirrored.jpg,0.1281999945640564
img_13594_mirrored.jpg,0.130400002002716
img_04625.jpg,0.1151999980211258
img_02554_mirrored.jpg,-0.1093999966979026
img_11865.jpg,-0.0073000001721084
img_07594_mirrored.jpg,-0.1356000006198883
img_03515_mirrored.jpg,0.0471000000834465
img_13915_mirrored.jpg,-0.1130999997258186
img_04597_mirrored.jpg,-0.0780000016093254
img_13666.jpg,-0.1046999990940094
img_01795_mirrored.jpg,0.0187999997287988
img_05567_mirrored.jpg,0.0262000001966953
img_03371.jpg,-0.1633999943733215
img_14228.jpg,0.1246000006794929
img_01138_mirrored.jpg,0.0879999995231628
img_06102.jpg,-0.0046999999321997
img_12087.jpg,-0.1407999992370605
img_05007.jpg,-0.1853999942541122
img_02500_mirrored.jpg,0.3142000138759613
img_14334.jpg,0.0052000000141561
img_00507.jpg,-0.0346000008285045
img_10720_mirrored.jpg,0.3142000138759613
img_10319.jpg,-0.3142000138759613
img_14436_mirrored.jpg,-0.0445000007748603
img_12345_mirrored.jpg,-0.202000007033348
img_14930.jpg,-0.5235999822616577
img_07540.jpg,0.1565999984741211
img_02234_mirrored.jpg,0.0208999998867511
img_08798_mirrored.jpg,0.0414000004529953
img_12781_mirrored.jpg,-0.0215000007301569
img_09435.jpg,-0.0711999982595443
img_14500_mirrored.jpg,0.3142000138759613
img_13935.jpg,-0.0639000013470649
img_00695.jpg,0.0015999999595806
img_13378_mirrored.jpg,-0.1471000015735626
img_08926_mirrored.jpg,0.274399995803833
img_14297_mirrored.jpg,-0.0073000001721084
img_09084.jpg,0.1067999973893165
img_07450_mirrored.jpg,0.3142000138759613
img_03283.jpg,-0.0653999969363212
img_00851_mirrored.jpg,0.0299999993294477
img_01006.jpg,-0.0093999998643994
img_12907_mirrored.jpg,-0.1550000011920929
img_05091.jpg,-0.0277999993413686
img_00845.jpg,0.0297999996691942
img_00500_mirrored.jpg,0.0838000029325485
img_14180.jpg,0.1512999981641769
img_09582_mirrored.jpg,-0.1172999963164329
img_02397.jpg,-0.3142000138759613
img_13283_mirrored.jpg,-0.1962999999523162
img_06541_mirrored.jpg,-0.033500000834465
img_00552_mirrored.jpg,-0.0546999983489513
img_03265_mirrored.jpg,0.0507999993860721
img_02823_mirrored.jpg,0.2157000005245208
img_00147_mirrored.jpg,0.0141000002622604
img_02197.jpg,-0.0821999981999397
img_00227.jpg,-0.0419000014662742
img_12913.jpg,-0.0749000012874603
img_00166_mirrored.jpg,0.0351000018417835
img_08897_mirrored.jpg,0.0167999994009733
img_11666.jpg,-0.3142000138759613
img_02395_mirrored.jpg,0.3142000138759613
img_11965_mirrored.jpg,-0.0571000017225742
img_01465_mirrored.jpg,0.3142000138759613
img_12259.jpg,-0.0821999981999397
img_12284_mirrored.jpg,-0.2125999927520752
img_12681_mirrored.jpg,0.2985000014305115
img_00667.jpg,-0.0131000000983476
img_07156_mirrored.jpg,0.0340000018477439
img_02992.jpg,-0.2220000028610229
img_09139_mirrored.jpg,-0.1120999976992607
img_03346.jpg,-0.1445000022649765
img_08327.jpg,-0.1067999973893165
img_05089.jpg,-0.0204000007361173
img_11600.jpg,-0.1738000065088272
img_02962.jpg,-0.25450000166893
img_15142.jpg,0.5235999822616577
img_00703_mirrored.jpg,-0.1371999979019165
img_01250_mirrored.jpg,0.0230000000447034
img_11091_mirrored.jpg,0.0659999996423721
img_08630_mirrored.jpg,0.060199998319149
img_05678.jpg,0.094200000166893
img_07336.jpg,-0.2924999892711639
img_07118.jpg,-0.0581000000238418
img_09132.jpg,0.167600005865097
img_08710.jpg,-0.100100003182888
img_00165_mirrored.jpg,0.0361000001430511
img_04837.jpg,-0.191100001335144
img_08081_mirrored.jpg,0.0031000000890344
img_07724_mirrored.jpg,-0.0162000004202127
img_05540_mirrored.jpg,0.0304000005125999
img_12484.jpg,0.0194000005722045
img_07014.jpg,-0.0397999994456768
img_11584_mirrored.jpg,0.0236000008881092
img_08497_mirrored.jpg,0.0230000000447034
img_05554.jpg,0.2727000117301941
img_13420_mirrored.jpg,0.0104999998584389
img_12173_mirrored.jpg,0.1172999963164329
img_00937.jpg,-0.2723000049591064
img_09383_mirrored.jpg,0.3142000138759613
img_02521.jpg,-0.05180000141263
img_15031_mirrored.jpg,-0.5235999822616577
img_06554.jpg,-0.006800000090152
img_07717.jpg,-0.006800000090152
img_08141_mirrored.jpg,0.0612999983131885
img_11629_mirrored.jpg,0.1512999981641769
img_02041_mirrored.jpg,-0.0078999996185302
img_09054.jpg,-0.0031000000890344
img_08392_mirrored.jpg,0.2833000123500824
img_00163_mirrored.jpg,0.0372000001370906
img_00844_mirrored.jpg,-0.0381999984383583
img_12026_mirrored.jpg,0.0564999990165233
img_15063_mirrored.jpg,-0.5235999822616577
img_11812.jpg,0.0057999999262392
img_08133.jpg,-0.0428999997675418
img_05451.jpg,-0.2885000109672546
img_02049_mirrored.jpg,-0.0093999998643994
img_12487_mirrored.jpg,0.0204000007361173
img_13852.jpg,-0.0728000029921531
img_14427_mirrored.jpg,0.1429000049829483
img_07991_mirrored.jpg,-0.0156999994069337
img_15129_mirrored.jpg,-0.0
img_08536.jpg,0.0943000018596649
img_03888_mirrored.jpg,0.1674000024795532
img_08746_mirrored.jpg,0.221000000834465
img_08067_mirrored.jpg,0.0037000000011175
img_05584.jpg,0.0976999998092651
img_04013_mirrored.jpg,0.2259999960660934
img_08093.jpg,-0.0869000032544136
img_05315.jpg,0.0785000026226043
img_14273.jpg,-0.017799999564886
img_14197_mirrored.jpg,-0.0476000010967254
img_03304_mirrored.jpg,-0.1172999963164329
img_03362.jpg,-0.1560000032186508
img_14901.jpg,-0.5235999822616577
img_01983.jpg,-0.1780000030994415
img_04624_mirrored.jpg,-0.1168000027537345
img_05438_mirrored.jpg,0.2105000019073486
img_10120.jpg,-0.0293000005185604
img_11162_mirrored.jpg,0.1534000039100647
img_09197_mirrored.jpg,0.0905999988317489
img_05375.jpg,-0.1460999995470047
img_03364.jpg,-0.1613000035285949
img_04892.jpg,-0.1118000000715255
img_14426_mirrored.jpg,0.1340000033378601
img_13253.jpg,-0.1019999980926513
img_09671_mirrored.jpg,-0.0173000004142522
img_04694_mirrored.jpg,-0.0885000005364418
img_09345.jpg,-0.1456000059843063
img_03969_mirrored.jpg,0.2345999926328659
img_08885.jpg,-0.1182999983429908
img_11574_mirrored.jpg,0.0355999991297721
img_05247_mirrored.jpg,0.0922000035643577
img_07603_mirrored.jpg,-0.0178999993950128
img_11329.jpg,-0.0737999975681305
img_04453_mirrored.jpg,0.3138999938964844
img_14420_mirrored.jpg,0.1492000073194503
img_00592.jpg,0.1220000013709068
img_10978.jpg,-0.0763999968767166
img_06567.jpg,0.1445000022649765
img_00399.jpg,-0.306300014257431
img_02482.jpg,-0.3142000138759613
img_04935_mirrored.jpg,0.3142000138759613
img_03206_mirrored.jpg,0.0650999993085861
img_07677_mirrored.jpg,-0.0531999990344047
img_02079.jpg,0.0251000002026557
img_04052_mirrored.jpg,0.0308999996632337
img_06880_mirrored.jpg,0.1460999995470047
img_06701.jpg,0.066500000655651
img_01906.jpg,-0.2825999855995178
img_15095_mirrored.jpg,-0.5235999822616577
img_13782.jpg,0.0230000000447034
img_09689.jpg,-0.0592000000178813
img_09819.jpg,-0.3142000138759613
img_08431_mirrored.jpg,0.3142000138759613
img_09657_mirrored.jpg,0.0063000000081956
img_09590_mirrored.jpg,0.0147000001743435
img_08770_mirrored.jpg,0.1758999973535537
img_06086_mirrored.jpg,-0.0208999998867511
img_03257_mirrored.jpg,0.0194000005722045
img_13738_mirrored.jpg,0.002600000007078
img_06784_mirrored.jpg,0.0187999997287988
img_14839_mirrored.jpg,0.5235999822616577
img_08081.jpg,-0.0031000000890344
img_07787.jpg,-0.1429000049829483
img_02811.jpg,-0.0230000000447034
img_04158_mirrored.jpg,0.0571000017225742
img_02169_mirrored.jpg,0.018300000578165
img_12679_mirrored.jpg,0.3142000138759613
img_12744.jpg,-0.0052000000141561
img_05015_mirrored.jpg,0.0403000004589557
img_01822_mirrored.jpg,0.146599993109703
img_14253_mirrored.jpg,0.0355999991297721
img_08466_mirrored.jpg,0.0272000003606081
img_08156_mirrored.jpg,-0.1246000006794929
img_01303_mirrored.jpg,0.0826999992132186
img_04668.jpg,0.1895000040531158
img_09039.jpg,-0.0037000000011175
img_14520_mirrored.jpg,0.2915999889373779
img_05403_mirrored.jpg,0.1627999991178512
img_10495.jpg,0.0754000023007392
img_00218.jpg,0.0083999997004866
img_04334_mirrored.jpg,0.05180000141263
img_09994_mirrored.jpg,0.0052000000141561
img_04108_mirrored.jpg,-0.0041999998502433
img_06273.jpg,-0.094200000166893
img_07351.jpg,-0.0952999964356422
img_06603.jpg,0.2592000067234039
img_13182.jpg,0.0187999997287988
img_05271.jpg,-0.0496999993920326
img_09324.jpg,-0.2858999967575073
img_11709.jpg,-0.2240999937057495
img_07808.jpg,-0.150299996137619
img_06321_mirrored.jpg,0.1041999980807304
img_13426_mirrored.jpg,0.0979000031948089
img_01981_mirrored.jpg,0.2063000053167343
img_14786_mirrored.jpg,0.5235999822616577
img_03453_mirrored.jpg,0.3142000138759613
img_08160_mirrored.jpg,-0.1994999945163726
img_07783_mirrored.jpg,0.1381999999284744
img_09632_mirrored.jpg,-0.1262000054121017
img_03663_mirrored.jpg,-0.1958000063896179
img_05815_mirrored.jpg,0.0947000011801719
img_00076.jpg,-0.0041999998502433
img_08252_mirrored.jpg,0.1000000014901161
img_11906_mirrored.jpg,0.0706999972462654
img_01738_mirrored.jpg,0.0377000011503696
img_14051_mirrored.jpg,0.2953000068664551
img_07954_mirrored.jpg,0.2538999915122986
img_00879.jpg,-0.2680999934673309
img_14602.jpg,-0.0685999989509582
img_04627.jpg,0.1448999941349029
img_03792_mirrored.jpg,0.1036999970674514
img_01364.jpg,-0.2732999920845032
img_05322.jpg,-0.0869000032544136
img_02336.jpg,-0.1398999989032745
img_14735_mirrored.jpg,0.0167999994009733
img_08269_mirrored.jpg,0.0938000008463859
img_00333.jpg,-0.1706999987363815
img_08274_mirrored.jpg,0.1093999966979026
img_11263.jpg,-0.2847999930381775
img_14947_mirrored.jpg,0.5235999822616577
img_10925_mirrored.jpg,0.0093999998643994
img_14239.jpg,0.1136000007390976
img_15136.jpg,0.5235999822616577
img_08872_mirrored.jpg,0.3003999888896942
img_11933_mirrored.jpg,0.0262000001966953
img_14258_mirrored.jpg,-0.0450000017881393
img_06031.jpg,-0.1278000026941299
img_00794_mirrored.jpg,0.1659999936819076
img_03854_mirrored.jpg,0.1580999940633773
img_12159_mirrored.jpg,0.3142000138759613
img_04727.jpg,0.0046999999321997
img_11816_mirrored.jpg,0.0093999998643994
img_09559.jpg,0.197500005364418
img_12588.jpg,-0.3142000138759613
img_13041_mirrored.jpg,0.1627999991178512
img_10474_mirrored.jpg,-0.1324999928474426
img_01421.jpg,-0.1423999965190887
img_03156_mirrored.jpg,0.0872000008821487
img_06601.jpg,0.2029999941587448
img_08778.jpg,-0.1230000033974647
img_07166.jpg,-0.033500000834465
img_01591.jpg,0.0644000023603439
img_14813_mirrored.jpg,0.5235999822616577
img_13977.jpg,-0.1591999977827072
img_03597.jpg,-0.0703999996185302
img_04321.jpg,-0.0775000005960464
img_14724_mirrored.jpg,-0.0869000032544136
img_15010.jpg,0.5235999822616577
img_00228_mirrored.jpg,0.0471000000834465
img_09082.jpg,0.0898000001907348
img_13670_mirrored.jpg,-0.0208999998867511
img_02006.jpg,-0.0445000007748603
img_01304.jpg,-0.0826999992132186
img_10158_mirrored.jpg,0.0812000036239624
img_11203.jpg,-0.2293999940156936
img_08338.jpg,-0.3142000138759613
img_06742.jpg,-0.0078999996185302
img_09606.jpg,-0.0533999986946582
img_14674.jpg,-0.0031000000890344
img_00003.jpg,0.0
img_07372.jpg,-0.2592000067234039
img_11661_mirrored.jpg,0.3142000138759613
img_08480.jpg,0.2818999886512756
img_08255.jpg,-0.1020999997854232
img_13125.jpg,-0.3142000138759613
img_04812.jpg,-0.0403000004589557
img_06231.jpg,-0.017799999564886
img_15086.jpg,0.5235999822616577
img_06180_mirrored.jpg,0.0355999991297721
img_02347.jpg,-0.1497000008821487
img_07447_mirrored.jpg,0.3142000138759613
img_11003.jpg,-0.0194000005722045
img_06578.jpg,-0.1215000003576278
img_12145.jpg,-0.3142000138759613
img_11626.jpg,-0.1367000043392181
img_12919.jpg,-0.0597000010311603
img_07400.jpg,-0.1579000055789947
img_06494.jpg,-0.0366999991238117
img_00883_mirrored.jpg,0.1429000049829483
img_07652.jpg,-0.032999999821186
img_05475.jpg,-0.1079000011086463
img_04071_mirrored.jpg,-0.0842999964952468
img_01019_mirrored.jpg,0.1046999990940094
img_08982.jpg,0.1156999990344047
img_02651_mirrored.jpg,-0.1233000010251998
img_13225.jpg,-0.0372000001370906
img_06482.jpg,-0.3142000138759613
img_07786.jpg,-0.1413999944925308
img_14078.jpg,-0.0478000007569789
img_07709_mirrored.jpg,0.008899999782443
img_13065_mirrored.jpg,0.094200000166893
img_15059_mirrored.jpg,-0.5235999822616577
img_02343_mirrored.jpg,0.1544999927282333
img_06637.jpg,0.1994999945163726
img_07614.jpg,0.1833000034093856
img_13542.jpg,-0.1482000052928924
img_07589_mirrored.jpg,-0.1215000003576278
img_02689.jpg,-0.0208999998867511
img_05645_mirrored.jpg,-0.0491999983787536
img_05732.jpg,0.1278000026941299
img_14479_mirrored.jpg,0.1915999948978424
img_08118_mirrored.jpg,0.0219999998807907
img_02018_mirrored.jpg,0.0093999998643994
img_01519_mirrored.jpg,0.0408000014722347
img_12495_mirrored.jpg,0.1067999973893165
img_14260_mirrored.jpg,-0.0623000003397464
img_05154_mirrored.jpg,0.0031000000890344
img_10549_mirrored.jpg,0.0549999997019767
img_05894.jpg,-0.3142000138759613
img_10986_mirrored.jpg,-0.1107999980449676
img_12313_mirrored.jpg,-0.1601999998092651
img_06984.jpg,-0.1220000013709068
img_02245.jpg,-0.0126000000163912
img_07633_mirrored.jpg,-0.1120999976992607
img_02743.jpg,-0.2089000046253204
img_07587.jpg,0.0979000031948089
img_09872.jpg,-0.0663999989628791
img_04620_mirrored.jpg,-0.1873999983072281
img_00682_mirrored.jpg,0.0450000017881393
img_09252_mirrored.jpg,0.1423999965190887
img_11519_mirrored.jpg,0.145699992775917
img_05537_mirrored.jpg,0.0564999990165233
img_08237.jpg,0.1031000018119812
img_10470_mirrored.jpg,-0.1601999998092651
img_13042_mirrored.jpg,0.1692000031471252
img_02507_mirrored.jpg,0.0639000013470649
img_13763.jpg,-0.0057999999262392
img_09065_mirrored.jpg,0.060199998319149
img_13961_mirrored.jpg,0.1528999954462051
img_08597.jpg,-0.0230000000447034
img_01783_mirrored.jpg,0.0308999996632337
img_13577.jpg,-0.2041999995708465
img_04678.jpg,-0.017799999564886
img_13518_mirrored.jpg,0.265500009059906
img_11076.jpg,-0.0507999993860721
img_02833_mirrored.jpg,0.1419000029563903
img_01744_mirrored.jpg,0.006800000090152
img_11178_mirrored.jpg,0.2131000012159347
img_08390.jpg,-0.3052999973297119
img_14775_mirrored.jpg,0.5235999822616577
img_09703.jpg,-0.0293000005185604
img_04975_mirrored.jpg,0.2707000076770782
img_07059_mirrored.jpg,-0.0251000002026557
img_00569_mirrored.jpg,0.1125999987125396
img_08233.jpg,0.05180000141263
img_13873.jpg,-0.0471000000834465
img_14540_mirrored.jpg,-0.0120000001043081
img_05768_mirrored.jpg,-0.0073000001721084
img_02899_mirrored.jpg,0.3142000138759613
img_13781.jpg,0.0236000008881092
img_06222.jpg,-0.0821999981999397
img_11833.jpg,-0.0277999993413686
img_05264_mirrored.jpg,0.008899999782443
img_01533_mirrored.jpg,-0.2485000044107437
img_00499_mirrored.jpg,0.0714000016450882
img_14221_mirrored.jpg,-0.094200000166893
img_07546_mirrored.jpg,-0.0659999996423721
img_03123_mirrored.jpg,0.0037000000011175
img_07252.jpg,-0.0775000005960464
img_12554_mirrored.jpg,0.1215000003576278
img_08615_mirrored.jpg,0.0173000004142522
img_00801_mirrored.jpg,0.1885000020265579
img_00809_mirrored.jpg,0.1435000002384185
img_11847.jpg,0.0256999991834163
img_07257_mirrored.jpg,-0.0215000007301569
img_13344.jpg,-0.0147000001743435
img_13292.jpg,0.1393000036478042
img_00740.jpg,-0.0078999996185302
img_10133.jpg,-0.0287999995052814
img_04075_mirrored.jpg,-0.1125999987125396
img_14365.jpg,-0.0864000022411346
img_10167_mirrored.jpg,0.0377000011503696
img_01359_mirrored.jpg,0.3142000138759613
img_04737_mirrored.jpg,-0.123599998652935
img_08588.jpg,0.1706999987363815
img_14719_mirrored.jpg,-0.0737999975681305
img_08256_mirrored.jpg,0.09740000218153
img_02917.jpg,-0.2231000065803527
img_09202_mirrored.jpg,0.0304000005125999
img_07529_mirrored.jpg,0.0063000000081956
img_06164_mirrored.jpg,-0.0476000010967254
img_10443.jpg,0.1780000030994415
img_03240_mirrored.jpg,0.0659999996423721
img_10485_mirrored.jpg,-0.09740000218153
img_00328.jpg,-0.1617999970912933
img_14531.jpg,-0.1000000014901161
img_11206_mirrored.jpg,0.3142000138759613
img_10553_mirrored.jpg,0.0533999986946582
img_12386.jpg,-0.033500000834465
img_04923_mirrored.jpg,0.1403000056743621
img_00698_mirrored.jpg,-0.0445000007748603
img_00236.jpg,-0.048700001090765
img_10070_mirrored.jpg,0.0245999991893768
img_05342.jpg,-0.0847999975085258
img_10227_mirrored.jpg,0.1518000066280365
img_11857_mirrored.jpg,-0.006800000090152
img_08401.jpg,-0.1020999997854232
img_09552.jpg,0.0648000016808509
img_12629_mirrored.jpg,0.3142000138759613
img_04155.jpg,-0.0361000001430511
img_13148.jpg,-0.3142000138759613
img_12899.jpg,0.0910999998450279
img_04560_mirrored.jpg,-0.2737999856472015
img_02556_mirrored.jpg,-0.0581000000238418
img_05858_mirrored.jpg,0.1528999954462051
img_06804.jpg,-0.146599993109703
img_08620_mirrored.jpg,0.0131000000983476
img_12690.jpg,-0.0450000017881393
img_01318.jpg,-0.1026000007987022
img_05444.jpg,-0.1125999987125396
img_01931.jpg,-0.2732999920845032
img_05005_mirrored.jpg,0.2508000135421753
img_03237.jpg,-0.0780000016093254
img_02127.jpg,-0.0031000000890344
img_09110.jpg,-0.0372000001370906
img_00740_mirrored.jpg,0.0078999996185302
img_15049_mirrored.jpg,-0.0
img_10985.jpg,0.0916000008583068
img_10179.jpg,0.094200000166893
img_03000.jpg,-0.0346000008285045
img_02524_mirrored.jpg,0.0785000026226043
img_07815_mirrored.jpg,-0.0571000017225742
img_12523_mirrored.jpg,0.1213999986648559
img_03975_mirrored.jpg,0.100500002503395
img_02196.jpg,-0.0785000026226043
img_04230.jpg,0.1955000013113021
img_02634.jpg,0.1456000059843063
img_14988_mirrored.jpg,-0.5235999822616577
img_12905_mirrored.jpg,-0.2120999991893768
img_05502_mirrored.jpg,0.3142000138759613
img_03314_mirrored.jpg,0.0800999999046325
img_14197.jpg,0.0476000010967254
img_08585_mirrored.jpg,-0.2000000029802322
img_10232.jpg,-0.1544999927282333
img_01916_mirrored.jpg,0.3142000138759613
img_01603_mirrored.jpg,-0.1308999955654144
img_03694.jpg,-0.0147000001743435
img_04687.jpg,0.1010999977588653
img_01034_mirrored.jpg,0.0063000000081956
img_09988_mirrored.jpg,0.0052000000141561
img_05629.jpg,0.1926999986171722
img_00252_mirrored.jpg,0.0869000032544136
img_14035_mirrored.jpg,0.3142000138759613
img_11891.jpg,-0.0031000000890344
img_08863.jpg,-0.2608000040054321
img_10891_mirrored.jpg,-0.09009999781847
img_07208_mirrored.jpg,0.0156999994069337
img_05872.jpg,-0.0266999993473291
img_10141_mirrored.jpg,0.0513000003993511
img_06280_mirrored.jpg,-0.0194000005722045
img_02916.jpg,-0.2037000060081482
img_06824.jpg,-0.1476999968290329
img_06167.jpg,-0.0156999994069337
img_08894.jpg,0.0120000001043081
img_02445_mirrored.jpg,0.3142000138759613
img_03142.jpg,-0.0031000000890344
img_07946_mirrored.jpg,0.0590000003576278
img_14393.jpg,-0.1597000062465667
img_07807_mirrored.jpg,0.1486999988555908
img_09120.jpg,-0.0806000009179115
img_06570.jpg,0.048200000077486
img_00086.jpg,-0.0005000000237487
img_00468.jpg,-0.3142000138759613
img_02112_mirrored.jpg,0.0037000000011175
img_00546.jpg,-0.008899999782443
img_11209_mirrored.jpg,0.3142000138759613
img_02974_mirrored.jpg,0.0392999984323978
img_03138.jpg,-0.0031000000890344
img_13949.jpg,-0.1072999984025955
img_01061_mirrored.jpg,-0.0078999996185302
img_06693.jpg,0.0057999999262392
img_09465.jpg,-0.0251000002026557
img_04647_mirrored.jpg,-0.1445000022649765
img_09914_mirrored.jpg,-0.0162000004202127
img_01569.jpg,0.1821999996900558
img_10393.jpg,-0.0680999979376792
img_15166_mirrored.jpg,-0.5235999822616577
img_01128.jpg,-0.0491999983787536
img_13601_mirrored.jpg,0.0456000007688999
img_09710.jpg,-0.0324999988079071
img_10031.jpg,-0.0414000004529953
img_03009.jpg,-0.2712999880313873
img_08030.jpg,0.0256999991834163
img_14170.jpg,-0.002600000007078
img_04195.jpg,-0.0173000004142522
img_14124.jpg,-0.048700001090765
img_12438.jpg,0.0716999992728233
img_06934_mirrored.jpg,0.224600002169609
img_01388_mirrored.jpg,0.3142000138759613
img_10652.jpg,-0.0414000004529953
img_10493_mirrored.jpg,-0.1256999969482422
img_03550_mirrored.jpg,-0.1726000010967254
img_06219.jpg,-0.048700001090765
img_14460_mirrored.jpg,0.3142000138759613
img_00630_mirrored.jpg,-0.1853999942541122
img_13819_mirrored.jpg,0.0544999986886978
img_06184_mirrored.jpg,0.0428999997675418
img_09918_mirrored.jpg,0.008899999782443
img_13749.jpg,-0.0037000000011175
img_10477.jpg,0.1853999942541122
img_05656.jpg,0.176499992609024
img_07759.jpg,-0.0194000005722045
img_07071_mirrored.jpg,0.0063000000081956
img_11468.jpg,0.0962999984622001
img_09314_mirrored.jpg,0.3142000138759613
img_04449.jpg,-0.2585000097751617
img_08989.jpg,-0.0162000004202127
img_10286_mirrored.jpg,0.2345999926328659
img_00778_mirrored.jpg,0.0423999987542629
img_05746_mirrored.jpg,0.1360999941825866
img_03343_mirrored.jpg,0.1278000026941299
img_15077.jpg,0.5235999822616577
img_11073_mirrored.jpg,0.0507999993860721
img_00021.jpg,0.0147000001743435
img_10864.jpg,-0.1215000003576278
img_02196_mirrored.jpg,0.0785000026226043
img_11615.jpg,-0.1873999983072281
img_10995.jpg,-0.0245999991893768
img_13215.jpg,0.2858999967575073
img_13497_mirrored.jpg,0.1613000035285949
img_04695.jpg,0.0513000003993511
img_02263_mirrored.jpg,0.013600000180304
img_01731_mirrored.jpg,0.1691000014543533
img_05090_mirrored.jpg,0.0251000002026557
img_10351_mirrored.jpg,0.3142000138759613
img_02413.jpg,-0.3142000138759613
img_05394.jpg,-0.191100001335144
img_08624.jpg,-0.0283000003546476
img_10538.jpg,-0.0204000007361173
img_01363_mirrored.jpg,0.2926999926567077
img_14095.jpg,-0.3142000138759613
img_09232_mirrored.jpg,0.0826999992132186
img_01755_mirrored.jpg,-0.0063000000081956
img_07144.jpg,-0.0215000007301569
img_11759.jpg,-0.0465999990701675
img_13086.jpg,-0.2466000020503997
img_14420.jpg,-0.1492000073194503
img_01692.jpg,-0.0502999983727932
img_11883_mirrored.jpg,0.0037000000011175
img_10893_mirrored.jpg,-0.070200003683567
img_13252.jpg,-0.0763000026345253
img_13124_mirrored.jpg,0.3142000138759613
img_10156.jpg,-0.0581000000238418
img_10191_mirrored.jpg,0.1067999973893165
img_02979_mirrored.jpg,0.0081000002101063
img_02447_mirrored.jpg,0.3142000138759613
img_10434.jpg,0.0104999998584389
img_05238_mirrored.jpg,-0.1544999927282333
img_08621.jpg,-0.0120000001043081
img_14362_mirrored.jpg,0.1079000011086463
img_07853.jpg,-0.1691000014543533
img_01313_mirrored.jpg,0.0744000002741813
img_01661.jpg,0.0859000012278556
img_01828_mirrored.jpg,0.1691000014543533
img_04951.jpg,-0.3142000138759613
img_01782.jpg,-0.0313999988138675
img_10041.jpg,-0.0979000031948089
img_03987_mirrored.jpg,0.0612000003457069
img_08076.jpg,-0.0031000000890344
img_08594_mirrored.jpg,0.0236000008881092
img_03338_mirrored.jpg,0.1052000001072883
img_09511_mirrored.jpg,-0.1486999988555908
img_00491.jpg,0.0147000001743435
img_01973_mirrored.jpg,0.2964000105857849
img_05493_mirrored.jpg,0.3142000138759613
img_12950.jpg,-0.013600000180304
img_08095_mirrored.jpg,0.1110000014305114
img_12513.jpg,-0.0230000000447034
img_13359.jpg,-0.0346000008285045
img_07504_mirrored.jpg,-0.1527999937534332
img_02704.jpg,-0.0571000017225742
img_02437.jpg,-0.2335000038146972
img_09285_mirrored.jpg,0.3142000138759613
img_08825_mirrored.jpg,0.2277999967336654
img_02132_mirrored.jpg,0.0031000000890344
img_14694.jpg,-0.0031000000890344
img_02567_mirrored.jpg,0.0104999998584389
img_12938.jpg,-0.0456000007688999
img_01845_mirrored.jpg,0.146599993109703
img_10448.jpg,-0.0346000008285045
img_09152.jpg,-0.0366999991238117
img_05885.jpg,-0.3142000138759613
img_02708_mirrored.jpg,0.0381999984383583
img_10056_mirrored.jpg,-0.0586000010371208
img_05937.jpg,-0.2937000095844269
img_04106.jpg,0.0131000000983476
img_02214_mirrored.jpg,-0.2041999995708465
img_04758.jpg,-0.093699999153614
img_08837_mirrored.jpg,0.2412000000476837
img_01015.jpg,-0.0979000031948089
img_15174.jpg,0.0
img_02422_mirrored.jpg,0.3142000138759613
img_14269_mirrored.jpg,-0.0816999971866607
img_11313.jpg,0.0262000001966953
img_08586.jpg,0.1978999972343444
img_02107_mirrored.jpg,0.0031000000890344
img_01422.jpg,-0.1583999991416931
img_06215_mirrored.jpg,-0.1292999982833862
img_09538_mirrored.jpg,-0.1435000002384185
img_12400_mirrored.jpg,-0.1110000014305114
img_05115_mirrored.jpg,-0.0073000001721084
img_00153_mirrored.jpg,0.0098999999463558
img_02008.jpg,0.0208999998867511
img_03261_mirrored.jpg,0.0445000007748603
img_03361.jpg,-0.1627999991178512
img_11470.jpg,0.0533999986946582
img_06073_mirrored.jpg,0.0083999997004866
img_03435_mirrored.jpg,0.1445000022649765
img_11830_mirrored.jpg,-0.0293000005185604
img_11288_mirrored.jpg,0.3142000138759613
img_00226_mirrored.jpg,0.033500000834465
img_05303_mirrored.jpg,-0.0187999997287988
img_05390_mirrored.jpg,0.2910999953746795
img_13581_mirrored.jpg,0.2833000123500824
img_05914_mirrored.jpg,0.2836999893188476
img_06942.jpg,-0.0890000015497207
img_01770_mirrored.jpg,0.093699999153614
img_04165_mirrored.jpg,0.1115000024437904
img_08925_mirrored.jpg,0.2754000127315521
img_03551.jpg,0.208199992775917
img_07076_mirrored.jpg,0.006800000090152
img_14068.jpg,-0.2424000054597854
img_11584.jpg,-0.0236000008881092
img_13485_mirrored.jpg,0.1633999943733215
img_00583_mirrored.jpg,-0.1274999976158142
img_00278_mirrored.jpg,0.032999999821186
img_04108.jpg,0.0041999998502433
img_06122.jpg,-0.0031000000890344
img_01818.jpg,-0.1439999938011169
img_01791_mirrored.jpg,0.0366999991238117
img_03962.jpg,-0.3142000138759613
img_06835.jpg,-0.1544999927282333
img_04728.jpg,0.0037000000011175
img_09511.jpg,0.1486999988555908
img_14890.jpg,-0.5235999822616577
img_02180_mirrored.jpg,0.0272000003606081
img_02584.jpg,0.1393000036478042
img_08143_mirrored.jpg,0.0780000016093254
img_12731_mirrored.jpg,0.1251000016927719
img_12112_mirrored.jpg,0.1728000044822693
img_08947.jpg,-0.0120000001043081
img_09836_mirrored.jpg,0.2712000012397766
img_08521_mirrored.jpg,0.0491999983787536
img_03870_mirrored.jpg,-0.1000000014901161
img_11225_mirrored.jpg,0.3142000138759613
img_05906_mirrored.jpg,0.1429000049829483
img_10111.jpg,-0.063400000333786
img_12232_mirrored.jpg,0.3142000138759613
img_08825.jpg,-0.2277999967336654
img_01954_mirrored.jpg,0.1282999962568283
img_12237_mirrored.jpg,0.3142000138759613
img_09992.jpg,-0.0063000000081956
img_07651_mirrored.jpg,0.032999999821186
img_14755_mirrored.jpg,0.5235999822616577
img_11282.jpg,-0.3142000138759613
img_00984_mirrored.jpg,0.2404000014066696
img_14998_mirrored.jpg,-0.5235999822616577
img_14084_mirrored.jpg,0.3142000138759613
img_00982.jpg,-0.1710000038146972
img_08485_mirrored.jpg,-0.1780000030994415
img_11314.jpg,0.0219999998807907
img_10881_mirrored.jpg,0.0052000000141561
img_14149_mirrored.jpg,-0.2827000021934509
img_10449_mirrored.jpg,0.0366999991238117
img_07541.jpg,0.1728000044822693
img_06716.jpg,-0.1921000033617019
img_14982.jpg,0.5235999822616577
img_08488.jpg,0.0816999971866607
img_00818.jpg,-0.1800999939441681
img_08981.jpg,0.1031000018119812
img_00223.jpg,-0.0109999999403953
img_03219.jpg,0.0692000016570091
img_03499_mirrored.jpg,0.3142000138759613
img_14336_mirrored.jpg,-0.0046999999321997
img_09906_mirrored.jpg,0.1330000013113021
img_04582_mirrored.jpg,0.0057999999262392
img_12728.jpg,-0.1220000013709068
img_13696_mirrored.jpg,0.0187999997287988
img_11326_mirrored.jpg,0.0852999985218048
img_07182.jpg,0.1160999983549118
img_03976_mirrored.jpg,0.1010999977588653
img_08378_mirrored.jpg,0.3109999895095825
img_09307.jpg,-0.3142000138759613
img_08957_mirrored.jpg,0.120399996638298
img_03453.jpg,-0.3142000138759613
img_14138.jpg,0.0083999997004866
img_07341.jpg,-0.3125999867916107
img_04524.jpg,0.0173000004142522
img_01801.jpg,-0.0520999990403652
img_08435.jpg,-0.3142000138759613
img_14196_mirrored.jpg,-0.024100000038743
img_02668_mirrored.jpg,0.0109999999403953
img_02512.jpg,0.0115000000223517
img_07152_mirrored.jpg,0.0120000001043081
img_13169_mirrored.jpg,0.3142000138759613
img_02287.jpg,0.0293000005185604
img_02347_mirrored.jpg,0.1497000008821487
img_08376_mirrored.jpg,0.2804999947547912
img_09431_mirrored.jpg,0.0749000012874603
img_03669_mirrored.jpg,-0.0408000014722347
img_02512_mirrored.jpg,-0.0115000000223517
img_08754.jpg,-0.1413999944925308
img_13703_mirrored.jpg,0.0187999997287988
img_01009_mirrored.jpg,0.0093999998643994
img_05078.jpg,0.0775000005960464
img_01963.jpg,-0.0204000007361173
img_08436.jpg,-0.3142000138759613
img_05648.jpg,-0.0219999998807907
img_12123.jpg,-0.3084000051021576
img_10830_mirrored.jpg,0.1600999981164932
img_10186.jpg,-0.0983999967575073
img_13885.jpg,-0.0251000002026557
img_00981_mirrored.jpg,0.1376000046730041
img_02961.jpg,-0.2702000141143799
img_00357.jpg,-0.183799996972084
img_11074_mirrored.jpg,0.0524000003933906
img_12195.jpg,-0.3032000064849853
img_04208.jpg,-0.0297999996691942
img_13279.jpg,0.2282000035047531
img_08755_mirrored.jpg,0.1381999999284744
img_14869.jpg,-0.5235999822616577
img_03015_mirrored.jpg,0.120399996638298
img_06599_mirrored.jpg,-0.1492000073194503
img_05053_mirrored.jpg,0.120399996638298
img_04658_mirrored.jpg,-0.0445000007748603
img_09323_mirrored.jpg,0.2554999887943268
img_03038.jpg,-0.0989999994635582
img_06053_mirrored.jpg,-0.0366999991238117
img_07472.jpg,0.0167999994009733
img_10767.jpg,-0.3142000138759613
img_03193_mirrored.jpg,0.0355999991297721
img_08637.jpg,-0.0287999995052814
img_12790.jpg,-0.0073000001721084
img_12360.jpg,0.1449999958276748
img_09339_mirrored.jpg,0.1544999927282333
img_15125_mirrored.jpg,-0.5235999822616577
img_03431.jpg,-0.2576000094413757
img_05637_mirrored.jpg,-0.1215000003576278
img_12957.jpg,-0.0465999990701675
img_07163.jpg,-0.0366999991238117
img_03493_mirrored.jpg,0.3142000138759613
img_07374_mirrored.jpg,0.2486999928951263
img_06679.jpg,-0.0581000000238418
img_12550_mirrored.jpg,0.1754000037908554
img_09107_mirrored.jpg,0.0423999987542629
img_00762.jpg,-0.1026000007987022
img_05371_mirrored.jpg,0.1643999963998794
img_07404.jpg,-0.2809999883174896
img_05030.jpg,-0.0795999988913536
img_07623_mirrored.jpg,0.0225000008940696
img_13618.jpg,-0.2680999934673309
img_07187_mirrored.jpg,-0.210999995470047
img_12168.jpg,-0.2833000123500824
img_10398_mirrored.jpg,0.0225000008940696
img_14564_mirrored.jpg,0.09740000218153
img_11414_mirrored.jpg,-0.2524000108242035
img_04258_mirrored.jpg,-0.0141000002622604
img_08620.jpg,-0.0131000000983476
img_12942_mirrored.jpg,0.05180000141263
img_00642_mirrored.jpg,0.0215000007301569
img_07242.jpg,-0.0450000017881393
img_08012.jpg,0.0842999964952468
img_10567_mirrored.jpg,-0.0020999999251216
img_02953_mirrored.jpg,0.2818000018596649
img_11346_mirrored.jpg,-0.2727999985218048
img_14177_mirrored.jpg,-0.1691000014543533
img_04628_mirrored.jpg,-0.1679999977350235
img_06241.jpg,-0.0126000000163912
img_14557.jpg,-0.1010999977588653
img_10621_mirrored.jpg,0.0502999983727932
img_08967_mirrored.jpg,-0.0126000000163912
img_09675.jpg,-0.0104999998584389
img_11734_mirrored.jpg,0.0555000007152557
img_05059_mirrored.jpg,0.0471000000834465
img_06830_mirrored.jpg,0.1340000033378601
img_07037_mirrored.jpg,-0.1036999970674514
img_13233.jpg,-0.0078999996185302
img_13068_mirrored.jpg,0.1668999940156936
img_14438.jpg,0.0262000001966953
img_13349_mirrored.jpg,0.0386999994516372
img_15050.jpg,0.0
img_01779_mirrored.jpg,0.0465999990701675
img_01840_mirrored.jpg,0.1156999990344047
img_02608.jpg,0.1712999939918518
img_14006_mirrored.jpg,0.270900011062622
img_06769.jpg,-0.0392999984323978
img_10534_mirrored.jpg,-0.0649000033736229
img_07099.jpg,-0.0031000000890344
img_02419_mirrored.jpg,0.3142000138759613
img_07580_mirrored.jpg,-0.2414000034332275
img_02700.jpg,-0.0544999986886978
img_07497.jpg,-0.0131000000983476
img_03703_mirrored.jpg,0.0335999988019466
img_06809.jpg,-0.1439999938011169
img_12712_mirrored.jpg,-0.0272000003606081
img_06168.jpg,-0.0198999997228384
img_06218_mirrored.jpg,0.0372000001370906
img_03830.jpg,-0.1994999945163726
img_05146_mirrored.jpg,0.0031000000890344
img_09642.jpg,-0.2277999967336654
img_08140.jpg,-0.048700001090765
img_14092.jpg,-0.3142000138759613
img_09315.jpg,-0.3021000027656555
img_04768_mirrored.jpg,0.006800000090152
img_07259.jpg,0.0445000007748603
img_06667.jpg,-0.0152000002562999
img_03976.jpg,-0.1010999977588653
img_04469_mirrored.jpg,0.2497999966144561
img_03491.jpg,-0.3142000138759613
img_03566_mirrored.jpg,0.0219999998807907
img_07186_mirrored.jpg,-0.2000000029802322
img_05482_mirrored.jpg,0.1818999946117401
img_12339.jpg,0.1397999972105026
img_08821.jpg,-0.3142000138759613
img_01706.jpg,-0.0015999999595806
img_07282_mirrored.jpg,0.100500002503395
img_03789.jpg,-0.1041999980807304
img_08833.jpg,-0.1639000028371811
img_11935_mirrored.jpg,0.0187999997287988
img_01639.jpg,0.1605000048875808
img_02070_mirrored.jpg,0.0126000000163912
img_08745_mirrored.jpg,0.209999993443489
img_13920_mirrored.jpg,0.0524000003933906
img_05330_mirrored.jpg,0.096900001168251
img_03229.jpg,0.1330000013113021
img_09909.jpg,0.0245999991893768
img_03475_mirrored.jpg,0.0266999993473291
img_12451_mirrored.jpg,0.1365000009536743
img_04782_mirrored.jpg,-0.013600000180304
img_07477_mirrored.jpg,-0.006800000090152
img_09765.jpg,0.0297999996691942
img_10510.jpg,0.2063000053167343
img_11864.jpg,-0.0073000001721084
img_02634_mirrored.jpg,-0.1456000059843063
img_01820_mirrored.jpg,0.1439999938011169
img_05855.jpg,-0.1460999995470047
img_14866_mirrored.jpg,0.5235999822616577
img_10816_mirrored.jpg,0.2816999852657318
img_07022_mirrored.jpg,-0.0052000000141561
img_09540_mirrored.jpg,-0.1512999981641769
img_14621_mirrored.jpg,-0.0732999965548515
img_00486.jpg,0.0162000004202127
img_08496.jpg,-0.0262000001966953
img_02098.jpg,-0.0057999999262392
img_07297_mirrored.jpg,0.1026000007987022
img_04853.jpg,-0.1732999980449676
img_13813.jpg,-0.0423999987542629
img_02053.jpg,0.0750999972224235
img_11701.jpg,-0.3142000138759613
img_02735.jpg,-0.0465999990701675
img_02748.jpg,-0.0775000005960464
img_12806.jpg,-0.0031000000890344
img_04912.jpg,-0.3142000138759613
img_15030.jpg,0.5235999822616577
img_10484.jpg,0.1099999994039535
img_03489_mirrored.jpg,0.3142000138759613
img_07581.jpg,0.2079000025987625
img_10624.jpg,-0.0948000028729438
img_13082_mirrored.jpg,0.2833000123500824
img_02955.jpg,-0.3142000138759613
img_07384.jpg,-0.3142000138759613
img_01978.jpg,-0.2680999934673309
img_01864.jpg,-0.0573000013828277
img_07713.jpg,-0.0052000000141561
img_05743.jpg,-0.2135999947786331
img_04268.jpg,-0.0496999993920326
img_02905_mirrored.jpg,0.1926999986171722
img_01534_mirrored.jpg,-0.2847999930381775
img_10945.jpg,-0.0037000000011175
img_14356.jpg,-0.0419000014662742
img_09348_mirrored.jpg,0.2330999970436096
img_10460.jpg,-0.0491999983787536
img_07308.jpg,-0.1565999984741211
img_06550.jpg,-0.0147000001743435
img_12146.jpg,-0.3142000138759613
img_14825.jpg,-0.5235999822616577
img_12986.jpg,-0.0744000002741813
img_07862.jpg,-0.2065999954938888
img_12431.jpg,0.0078999996185302
img_14353.jpg,-0.0109999999403953
img_02531.jpg,-0.0313999988138675
img_12054.jpg,-0.0597000010311603
img_14577_mirrored.jpg,0.0419000014662742
img_02362.jpg,-0.1680999994277954
img_04857.jpg,-0.1833000034093856
img_05900_mirrored.jpg,0.2319999933242797
img_14192_mirrored.jpg,0.1141000017523765
img_11912_mirrored.jpg,0.0957999974489212
img_05589_mirrored.jpg,-0.1796000003814697
img_10070.jpg,-0.0245999991893768
img_02463_mirrored.jpg,0.1266999989748001
img_15102.jpg,0.5235999822616577
img_01841_mirrored.jpg,0.1194000020623207
img_11431_mirrored.jpg,-0.048700001090765
img_06521_mirrored.jpg,-0.0078999996185302
img_12960_mirrored.jpg,0.0737999975681305
img_11003_mirrored.jpg,0.0194000005722045
img_09525_mirrored.jpg,-0.2412000000476837
img_01217_mirrored.jpg,0.0763999968767166
img_09359_mirrored.jpg,0.3142000138759613
img_00730_mirrored.jpg,0.0131000000983476
img_02843.jpg,-0.1796000003814697
img_00528_mirrored.jpg,-0.1900999993085861
img_02010_mirrored.jpg,-0.0236000008881092
img_08508.jpg,0.0741000026464462
img_06110.jpg,-0.0031000000890344
img_00183.jpg,0.0236000008881092
img_10800_mirrored.jpg,0.0386999994516372
img_04554.jpg,0.1416999995708465
img_06590.jpg,0.1873999983072281
img_06920_mirrored.jpg,0.2004999965429306
img_13432.jpg,-0.0744000002741813
img_04762.jpg,-0.0366999991238117
img_12890_mirrored.jpg,0.0790999978780746
img_12725_mirrored.jpg,0.063400000333786
img_01404_mirrored.jpg,0.3142000138759613
img_02370.jpg,-0.3142000138759613
img_07924_mirrored.jpg,0.0130000002682209
img_10155_mirrored.jpg,0.0423999987542629
img_04285_mirrored.jpg,0.0236000008881092
img_06099.jpg,-0.006800000090152
img_01941.jpg,-0.3009999990463257
img_07015.jpg,-0.0204000007361173
img_00478_mirrored.jpg,0.3142000138759613
img_00728.jpg,-0.0230000000447034
img_02552_mirrored.jpg,-0.167600005865097
img_07857.jpg,-0.1413999944925308
img_10741.jpg,-0.153899997472763
img_03778_mirrored.jpg,-0.0167999994009733
img_01736.jpg,-0.0502999983727932
img_11258.jpg,-0.3142000138759613
img_00776_mirrored.jpg,0.0408000014722347
img_04870.jpg,-0.1497000008821487
img_04456_mirrored.jpg,0.3142000138759613
img_05383_mirrored.jpg,0.2752000093460083
img_05708_mirrored.jpg,0.0445000007748603
img_13727.jpg,-0.0078999996185302
img_13057.jpg,-0.2319999933242797
img_04954.jpg,-0.3115000128746032
img_03985.jpg,0.0078999996185302
img_12993_mirrored.jpg,0.1010999977588653
img_11160.jpg,-0.1497000008821487
img_02559_mirrored.jpg,0.0215000007301569
img_05448.jpg,-0.1930000036954879
img_12962_mirrored.jpg,0.094200000166893
img_04081_mirrored.jpg,0.0204000007361173
img_14229_mirrored.jpg,-0.1036999970674514
img_03345.jpg,-0.1381999999284744
img_06540.jpg,0.0571000017225742
img_06773_mirrored.jpg,0.0340000018477439
img_06329_mirrored.jpg,0.1460999995470047
img_04483.jpg,-0.2161000072956085
img_06476.jpg,-0.3142000138759613
img_07248_mirrored.jpg,0.093699999153614
img_07058_mirrored.jpg,-0.0256999991834163
img_15078_mirrored.jpg,-0.5235999822616577
img_09701_mirrored.jpg,0.0414000004529953
img_12172_mirrored.jpg,0.146599993109703
img_00111_mirrored.jpg,0.0015999999595806
img_01877_mirrored.jpg,0.3142000138759613
img_10260.jpg,-0.1146999970078468
img_08553_mirrored.jpg,-0.2470999956130981
img_12667_mirrored.jpg,0.0465999990701675
img_08617_mirrored.jpg,0.018300000578165
img_01920.jpg,-0.2651999890804291
img_13690_mirrored.jpg,-0.1194000020623207
img_15055.jpg,0.5235999822616577
img_06143_mirrored.jpg,0.0806000009179115
img_04988.jpg,-0.0502999983727932
img_05549.jpg,0.0852999985218048
img_08660_mirrored.jpg,-0.096900001168251
img_05911.jpg,-0.2115000039339065
img_02726.jpg,0.1070000007748603
img_01062.jpg,0.0078999996185302
img_12593.jpg,-0.3142000138759613
img_02927_mirrored.jpg,0.3142000138759613
img_10138.jpg,-0.05180000141263
img_11400.jpg,0.1574999988079071
img_14721_mirrored.jpg,-0.1120999976992607
img_01685_mirrored.jpg,0.0456000007688999
img_14983_mirrored.jpg,-0.5235999822616577
img_11482.jpg,-0.0414000004529953
img_08467.jpg,-0.0225000008940696
img_13207_mirrored.jpg,-0.0533999986946582
img_12549_mirrored.jpg,0.1843000054359436
img_12377.jpg,0.1974000036716461
img_07285_mirrored.jpg,0.0833000019192695
img_03893.jpg,-0.2998000085353851
img_02988.jpg,-0.2937000095844269
img_08981_mirrored.jpg,-0.1031000018119812
img_14153.jpg,0.150299996137619
img_08532_mirrored.jpg,0.0732999965548515
img_06313_mirrored.jpg,0.0456000007688999
img_05831.jpg,-0.1387999951839447
img_03330_mirrored.jpg,0.0461000017821788
img_09858_mirrored.jpg,0.130400002002716
img_02242_mirrored.jpg,-0.0115000000223517
img_04756.jpg,-0.1565999984741211
img_03270_mirrored.jpg,0.0439999997615814
img_10084_mirrored.jpg,0.0544999986886978
img_06628.jpg,0.0408000014722347
img_03213.jpg,-0.0627999976277351
img_06828_mirrored.jpg,0.1151999980211258
img_09211_mirrored.jpg,-0.1048000007867813
img_12209_mirrored.jpg,0.0285000000149011
img_12737_mirrored.jpg,-0.0173000004142522
img_11398.jpg,0.0795999988913536
img_01066.jpg,0.0245999991893768
img_05511.jpg,-0.3142000138759613
img_04328_mirrored.jpg,0.0995000004768371
img_05997.jpg,-0.1168999969959259
img_03632_mirrored.jpg,-0.1330000013113021
img_02551_mirrored.jpg,-0.201100006699562
img_02120_mirrored.jpg,0.0031000000890344
img_02064_mirrored.jpg,0.0173000004142522
img_06961.jpg,-0.2612999975681305
img_09710_mirrored.jpg,0.0324999988079071
img_03041.jpg,-0.1292999982833862
img_04893_mirrored.jpg,0.1168000027537345
img_01043.jpg,0.1052000001072883
img_06210.jpg,0.191100001335144
img_03672.jpg,-0.0297999996691942
img_11665.jpg,-0.3142000138759613
img_07001.jpg,-0.0120000001043081
img_06540_mirrored.jpg,-0.0571000017225742
img_03534_mirrored.jpg,0.0659999996423721
img_13896.jpg,-0.0890000015497207
img_11615_mirrored.jpg,0.1873999983072281
img_02187_mirrored.jpg,0.0419000014662742
img_13219_mirrored.jpg,-0.1445000022649765
img_11070_mirrored.jpg,0.0445000007748603
img_14965.jpg,0.5235999822616577
img_08203_mirrored.jpg,0.048200000077486
img_03423_mirrored.jpg,0.3142000138759613
img_07896_mirrored.jpg,0.2423000037670135
img_03173_mirrored.jpg,-0.1079000011086463
img_08265_mirrored.jpg,0.0606999993324279
img_04224.jpg,0.065200001001358
img_04291_mirrored.jpg,0.0895000025629997
img_01144_mirrored.jpg,-0.0304000005125999
img_10382.jpg,0.0162000004202127
img_06802.jpg,-0.1655000001192093
img_00435_mirrored.jpg,0.2355999946594238
img_00772.jpg,-0.0308999996632337
img_01174.jpg,-0.0423999987542629
img_14148.jpg,0.2973999977111816
img_14880_mirrored.jpg,0.5235999822616577
img_08453.jpg,-0.0119000002741813
img_04323.jpg,-0.0895000025629997
img_13453.jpg,-0.0381999984383583
img_01306.jpg,-0.0575999990105629
img_04532.jpg,-0.0395999997854232
img_05985_mirrored.jpg,0.2335000038146972
img_05366_mirrored.jpg,0.1601999998092651
img_02052_mirrored.jpg,-0.0606000013649463
img_04135_mirrored.jpg,0.0037000000011175
img_14378_mirrored.jpg,0.0408000014722347
img_14914_mirrored.jpg,0.5235999822616577
img_05284.jpg,0.0052000000141561
img_14168_mirrored.jpg,0.0037000000011175
img_12174_mirrored.jpg,0.1015999987721443
img_07077_mirrored.jpg,0.0057999999262392
img_00563.jpg,0.0754000023007392
img_14133.jpg,-0.0366999991238117
img_01425_mirrored.jpg,0.2331999987363815
img_09736.jpg,-0.1623000055551529
img_08653_mirrored.jpg,-0.1115000024437904
img_05671_mirrored.jpg,-0.0126000000163912
img_03674_mirrored.jpg,-0.0152000002562999
img_13261.jpg,-0.0606999993324279
img_05239.jpg,0.1215000003576278
img_14321.jpg,-0.2125999927520752
img_04811_mirrored.jpg,0.0386999994516372
img_06268.jpg,-0.0723000019788742
img_11996_mirrored.jpg,-0.0078999996185302
img_01108.jpg,-0.0037000000011175
img_01248.jpg,-0.0403000004589557
img_11853.jpg,0.0198999997228384
img_13972.jpg,-0.1613000035285949
img_05163_mirrored.jpg,0.0392999984323978
img_03603_mirrored.jpg,0.1084000021219253
img_14380.jpg,-0.0266999993473291
img_12190.jpg,-0.3142000138759613
img_10459_mirrored.jpg,0.0749000012874603
img_00912_mirrored.jpg,0.3142000138759613
img_10899_mirrored.jpg,0.0215000007301569
img_05769_mirrored.jpg,-0.0109999999403953
img_12175.jpg,-0.1000000014901161
img_12385_mirrored.jpg,0.033500000834465
img_11809_mirrored.jpg,-0.0173000004142522
img_12952.jpg,0.0073000001721084
img_06887.jpg,-0.1976999938488006
img_03604.jpg,-0.0989999994635582
img_07530.jpg,-0.0052000000141561
img_07317_mirrored.jpg,0.1528999954462051
img_00804_mirrored.jpg,0.1528999954462051
img_07998_mirrored.jpg,0.006800000090152
img_04225_mirrored.jpg,-0.0898000001907348
img_13844_mirrored.jpg,-0.0465999990701675
img_02954.jpg,-0.3142000138759613
img_09485_mirrored.jpg,-0.1220000013709068
img_07189.jpg,0.1922000050544738
img_05456.jpg,-0.3142000138759613
img_13409_mirrored.jpg,0.0078999996185302
img_03096_mirrored.jpg,-0.0215000007301569
img_12897.jpg,0.0564000010490417
img_09706.jpg,-0.017799999564886
img_06465.jpg,-0.3142000138759613
img_06787_mirrored.jpg,0.0262000001966953
img_07911_mirrored.jpg,0.1334999948740005
img_03784_mirrored.jpg,0.0377000011503696
img_01198.jpg,0.1265999972820282
img_07333.jpg,-0.2270999997854232
img_05185_mirrored.jpg,-0.1136000007390976
img_05650_mirrored.jpg,-0.0076999999582767
img_01085_mirrored.jpg,0.0073000001721084
img_04906_mirrored.jpg,0.3142000138759613
img_05287_mirrored.jpg,0.0120000001043081
img_04702_mirrored.jpg,0.0109999999403953
img_13389_mirrored.jpg,0.2272000014781952
img_00989.jpg,-0.1958000063896179
img_09005_mirrored.jpg,-0.0225000008940696
img_15024.jpg,0.5235999822616577
img_12110_mirrored.jpg,0.1430000066757202
img_13120_mirrored.jpg,0.3142000138759613
img_15164.jpg,0.5235999822616577
img_11334_mirrored.jpg,0.0308999996632337
img_07857_mirrored.jpg,0.1413999944925308
img_12287.jpg,0.1036999970674514
img_12269_mirrored.jpg,0.0173000004142522
img_01867.jpg,-0.1028999984264373
img_02481.jpg,-0.3142000138759613
img_10075.jpg,-0.0423999987542629
img_09928.jpg,-0.1130999997258186
img_05305_mirrored.jpg,-0.0236000008881092
img_09291.jpg,-0.2355999946594238
img_06735_mirrored.jpg,0.0046999999321997
img_07864_mirrored.jpg,0.2518999874591827
img_03949.jpg,-0.2822000086307525
img_08889_mirrored.jpg,0.0895000025629997
img_14925.jpg,-0.5235999822616577
img_01351.jpg,-0.183799996972084
img_12593_mirrored.jpg,0.3142000138759613
img_12204.jpg,-0.1262000054121017
img_01126.jpg,-0.0340000018477439
img_01598.jpg,0.1685999929904937
img_09918.jpg,-0.008899999782443
img_04416.jpg,-0.277999997138977
img_07033_mirrored.jpg,-0.0948000028729438
img_05714.jpg,0.0057999999262392
img_04359.jpg,-0.1518000066280365
img_12934_mirrored.jpg,0.0198999997228384
img_02681_mirrored.jpg,-0.1151999980211258
img_10115_mirrored.jpg,0.0838000029325485
img_11914.jpg,-0.05180000141263
img_11640_mirrored.jpg,0.0115000000223517
img_13129_mirrored.jpg,0.2953000068664551
img_10547.jpg,-0.0439999997615814
img_08800.jpg,-0.0723000019788742
img_01073_mirrored.jpg,-0.0204000007361173
img_00465_mirrored.jpg,0.3142000138759613
img_08483.jpg,0.2440000027418136
img_01454_mirrored.jpg,0.0439999997615814
img_07820_mirrored.jpg,0.0098999999463558
img_11430.jpg,0.0785000026226043
img_05434.jpg,-0.3142000138759613
img_09288.jpg,-0.3010999858379364
img_00890.jpg,-0.1829999983310699
img_09747.jpg,-0.1262000054121017
img_05740_mirrored.jpg,0.1762000024318695
img_05632.jpg,0.1010999977588653
img_00834.jpg,-0.150299996137619
img_05341_mirrored.jpg,0.0737999975681305
img_05638_mirrored.jpg,-0.1360999941825866
img_06265.jpg,-0.0293000005185604
img_11256.jpg,-0.3142000138759613
img_04840.jpg,-0.1528999954462051
img_04878_mirrored.jpg,-0.0564999990165233
img_08854.jpg,-0.3142000138759613
img_11968_mirrored.jpg,-0.1324999928474426
img_13501_mirrored.jpg,-0.0560000017285347
img_06257_mirrored.jpg,0.0297999996691942
img_04134_mirrored.jpg,0.0037000000011175
img_01922.jpg,-0.3142000138759613
img_12221.jpg,-0.3142000138759613
img_01413_mirrored.jpg,0.198400005698204
img_06479_mirrored.jpg,0.3142000138759613
img_05190.jpg,0.0355999991297721
img_05133.jpg,-0.0031000000890344
img_09174_mirrored.jpg,0.0507999993860721
img_05625.jpg,0.2402999997138977
img_06188_mirrored.jpg,0.0283000003546476
img_12362_mirrored.jpg,-0.1067999973893165
img_10743_mirrored.jpg,0.183799996972084
img_10555_mirrored.jpg,0.0428999997675418
img_06732.jpg,-0.0073000001721084
img_02838.jpg,-0.1445000022649765
img_06364.jpg,-0.3142000138759613
img_09788_mirrored.jpg,0.3142000138759613
img_12369.jpg,0.0173000004142522
img_11749_mirrored.jpg,0.2985000014305115
img_01170_mirrored.jpg,0.0351000018417835
img_04700.jpg,-0.0147000001743435
img_00847.jpg,0.0115000000223517
img_10418_mirrored.jpg,-0.0873999968171119
img_11142_mirrored.jpg,0.093699999153614
img_03970_mirrored.jpg,0.2016000002622604
img_00238_mirrored.jpg,0.0346000008285045
img_09842.jpg,-0.2115000039339065
img_06023_mirrored.jpg,0.0109999999403953
img_04651_mirrored.jpg,-0.0544999986886978
img_01650_mirrored.jpg,-0.0361000001430511
img_12571.jpg,0.0147000001743435
img_14368_mirrored.jpg,0.0476000010967254
img_08983.jpg,0.1151999980211258
img_00179.jpg,-0.0627999976277351
img_09011.jpg,0.0208999998867511
img_13377.jpg,0.1486999988555908
img_13736.jpg,-0.0031000000890344
img_00006_mirrored.jpg,0.1181000024080276
img_13682_mirrored.jpg,0.0083999997004866
img_01347_mirrored.jpg,0.1387999951839447
img_03782_mirrored.jpg,0.0040000001899898
img_03719_mirrored.jpg,-0.0057999999262392
img_01941_mirrored.jpg,0.3009999990463257
img_08696_mirrored.jpg,-0.0115000000223517
img_03940_mirrored.jpg,0.3142000138759613
img_12606_mirrored.jpg,0.1423999965190887
img_00672.jpg,-0.0208999998867511
img_13216.jpg,0.2549999952316284
img_03117.jpg,-0.0037000000011175
img_08616_mirrored.jpg,0.0162000004202127
img_05981.jpg,-0.3093999922275543
img_05125_mirrored.jpg,0.0052000000141561
img_04717.jpg,-0.0456000007688999
img_03591.jpg,0.1230000033974647
img_12605_mirrored.jpg,0.1445000022649765
img_10296_mirrored.jpg,0.3142000138759613
img_01582_mirrored.jpg,0.131400004029274
img_06487_mirrored.jpg,0.3142000138759613
img_02841.jpg,-0.1665000021457672
img_02741.jpg,-0.2157000005245208
img_05190_mirrored.jpg,-0.0355999991297721
img_07375_mirrored.jpg,0.2428999990224838
img_06664_mirrored.jpg,-0.0381999984383583
img_10464_mirrored.jpg,-0.1142999976873397
img_13276_mirrored.jpg,-0.1439999938011169
img_04596_mirrored.jpg,-0.1371999979019165
img_06598.jpg,0.1292999982833862
img_11691_mirrored.jpg,0.3142000138759613
img_03128_mirrored.jpg,0.0037000000011175
img_10479.jpg,0.2533999979496002
img_07115_mirrored.jpg,0.0428999997675418
img_01269.jpg,-0.0759000033140182
img_12289_mirrored.jpg,-0.0423999987542629
img_11931_mirrored.jpg,0.0262000001966953
img_07778.jpg,-0.1643999963998794
img_07881_mirrored.jpg,0.3142000138759613
img_13989_mirrored.jpg,0.3104999959468841
img_10006.jpg,-0.0031000000890344
img_06309_mirrored.jpg,0.0795999988913536
img_00414.jpg,-0.2404000014066696
img_02024.jpg,-0.0564000010490417
img_04932_mirrored.jpg,0.3086999952793121
img_10764_mirrored.jpg,0.3142000138759613
img_07722_mirrored.jpg,-0.0109999999403953
img_00107.jpg,-0.0010000000474974
img_05626.jpg,0.2428999990224838
img_12430.jpg,0.0078999996185302
img_02754_mirrored.jpg,0.0208999998867511
img_09277.jpg,-0.1744000017642974
img_08538.jpg,0.1472000032663345
img_08387.jpg,-0.3142000138759613
img_08663_mirrored.jpg,0.0773999989032745
img_11101_mirrored.jpg,0.0507999993860721
img_00321_mirrored.jpg,0.1524000018835067
img_00428_mirrored.jpg,0.3093999922275543
img_13525_mirrored.jpg,0.3142000138759613
img_07761_mirrored.jpg,0.0208999998867511
img_11366_mirrored.jpg,0.0063000000081956
img_04913_mirrored.jpg,0.3142000138759613
img_07484.jpg,-0.0659999996423721
img_14222_mirrored.jpg,-0.0989999994635582
img_01600_mirrored.jpg,-0.1278000026941299
img_12702.jpg,-0.2524000108242035
img_12733.jpg,-0.0696000009775161
img_11044_mirrored.jpg,0.048200000077486
img_06409_mirrored.jpg,0.3142000138759613
img_07080.jpg,-0.0041999998502433
img_04394_mirrored.jpg,0.1863999962806701
img_13407.jpg,-0.0063000000081956
img_08700_mirrored.jpg,-0.0187999997287988
img_11547_mirrored.jpg,-0.0104999998584389
img_12718.jpg,-0.0109999999403953
img_14149.jpg,0.2827000021934509
img_13607_mirrored.jpg,0.0012000000569969
img_09984_mirrored.jpg,-0.0141000002622604
img_12876.jpg,-0.0423999987542629
img_04649_mirrored.jpg,-0.1058000028133392
img_09155.jpg,-0.0126000000163912
img_12594_mirrored.jpg,0.3142000138759613
img_01979.jpg,-0.2560000121593475
img_04205_mirrored.jpg,0.0386999994516372
img_00147.jpg,-0.0141000002622604
img_03651.jpg,-0.0208999998867511
img_13450.jpg,-0.0215000007301569
img_15006_mirrored.jpg,-0.5235999822616577
img_09077.jpg,0.0225000008940696
img_10198_mirrored.jpg,0.0581000000238418
img_10496_mirrored.jpg,-0.0502999983727932
img_07776_mirrored.jpg,0.1962999999523162
img_13456.jpg,-0.0991000011563301
img_06523_mirrored.jpg,-0.0208999998867511
img_08170_mirrored.jpg,0.0737999975681305
img_02080.jpg,0.0256999991834163
img_02159_mirrored.jpg,-0.0864999964833259
img_12268_mirrored.jpg,0.0204000007361173
img_01282_mirrored.jpg,-0.1084000021219253
img_13940_mirrored.jpg,0.05180000141263
img_12074_mirrored.jpg,0.05180000141263
img_11079.jpg,-0.0428999997675418
img_03857.jpg,-0.1220000013709068
img_04789.jpg,-0.0230000000447034
img_01391.jpg,-0.2795999944210052
img_05845.jpg,-0.1744000017642974
img_04773.jpg,-0.0073000001721084
img_14518.jpg,-0.3142000138759613
img_00001.jpg,0.0
img_13459_mirrored.jpg,0.1941000074148178
img_12370_mirrored.jpg,-0.0397000014781951
img_13105_mirrored.jpg,0.1356000006198883
img_11909.jpg,-0.1115000024437904
img_10332_mirrored.jpg,0.218299999833107
img_06475_mirrored.jpg,0.3142000138759613
img_03633_mirrored.jpg,-0.1093999966979026
img_02658_mirrored.jpg,-0.1869000047445297
img_05287.jpg,-0.0120000001043081
img_13065.jpg,-0.094200000166893
img_14181.jpg,0.1156999990344047
img_11156.jpg,-0.1597000062465667
img_10641.jpg,-0.0392999984323978
img_09049.jpg,-0.0031000000890344
img_14889_mirrored.jpg,0.5235999822616577
img_08576.jpg,0.0076999999582767
img_04644_mirrored.jpg,-0.1381999999284744
img_05069_mirrored.jpg,0.0046999999321997
img_00635_mirrored.jpg,-0.1748999953269958
img_02644_mirrored.jpg,0.0219999998807907
img_10586_mirrored.jpg,0.2236000001430511
img_10435_mirrored.jpg,-0.0104999998584389
img_04986.jpg,-0.066500000655651
img_08440.jpg,-0.1847999989986419
img_03357.jpg,-0.1492000073194503
img_10790_mirrored.jpg,0.2204000055789947
img_12810.jpg,-0.0031000000890344
img_06971.jpg,-0.0434999987483024
img_04761.jpg,-0.0419000014662742
img_04988_mirrored.jpg,0.0502999983727932
img_07333_mirrored.jpg,0.2270999997854232
img_09595_mirrored.jpg,0.0131000000983476
img_09558.jpg,0.1942999958992004
img_12225_mirrored.jpg,0.3142000138759613
img_12177_mirrored.jpg,0.1334999948740005
img_06063.jpg,0.0386999994516372
img_02367.jpg,-0.257099986076355
img_09017.jpg,-0.0041999998502433
img_07662_mirrored.jpg,0.0381999984383583
img_03186.jpg,-0.0073000001721084
img_00712_mirrored.jpg,0.0775000005960464
img_14781.jpg,-0.5235999822616577
img_07956_mirrored.jpg,0.1900999993085861
img_10322_mirrored.jpg,0.3142000138759613
img_05358.jpg,-0.1601999998092651
img_06318.jpg,-0.0723000019788742
img_05536_mirrored.jpg,0.067500002682209
img_02142_mirrored.jpg,0.0571000017225742
img_11620.jpg,-0.1456000059843063
img_05198.jpg,-0.0156999994069337
img_14110.jpg,-0.1900999993085861
img_10421_mirrored.jpg,0.0277999993413686
img_05460.jpg,-0.3142000138759613
img_01758_mirrored.jpg,-0.0147000001743435
img_09839_mirrored.jpg,0.2152000069618225
img_01587_mirrored.jpg,0.0706999972462654
img_00936_mirrored.jpg,0.2759000062942505
img_09324_mirrored.jpg,0.2858999967575073
img_06801.jpg,-0.1780000030994415
img_01123_mirrored.jpg,0.0073000001721084
img_06028.jpg,-0.0795999988913536
img_08549_mirrored.jpg,-0.1847999989986419
img_05446_mirrored.jpg,0.1465000063180923
img_07641_mirrored.jpg,0.0173000004142522
img_14489.jpg,-0.3142000138759613
img_02254.jpg,-0.0507999993860721
img_10468_mirrored.jpg,-0.1942999958992004
img_05366.jpg,-0.1601999998092651
img_00754_mirrored.jpg,0.0392999984323978
img_04243.jpg,-0.0922000035643577
img_06779_mirrored.jpg,0.0397999994456768
img_14490_mirrored.jpg,0.3142000138759613
img_05576_mirrored.jpg,0.0098999999463558
img_05257.jpg,-0.0073000001721084
img_14093.jpg,-0.3142000138759613
img_05606.jpg,-0.0575999990105629
img_01914_mirrored.jpg,0.3142000138759613
img_06572_mirrored.jpg,0.0456000007688999
img_08367_mirrored.jpg,0.1251000016927719
img_14211.jpg,0.1894000023603439
img_10760.jpg,-0.2942999899387359
img_03370.jpg,-0.1554999947547912
img_04936_mirrored.jpg,0.3142000138759613
img_09959_mirrored.jpg,0.0198999997228384
img_04689_mirrored.jpg,-0.1115000024437904
img_13535_mirrored.jpg,0.2372000068426132
img_03416.jpg,-0.2466000020503997
img_04476_mirrored.jpg,0.0895000025629997
img_07264.jpg,0.1072999984025955
img_12534_mirrored.jpg,0.1471000015735626
img_12288.jpg,0.0706999972462654
img_05105_mirrored.jpg,-0.0262000001966953
img_06324.jpg,-0.1130999997258186
img_03525_mirrored.jpg,-0.0115000000223517
img_15113.jpg,0.5235999822616577
img_14134.jpg,-0.0293000005185604
img_13539_mirrored.jpg,0.1423999965190887
img_03187_mirrored.jpg,0.0057999999262392
img_11901.jpg,-0.0308999996632337
img_08973_mirrored.jpg,0.0083999997004866
img_11137.jpg,-0.0450000017881393
img_04831.jpg,-0.1820999979972839
img_12351_mirrored.jpg,-0.1356000006198883
img_09172_mirrored.jpg,0.0513000003993511
img_11819.jpg,0.0109999999403953
img_00332_mirrored.jpg,0.1597000062465667
img_05451_mirrored.jpg,0.2885000109672546
img_01036.jpg,-0.0083999997004866
img_09064_mirrored.jpg,0.0555000007152557
img_08364.jpg,-0.2020999938249588
img_14539.jpg,0.0120000001043081
img_13987.jpg,-0.3142000138759613
img_11657_mirrored.jpg,0.3142000138759613
img_12494_mirrored.jpg,0.1067999973893165
img_14963.jpg,0.5235999822616577
img_05374_mirrored.jpg,0.1512999981641769
img_08995_mirrored.jpg,0.0187999997287988
img_02657_mirrored.jpg,-0.1937000006437301
img_05944.jpg,-0.2063000053167343
img_10692_mirrored.jpg,0.1449999958276748
img_05479_mirrored.jpg,0.0173000004142522
img_11239_mirrored.jpg,0.1324999928474426
img_14638.jpg,-0.0109999999403953
img_05912.jpg,-0.2307000011205673
img_03483.jpg,-0.3142000138759613
img_14835_mirrored.jpg,0.5235999822616577
img_07277_mirrored.jpg,0.0879999995231628
img_05621_mirrored.jpg,-0.1356000006198883
img_02891.jpg,-0.3142000138759613
img_04767_mirrored.jpg,0.0093999998643994
img_07216_mirrored.jpg,0.0078999996185302
img_04063_mirrored.jpg,0.006800000090152
img_02685_mirrored.jpg,-0.0403000004589557
img_10301_mirrored.jpg,0.1932000070810318
img_11110.jpg,0.0847999975085258
img_01808_mirrored.jpg,0.2031999975442886
img_08962.jpg,-0.0245999991893768
img_00725.jpg,-0.0428999997675418
img_13769_mirrored.jpg,0.0564999990165233
img_06786_mirrored.jpg,0.0230000000447034
img_01635.jpg,0.0417000018060207
img_10801.jpg,-0.0386999994516372
img_09238_mirrored.jpg,0.0496999993920326
img_05407.jpg,-0.3142000138759613
img_04802_mirrored.jpg,0.0597000010311603
img_13192_mirrored.jpg,0.0826999992132186
img_04831_mirrored.jpg,0.1820999979972839
img_06884_mirrored.jpg,0.1512999981641769
img_06684.jpg,-0.0471000000834465
img_11425_mirrored.jpg,-0.1403000056743621
img_14927_mirrored.jpg,-0.0
img_01385_mirrored.jpg,0.3142000138759613
img_10211.jpg,-0.1089000031352043
img_06676.jpg,-0.0423999987542629
img_07162_mirrored.jpg,0.0423999987542629
img_13894.jpg,-0.070200003683567
img_10597_mirrored.jpg,0.0141000002622604
img_02905.jpg,-0.1926999986171722
img_06445_mirrored.jpg,0.2440000027418136
img_00421_mirrored.jpg,0.3142000138759613
img_04812_mirrored.jpg,0.0403000004589557
img_06834.jpg,-0.1508000046014785
img_10785_mirrored.jpg,0.2833000123500824
img_10535.jpg,0.0456000007688999
img_05956_mirrored.jpg,0.2707000076770782
img_01542_mirrored.jpg,-0.1079000011086463
img_03753.jpg,-0.0821999981999397
img_10432.jpg,-0.0041999998502433
img_03549.jpg,0.1370999962091446
img_06985.jpg,-0.0864000022411346
img_08967.jpg,0.0126000000163912
img_15046.jpg,0.5235999822616577
img_14160.jpg,-0.0287999995052814
img_10348.jpg,-0.3142000138759613
img_08631_mirrored.jpg,0.060199998319149
img_02623_mirrored.jpg,-0.2581000030040741
img_06892_mirrored.jpg,0.3142000138759613
img_07952_mirrored.jpg,0.277999997138977
img_01654.jpg,-0.0219999998807907
img_00977_mirrored.jpg,0.0313999988138675
img_14164.jpg,-0.0156999994069337
img_04076_mirrored.jpg,-0.0952999964356422
img_01585.jpg,-0.1046999990940094
img_09106.jpg,-0.0414000004529953
img_04912_mirrored.jpg,0.3142000138759613
img_01175_mirrored.jpg,0.0419000014662742
img_07448_mirrored.jpg,0.3142000138759613
img_13997_mirrored.jpg,0.1367000043392181
img_14997_mirrored.jpg,-0.5235999822616577
img_03115.jpg,-0.0037000000011175
img_05139_mirrored.jpg,0.0037000000011175
img_00905.jpg,-0.3142000138759613
img_11756.jpg,-0.1449999958276748
img_09442.jpg,-0.0198999997228384
img_10016.jpg,-0.0031000000890344
img_00407.jpg,-0.1105000004172325
img_08231.jpg,0.0272000003606081
img_09593.jpg,-0.0141000002622604
img_04713.jpg,-0.0606999993324279
img_14607.jpg,0.0194000005722045
img_02976.jpg,0.0126000000163912
img_07470_mirrored.jpg,0.0529000014066696
img_09655_mirrored.jpg,0.0093999998643994
img_06109_mirrored.jpg,0.0031000000890344
img_00267_mirrored.jpg,-0.0623000003397464
img_11575_mirrored.jpg,0.0372000001370906
img_13022.jpg,-0.1601999998092651
img_06188.jpg,-0.0283000003546476
img_13017.jpg,-0.1403000056743621
img_05502.jpg,-0.3142000138759613
img_00503_mirrored.jpg,0.0763999968767166
img_04581_mirrored.jpg,0.006800000090152
img_04409_mirrored.jpg,0.3142000138759613
img_14875.jpg,-0.5235999822616577
img_14363_mirrored.jpg,0.1052000001072883
img_12912_mirrored.jpg,0.0544999986886978
img_11114.jpg,0.1000000014901161
img_00991_mirrored.jpg,0.1324999928474426
img_01678.jpg,-0.0120000001043081
img_08680_mirrored.jpg,0.0147000001743435
img_03392.jpg,-0.1105000004172325
img_03381.jpg,-0.3142000138759613
img_14474_mirrored.jpg,0.1456000059843063
img_14897.jpg,-0.5235999822616577
img_10074_mirrored.jpg,0.0414000004529953
img_10011_mirrored.jpg,0.0037000000011175
img_02215.jpg,0.198400005698204
img_11354_mirrored.jpg,-0.0885000005364418
img_11951.jpg,-0.0324999988079071
img_12825_mirrored.jpg,0.0031000000890344
img_06816_mirrored.jpg,0.1748999953269958
img_07557.jpg,-0.0979000031948089
img_11932_mirrored.jpg,0.0272000003606081
img_11047_mirrored.jpg,0.0826999992132186
img_14814.jpg,-0.5235999822616577
img_03043.jpg,-0.1015999987721443
img_09591.jpg,-0.0173000004142522
img_11718_mirrored.jpg,0.3142000138759613
img_06849_mirrored.jpg,0.0408000014722347
img_13186_mirrored.jpg,-0.0037000000011175
img_00966_mirrored.jpg,0.2816999852657318
img_13694_mirrored.jpg,-0.0507999993860721
img_00161.jpg,-0.0351000018417835
img_04374_mirrored.jpg,0.1423999965190887
img_11654.jpg,-0.3142000138759613
img_13272.jpg,0.1471000015735626
img_10175_mirrored.jpg,-0.1001999974250793
img_12774.jpg,0.0219999998807907
img_09300_mirrored.jpg,0.1093999966979026
img_10258.jpg,-0.1680999994277954
img_07765.jpg,-0.0471000000834465
img_09237.jpg,-0.0450000017881393
img_12459.jpg,-0.1120999976992607
img_13055_mirrored.jpg,0.2795999944210052
img_05780_mirrored.jpg,0.0696000009775161
img_14094_mirrored.jpg,0.3142000138759613
img_13649.jpg,0.0131000000983476
img_09939.jpg,0.0152000002562999
img_07685.jpg,0.1230000033974647
img_00068.jpg,0.0098999999463558
img_07124_mirrored.jpg,0.1099999994039535
img_07578.jpg,0.2460999935865402
img_07798.jpg,-0.1601999998092651
img_10959.jpg,-0.0031000000890344
img_05785.jpg,-0.1058000028133392
img_06927_mirrored.jpg,0.3142000138759613
img_14252.jpg,-0.0308999996632337
img_03389.jpg,-0.1826999932527542
img_07267.jpg,0.093199998140335
img_15021.jpg,0.0
img_07249.jpg,-0.0926999971270561
img_14428.jpg,-0.1476999968290329
img_06217_mirrored.jpg,-0.0597000010311603
img_08691_mirrored.jpg,0.0078999996185302
img_08878.jpg,-0.274399995803833
img_13796_mirrored.jpg,0.0208999998867511
img_07996.jpg,-0.0037000000011175
img_12591_mirrored.jpg,0.3142000138759613
img_14133_mirrored.jpg,0.0366999991238117
img_04685.jpg,0.0852999985218048
img_07546.jpg,0.0659999996423721
img_02958_mirrored.jpg,0.2816999852657318
img_00471_mirrored.jpg,0.3142000138759613
img_11230.jpg,-0.3142000138759613
img_07079.jpg,-0.0046999999321997
img_03863_mirrored.jpg,0.1492000073194503
img_13836_mirrored.jpg,-0.1791000068187713
img_00759.jpg,-0.093199998140335
img_06629_mirrored.jpg,-0.0408000014722347
img_01057.jpg,-0.0198999997228384
img_11343.jpg,0.1451999992132187
img_10545_mirrored.jpg,0.0304000005125999
img_11354.jpg,0.0885000005364418
img_00824.jpg,-0.1591999977827072
img_01705.jpg,0.0031000000890344
img_13113.jpg,-0.2309000045061111
img_14196.jpg,0.024100000038743
img_01273_mirrored.jpg,-0.0173000004142522
img_01161.jpg,-0.0162000004202127
img_03404_mirrored.jpg,0.3142000138759613
img_02318.jpg,-0.0524000003933906
img_05249_mirrored.jpg,0.0795999988913536
img_01355_mirrored.jpg,0.2551999986171722
img_11322.jpg,-0.0236000008881092
img_14671_mirrored.jpg,0.0031000000890344
img_01259_mirrored.jpg,0.0524000003933906
img_13585_mirrored.jpg,0.3100000023841858
img_08809.jpg,-0.3142000138759613
img_02921.jpg,-0.3142000138759613
img_07464_mirrored.jpg,0.3142000138759613
img_10660.jpg,-0.2257000058889389
img_01672_mirrored.jpg,-0.0293000005185604
img_02154_mirrored.jpg,-0.0194000005722045
img_09965_mirrored.jpg,0.0187999997287988
img_07790_mirrored.jpg,0.1565999984741211
img_00182_mirrored.jpg,-0.0187999997287988
img_08115_mirrored.jpg,0.0162000004202127
img_04655_mirrored.jpg,0.0198999997228384
img_08816.jpg,-0.3142000138759613
img_04610_mirrored.jpg,0.0873999968171119
img_02152_mirrored.jpg,0.0419000014662742
img_14871.jpg,-0.5235999822616577
img_02573_mirrored.jpg,-0.0159000009298324
img_14099_mirrored.jpg,0.3142000138759613
img_05696.jpg,-0.0173000004142522
img_15012_mirrored.jpg,-0.5235999822616577
img_10478.jpg,0.2456000000238418
img_06043_mirrored.jpg,-0.0083999997004866
img_01747_mirrored.jpg,0.0057999999262392
img_05891.jpg,-0.3142000138759613
img_05183_mirrored.jpg,-0.09009999781847
img_00873.jpg,-0.3142000138759613
img_01425.jpg,-0.2331999987363815
img_01653.jpg,-0.0283000003546476
img_03042.jpg,-0.1172999963164329
img_08057_mirrored.jpg,0.0031000000890344
img_12761.jpg,0.0324999988079071
img_13677.jpg,-0.0041999998502433
img_06517_mirrored.jpg,0.0266999993473291
img_01375_mirrored.jpg,0.1138999983668327
img_03856_mirrored.jpg,0.1476999968290329
img_04428.jpg,-0.3142000138759613
img_02177.jpg,-0.0115000000223517
img_08185_mirrored.jpg,-0.006800000090152
img_11546_mirrored.jpg,-0.006800000090152
img_05079.jpg,0.0903000012040138
img_12116_mirrored.jpg,0.2314999997615814
img_09630_mirrored.jpg,-0.1456000059843063
img_00104.jpg,-0.0010000000474974
img_09814_mirrored.jpg,0.3142000138759613
img_08070.jpg,-0.0037000000011175
img_08591_mirrored.jpg,-0.0763999968767166
img_00664_mirrored.jpg,0.0147000001743435
img_05316.jpg,0.05180000141263
img_02452.jpg,-0.3073999881744385
img_12160.jpg,-0.3142000138759613
img_07508_mirrored.jpg,-0.2962000072002411
img_08111.jpg,0.0847999975085258
img_14467_mirrored.jpg,0.3142000138759613
img_11690_mirrored.jpg,0.3142000138759613
img_03538_mirrored.jpg,0.0297999996691942
img_05250_mirrored.jpg,0.066500000655651
img_01561_mirrored.jpg,-0.0307000000029802
img_11379_mirrored.jpg,-0.1717000007629394
img_10500_mirrored.jpg,0.0156999994069337
img_12892_mirrored.jpg,0.0653999969363212
img_10330_mirrored.jpg,0.2518999874591827
img_12636.jpg,-0.3104999959468841
img_12209.jpg,-0.0285000000149011
img_03117_mirrored.jpg,0.0037000000011175
img_05574.jpg,-0.0167999994009733
img_01410.jpg,-0.3142000138759613
img_04729.jpg,0.002600000007078
img_02870.jpg,0.0308999996632337
img_04179.jpg,0.1000000014901161
img_05939.jpg,-0.2486999928951263
img_14493_mirrored.jpg,0.3142000138759613
img_09263.jpg,-0.1524000018835067
img_07376_mirrored.jpg,0.2408999949693679
img_01205_mirrored.jpg,-0.1791000068187713
img_06227_mirrored.jpg,0.0502999983727932
img_08385_mirrored.jpg,0.3142000138759613
img_10306_mirrored.jpg,0.1052000001072883
img_08996.jpg,-0.0156999994069337
img_06564_mirrored.jpg,-0.1691000014543533
img_12754.jpg,0.1125999987125396
img_03038_mirrored.jpg,0.0989999994635582
img_02070.jpg,-0.0126000000163912
img_08820.jpg,-0.3142000138759613
img_01136.jpg,-0.1099999994039535
img_08080_mirrored.jpg,0.0031000000890344
img_04876_mirrored.jpg,-0.100500002503395
img_13185.jpg,0.0098999999463558
img_09093_mirrored.jpg,0.0198999997228384
img_11828_mirrored.jpg,-0.0754000023007392
img_15155_mirrored.jpg,-0.5235999822616577
img_03896.jpg,-0.3142000138759613
img_12969.jpg,-0.032999999821186
img_07341_mirrored.jpg,0.3125999867916107
img_07673.jpg,0.0037000000011175
img_06973.jpg,-0.0872000008821487
img_13637_mirrored.jpg,0.2266999930143356
img_13544_mirrored.jpg,0.1869000047445297
img_10063.jpg,-0.0167999994009733
img_04107.jpg,0.0083999997004866
img_06933_mirrored.jpg,0.2492000013589859
img_12284.jpg,0.2125999927520752
img_00559_mirrored.jpg,-0.1811999976634979
img_10301.jpg,-0.1932000070810318
img_05284_mirrored.jpg,-0.0052000000141561
img_07712.jpg,-0.0052000000141561
img_10514_mirrored.jpg,-0.1130999997258186
img_03259.jpg,-0.033500000834465
img_02350_mirrored.jpg,0.1601999998092651
img_10021_mirrored.jpg,0.0031000000890344
img_06176_mirrored.jpg,0.0141000002622604
img_01977_mirrored.jpg,0.2811999917030334
img_13579_mirrored.jpg,0.2196000069379806
img_13380_mirrored.jpg,-0.1194000020623207
img_12356.jpg,0.1115000024437904
img_09684_mirrored.jpg,0.1058000028133392
img_14067_mirrored.jpg,0.2587000131607055
img_03502.jpg,-0.3142000138759613
img_12279.jpg,0.2644000053405761
img_09619_mirrored.jpg,-0.0046999999321997
img_06160_mirrored.jpg,-0.1141000017523765
img_13421.jpg,-0.0208999998867511
img_08414.jpg,-0.3142000138759613
img_01771.jpg,-0.1015999987721443
img_06401.jpg,-0.274399995803833
img_05979.jpg,-0.3142000138759613
img_03707.jpg,-0.0592000000178813
img_09423.jpg,0.0167999994009733
img_06417_mirrored.jpg,0.1439999938011169
img_05834.jpg,-0.1435000002384185
img_03331.jpg,-0.048200000077486
img_00966.jpg,-0.2816999852657318
img_03094_mirrored.jpg,-0.0245999991893768
img_04614_mirrored.jpg,-0.0538000017404556
img_03548_mirrored.jpg,-0.091899998486042
img_14202_mirrored.jpg,-0.1834000051021576
img_06959_mirrored.jpg,0.2931999862194061
img_02873_mirrored.jpg,0.0120000001043081
img_12228_mirrored.jpg,0.3142000138759613
img_05698_mirrored.jpg,0.0293000005185604
img_13281.jpg,0.2518999874591827
img_13482_mirrored.jpg,0.1873999983072281
img_06627.jpg,-0.0023000000510364
img_07625.jpg,0.0198999997228384
img_08369_mirrored.jpg,0.1052000001072883
img_04103.jpg,0.0198999997228384
img_07424_mirrored.jpg,0.2303999960422516
img_02184.jpg,-0.0414000004529953
img_12187.jpg,-0.3142000138759613
img_07693.jpg,-0.202000007033348
img_11671_mirrored.jpg,0.1722999960184097
img_12448.jpg,-0.0476000010967254
img_03963_mirrored.jpg,0.3109999895095825
img_00556_mirrored.jpg,-0.1490000039339065
img_02884_mirrored.jpg,0.2102999985218048
img_10974.jpg,-0.1146999970078468
img_01316_mirrored.jpg,0.1041999980807304
img_01675.jpg,-0.013600000180304
img_11779.jpg,0.0266999993473291
img_04697.jpg,-0.0162000004202127
img_00592_mirrored.jpg,-0.1220000013709068
img_03905_mirrored.jpg,0.3142000138759613
img_08309.jpg,-0.2915000021457672
img_10533_mirrored.jpg,-0.0859000012278556
img_08294.jpg,-0.1550000011920929
img_07454.jpg,-0.3142000138759613
img_12850.jpg,0.0659999996423721
img_01693_mirrored.jpg,0.0502999983727932
img_03972_mirrored.jpg,0.1439999938011169
img_15123.jpg,0.5235999822616577
img_09962_mirrored.jpg,0.0236000008881092
img_11870.jpg,-0.0037000000011175
img_13372_mirrored.jpg,-0.0564999990165233
img_11605_mirrored.jpg,0.1345999985933303
img_01393.jpg,-0.2587000131607055
img_04467.jpg,-0.2669999897480011
img_03648.jpg,0.0262000001966953
img_02559.jpg,-0.0215000007301569
img_10130_mirrored.jpg,0.0063000000081956
img_01783.jpg,-0.0308999996632337
img_03594_mirrored.jpg,0.033500000834465
img_08830_mirrored.jpg,0.1429000049829483
img_02853.jpg,-0.1120999976992607
img_02852.jpg,-0.1240999996662139
img_06248.jpg,-0.0513000003993511
img_08054_mirrored.jpg,0.0037000000011175
img_03858.jpg,-0.1130999997258186
img_13233_mirrored.jpg,0.0078999996185302
img_06186_mirrored.jpg,0.0403000004589557
img_15161_mirrored.jpg,-0.0
img_00921.jpg,-0.2392999976873397
img_06979.jpg,-0.2702000141143799
img_04444.jpg,-0.1240999996662139
img_07452_mirrored.jpg,0.3142000138759613
img_04307_mirrored.jpg,-0.0881000012159347
img_06797_mirrored.jpg,0.218299999833107
img_06280.jpg,0.0194000005722045
img_08038_mirrored.jpg,-0.0173000004142522
img_08038.jpg,0.0173000004142522
img_14456_mirrored.jpg,0.3142000138759613
img_06808_mirrored.jpg,0.1419000029563903
img_13312.jpg,0.2067999988794326
img_03002.jpg,-0.0641999989748001
img_00817_mirrored.jpg,0.1744000017642974
img_09689_mirrored.jpg,0.0592000000178813
img_09135_mirrored.jpg,-0.2089000046253204
img_09075_mirrored.jpg,0.0419000014662742
img_01325_mirrored.jpg,0.146599993109703
img_02724.jpg,0.065700002014637
img_12675_mirrored.jpg,0.1613000035285949
img_00924.jpg,-0.2105000019073486
img_11327.jpg,-0.0885000005364418
img_10782_mirrored.jpg,0.3142000138759613
img_12857_mirrored.jpg,-0.0428999997675418
img_05608.jpg,0.0272000003606081
img_11385.jpg,-0.0716999992728233
img_05608_mirrored.jpg,-0.0272000003606081
img_07065.jpg,0.018300000578165
img_01789.jpg,-0.0408000014722347
img_03862.jpg,-0.1429000049829483
img_13696.jpg,-0.0187999997287988
img_03031_mirrored.jpg,0.0098999999463558
img_01874.jpg,-0.2939999997615814
img_09538.jpg,0.1435000002384185
img_06902.jpg,-0.3010999858379364
img_06723.jpg,-0.1182999983429908
img_13980.jpg,-0.1974000036716461
img_05228_mirrored.jpg,-0.047699999064207
img_02002.jpg,-0.1643999963998794
img_03368_mirrored.jpg,0.1387999951839447
img_06807.jpg,-0.1397999972105026
img_05822.jpg,-0.2194000035524368
img_06525.jpg,0.064300000667572
img_03067_mirrored.jpg,-0.1026000007987022
img_01521_mirrored.jpg,0.0230000000447034
img_00375_mirrored.jpg,0.3142000138759613
img_02078.jpg,0.0236000008881092
img_08036_mirrored.jpg,-0.0198999997228384
img_06428_mirrored.jpg,0.2926999926567077
img_12762_mirrored.jpg,0.0194000005722045
img_06910_mirrored.jpg,0.3142000138759613
img_01541_mirrored.jpg,-0.1356000006198883
img_02873.jpg,-0.0120000001043081
img_09102_mirrored.jpg,0.0272000003606081
img_02484.jpg,-0.3142000138759613
img_05554_mirrored.jpg,-0.2727000117301941
img_08500.jpg,-0.0120000001043081
img_09261.jpg,-0.1482000052928924
img_04833.jpg,-0.2080000042915344
img_08601_mirrored.jpg,-0.0592000000178813
img_02767_mirrored.jpg,-0.0037000000011175
img_10724_mirrored.jpg,0.3142000138759613
img_13272_mirrored.jpg,-0.1471000015735626
img_04371_mirrored.jpg,0.1800999939441681
img_09679.jpg,-0.0639000013470649
img_12026.jpg,-0.0564999990165233
img_02444_mirrored.jpg,0.3142000138759613
img_14272.jpg,0.0198999997228384
img_09370.jpg,-0.2178000062704086
img_00823_mirrored.jpg,0.1680999994277954
img_13700.jpg,-0.0297999996691942
img_06915_mirrored.jpg,0.2664999961853027
img_12698.jpg,-0.2031999975442886
img_15173.jpg,0.5235999822616577
img_11441_mirrored.jpg,-0.1685999929904937
img_00059.jpg,0.032999999821186
img_15084.jpg,0.5235999822616577
img_00484_mirrored.jpg,0.0869000032544136
img_01758.jpg,0.0147000001743435
img_11283.jpg,-0.3142000138759613
img_09240_mirrored.jpg,0.0728000029921531
img_07207.jpg,-0.0194000005722045
img_10798.jpg,-0.0754000023007392
img_00031.jpg,0.063400000333786
img_00462_mirrored.jpg,0.3142000138759613
img_14773_mirrored.jpg,0.5235999822616577
img_11556_mirrored.jpg,0.0502999983727932
img_08363_mirrored.jpg,0.2418999969959259
img_04994.jpg,-0.0520999990403652
img_00737_mirrored.jpg,0.0078999996185302
img_08152.jpg,0.0299999993294477
img_14535_mirrored.jpg,0.0564999990165233
img_04111.jpg,-0.006800000090152
img_05053.jpg,-0.120399996638298
img_08943.jpg,-0.006800000090152
img_03363_mirrored.jpg,0.1560000032186508
img_03063.jpg,0.024100000038743
img_12088_mirrored.jpg,0.1471000015735626
img_02042.jpg,0.0041999998502433
img_14431.jpg,-0.1587000042200088
img_07977.jpg,-0.0372000001370906
img_10769.jpg,-0.3142000138759613
img_07746.jpg,-0.033500000834465
img_06069_mirrored.jpg,0.0225000008940696
img_09551.jpg,0.0267999991774559
img_10934.jpg,-0.002600000007078
img_00157_mirrored.jpg,0.0173000004142522
img_02703.jpg,-0.0597000010311603
img_01124_mirrored.jpg,0.0104999998584389
img_00185_mirrored.jpg,-0.0571000017225742
img_09959.jpg,-0.0198999997228384
img_02945_mirrored.jpg,0.2392999976873397
img_00322.jpg,-0.1492000073194503
img_06296.jpg,-0.0575999990105629
img_10885.jpg,0.0685999989509582
img_14312.jpg,0.1439999938011169
img_09297.jpg,-0.1084000021219253
img_02936.jpg,-0.3142000138759613
img_07148_mirrored.jpg,0.0152000002562999
img_09147.jpg,-0.1015999987721443
img_08177_mirrored.jpg,0.0419000014662742
img_12672.jpg,0.0120000001043081
img_08724_mirrored.jpg,0.0366999991238117
img_03351.jpg,-0.1591999977827072
img_02046.jpg,-0.0073000001721084
img_10611_mirrored.jpg,-0.0063000000081956
img_04104_mirrored.jpg,-0.0194000005722045
img_06362.jpg,-0.3142000138759613
img_00195_mirrored.jpg,-0.1601999998092651
img_00490.jpg,0.0162000004202127
img_11433.jpg,-0.0219999998807907
img_12928.jpg,0.008899999782443
img_07046.jpg,-0.0230000000447034
img_06925.jpg,-0.3142000138759613
img_11659_mirrored.jpg,0.3142000138759613
img_02517_mirrored.jpg,-0.0120000001043081
img_09694_mirrored.jpg,0.0308999996632337
img_00363.jpg,-0.0890000015497207
img_14117_mirrored.jpg,-0.0272000003606081
img_05817.jpg,-0.157600000500679
img_01328_mirrored.jpg,0.1597000062465667
img_04429_mirrored.jpg,0.3142000138759613
img_07621.jpg,-0.0266999993473291
img_14740_mirrored.jpg,0.0293000005185604
img_08207.jpg,-0.0208999998867511
img_14410_mirrored.jpg,0.1482000052928924
img_05634.jpg,0.0916000008583068
img_10665.jpg,-0.1597000062465667
img_05248.jpg,-0.0873999968171119
img_11795.jpg,-0.0715000033378601
img_03594.jpg,-0.033500000834465
img_13801_mirrored.jpg,0.0115000000223517
img_05528_mirrored.jpg,0.0194000005722045
img_10733.jpg,-0.2737999856472015
img_05326_mirrored.jpg,0.1000000014901161
img_06056.jpg,0.0890000015497207
img_07913.jpg,-0.1020999997854232
img_06337.jpg,-0.1497000008821487
img_09287.jpg,-0.3115000128746032
img_10124.jpg,0.0057999999262392
img_14576_mirrored.jpg,0.0780000016093254
img_03827.jpg,-0.2120999991893768
img_00708_mirrored.jpg,-0.0995000004768371
img_11491_mirrored.jpg,0.0397999994456768
img_02158_mirrored.jpg,-0.062899999320507
img_14005.jpg,-0.1914999932050705
img_10465_mirrored.jpg,-0.1535000056028366
img_02167.jpg,-0.0173000004142522
img_05501.jpg,-0.3142000138759613
img_05494_mirrored.jpg,0.3142000138759613
img_14600_mirrored.jpg,0.1099999994039535
img_14495_mirrored.jpg,0.2533999979496002
img_09923.jpg,-0.0141000002622604
img_09340_mirrored.jpg,0.1360999941825866
img_02687.jpg,-0.0173000004142522
img_00056_mirrored.jpg,-0.0266999993473291
img_00962_mirrored.jpg,0.3142000138759613
img_02517.jpg,0.0120000001043081
img_06019.jpg,-0.0093999998643994
img_02599_mirrored.jpg,0.0821999981999397
img_09114.jpg,-0.0408000014722347
img_08683_mirrored.jpg,0.0052000000141561
img_08478.jpg,0.2349999994039535
img_04562.jpg,0.210999995470047
img_04853_mirrored.jpg,0.1732999980449676
img_04144.jpg,-0.0031000000890344
img_01297_mirrored.jpg,0.0989999994635582
img_10169_mirrored.jpg,-0.0204000007361173
img_07006_mirrored.jpg,0.0843999981880188
img_03839_mirrored.jpg,0.1439999938011169
img_05910_mirrored.jpg,0.1904000043869018
img_11399_mirrored.jpg,-0.1310999989509582
img_07684.jpg,0.1387999951839447
img_01218_mirrored.jpg,0.0639000013470649
img_03109.jpg,-0.006800000090152
img_00609_mirrored.jpg,-0.1225000023841857
img_05856_mirrored.jpg,0.150299996137619
img_09948_mirrored.jpg,-0.0386999994516372
img_15149.jpg,0.5235999822616577
img_04146_mirrored.jpg,0.0031000000890344
img_08024_mirrored.jpg,-0.0078999996185302
img_13870_mirrored.jpg,0.0293000005185604
img_02620_mirrored.jpg,-0.2321999967098236
img_08729.jpg,-0.0346000008285045
img_01239_mirrored.jpg,0.0476000010967254
img_14223_mirrored.jpg,-0.1099999994039535
img_10381.jpg,0.0208999998867511
img_00499.jpg,-0.0714000016450882
img_00589.jpg,0.1445000022649765
img_12798.jpg,-0.0041999998502433
img_02985.jpg,-0.3142000138759613
img_04094.jpg,0.0225000008940696
img_14768.jpg,-0.5235999822616577
img_09727_mirrored.jpg,0.1407999992370605
img_06584_mirrored.jpg,0.0340000018477439
img_05720.jpg,0.0037000000011175
img_06005_mirrored.jpg,0.1962999999523162
img_10849.jpg,0.0162000004202127
img_08075_mirrored.jpg,0.0031000000890344
img_11675_mirrored.jpg,0.1476999968290329
img_15076_mirrored.jpg,-0.5235999822616577
img_01260_mirrored.jpg,0.0644000023603439
img_00299.jpg,-0.0496999993920326
img_14257.jpg,0.0167999994009733
img_06545.jpg,-0.0266999993473291
img_05187.jpg,0.0905999988317489
img_02405_mirrored.jpg,0.2592000067234039
img_02184_mirrored.jpg,0.0414000004529953
img_13062.jpg,-0.1084000021219253
img_14614.jpg,-0.006800000090152
img_09956_mirrored.jpg,-0.0838000029325485
img_07775.jpg,-0.2105000019073486
img_13250.jpg,-0.0324999988079071
img_12608_mirrored.jpg,0.146599993109703
img_04266.jpg,-0.0450000017881393
img_06357_mirrored.jpg,0.2329999953508377
img_07064_mirrored.jpg,-0.0198999997228384
img_04635_mirrored.jpg,-0.2178000062704086
img_05822_mirrored.jpg,0.2194000035524368
img_04945.jpg,-0.2610000073909759
img_04552_mirrored.jpg,-0.0780000016093254
img_00753_mirrored.jpg,0.024100000038743
img_10969_mirrored.jpg,0.0606999993324279
img_02255_mirrored.jpg,0.0502999983727932
img_00042_mirrored.jpg,0.013600000180304
img_03787_mirrored.jpg,0.0842999964952468
img_05560_mirrored.jpg,-0.1722999960184097
img_06870.jpg,-0.3142000138759613
img_07589.jpg,0.1215000003576278
img_06424.jpg,-0.1680999994277954
img_01359.jpg,-0.3142000138759613
img_14792.jpg,-0.5235999822616577
img_00538_mirrored.jpg,0.0277999993413686
img_07272_mirrored.jpg,0.0639000013470649
img_14374_mirrored.jpg,0.0351000018417835
img_02125_mirrored.jpg,0.0031000000890344
img_07258.jpg,0.0293000005185604
img_08524.jpg,-0.1032999977469444
img_08992.jpg,-0.0236000008881092
img_02296_mirrored.jpg,-0.1026000007987022
img_04833_mirrored.jpg,0.2080000042915344
img_04967.jpg,-0.3142000138759613
img_03482_mirrored.jpg,0.3142000138759613
img_06893_mirrored.jpg,0.3142000138759613
img_10988_mirrored.jpg,-0.1052000001072883
img_09347_mirrored.jpg,0.201100006699562
img_12741_mirrored.jpg,-0.0109999999403953
img_08007.jpg,0.0922000035643577
img_01584_mirrored.jpg,0.1272000074386596
img_13465.jpg,-0.1811999976634979
img_10677_mirrored.jpg,0.1732999980449676
img_10569.jpg,0.0296000000089406
img_06623.jpg,-0.0266999993473291
img_00518.jpg,0.0785000026226043
img_14972_mirrored.jpg,-0.5235999822616577
img_03432_mirrored.jpg,0.2178000062704086
img_13662.jpg,-0.1084000021219253
img_01012.jpg,-0.0516000017523765
img_10798_mirrored.jpg,0.0754000023007392
img_08286_mirrored.jpg,0.1512999981641769
img_01593_mirrored.jpg,-0.1290999948978424
img_02114.jpg,-0.0037000000011175
img_05350_mirrored.jpg,0.1262000054121017
img_06997_mirrored.jpg,0.0073000001721084
img_02700_mirrored.jpg,0.0544999986886978
img_00348.jpg,-0.3142000138759613
img_11102_mirrored.jpg,0.0366999991238117
img_06905_mirrored.jpg,0.3142000138759613
img_06130_mirrored.jpg,0.0031000000890344
img_05299_mirrored.jpg,0.0812000036239624
img_05915.jpg,-0.3142000138759613
img_00301_mirrored.jpg,0.067500002682209
img_08437_mirrored.jpg,0.3088999986648559
img_05499_mirrored.jpg,0.3142000138759613
img_10374.jpg,-0.1120999976992607
img_11665_mirrored.jpg,0.3142000138759613
img_14126_mirrored.jpg,0.0775000005960464
img_03638.jpg,0.1177999973297119
img_01223_mirrored.jpg,0.018300000578165
img_09578_mirrored.jpg,-0.0948000028729438
img_14866.jpg,-0.5235999822616577
img_05911_mirrored.jpg,0.2115000039339065
img_12903_mirrored.jpg,-0.201100006699562
img_07842_mirrored.jpg,0.3142000138759613
img_14545.jpg,-0.1974000036716461
img_01847_mirrored.jpg,0.1512999981641769
img_11561_mirrored.jpg,0.1079000011086463
img_15152.jpg,0.5235999822616577
img_03264.jpg,-0.0507999993860721
img_06399_mirrored.jpg,0.2266999930143356
img_00433.jpg,-0.25450000166893
img_06151.jpg,-0.0434999987483024
img_04822.jpg,-0.024100000038743
img_13697.jpg,-0.0219999998807907
img_10192.jpg,-0.1036999970674514
img_14040_mirrored.jpg,0.1550000011920929
img_10503_mirrored.jpg,-0.0732000023126602
img_00570_mirrored.jpg,0.1240999996662139
img_12976_mirrored.jpg,-0.0821999981999397
img_15042.jpg,0.5235999822616577
img_02707_mirrored.jpg,0.0423999987542629
img_12582.jpg,-0.1921000033617019
img_12221_mirrored.jpg,0.3142000138759613
img_09668.jpg,0.0078999996185302
img_01558_mirrored.jpg,0.0063000000081956
img_11572.jpg,-0.0308999996632337
img_15006.jpg,0.5235999822616577
img_05564_mirrored.jpg,-0.0476000010967254
img_08311_mirrored.jpg,0.3142000138759613
img_00692.jpg,0.0052000000141561
img_00101_mirrored.jpg,0.0010000000474974
img_06655.jpg,0.094200000166893
img_04100.jpg,0.0230000000447034
img_13058.jpg,-0.2083999961614608
img_08406_mirrored.jpg,0.0450000017881393
img_03528.jpg,-0.0529000014066696
img_11509_mirrored.jpg,-0.1348000019788742
img_08072_mirrored.jpg,0.0031000000890344
img_04281_mirrored.jpg,-0.0052000000141561
img_10501.jpg,0.0098999999463558
img_03437.jpg,-0.131400004029274
img_12749_mirrored.jpg,-0.0131000000983476
img_05795_mirrored.jpg,0.0304000005125999
img_04629_mirrored.jpg,-0.1861999928951263
img_01149.jpg,0.1125999987125396
img_07851_mirrored.jpg,0.2450000047683715
img_06389_mirrored.jpg,0.3142000138759613
img_07118_mirrored.jpg,0.0581000000238418
img_07703.jpg,-0.0428999997675418
img_07296_mirrored.jpg,0.096900001168251
img_04234.jpg,0.146599993109703
img_10559_mirrored.jpg,0.0120000001043081
img_10927_mirrored.jpg,0.008899999782443
img_14867_mirrored.jpg,0.5235999822616577
img_01396.jpg,-0.2418999969959259
img_08638_mirrored.jpg,0.0194000005722045
img_04661_mirrored.jpg,-0.1072999984025955
img_06730.jpg,-0.0152000002562999
img_07731_mirrored.jpg,0.0361000001430511
img_12994.jpg,-0.1010999977588653
img_01529_mirrored.jpg,-0.0724999979138374
img_12164_mirrored.jpg,0.3142000138759613
img_01581.jpg,-0.130400002002716
img_11722_mirrored.jpg,0.2754000127315521
img_09036.jpg,-0.0031000000890344
img_13827.jpg,-0.0524000003933906
img_08004_mirrored.jpg,-0.034800000488758
img_02005_mirrored.jpg,0.0763999968767166
img_08045_mirrored.jpg,0.006800000090152
img_02208_mirrored.jpg,-0.0771000012755394
img_03019.jpg,-0.0423999987542629
img_06201_mirrored.jpg,0.0361000001430511
img_08449.jpg,0.0162000004202127
img_09599.jpg,-0.0397999994456768
img_00175_mirrored.jpg,0.0775000005960464
img_00279.jpg,-0.0538999997079372
img_01710_mirrored.jpg,-0.0597000010311603
img_15014.jpg,0.5235999822616577
img_14620_mirrored.jpg,-0.0560000017285347
img_05322_mirrored.jpg,0.0869000032544136
img_02071.jpg,-0.0098999999463558
img_05620_mirrored.jpg,-0.1194000020623207
img_10668_mirrored.jpg,0.1340000033378601
img_07303.jpg,-0.1308999955654144
img_05540.jpg,-0.0304000005125999
img_12981.jpg,0.0732999965548515
img_10807_mirrored.jpg,0.0847999975085258
img_01876_mirrored.jpg,0.3142000138759613
img_14815_mirrored.jpg,0.5235999822616577
img_14625.jpg,0.1177999973297119
img_08951_mirrored.jpg,0.050000000745058
img_02342_mirrored.jpg,0.1571000069379806
img_05443.jpg,-0.1079000011086463
img_03285.jpg,-0.0833000019192695
img_05240_mirrored.jpg,-0.0890000015497207
img_08069_mirrored.jpg,0.0037000000011175
img_04751.jpg,-0.2000000029802322
img_07805_mirrored.jpg,0.1334999948740005
img_13809_mirrored.jpg,0.0386999994516372
img_12280_mirrored.jpg,-0.2942999899387359
img_09526.jpg,0.257099986076355
img_01438.jpg,-0.3142000138759613
img_11776_mirrored.jpg,0.0706999972462654
img_03449.jpg,-0.3142000138759613
img_05836_mirrored.jpg,0.1449999958276748
img_00102_mirrored.jpg,0.0010000000474974
img_07826_mirrored.jpg,0.0728000029921531
img_10291_mirrored.jpg,0.3142000138759613
img_04839.jpg,-0.1627999991178512
img_09136.jpg,0.201100006699562
img_13475_mirrored.jpg,0.1419000029563903
img_08626_mirrored.jpg,0.0423999987542629
img_14817_mirrored.jpg,0.5235999822616577
img_01141_mirrored.jpg,0.0266999993473291
img_08148_mirrored.jpg,0.0690999999642372
img_11971_mirrored.jpg,-0.1808000057935714
img_08697.jpg,0.0141000002622604
img_11088.jpg,-0.0236000008881092
img_05802_mirrored.jpg,0.0419000014662742
img_08757.jpg,-0.1387999951839447
img_11607_mirrored.jpg,0.1387999951839447
img_04227_mirrored.jpg,-0.1497000008821487
img_04223_mirrored.jpg,-0.0469000004231929
img_01842.jpg,-0.1298999935388565
img_12171_mirrored.jpg,0.1691000014543533
img_13588.jpg,-0.2754000127315521
img_05735_mirrored.jpg,0.0496999993920326
img_10947.jpg,-0.0037000000011175
img_04490.jpg,-0.3142000138759613
img_10057.jpg,0.0397999994456768
img_08611_mirrored.jpg,-0.0859000012278556
img_03335_mirrored.jpg,0.0879999995231628
img_03751_mirrored.jpg,0.1393000036478042
img_15058_mirrored.jpg,-0.5235999822616577
img_06092_mirrored.jpg,0.0041999998502433
img_01409.jpg,-0.3142000138759613
img_04179_mirrored.jpg,-0.1000000014901161
img_14050_mirrored.jpg,0.2827000021934509
img_10173_mirrored.jpg,-0.0754000023007392
img_03323_mirrored.jpg,0.0952999964356422
img_11943_mirrored.jpg,0.0377999991178512
img_03600_mirrored.jpg,0.1156999990344047
img_04263_mirrored.jpg,0.0272000003606081
img_14974_mirrored.jpg,-0.5235999822616577
img_02762_mirrored.jpg,0.0073000001721084
img_06437.jpg,-0.3142000138759613
img_01488.jpg,-0.3142000138759613
img_05593_mirrored.jpg,-0.0690999999642372
img_00019_mirrored.jpg,-0.0262000001966953
img_06116.jpg,-0.0037000000011175
img_10475_mirrored.jpg,-0.1534000039100647
img_04845_mirrored.jpg,0.1423999965190887
img_14954_mirrored.jpg,-0.0
img_11208.jpg,-0.3142000138759613
img_08325_mirrored.jpg,0.0916000008583068
img_05423_mirrored.jpg,0.2418999969959259
img_10194_mirrored.jpg,0.094200000166893
img_03279_mirrored.jpg,0.0120000001043081
img_10305.jpg,-0.1020999997854232
img_10641_mirrored.jpg,0.0392999984323978
img_04902_mirrored.jpg,0.3142000138759613
img_00124_mirrored.jpg,0.1031000018119812
img_01127_mirrored.jpg,0.0423999987542629
img_12205_mirrored.jpg,0.0890000015497207
img_14412_mirrored.jpg,0.1691000014543533
img_03730_mirrored.jpg,-0.0659999996423721
img_09507_mirrored.jpg,0.0236000008881092
img_03359.jpg,-0.1597000062465667
img_13764_mirrored.jpg,0.0115000000223517
img_12406_mirrored.jpg,0.0204000007361173
img_07168.jpg,-0.0597000010311603
img_08668_mirrored.jpg,0.2414000034332275
img_01118_mirrored.jpg,0.0031000000890344
img_07315_mirrored.jpg,0.1476999968290329
img_02322.jpg,-0.0581000000238418
img_02300.jpg,-0.0452999994158744
img_04431.jpg,-0.3142000138759613
img_02270_mirrored.jpg,0.0386999994516372
img_09128.jpg,0.0551000013947486
img_12927.jpg,0.0063000000081956
img_06885_mirrored.jpg,0.1627999991178512
img_00972.jpg,-0.120399996638298
img_00476_mirrored.jpg,0.3142000138759613
img_15094.jpg,0.5235999822616577
img_06990_mirrored.jpg,-0.0313999988138675
img_00284_mirrored.jpg,0.0800999999046325
img_04617_mirrored.jpg,-0.168500006198883
img_12941.jpg,-0.0507999993860721
img_07970_mirrored.jpg,0.006800000090152
img_00064_mirrored.jpg,-0.0297999996691942
img_07111_mirrored.jpg,0.0052000000141561
img_09771.jpg,-0.0461000017821788
img_01477_mirrored.jpg,0.3142000138759613
img_09954.jpg,0.1172999963164329
img_05982.jpg,-0.2958000004291534
img_14802.jpg,-0.5235999822616577
img_14506_mirrored.jpg,0.2770000100135803
img_09439.jpg,-0.033500000834465
img_07222.jpg,-0.0434999987483024
img_10964_mirrored.jpg,0.0194000005722045
img_11285_mirrored.jpg,0.3142000138759613
img_00398.jpg,-0.3142000138759613
img_05517.jpg,-0.0706999972462654
img_13590.jpg,-0.2565999925136566
img_05823.jpg,-0.2079000025987625
img_03876.jpg,0.018300000578165
img_09165_mirrored.jpg,0.0215000007301569
img_14053.jpg,-0.3142000138759613
img_09271_mirrored.jpg,0.1738000065088272
img_07995.jpg,0.0041999998502433
img_12622_mirrored.jpg,0.3142000138759613
img_05401.jpg,-0.1015999987721443
img_09966_mirrored.jpg,0.0152000002562999
img_03835_mirrored.jpg,0.1471000015735626
img_10721.jpg,-0.3142000138759613
img_11407.jpg,0.1225000023841857
img_04859_mirrored.jpg,0.1712000072002411
img_14460.jpg,-0.3142000138759613
img_07013_mirrored.jpg,0.0592000000178813
img_06613_mirrored.jpg,-0.1136000007390976
img_09451.jpg,0.1816000044345855
img_06434.jpg,-0.3142000138759613
img_04047_mirrored.jpg,0.1220000013709068
img_07223_mirrored.jpg,0.0471000000834465
img_05290_mirrored.jpg,0.0533999986946582
img_00235.jpg,-0.05180000141263
img_05649_mirrored.jpg,0.0147000001743435
img_11481_mirrored.jpg,0.033500000834465
img_14287_mirrored.jpg,0.0592000000178813
img_06004.jpg,-0.2257000058889389
img_11186_mirrored.jpg,0.3142000138759613
img_15051.jpg,0.0
img_00694_mirrored.jpg,-0.002600000007078
img_10494_mirrored.jpg,-0.1041999980807304
img_13979.jpg,-0.1833000034093856
img_14250.jpg,0.0723000019788742
img_10355_mirrored.jpg,0.3142000138759613
img_07916.jpg,-0.0847999975085258
img_13299.jpg,0.0283000003546476
img_03111.jpg,-0.0063000000081956
img_05288.jpg,-0.0230000000447034
img_15088_mirrored.jpg,-0.5235999822616577
img_06075_mirrored.jpg,-0.0093999998643994
img_11524_mirrored.jpg,0.2093999981880188
img_04911_mirrored.jpg,0.3142000138759613
img_00943.jpg,-0.1272000074386596
img_10238_mirrored.jpg,0.1387999951839447
img_09946.jpg,0.0109999999403953
img_13835.jpg,0.1591999977827072
img_08443_mirrored.jpg,0.0496999993920326
img_02033.jpg,-0.0612999983131885
img_01807.jpg,-0.1900999993085861
img_10949.jpg,-0.0037000000011175
img_15107.jpg,0.5235999822616577
img_11905_mirrored.jpg,0.0617999993264675
img_03414_mirrored.jpg,0.2508000135421753
img_00297_mirrored.jpg,0.0461000017821788
img_11114_mirrored.jpg,-0.1000000014901161
img_12835.jpg,-0.0612999983131885
img_10012_mirrored.jpg,0.0037000000011175
img_14821_mirrored.jpg,0.5235999822616577
img_14436.jpg,0.0445000007748603
img_13435_mirrored.jpg,0.0403000004589557
img_04907_mirrored.jpg,0.3142000138759613
img_01888_mirrored.jpg,0.3142000138759613
img_00765_mirrored.jpg,0.0728000029921531
img_13443.jpg,-0.0397999994456768
img_12957_mirrored.jpg,0.0465999990701675
img_03050_mirrored.jpg,-0.0167999994009733
img_00539.jpg,-0.0266999993473291
img_01111.jpg,-0.0031000000890344
img_01895.jpg,-0.1445000022649765
img_11561.jpg,-0.1079000011086463
img_09257_mirrored.jpg,0.1601999998092651
img_12604_mirrored.jpg,0.1550000011920929
img_02530_mirrored.jpg,0.0381999984383583
img_07705.jpg,-0.0304000005125999
img_02161.jpg,0.1089000031352043
img_07205_mirrored.jpg,0.032999999821186
img_00927.jpg,-0.222800001502037
img_09743.jpg,-0.1732999980449676
img_08296_mirrored.jpg,0.1617999970912933
img_14370_mirrored.jpg,0.032999999821186
img_14548.jpg,-0.3142000138759613
img_11785_mirrored.jpg,0.006800000090152
img_08461_mirrored.jpg,0.0728000029921531
img_03913.jpg,-0.1460999995470047
img_05152_mirrored.jpg,0.0031000000890344
img_08391.jpg,-0.2942999899387359
img_04316_mirrored.jpg,0.0504000000655651
img_12965.jpg,-0.09009999781847
img_06164.jpg,0.0476000010967254
img_14024.jpg,-0.2325000017881393
img_08187_mirrored.jpg,-0.0115000000223517
img_10263_mirrored.jpg,0.0873999968171119
img_08451_mirrored.jpg,-0.0104999998584389
img_10399_mirrored.jpg,0.0187999997287988
img_13210_mirrored.jpg,-0.1642999947071075
img_03399.jpg,-0.1951999962329864
img_03317.jpg,-0.0926999971270561
img_07498.jpg,0.008899999782443
img_13729_mirrored.jpg,0.0073000001721084
img_10232_mirrored.jpg,0.1544999927282333
img_01436_mirrored.jpg,0.3142000138759613
img_13956_mirrored.jpg,0.1508000046014785
img_02214.jpg,0.2041999995708465
img_04506_mirrored.jpg,0.3142000138759613
img_10071_mirrored.jpg,0.0297999996691942
img_04136.jpg,-0.0037000000011175
img_00105.jpg,-0.0010000000474974
img_12861_mirrored.jpg,0.017799999564886
img_00897_mirrored.jpg,0.3142000138759613
img_09963_mirrored.jpg,0.0230000000447034
img_03401.jpg,-0.3124000132083893
img_02975_mirrored.jpg,0.0251000002026557
img_13455_mirrored.jpg,0.0895000025629997
img_00727_mirrored.jpg,0.0293000005185604
img_08919.jpg,-0.0463000014424324
img_00803_mirrored.jpg,0.1623000055551529
img_02209.jpg,0.1081999987363815
img_09989_mirrored.jpg,0.0052000000141561
img_02937.jpg,-0.3142000138759613
img_09047_mirrored.jpg,0.0031000000890344
img_09207.jpg,0.060199998319149
img_00510_mirrored.jpg,0.0204000007361173
img_14650_mirrored.jpg,-0.0215000007301569
img_01737.jpg,-0.0434999987483024
img_10162.jpg,-0.093699999153614
img_05127.jpg,-0.0041999998502433
img_11264_mirrored.jpg,0.2732999920845032
img_01336.jpg,-0.1534000039100647
img_13627_mirrored.jpg,0.0077999997884035
img_10707_mirrored.jpg,0.0251000002026557
img_13245.jpg,0.1774999946355819
img_13790_mirrored.jpg,-0.093699999153614
img_10612.jpg,0.0098999999463558
img_12667.jpg,-0.0465999990701675
img_13707_mirrored.jpg,-0.013600000180304
img_12560_mirrored.jpg,0.1456000059843063
img_02714_mirrored.jpg,-0.0052000000141561
img_00891.jpg,-0.2105000019073486
img_01135_mirrored.jpg,0.1099999994039535
img_12665_mirrored.jpg,0.0838000029325485
img_10566_mirrored.jpg,-0.0037000000011175
img_13222_mirrored.jpg,-0.0434999987483024
img_10638.jpg,-0.0340000018477439
img_09617_mirrored.jpg,-0.006800000090152
img_10874.jpg,0.008899999782443
img_11011.jpg,-0.0414000004529953
img_13385_mirrored.jpg,0.1410000026226043
img_09811.jpg,-0.2669999897480011
img_13404_mirrored.jpg,0.0020999999251216
img_13533.jpg,-0.3068000078201294
img_14285_mirrored.jpg,0.0549999997019767
img_12293.jpg,-0.0372000001370906
img_09296_mirrored.jpg,0.1084000021219253
img_05883_mirrored.jpg,0.2822000086307525
img_11308_mirrored.jpg,0.2377000004053115
img_01075_mirrored.jpg,-0.0187999997287988
img_07285.jpg,-0.0833000019192695
img_08624_mirrored.jpg,0.0283000003546476
img_14872.jpg,-0.5235999822616577
img_10713.jpg,-0.1512999981641769
