filename,steering_angle
img_00000.jpg,0.0
img_00001.jpg,0.0
img_00002.jpg,0.0
img_00003.jpg,0.0
img_00004.jpg,0.0
img_00005.jpg,-0.012799999676644802
img_00006.jpg,-0.11810000240802765
img_00007.jpg,-0.15289999544620514
img_00008.jpg,-0.19009999930858612
img_00009.jpg,-0.1826999932527542
img_00010.jpg,-0.164900004863739
img_00011.jpg,-0.14030000567436218
img_00012.jpg,-0.10520000010728836
img_00013.jpg,-0.0737999975681305
img_00014.jpg,-0.04659999907016754
img_00015.jpg,0.027799999341368675
img_00016.jpg,0.02459999918937683
img_00017.jpg,0.02669999934732914
img_00018.jpg,0.026200000196695328
img_00019.jpg,0.026200000196695328
img_00020.jpg,0.019899999722838402
img_00021.jpg,0.014700000174343586
img_00022.jpg,0.009399999864399433
img_00023.jpg,0.005200000014156103
img_00024.jpg,-0.004699999932199717
img_00025.jpg,-0.005200000014156103
img_00026.jpg,0.007300000172108412
img_00027.jpg,0.014700000174343586
img_00028.jpg,0.025100000202655792
img_00029.jpg,0.03790000081062317
img_00030.jpg,0.052400000393390656
img_00031.jpg,0.06340000033378601
img_00032.jpg,0.07540000230073929
img_00033.jpg,0.08380000293254852
img_00034.jpg,0.09059999883174896
img_00035.jpg,0.0957999974489212
img_00036.jpg,0.09629999846220016
img_00037.jpg,0.08900000154972076
img_00038.jpg,0.07280000299215317
img_00039.jpg,0.05649999901652336
img_00040.jpg,0.03669999912381172
img_00041.jpg,0.03669999912381172
img_00042.jpg,-0.01360000018030405
img_00043.jpg,-0.014100000262260437
img_00044.jpg,-0.018300000578165054
img_00045.jpg,-0.01940000057220459
img_00046.jpg,-0.018799999728798866
img_00047.jpg,-0.01679999940097332
img_00048.jpg,-0.01360000018030405
img_00049.jpg,-0.010999999940395355
img_00050.jpg,-0.00839999970048666
img_00051.jpg,0.005200000014156103
img_00052.jpg,0.007300000172108412
img_00053.jpg,0.013100000098347664
img_00054.jpg,0.018300000578165054
img_00055.jpg,0.02250000089406967
img_00056.jpg,0.02669999934732914
img_00057.jpg,0.02979999966919422
img_00058.jpg,0.03189999982714653
img_00059.jpg,0.032999999821186066
img_00060.jpg,0.03350000083446503
img_00061.jpg,0.032999999821186066
img_00062.jpg,0.03189999982714653
img_00063.jpg,0.030899999663233757
img_00064.jpg,0.02979999966919422
img_00065.jpg,0.026200000196695328
img_00066.jpg,0.0215000007301569
img_00067.jpg,0.015200000256299973
img_00068.jpg,0.00989999994635582
img_00069.jpg,-0.005799999926239252
img_00070.jpg,-0.005200000014156103
img_00071.jpg,-0.006800000090152025
img_00072.jpg,-0.006800000090152025
img_00073.jpg,-0.006800000090152025
img_00074.jpg,-0.005799999926239252
img_00075.jpg,-0.005200000014156103
img_00076.jpg,-0.00419999985024333
img_00077.jpg,-0.003100000089034438
img_00078.jpg,-0.003100000089034438
img_00079.jpg,-0.0015999999595806003
img_00080.jpg,-0.0010000000474974513
img_00081.jpg,-0.0005000000237487257
img_00082.jpg,-0.0005000000237487257
img_00083.jpg,-0.0005000000237487257
img_00084.jpg,-0.0005000000237487257
img_00085.jpg,-0.0005000000237487257
img_00086.jpg,-0.0005000000237487257
img_00087.jpg,-0.0005000000237487257
img_00088.jpg,-0.0005000000237487257
img_00089.jpg,-0.0010000000474974513
img_00090.jpg,-0.0010000000474974513
img_00091.jpg,-0.0010000000474974513
img_00092.jpg,-0.0010000000474974513
img_00093.jpg,-0.0015999999595806003
img_00094.jpg,-0.0015999999595806003
img_00095.jpg,-0.0015999999595806003
img_00096.jpg,-0.0015999999595806003
img_00097.jpg,-0.0015999999595806003
img_00098.jpg,-0.0015999999595806003
img_00099.jpg,-0.0010000000474974513
img_00100.jpg,-0.0010000000474974513
img_00101.jpg,-0.0010000000474974513
img_00102.jpg,-0.0010000000474974513
img_00103.jpg,-0.0010000000474974513
img_00104.jpg,-0.0010000000474974513
img_00105.jpg,-0.0010000000474974513
img_00106.jpg,-0.0010000000474974513
img_00107.jpg,-0.0010000000474974513
img_00108.jpg,-0.0010000000474974513
img_00109.jpg,-0.0010000000474974513
img_00110.jpg,-0.0010000000474974513
img_00111.jpg,-0.0015999999595806003
img_00112.jpg,-0.006300000008195639
img_00113.jpg,-0.012600000016391277
img_00114.jpg,-0.019899999722838402
img_00115.jpg,-0.02879999950528145
img_00116.jpg,-0.02879999950528145
img_00117.jpg,-0.042399998754262924
img_00118.jpg,-0.04560000076889992
img_00119.jpg,-0.05079999938607216
img_00120.jpg,-0.054499998688697815
img_00121.jpg,-0.06390000134706497
img_00122.jpg,-0.07850000262260437
img_00123.jpg,-0.09160000085830688
img_00124.jpg,-0.1031000018119812
img_00125.jpg,-0.1062999963760376
img_00126.jpg,-0.10000000149011612
img_00127.jpg,-0.08799999952316284
img_00128.jpg,-0.06750000268220901
img_00129.jpg,-0.047600001096725464
img_00130.jpg,-0.025699999183416367
img_00131.jpg,0.018300000578165054
img_00132.jpg,0.019899999722838402
img_00133.jpg,0.025100000202655792
img_00134.jpg,0.03460000082850456
img_00135.jpg,0.0471000000834465
img_00136.jpg,0.06069999933242798
img_00137.jpg,0.07670000195503235
img_00138.jpg,0.07750000059604645
img_00139.jpg,0.10000000149011612
img_00140.jpg,0.09480000287294388
img_00141.jpg,0.08479999750852585
img_00142.jpg,0.07169999927282333
img_00143.jpg,0.05290000140666962
img_00144.jpg,0.03610000014305115
img_00145.jpg,0.018300000578165054
img_00146.jpg,-0.01360000018030405
img_00147.jpg,-0.014100000262260437
img_00148.jpg,-0.01679999940097332
img_00149.jpg,-0.017799999564886093
img_00150.jpg,-0.01679999940097332
img_00151.jpg,-0.015200000256299973
img_00152.jpg,-0.012600000016391277
img_00153.jpg,-0.00989999994635582
img_00154.jpg,-0.010499999858438969
img_00155.jpg,-0.01360000018030405
img_00156.jpg,-0.01730000041425228
img_00157.jpg,-0.01730000041425228
img_00158.jpg,-0.026200000196695328
img_00159.jpg,-0.02979999966919422
img_00160.jpg,-0.032999999821186066
img_00161.jpg,-0.035100001841783524
img_00162.jpg,-0.03669999912381172
img_00163.jpg,-0.03720000013709068
img_00164.jpg,-0.03669999912381172
img_00165.jpg,-0.03610000014305115
img_00166.jpg,-0.035100001841783524
img_00167.jpg,-0.03189999982714653
img_00168.jpg,-0.0272000003606081
img_00169.jpg,-0.028300000354647636
img_00170.jpg,-0.03460000082850456
img_00171.jpg,-0.047600001096725464
img_00172.jpg,-0.059700001031160355
img_00173.jpg,-0.07069999724626541
img_00174.jpg,-0.07750000059604645
img_00175.jpg,-0.07750000059604645
img_00176.jpg,-0.07909999787807465
img_00177.jpg,-0.07440000027418137
img_00178.jpg,-0.06909999996423721
img_00179.jpg,-0.06279999762773514
img_00180.jpg,-0.05550000071525574
img_00181.jpg,-0.03720000013709068
img_00182.jpg,0.018799999728798866
img_00183.jpg,0.023600000888109207
img_00184.jpg,0.03819999843835831
img_00185.jpg,0.057100001722574234
img_00186.jpg,0.0731000006198883
img_00187.jpg,0.08910000324249268
img_00188.jpg,0.12710000574588776
img_00189.jpg,0.14429999887943268
img_00190.jpg,0.16339999437332153
img_00191.jpg,0.17589999735355377
img_00192.jpg,0.18799999356269836
img_00193.jpg,0.19580000638961792
img_00194.jpg,0.18170000612735748
img_00195.jpg,0.16019999980926514
img_00196.jpg,0.1256999969482422
img_00197.jpg,0.09369999915361404
img_00198.jpg,0.06440000236034393
img_00199.jpg,-0.032499998807907104
img_00200.jpg,-0.032499998807907104
img_00201.jpg,-0.05290000140666962
img_00202.jpg,-0.062300000339746475
img_00203.jpg,-0.06809999793767929
img_00204.jpg,-0.07069999724626541
img_00205.jpg,-0.07069999724626541
img_00206.jpg,-0.06539999693632126
img_00207.jpg,-0.05810000002384186
img_00208.jpg,-0.0502999983727932
img_00209.jpg,-0.040300000458955765
img_00210.jpg,-0.03189999982714653
img_00211.jpg,-0.025699999183416367
img_00212.jpg,-0.019899999722838402
img_00213.jpg,-0.016200000420212746
img_00214.jpg,-0.01360000018030405
img_00215.jpg,-0.009399999864399433
img_00216.jpg,-0.004699999932199717
img_00217.jpg,0.005799999926239252
img_00218.jpg,0.00839999970048666
img_00219.jpg,0.010999999940395355
img_00220.jpg,0.012600000016391277
img_00221.jpg,0.009399999864399433
img_00222.jpg,-0.006300000008195639
img_00223.jpg,-0.010999999940395355
img_00224.jpg,-0.018300000578165054
img_00225.jpg,-0.018300000578165054
img_00226.jpg,-0.03350000083446503
img_00227.jpg,-0.04190000146627426
img_00228.jpg,-0.0471000000834465
img_00229.jpg,-0.05079999938607216
img_00230.jpg,-0.05339999869465828
img_00231.jpg,-0.054499998688697815
img_00232.jpg,-0.054999999701976776
img_00233.jpg,-0.054499998688697815
img_00234.jpg,-0.05339999869465828
img_00235.jpg,-0.05180000141263008
img_00236.jpg,-0.048700001090765
img_00237.jpg,-0.042399998754262924
img_00238.jpg,-0.03460000082850456
img_00239.jpg,-0.02410000003874302
img_00240.jpg,-0.014700000174343586
img_00241.jpg,0.007899999618530273
img_00242.jpg,0.006300000008195639
img_00243.jpg,0.004699999932199717
img_00244.jpg,0.0026000000070780516
img_00245.jpg,-0.010499999858438969
img_00246.jpg,-0.010499999858438969
img_00247.jpg,-0.03460000082850456
img_00248.jpg,-0.0502999983727932
img_00249.jpg,-0.06279999762773514
img_00250.jpg,-0.07280000299215317
img_00251.jpg,-0.08169999718666077
img_00252.jpg,-0.0869000032544136
img_00253.jpg,-0.09009999781847
img_00254.jpg,-0.09109999984502792
img_00255.jpg,-0.08950000256299973
img_00256.jpg,-0.08739999681711197
img_00257.jpg,-0.08429999649524689
img_00258.jpg,-0.07440000027418137
img_00259.jpg,-0.061799999326467514
img_00260.jpg,-0.061799999326467514
img_00261.jpg,-0.02979999966919422
img_00262.jpg,-0.015699999406933784
img_00263.jpg,0.014700000174343586
img_00264.jpg,0.014700000174343586
img_00265.jpg,0.036400001496076584
img_00266.jpg,0.039900001138448715
img_00267.jpg,0.062300000339746475
img_00268.jpg,0.07699999958276749
img_00269.jpg,0.08900000154972076
img_00270.jpg,0.09839999675750732
img_00271.jpg,0.10520000010728836
img_00272.jpg,0.11100000143051147
img_00273.jpg,0.10369999706745148
img_00274.jpg,0.0885000005364418
img_00275.jpg,0.06859999895095825
img_00276.jpg,-0.035100001841783524
img_00277.jpg,-0.032999999821186066
img_00278.jpg,-0.032999999821186066
img_00279.jpg,-0.05389999970793724
img_00280.jpg,-0.06019999831914902
img_00281.jpg,-0.06279999762773514
img_00282.jpg,-0.06700000166893005
img_00283.jpg,-0.07020000368356705
img_00284.jpg,-0.08009999990463257
img_00285.jpg,-0.0869000032544136
img_00286.jpg,-0.09269999712705612
img_00287.jpg,-0.09740000218153
img_00288.jpg,-0.10000000149011612
img_00289.jpg,-0.10109999775886536
img_00290.jpg,-0.10000000149011612
img_00291.jpg,-0.0957999974489212
img_00292.jpg,-0.08900000154972076
img_00293.jpg,-0.07909999787807465
img_00294.jpg,-0.06960000097751617
img_00295.jpg,-0.059700001031160355
img_00296.jpg,-0.052400000393390656
img_00297.jpg,-0.04610000178217888
img_00298.jpg,-0.04450000077486038
img_00299.jpg,-0.04969999939203262
img_00300.jpg,-0.05290000140666962
img_00301.jpg,-0.06750000268220901
img_00302.jpg,-0.07069999724626541
img_00303.jpg,-0.0885000005364418
img_00304.jpg,-0.0885000005364418
img_00305.jpg,-0.10109999775886536
img_00306.jpg,-0.1031000018119812
img_00307.jpg,-0.10209999978542328
img_00308.jpg,-0.10419999808073044
img_00309.jpg,-0.11309999972581863
img_00310.jpg,-0.12150000035762787
img_00311.jpg,-0.12780000269412994
img_00312.jpg,-0.131400004029274
img_00313.jpg,-0.13670000433921814
img_00314.jpg,-0.14239999651908875
img_00315.jpg,-0.14869999885559082
img_00316.jpg,-0.1534000039100647
img_00317.jpg,-0.15710000693798065
img_00318.jpg,-0.15809999406337738
img_00319.jpg,-0.15760000050067902
img_00320.jpg,-0.15549999475479126
img_00321.jpg,-0.15240000188350677
img_00322.jpg,-0.14920000731945038
img_00323.jpg,-0.14820000529289246
img_00324.jpg,-0.14920000731945038
img_00325.jpg,-0.14920000731945038
img_00326.jpg,-0.15549999475479126
img_00327.jpg,-0.15919999778270721
img_00328.jpg,-0.16179999709129333
img_00329.jpg,-0.16179999709129333
img_00330.jpg,-0.1550000011920929
img_00331.jpg,-0.15449999272823334
img_00332.jpg,-0.15970000624656677
img_00333.jpg,-0.17069999873638153
img_00334.jpg,-0.18219999969005585
img_00335.jpg,-0.1429000049829483
img_00336.jpg,-0.1371999979019165
img_00337.jpg,-0.14399999380111694
img_00338.jpg,-0.15449999272823334
img_00339.jpg,-0.1623000055551529
img_00340.jpg,-0.17800000309944153
img_00341.jpg,-0.1876000016927719
img_00342.jpg,-0.2152000069618225
img_00343.jpg,-0.2280000001192093
img_00344.jpg,-0.24950000643730164
img_00345.jpg,-0.27090001106262207
img_00346.jpg,-0.3021000027656555
img_00347.jpg,-0.3142000138759613
img_00348.jpg,-0.3142000138759613
img_00349.jpg,-0.3142000138759613
img_00350.jpg,-0.3142000138759613
img_00351.jpg,-0.3142000138759613
img_00352.jpg,-0.3021000027656555
img_00353.jpg,-0.2842999994754791
img_00354.jpg,-0.25600001215934753
img_00355.jpg,-0.25600001215934753
img_00356.jpg,-0.20630000531673431
img_00357.jpg,-0.18379999697208405
img_00358.jpg,-0.15809999406337738
img_00359.jpg,-0.13510000705718994
img_00360.jpg,-0.11410000175237656
img_00361.jpg,-0.10000000149011612
img_00362.jpg,-0.09220000356435776
img_00363.jpg,-0.08900000154972076
img_00364.jpg,-0.10580000281333923
img_00365.jpg,-0.11860000342130661
img_00366.jpg,-0.1468999981880188
img_00367.jpg,-0.1696999967098236
img_00368.jpg,-0.22930000722408295
img_00369.jpg,-0.30469998717308044
img_00370.jpg,-0.3142000138759613
img_00371.jpg,-0.3142000138759613
img_00372.jpg,-0.3142000138759613
img_00373.jpg,-0.3142000138759613
img_00374.jpg,-0.3142000138759613
img_00375.jpg,-0.3142000138759613
img_00376.jpg,-0.3142000138759613
img_00377.jpg,-0.3142000138759613
img_00378.jpg,-0.3073999881744385
img_00379.jpg,-0.289000004529953
img_00380.jpg,-0.2702000141143799
img_00381.jpg,-0.25920000672340393
img_00382.jpg,-0.2492000013589859
img_00383.jpg,-0.24449999630451202
img_00384.jpg,-0.24660000205039978
img_00385.jpg,-0.24770000576972961
img_00386.jpg,-0.24709999561309814
img_00387.jpg,-0.2612999975681305
img_00388.jpg,-0.28369998931884766
img_00389.jpg,-0.3034999966621399
img_00390.jpg,-0.3142000138759613
img_00391.jpg,-0.3142000138759613
img_00392.jpg,-0.3142000138759613
img_00393.jpg,-0.3142000138759613
img_00394.jpg,-0.3142000138759613
img_00395.jpg,-0.3142000138759613
img_00396.jpg,-0.3142000138759613
img_00397.jpg,-0.3142000138759613
img_00398.jpg,-0.3142000138759613
img_00399.jpg,-0.30630001425743103
img_00400.jpg,-0.27799999713897705
img_00401.jpg,-0.27799999713897705
img_00402.jpg,-0.19269999861717224
img_00403.jpg,-0.15970000624656677
img_00404.jpg,-0.1387999951839447
img_00405.jpg,-0.13189999759197235
img_00406.jpg,-0.11890000104904175
img_00407.jpg,-0.11050000041723251
img_00408.jpg,-0.11410000175237656
img_00409.jpg,-0.12409999966621399
img_00410.jpg,-0.14329999685287476
img_00411.jpg,-0.16850000619888306
img_00412.jpg,-0.17919999361038208
img_00413.jpg,-0.20819999277591705
img_00414.jpg,-0.24040000140666962
img_00415.jpg,-0.2833000123500824
img_00416.jpg,-0.2937000095844269
img_00417.jpg,-0.3057999908924103
img_00418.jpg,-0.3142000138759613
img_00419.jpg,-0.3142000138759613
img_00420.jpg,-0.3142000138759613
img_00421.jpg,-0.3142000138759613
img_00422.jpg,-0.3142000138759613
img_00423.jpg,-0.3142000138759613
img_00424.jpg,-0.31360000371932983
img_00425.jpg,-0.3142000138759613
img_00426.jpg,-0.3142000138759613
img_00427.jpg,-0.3142000138759613
img_00428.jpg,-0.3093999922275543
img_00429.jpg,-0.2994999885559082
img_00430.jpg,-0.28850001096725464
img_00431.jpg,-0.2770000100135803
img_00432.jpg,-0.26440000534057617
img_00433.jpg,-0.25450000166893005
img_00434.jpg,-0.24770000576972961
img_00435.jpg,-0.23559999465942383
img_00436.jpg,-0.22619999945163727
img_00437.jpg,-0.22619999945163727
img_00438.jpg,-0.17910000681877136
img_00439.jpg,-0.14920000731945038
img_00440.jpg,-0.11940000206232071
img_00441.jpg,-0.09220000356435776
img_00442.jpg,-0.06279999762773514
img_00443.jpg,-0.040300000458955765
img_00444.jpg,-0.0272000003606081
img_00445.jpg,-0.0215000007301569
img_00446.jpg,-0.0502999983727932
img_00447.jpg,-0.1281999945640564
img_00448.jpg,-0.20469999313354492
img_00449.jpg,-0.3142000138759613
img_00450.jpg,-0.3142000138759613
img_00451.jpg,-0.3142000138759613
img_00452.jpg,-0.3142000138759613
img_00453.jpg,-0.3142000138759613
img_00454.jpg,-0.3142000138759613
img_00455.jpg,-0.3142000138759613
img_00456.jpg,-0.3142000138759613
img_00457.jpg,-0.3142000138759613
img_00458.jpg,-0.3142000138759613
img_00459.jpg,-0.3142000138759613
img_00460.jpg,-0.3142000138759613
img_00461.jpg,-0.3142000138759613
img_00462.jpg,-0.3142000138759613
img_00463.jpg,-0.3142000138759613
img_00464.jpg,-0.3142000138759613
img_00465.jpg,-0.3142000138759613
img_00466.jpg,-0.3142000138759613
img_00467.jpg,-0.3142000138759613
img_00468.jpg,-0.3142000138759613
img_00469.jpg,-0.3142000138759613
img_00470.jpg,-0.3142000138759613
img_00471.jpg,-0.3142000138759613
img_00472.jpg,-0.3142000138759613
img_00473.jpg,-0.3142000138759613
img_00474.jpg,-0.3142000138759613
img_00475.jpg,-0.3142000138759613
img_00476.jpg,-0.3142000138759613
img_00477.jpg,-0.3142000138759613
img_00478.jpg,-0.3142000138759613
img_00479.jpg,-0.2879999876022339
img_00480.jpg,-0.23559999465942383
img_00481.jpg,-0.18479999899864197
img_00482.jpg,-0.1371999979019165
img_00483.jpg,-0.0869000032544136
img_00484.jpg,-0.0869000032544136
img_00485.jpg,-0.025699999183416367
img_00486.jpg,0.016200000420212746
img_00487.jpg,0.014700000174343586
img_00488.jpg,0.01679999940097332
img_00489.jpg,0.01730000041425228
img_00490.jpg,0.016200000420212746
img_00491.jpg,0.014700000174343586
img_00492.jpg,0.012600000016391277
img_00493.jpg,0.00989999994635582
img_00494.jpg,0.005799999926239252
img_00495.jpg,0.0026000000070780516
img_00496.jpg,-0.02979999966919422
img_00497.jpg,-0.04580000042915344
img_00498.jpg,-0.0471000000834465
img_00499.jpg,-0.0714000016450882
img_00500.jpg,-0.08380000293254852
img_00501.jpg,-0.08739999681711197
img_00502.jpg,-0.08429999649524689
img_00503.jpg,-0.07639999687671661
img_00504.jpg,-0.06650000065565109
img_00505.jpg,-0.05339999869465828
img_00506.jpg,-0.05339999869465828
img_00507.jpg,-0.03460000082850456
img_00508.jpg,-0.03460000082850456
img_00509.jpg,-0.023600000888109207
img_00510.jpg,-0.020400000736117363
img_00511.jpg,-0.018799999728798866
img_00512.jpg,-0.012600000016391277
img_00513.jpg,0.00839999970048666
img_00514.jpg,0.012600000016391277
img_00515.jpg,0.01899999938905239
img_00516.jpg,0.04659999907016754
img_00517.jpg,0.0658000037074089
img_00518.jpg,0.07850000262260437
img_00519.jpg,0.11789999902248383
img_00520.jpg,0.17800000309944153
img_00521.jpg,0.21870000660419464
img_00522.jpg,0.23720000684261322
img_00523.jpg,0.28040000796318054
img_00524.jpg,0.29739999771118164
img_00525.jpg,0.28060001134872437
img_00526.jpg,0.257099986076355
img_00527.jpg,0.2287999987602234
img_00528.jpg,0.19009999930858612
img_00529.jpg,0.15549999475479126
img_00530.jpg,0.15549999475479126
img_00531.jpg,0.09839999675750732
img_00532.jpg,0.07119999825954437
img_00533.jpg,0.04659999907016754
img_00534.jpg,0.025100000202655792
img_00535.jpg,-0.017799999564886093
img_00536.jpg,-0.0215000007301569
img_00537.jpg,-0.025699999183416367
img_00538.jpg,-0.027799999341368675
img_00539.jpg,-0.02669999934732914
img_00540.jpg,-0.02459999918937683
img_00541.jpg,-0.02199999988079071
img_00542.jpg,-0.02199999988079071
img_00543.jpg,-0.015699999406933784
img_00544.jpg,-0.013100000098347664
img_00545.jpg,-0.010499999858438969
img_00546.jpg,-0.008899999782443047
img_00547.jpg,-0.007899999618530273
img_00548.jpg,-0.006800000090152025
img_00549.jpg,0.004699999932199717
img_00550.jpg,0.019899999722838402
img_00551.jpg,0.03869999945163727
img_00552.jpg,0.05469999834895134
img_00553.jpg,0.08089999854564667
img_00554.jpg,0.10719999670982361
img_00555.jpg,0.12860000133514404
img_00556.jpg,0.14900000393390656
img_00557.jpg,0.1665000021457672
img_00558.jpg,0.17800000309944153
img_00559.jpg,0.18119999766349792
img_00560.jpg,0.18119999766349792
img_00561.jpg,0.13510000705718994
img_00562.jpg,0.10580000281333923
img_00563.jpg,0.07540000230073929
img_00564.jpg,0.040800001472234726
img_00565.jpg,-0.030400000512599945
img_00566.jpg,-0.04349999874830246
img_00567.jpg,-0.07280000299215317
img_00568.jpg,-0.09200000017881393
img_00569.jpg,-0.11259999871253967
img_00570.jpg,-0.12409999966621399
img_00571.jpg,-0.12780000269412994
img_00572.jpg,-0.12409999966621399
img_00573.jpg,-0.12409999966621399
img_00574.jpg,-0.10729999840259552
img_00575.jpg,-0.09740000218153
img_00576.jpg,-0.08269999921321869
img_00577.jpg,-0.06440000236034393
img_00578.jpg,-0.039799999445676804
img_00579.jpg,0.020899999886751175
img_00580.jpg,0.03720000013709068
img_00581.jpg,0.06599999964237213
img_00582.jpg,0.08299999684095383
img_00583.jpg,0.1274999976158142
img_00584.jpg,0.15950000286102295
img_00585.jpg,0.1800999939441681
img_00586.jpg,0.1800999939441681
img_00587.jpg,0.17749999463558197
img_00588.jpg,0.17749999463558197
img_00589.jpg,0.1445000022649765
img_00590.jpg,0.12780000269412994
img_00591.jpg,0.11990000307559967
img_00592.jpg,0.12200000137090683
img_00593.jpg,0.1379999965429306
img_00594.jpg,0.16380000114440918
img_00595.jpg,0.19110000133514404
img_00596.jpg,0.2071000039577484
img_00597.jpg,0.23749999701976776
img_00598.jpg,0.24400000274181366
img_00599.jpg,0.2508000135421753
img_00600.jpg,0.22779999673366547
img_00601.jpg,0.19689999520778656
img_00602.jpg,0.15289999544620514
img_00603.jpg,0.15289999544620514
img_00604.jpg,0.10109999775886536
img_00605.jpg,0.09220000356435776
img_00606.jpg,0.09220000356435776
img_00607.jpg,0.09839999675750732
img_00608.jpg,0.09839999675750732
img_00609.jpg,0.12250000238418579
img_00610.jpg,0.1356000006198883
img_00611.jpg,0.14710000157356262
img_00612.jpg,0.1550000011920929
img_00613.jpg,0.15080000460147858
img_00614.jpg,0.15080000460147858
img_00615.jpg,0.11620000004768372
img_00616.jpg,0.09319999814033508
img_00617.jpg,0.06390000134706497
img_00618.jpg,0.03929999843239784
img_00619.jpg,0.03929999843239784
img_00620.jpg,-0.01679999940097332
img_00621.jpg,-0.018799999728798866
img_00622.jpg,-0.012000000104308128
img_00623.jpg,0.004000000189989805
img_00624.jpg,0.03610000014305115
img_00625.jpg,0.05849999934434891
img_00626.jpg,0.07020000368356705
img_00627.jpg,0.1128000020980835
img_00628.jpg,0.13680000603199005
img_00629.jpg,0.1712000072002411
img_00630.jpg,0.18539999425411224
img_00631.jpg,0.19370000064373016
img_00632.jpg,0.19740000367164612
img_00633.jpg,0.19740000367164612
img_00634.jpg,0.19370000064373016
img_00635.jpg,0.17489999532699585
img_00636.jpg,0.17489999532699585
img_00637.jpg,0.12200000137090683
img_00638.jpg,0.09319999814033508
img_00639.jpg,0.05920000001788139
img_00640.jpg,0.03189999982714653
img_00641.jpg,-0.0215000007301569
img_00642.jpg,-0.0215000007301569
img_00643.jpg,-0.02459999918937683
img_00644.jpg,-0.01679999940097332
img_00645.jpg,0.012000000104308128
img_00646.jpg,0.017799999564886093
img_00647.jpg,0.02930000051856041
img_00648.jpg,0.04500000178813934
img_00649.jpg,0.05860000103712082
img_00650.jpg,0.05860000103712082
img_00651.jpg,0.08429999649524689
img_00652.jpg,0.09480000287294388
img_00653.jpg,0.10260000079870224
img_00654.jpg,0.10939999669790268
img_00655.jpg,0.11410000175237656
img_00656.jpg,0.11680000275373459
img_00657.jpg,0.1136000007390976
img_00658.jpg,0.10209999978542328
img_00659.jpg,0.0869000032544136
img_00660.jpg,0.07020000368356705
img_00661.jpg,0.04820000007748604
img_00662.jpg,0.02979999966919422
img_00663.jpg,-0.015200000256299973
img_00664.jpg,-0.014700000174343586
img_00665.jpg,-0.014700000174343586
img_00666.jpg,-0.015200000256299973
img_00667.jpg,-0.013100000098347664
img_00668.jpg,-0.010499999858438969
img_00669.jpg,-0.00989999994635582
img_00670.jpg,-0.00989999994635582
img_00671.jpg,-0.014700000174343586
img_00672.jpg,-0.020899999886751175
img_00673.jpg,-0.03819999843835831
img_00674.jpg,-0.04500000178813934
img_00675.jpg,-0.05079999938607216
img_00676.jpg,-0.0560000017285347
img_00677.jpg,-0.05920000001788139
img_00678.jpg,-0.06069999933242798
img_00679.jpg,-0.05860000103712082
img_00680.jpg,-0.05550000071525574
img_00681.jpg,-0.05130000039935112
img_00682.jpg,-0.04500000178813934
img_00683.jpg,-0.040300000458955765
img_00684.jpg,-0.035599999129772186
img_00685.jpg,-0.0272000003606081
img_00686.jpg,-0.018799999728798866
img_00687.jpg,-0.012000000104308128
img_00688.jpg,0.006800000090152025
img_00689.jpg,0.005799999926239252
img_00690.jpg,0.006300000008195639
img_00691.jpg,0.005799999926239252
img_00692.jpg,0.005200000014156103
img_00693.jpg,0.00419999985024333
img_00694.jpg,0.0026000000070780516
img_00695.jpg,0.0015999999595806003
img_00696.jpg,0.00989999994635582
img_00697.jpg,0.025100000202655792
img_00698.jpg,0.04450000077486038
img_00699.jpg,0.060499999672174454
img_00700.jpg,0.07069999724626541
img_00701.jpg,0.11209999769926071
img_00702.jpg,0.11209999769926071
img_00703.jpg,0.1371999979019165
img_00704.jpg,0.1429000049829483
img_00705.jpg,0.14399999380111694
img_00706.jpg,0.1371999979019165
img_00707.jpg,0.12150000035762787
img_00708.jpg,0.09950000047683716
img_00709.jpg,0.07329999655485153
img_00710.jpg,-0.05810000002384186
img_00711.jpg,-0.07410000264644623
img_00712.jpg,-0.07750000059604645
img_00713.jpg,-0.1307000070810318
img_00714.jpg,-0.16210000216960907
img_00715.jpg,-0.18719999492168427
img_00716.jpg,-0.2070000022649765
img_00717.jpg,-0.2224999964237213
img_00718.jpg,-0.21050000190734863
img_00719.jpg,-0.19059999287128448
img_00720.jpg,-0.164900004863739
img_00721.jpg,-0.13089999556541443
img_00722.jpg,-0.10159999877214432
img_00723.jpg,-0.07329999655485153
img_00724.jpg,-0.054499998688697815
img_00725.jpg,-0.042899999767541885
img_00726.jpg,-0.042899999767541885
img_00727.jpg,-0.02930000051856041
img_00728.jpg,-0.023000000044703484
img_00729.jpg,-0.023000000044703484
img_00730.jpg,-0.013100000098347664
img_00731.jpg,-0.009399999864399433
img_00732.jpg,-0.007300000172108412
img_00733.jpg,-0.006300000008195639
img_00734.jpg,-0.005799999926239252
img_00735.jpg,-0.006300000008195639
img_00736.jpg,-0.006300000008195639
img_00737.jpg,-0.007899999618530273
img_00738.jpg,-0.00839999970048666
img_00739.jpg,-0.00839999970048666
img_00740.jpg,-0.007899999618530273
img_00741.jpg,-0.006800000090152025
img_00742.jpg,0.00419999985024333
img_00743.jpg,0.004699999932199717
img_00744.jpg,0.007300000172108412
img_00745.jpg,0.010999999940395355
img_00746.jpg,0.01360000018030405
img_00747.jpg,0.015699999406933784
img_00748.jpg,0.01730000041425228
img_00749.jpg,0.018799999728798866
img_00750.jpg,0.017799999564886093
img_00751.jpg,-0.00989999994635582
img_00752.jpg,-0.014100000262260437
img_00753.jpg,-0.02410000003874302
img_00754.jpg,-0.03929999843239784
img_00755.jpg,-0.05209999904036522
img_00756.jpg,-0.06700000166893005
img_00757.jpg,-0.08169999718666077
img_00758.jpg,-0.09319999814033508
img_00759.jpg,-0.09319999814033508
img_00760.jpg,-0.10209999978542328
img_00761.jpg,-0.10520000010728836
img_00762.jpg,-0.10260000079870224
img_00763.jpg,-0.09839999675750732
img_00764.jpg,-0.08950000256299973
img_00765.jpg,-0.07280000299215317
img_00766.jpg,-0.06069999933242798
img_00767.jpg,-0.05079999938607216
img_00768.jpg,-0.042399998754262924
img_00769.jpg,-0.03669999912381172
img_00770.jpg,-0.032499998807907104
img_00771.jpg,-0.030400000512599945
img_00772.jpg,-0.030899999663233757
img_00773.jpg,-0.03460000082850456
img_00774.jpg,-0.03720000013709068
img_00775.jpg,-0.03929999843239784
img_00776.jpg,-0.040800001472234726
img_00777.jpg,-0.04190000146627426
img_00778.jpg,-0.042399998754262924
img_00779.jpg,-0.03819999843835831
img_00780.jpg,-0.03189999982714653
img_00781.jpg,-0.02459999918937683
img_00782.jpg,-0.020899999886751175
img_00783.jpg,-0.01940000057220459
img_00784.jpg,-0.01940000057220459
img_00785.jpg,-0.0215000007301569
img_00786.jpg,-0.02459999918937683
img_00787.jpg,-0.0272000003606081
img_00788.jpg,-0.030899999663233757
img_00789.jpg,-0.030899999663233757
img_00790.jpg,-0.060600001364946365
img_00791.jpg,-0.07729999721050262
img_00792.jpg,-0.10869999974966049
img_00793.jpg,-0.1395999938249588
img_00794.jpg,-0.16599999368190765
img_00795.jpg,-0.17880000174045563
img_00796.jpg,-0.20020000636577606
img_00797.jpg,-0.21359999477863312
img_00798.jpg,-0.21780000627040863
img_00799.jpg,-0.21209999918937683
img_00800.jpg,-0.20160000026226044
img_00801.jpg,-0.18850000202655792
img_00802.jpg,-0.17589999735355377
img_00803.jpg,-0.1623000055551529
img_00804.jpg,-0.15289999544620514
img_00805.jpg,-0.15289999544620514
img_00806.jpg,-0.1429000049829483
img_00807.jpg,-0.14139999449253082
img_00808.jpg,-0.14190000295639038
img_00809.jpg,-0.14350000023841858
img_00810.jpg,-0.14560000598430634
img_00811.jpg,-0.14560000598430634
img_00812.jpg,-0.1429000049829483
img_00813.jpg,-0.14499999582767487
img_00814.jpg,-0.14970000088214874
img_00815.jpg,-0.15710000693798065
img_00816.jpg,-0.16699999570846558
img_00817.jpg,-0.17440000176429749
img_00818.jpg,-0.1800999939441681
img_00819.jpg,-0.18330000340938568
img_00820.jpg,-0.18479999899864197
img_00821.jpg,-0.1826999932527542
img_00822.jpg,-0.17749999463558197
img_00823.jpg,-0.1680999994277954
img_00824.jpg,-0.15919999778270721
img_00825.jpg,-0.15919999778270721
img_00826.jpg,-0.14030000567436218
img_00827.jpg,-0.12780000269412994
img_00828.jpg,-0.1151999980211258
img_00829.jpg,-0.11410000175237656
img_00830.jpg,-0.11940000206232071
img_00831.jpg,-0.13040000200271606
img_00832.jpg,-0.14030000567436218
img_00833.jpg,-0.1476999968290329
img_00834.jpg,-0.15029999613761902
img_00835.jpg,-0.15029999613761902
img_00836.jpg,-0.15029999613761902
img_00837.jpg,-0.15870000422000885
img_00838.jpg,-0.15870000422000885
img_00839.jpg,-0.16179999709129333
img_00840.jpg,0.10109999775886536
img_00841.jpg,0.07119999825954437
img_00842.jpg,0.057100001722574234
img_00843.jpg,0.04560000076889992
img_00844.jpg,0.03819999843835831
img_00845.jpg,0.02979999966919422
img_00846.jpg,0.020899999886751175
img_00847.jpg,0.011500000022351742
img_00848.jpg,-0.012000000104308128
img_00849.jpg,-0.01679999940097332
img_00850.jpg,-0.023600000888109207
img_00851.jpg,-0.029999999329447746
img_00852.jpg,-0.04919999837875366
img_00853.jpg,-0.058800000697374344
img_00854.jpg,-0.07959999889135361
img_00855.jpg,-0.09560000151395798
img_00856.jpg,-0.11829999834299088
img_00857.jpg,-0.13750000298023224
img_00858.jpg,-0.1615000069141388
img_00859.jpg,-0.19670000672340393
img_00860.jpg,-0.20419999957084656
img_00861.jpg,-0.25589999556541443
img_00862.jpg,-0.2736000120639801
img_00863.jpg,-0.30820000171661377
img_00864.jpg,-0.3142000138759613
img_00865.jpg,-0.3142000138759613
img_00866.jpg,-0.3142000138759613
img_00867.jpg,-0.3142000138759613
img_00868.jpg,-0.3142000138759613
img_00869.jpg,-0.3142000138759613
img_00870.jpg,-0.3142000138759613
img_00871.jpg,-0.3142000138759613
img_00872.jpg,-0.3142000138759613
img_00873.jpg,-0.3142000138759613
img_00874.jpg,-0.3142000138759613
img_00875.jpg,-0.3142000138759613
img_00876.jpg,-0.3142000138759613
img_00877.jpg,-0.3142000138759613
img_00878.jpg,-0.30320000648498535
img_00879.jpg,-0.26809999346733093
img_00880.jpg,-0.22669999301433563
img_00881.jpg,-0.19059999287128448
img_00882.jpg,-0.16179999709129333
img_00883.jpg,-0.1429000049829483
img_00884.jpg,-0.1429000049829483
img_00885.jpg,-0.13930000364780426
img_00886.jpg,-0.1445000022649765
img_00887.jpg,-0.15080000460147858
img_00888.jpg,-0.15809999406337738
img_00889.jpg,-0.17020000517368317
img_00890.jpg,-0.18299999833106995
img_00891.jpg,-0.21050000190734863
img_00892.jpg,-0.226500004529953
img_00893.jpg,-0.2492000013589859
img_00894.jpg,-0.2524000108242035
img_00895.jpg,-0.2946000099182129
img_00896.jpg,-0.3073999881744385
img_00897.jpg,-0.3142000138759613
img_00898.jpg,-0.3142000138759613
img_00899.jpg,-0.3142000138759613
img_00900.jpg,-0.3142000138759613
img_00901.jpg,-0.3142000138759613
img_00902.jpg,-0.3142000138759613
img_00903.jpg,-0.3142000138759613
img_00904.jpg,-0.3142000138759613
img_00905.jpg,-0.3142000138759613
img_00906.jpg,-0.3142000138759613
img_00907.jpg,-0.2921999990940094
img_00908.jpg,-0.30820000171661377
img_00909.jpg,-0.3142000138759613
img_00910.jpg,-0.3142000138759613
img_00911.jpg,-0.3142000138759613
img_00912.jpg,-0.3142000138759613
img_00913.jpg,-0.3142000138759613
img_00914.jpg,-0.3142000138759613
img_00915.jpg,-0.3142000138759613
img_00916.jpg,-0.3142000138759613
img_00917.jpg,-0.3142000138759613
img_00918.jpg,-0.30000001192092896
img_00919.jpg,-0.2759000062942505
img_00920.jpg,-0.25600001215934753
img_00921.jpg,-0.23929999768733978
img_00922.jpg,-0.22310000658035278
img_00923.jpg,-0.21050000190734863
img_00924.jpg,-0.21050000190734863
img_00925.jpg,-0.2004999965429306
img_00926.jpg,-0.20679999887943268
img_00927.jpg,-0.22280000150203705
img_00928.jpg,-0.23989999294281006
img_00929.jpg,-0.26499998569488525
img_00930.jpg,-0.30820000171661377
img_00931.jpg,-0.3142000138759613
img_00932.jpg,-0.3142000138759613
img_00933.jpg,-0.3142000138759613
img_00934.jpg,-0.29109999537467957
img_00935.jpg,-0.2800999879837036
img_00936.jpg,-0.2759000062942505
img_00937.jpg,-0.27230000495910645
img_00938.jpg,-0.265500009059906
img_00939.jpg,-0.24400000274181366
img_00940.jpg,-0.21150000393390656
img_00941.jpg,-0.18170000612735748
img_00942.jpg,-0.1534000039100647
img_00943.jpg,-0.12720000743865967
img_00944.jpg,-0.10999999940395355
img_00945.jpg,-0.10260000079870224
img_00946.jpg,-0.10369999706745148
img_00947.jpg,-0.09629999846220016
img_00948.jpg,-0.08380000293254852
img_00949.jpg,-0.06859999895095825
img_00950.jpg,-0.04820000007748604
img_00951.jpg,-0.03139999881386757
img_00952.jpg,-0.018300000578165054
img_00953.jpg,0.011500000022351742
img_00954.jpg,0.009399999864399433
img_00955.jpg,0.008899999782443047
img_00956.jpg,-0.010300000198185444
img_00957.jpg,-0.05779999867081642
img_00958.jpg,-0.12189999967813492
img_00959.jpg,-0.1809999942779541
img_00960.jpg,-0.2563999891281128
img_00961.jpg,-0.29919999837875366
img_00962.jpg,-0.3142000138759613
img_00963.jpg,-0.3142000138759613
img_00964.jpg,-0.3125999867916107
img_00965.jpg,-0.2948000133037567
img_00966.jpg,-0.2816999852657318
img_00967.jpg,-0.2816999852657318
img_00968.jpg,-0.2508000135421753
img_00969.jpg,-0.2152000069618225
img_00970.jpg,-0.18119999766349792
img_00971.jpg,-0.14920000731945038
img_00972.jpg,-0.12039999663829803
img_00973.jpg,-0.09009999781847
img_00974.jpg,-0.06750000268220901
img_00975.jpg,-0.0502999983727932
img_00976.jpg,-0.037700001150369644
img_00977.jpg,-0.03139999881386757
img_00978.jpg,-0.0471000000834465
img_00979.jpg,-0.06949999928474426
img_00980.jpg,-0.08980000019073486
img_00981.jpg,-0.13760000467300415
img_00982.jpg,-0.17100000381469727
img_00983.jpg,-0.219200000166893
img_00984.jpg,-0.24040000140666962
img_00985.jpg,-0.2770000100135803
img_00986.jpg,-0.27379998564720154
img_00987.jpg,-0.25130000710487366
img_00988.jpg,-0.22460000216960907
img_00989.jpg,-0.19580000638961792
img_00990.jpg,-0.1665000021457672
img_00991.jpg,-0.13249999284744263
img_00992.jpg,-0.13249999284744263
img_00993.jpg,-0.07540000230073929
img_00994.jpg,-0.04349999874830246
img_00995.jpg,0.02459999918937683
img_00996.jpg,0.02459999918937683
img_00997.jpg,0.02459999918937683
img_00998.jpg,0.02410000003874302
img_00999.jpg,0.02410000003874302
img_01000.jpg,0.01679999940097332
img_01001.jpg,0.010999999940395355
img_01002.jpg,-0.005200000014156103
img_01003.jpg,-0.005200000014156103
img_01004.jpg,-0.007300000172108412
img_01005.jpg,-0.00839999970048666
img_01006.jpg,-0.009399999864399433
img_01007.jpg,-0.00989999994635582
img_01008.jpg,-0.00989999994635582
img_01009.jpg,-0.009399999864399433
img_01010.jpg,-0.019899999722838402
img_01011.jpg,-0.035599999129772186
img_01012.jpg,-0.051600001752376556
img_01013.jpg,-0.07890000194311142
img_01014.jpg,-0.09790000319480896
img_01015.jpg,-0.09790000319480896
img_01016.jpg,-0.12300000339746475
img_01017.jpg,-0.12300000339746475
img_01018.jpg,-0.12200000137090683
img_01019.jpg,-0.1046999990940094
img_01020.jpg,-0.08590000122785568
img_01021.jpg,-0.06650000065565109
img_01022.jpg,-0.04399999976158142
img_01023.jpg,-0.025699999183416367
img_01024.jpg,0.014700000174343586
img_01025.jpg,0.014700000174343586
img_01026.jpg,0.014700000174343586
img_01027.jpg,0.015699999406933784
img_01028.jpg,0.012600000016391277
img_01029.jpg,0.009399999864399433
img_01030.jpg,0.005799999926239252
img_01031.jpg,-0.00419999985024333
img_01032.jpg,-0.004699999932199717
img_01033.jpg,-0.006300000008195639
img_01034.jpg,-0.006300000008195639
img_01035.jpg,-0.00839999970048666
img_01036.jpg,-0.00839999970048666
img_01037.jpg,0.004399999976158142
img_01038.jpg,0.02199999988079071
img_01039.jpg,0.03480000048875809
img_01040.jpg,0.05649999901652336
img_01041.jpg,0.059700001031160355
img_01042.jpg,0.08720000088214874
img_01043.jpg,0.10520000010728836
img_01044.jpg,0.10840000212192535
img_01045.jpg,0.11779999732971191
img_01046.jpg,0.10520000010728836
img_01047.jpg,0.08900000154972076
img_01048.jpg,0.07020000368356705
img_01049.jpg,0.04560000076889992
img_01050.jpg,0.025699999183416367
img_01051.jpg,-0.020400000736117363
img_01052.jpg,-0.02250000089406967
img_01053.jpg,-0.026200000196695328
img_01054.jpg,-0.0272000003606081
img_01055.jpg,-0.026200000196695328
img_01056.jpg,-0.023600000888109207
img_01057.jpg,-0.019899999722838402
img_01058.jpg,-0.016200000420212746
img_01059.jpg,-0.012600000016391277
img_01060.jpg,-0.006800000090152025
img_01061.jpg,0.007899999618530273
img_01062.jpg,0.007899999618530273
img_01063.jpg,0.015699999406933784
img_01064.jpg,0.019899999722838402
img_01065.jpg,0.019899999722838402
img_01066.jpg,0.02459999918937683
img_01067.jpg,0.025699999183416367
img_01068.jpg,0.025699999183416367
img_01069.jpg,0.025100000202655792
img_01070.jpg,0.02410000003874302
img_01071.jpg,0.023000000044703484
img_01072.jpg,0.023000000044703484
img_01073.jpg,0.020400000736117363
img_01074.jpg,0.01940000057220459
img_01075.jpg,0.018799999728798866
img_01076.jpg,0.01679999940097332
img_01077.jpg,0.01360000018030405
img_01078.jpg,0.009399999864399433
img_01079.jpg,0.005200000014156103
img_01080.jpg,-0.003700000001117587
img_01081.jpg,-0.004699999932199717
img_01082.jpg,-0.006300000008195639
img_01083.jpg,-0.006800000090152025
img_01084.jpg,-0.007300000172108412
img_01085.jpg,-0.007300000172108412
img_01086.jpg,-0.006800000090152025
img_01087.jpg,-0.006300000008195639
img_01088.jpg,-0.005799999926239252
img_01089.jpg,-0.005200000014156103
img_01090.jpg,-0.004699999932199717
img_01091.jpg,-0.00419999985024333
img_01092.jpg,-0.00419999985024333
img_01093.jpg,-0.003700000001117587
img_01094.jpg,-0.003700000001117587
img_01095.jpg,-0.003100000089034438
img_01096.jpg,-0.003100000089034438
img_01097.jpg,-0.003100000089034438
img_01098.jpg,-0.003100000089034438
img_01099.jpg,-0.003100000089034438
img_01100.jpg,-0.003100000089034438
img_01101.jpg,-0.003100000089034438
img_01102.jpg,-0.003700000001117587
img_01103.jpg,-0.003700000001117587
img_01104.jpg,-0.003700000001117587
img_01105.jpg,-0.003700000001117587
img_01106.jpg,-0.003700000001117587
img_01107.jpg,-0.003700000001117587
img_01108.jpg,-0.003700000001117587
img_01109.jpg,-0.003100000089034438
img_01110.jpg,-0.003100000089034438
img_01111.jpg,-0.003100000089034438
img_01112.jpg,-0.003100000089034438
img_01113.jpg,-0.003100000089034438
img_01114.jpg,-0.003100000089034438
img_01115.jpg,-0.003100000089034438
img_01116.jpg,-0.003100000089034438
img_01117.jpg,-0.003100000089034438
img_01118.jpg,-0.003100000089034438
img_01119.jpg,-0.003100000089034438
img_01120.jpg,-0.003100000089034438
img_01121.jpg,-0.003100000089034438
img_01122.jpg,-0.003100000089034438
img_01123.jpg,-0.007300000172108412
img_01124.jpg,-0.010499999858438969
img_01125.jpg,-0.020500000566244125
img_01126.jpg,-0.03400000184774399
img_01127.jpg,-0.042399998754262924
img_01128.jpg,-0.04919999837875366
img_01129.jpg,-0.054999999701976776
img_01130.jpg,-0.05860000103712082
img_01131.jpg,-0.06069999933242798
img_01132.jpg,-0.07490000128746033
img_01133.jpg,-0.08950000256299973
img_01134.jpg,-0.10109999775886536
img_01135.jpg,-0.10999999940395355
img_01136.jpg,-0.10999999940395355
img_01137.jpg,-0.1062999963760376
img_01138.jpg,-0.08799999952316284
img_01139.jpg,-0.06859999895095825
img_01140.jpg,-0.06859999895095825
img_01141.jpg,-0.02669999934732914
img_01142.jpg,0.018300000578165054
img_01143.jpg,0.020400000736117363
img_01144.jpg,0.030400000512599945
img_01145.jpg,0.04639999940991402
img_01146.jpg,0.06859999895095825
img_01147.jpg,0.08460000157356262
img_01148.jpg,0.10509999841451645
img_01149.jpg,0.11259999871253967
img_01150.jpg,0.11259999871253967
img_01151.jpg,0.09319999814033508
img_01152.jpg,0.07699999958276749
img_01153.jpg,0.06019999831914902
img_01154.jpg,0.03929999843239784
img_01155.jpg,0.02199999988079071
img_01156.jpg,-0.014100000262260437
img_01157.jpg,-0.015699999406933784
img_01158.jpg,-0.018799999728798866
img_01159.jpg,-0.019899999722838402
img_01160.jpg,-0.018300000578165054
img_01161.jpg,-0.016200000420212746
img_01162.jpg,-0.014100000262260437
img_01163.jpg,-0.010499999858438969
img_01164.jpg,-0.00839999970048666
img_01165.jpg,-0.00989999994635582
img_01166.jpg,-0.014100000262260437
img_01167.jpg,-0.01940000057220459
img_01168.jpg,-0.025699999183416367
img_01169.jpg,-0.02889999933540821
img_01170.jpg,-0.035100001841783524
img_01171.jpg,-0.03819999843835831
img_01172.jpg,-0.040800001472234726
img_01173.jpg,-0.042399998754262924
img_01174.jpg,-0.042399998754262924
img_01175.jpg,-0.04190000146627426
img_01176.jpg,-0.040800001472234726
img_01177.jpg,-0.037700001150369644
img_01178.jpg,-0.030899999663233757
img_01179.jpg,-0.02459999918937683
img_01180.jpg,-0.027799999341368675
img_01181.jpg,-0.03420000150799751
img_01182.jpg,-0.05290000140666962
img_01183.jpg,-0.0649000033736229
img_01184.jpg,-0.07490000128746033
img_01185.jpg,-0.0812000036239624
img_01186.jpg,-0.08330000191926956
img_01187.jpg,-0.08269999921321869
img_01188.jpg,-0.07850000262260437
img_01189.jpg,-0.0737999975681305
img_01190.jpg,-0.06859999895095825
img_01191.jpg,-0.052400000393390656
img_01192.jpg,-0.03400000184774399
img_01193.jpg,0.018799999728798866
img_01194.jpg,0.032499998807907104
img_01195.jpg,0.04529999941587448
img_01196.jpg,0.06669999659061432
img_01197.jpg,0.10260000079870224
img_01198.jpg,0.1265999972820282
img_01199.jpg,0.12720000743865967
img_01200.jpg,0.15729999542236328
img_01201.jpg,0.18219999969005585
img_01202.jpg,0.19580000638961792
img_01203.jpg,0.2053000032901764
img_01204.jpg,0.20319999754428864
img_01205.jpg,0.17910000681877136
img_01206.jpg,0.15029999613761902
img_01207.jpg,0.11150000244379044
img_01208.jpg,0.07699999958276749
img_01209.jpg,0.04560000076889992
img_01210.jpg,-0.0414000004529953
img_01211.jpg,-0.05180000141263008
img_01212.jpg,-0.06780000030994415
img_01213.jpg,-0.08330000191926956
img_01214.jpg,-0.0885000005364418
img_01215.jpg,-0.08900000154972076
img_01216.jpg,-0.08429999649524689
img_01217.jpg,-0.07639999687671661
img_01218.jpg,-0.06390000134706497
img_01219.jpg,-0.06390000134706497
img_01220.jpg,-0.04190000146627426
img_01221.jpg,-0.030899999663233757
img_01222.jpg,-0.023600000888109207
img_01223.jpg,-0.018300000578165054
img_01224.jpg,-0.015200000256299973
img_01225.jpg,-0.010999999940395355
img_01226.jpg,-0.006300000008195639
img_01227.jpg,0.004699999932199717
img_01228.jpg,0.007300000172108412
img_01229.jpg,0.00989999994635582
img_01230.jpg,0.012000000104308128
img_01231.jpg,0.00989999994635582
img_01232.jpg,-0.005200000014156103
img_01233.jpg,-0.009399999864399433
img_01234.jpg,-0.015699999406933784
img_01235.jpg,-0.02410000003874302
img_01236.jpg,-0.03139999881386757
img_01237.jpg,-0.03869999945163727
img_01238.jpg,-0.04399999976158142
img_01239.jpg,-0.047600001096725464
img_01240.jpg,-0.04969999939203262
img_01241.jpg,-0.05130000039935112
img_01242.jpg,-0.05130000039935112
img_01243.jpg,-0.05079999938607216
img_01244.jpg,-0.0502999983727932
img_01245.jpg,-0.04919999837875366
img_01246.jpg,-0.047600001096725464
img_01247.jpg,-0.04560000076889992
img_01248.jpg,-0.040300000458955765
img_01249.jpg,-0.03139999881386757
img_01250.jpg,-0.023000000044703484
img_01251.jpg,-0.014700000174343586
img_01252.jpg,0.00839999970048666
img_01253.jpg,0.005200000014156103
img_01254.jpg,0.003100000089034438
img_01255.jpg,-0.003700000001117587
img_01256.jpg,-0.010999999940395355
img_01257.jpg,-0.020600000396370888
img_01258.jpg,-0.03530000150203705
img_01259.jpg,-0.052400000393390656
img_01260.jpg,-0.06440000236034393
img_01261.jpg,-0.07440000027418137
img_01262.jpg,-0.08269999921321869
img_01263.jpg,-0.0885000005364418
img_01264.jpg,-0.09160000085830688
img_01265.jpg,-0.09160000085830688
img_01266.jpg,-0.09160000085830688
img_01267.jpg,-0.08900000154972076
img_01268.jpg,-0.08429999649524689
img_01269.jpg,-0.07590000331401825
img_01270.jpg,-0.06069999933242798
img_01271.jpg,-0.04610000178217888
img_01272.jpg,-0.02879999950528145
img_01273.jpg,0.01730000041425228
img_01274.jpg,0.018799999728798866
img_01275.jpg,0.02669999934732914
img_01276.jpg,0.02669999934732914
img_01277.jpg,0.05420000106096268
img_01278.jpg,0.06809999793767929
img_01279.jpg,0.08009999990463257
img_01280.jpg,0.09220000356435776
img_01281.jpg,0.10159999877214432
img_01282.jpg,0.10840000212192535
img_01283.jpg,0.10939999669790268
img_01284.jpg,0.09839999675750732
img_01285.jpg,0.09839999675750732
img_01286.jpg,0.04610000178217888
img_01287.jpg,-0.03350000083446503
img_01288.jpg,-0.03669999912381172
img_01289.jpg,-0.05649999901652336
img_01290.jpg,-0.06809999793767929
img_01291.jpg,-0.07440000027418137
img_01292.jpg,-0.07850000262260437
img_01293.jpg,-0.08429999649524689
img_01294.jpg,-0.0885000005364418
img_01295.jpg,-0.09319999814033508
img_01296.jpg,-0.09629999846220016
img_01297.jpg,-0.0989999994635582
img_01298.jpg,-0.10050000250339508
img_01299.jpg,-0.10050000250339508
img_01300.jpg,-0.10000000149011612
img_01301.jpg,-0.09790000319480896
img_01302.jpg,-0.09059999883174896
img_01303.jpg,-0.08269999921321869
img_01304.jpg,-0.08269999921321869
img_01305.jpg,-0.0649000033736229
img_01306.jpg,-0.0575999990105629
img_01307.jpg,-0.05130000039935112
img_01308.jpg,-0.04560000076889992
img_01309.jpg,-0.0471000000834465
img_01310.jpg,-0.05180000141263008
img_01311.jpg,-0.06340000033378601
img_01312.jpg,-0.07440000027418137
img_01313.jpg,-0.07440000027418137
img_01314.jpg,-0.09369999915361404
img_01315.jpg,-0.10000000149011612
img_01316.jpg,-0.10419999808073044
img_01317.jpg,-0.1046999990940094
img_01318.jpg,-0.10260000079870224
img_01319.jpg,-0.1062999963760376
img_01320.jpg,-0.11309999972581863
img_01321.jpg,-0.12039999663829803
img_01322.jpg,-0.12720000743865967
img_01323.jpg,-0.13249999284744263
img_01324.jpg,-0.1387999951839447
img_01325.jpg,-0.14659999310970306
img_01326.jpg,-0.15240000188350677
img_01327.jpg,-0.1565999984741211
img_01328.jpg,-0.15970000624656677
img_01329.jpg,-0.16019999980926514
img_01330.jpg,-0.15919999778270721
img_01331.jpg,-0.15600000321865082
img_01332.jpg,-0.15600000321865082
img_01333.jpg,-0.14920000731945038
img_01334.jpg,-0.14920000731945038
img_01335.jpg,-0.15080000460147858
img_01336.jpg,-0.1534000039100647
img_01337.jpg,-0.15710000693798065
img_01338.jpg,-0.1606999933719635
img_01339.jpg,-0.16279999911785126
img_01340.jpg,-0.15919999778270721
img_01341.jpg,-0.15449999272823334
img_01342.jpg,-0.15449999272823334
img_01343.jpg,-0.16339999437332153
img_01344.jpg,-0.17229999601840973
img_01345.jpg,-0.18639999628067017
img_01346.jpg,-0.14869999885559082
img_01347.jpg,-0.1387999951839447
img_01348.jpg,-0.14820000529289246
img_01349.jpg,-0.15919999778270721
img_01350.jpg,-0.1695999950170517
img_01351.jpg,-0.18379999697208405
img_01352.jpg,-0.19979999959468842
img_01353.jpg,-0.22200000286102295
img_01354.jpg,-0.23800000548362732
img_01355.jpg,-0.25519999861717224
img_01356.jpg,-0.2883000075817108
img_01357.jpg,-0.30970001220703125
img_01358.jpg,-0.3142000138759613
img_01359.jpg,-0.3142000138759613
img_01360.jpg,-0.3142000138759613
img_01361.jpg,-0.3142000138759613
img_01362.jpg,-0.3073999881744385
img_01363.jpg,-0.29269999265670776
img_01364.jpg,-0.2732999920845032
img_01365.jpg,-0.24560000002384186
img_01366.jpg,-0.22040000557899475
img_01367.jpg,-0.19789999723434448
img_01368.jpg,-0.17649999260902405
img_01369.jpg,-0.14820000529289246
img_01370.jpg,-0.12409999966621399
img_01371.jpg,-0.12409999966621399
img_01372.jpg,-0.09740000218153
img_01373.jpg,-0.09220000356435776
img_01374.jpg,-0.09790000319480896
img_01375.jpg,-0.11389999836683273
img_01376.jpg,-0.14399999380111694
img_01377.jpg,-0.1695999950170517
img_01378.jpg,-0.20409999787807465
img_01379.jpg,-0.2354000061750412
img_01380.jpg,-0.3142000138759613
img_01381.jpg,-0.3142000138759613
img_01382.jpg,-0.3142000138759613
img_01383.jpg,-0.3142000138759613
img_01384.jpg,-0.3142000138759613
img_01385.jpg,-0.3142000138759613
img_01386.jpg,-0.3142000138759613
img_01387.jpg,-0.3142000138759613
img_01388.jpg,-0.3142000138759613
img_01389.jpg,-0.31049999594688416
img_01390.jpg,-0.2948000133037567
img_01391.jpg,-0.27959999442100525
img_01392.jpg,-0.26910001039505005
img_01393.jpg,-0.25870001316070557
img_01394.jpg,-0.2508000135421753
img_01395.jpg,-0.24770000576972961
img_01396.jpg,-0.2418999969959259
img_01397.jpg,-0.24240000545978546
img_01398.jpg,-0.25839999318122864
img_01399.jpg,-0.28049999475479126
img_01400.jpg,-0.3018999993801117
img_01401.jpg,-0.3142000138759613
img_01402.jpg,-0.3142000138759613
img_01403.jpg,-0.3142000138759613
img_01404.jpg,-0.3142000138759613
img_01405.jpg,-0.3142000138759613
img_01406.jpg,-0.3142000138759613
img_01407.jpg,-0.3142000138759613
img_01408.jpg,-0.3142000138759613
img_01409.jpg,-0.3142000138759613
img_01410.jpg,-0.3142000138759613
img_01411.jpg,-0.2770000100135803
img_01412.jpg,-0.23559999465942383
img_01413.jpg,-0.19840000569820404
img_01414.jpg,-0.17020000517368317
img_01415.jpg,-0.15389999747276306
img_01416.jpg,-0.15389999747276306
img_01417.jpg,-0.131400004029274
img_01418.jpg,-0.11990000307559967
img_01419.jpg,-0.12099999934434891
img_01420.jpg,-0.1282999962568283
img_01421.jpg,-0.14239999651908875
img_01422.jpg,-0.15839999914169312
img_01423.jpg,-0.17980000376701355
img_01424.jpg,-0.20980000495910645
img_01425.jpg,-0.23319999873638153
img_01426.jpg,-0.2775000035762787
img_01427.jpg,-0.29010000824928284
img_01428.jpg,-0.2985000014305115
img_01429.jpg,-0.3142000138759613
img_01430.jpg,-0.3142000138759613
img_01431.jpg,-0.3142000138759613
img_01432.jpg,-0.3142000138759613
img_01433.jpg,-0.3142000138759613
img_01434.jpg,-0.3142000138759613
img_01435.jpg,-0.3142000138759613
img_01436.jpg,-0.3142000138759613
img_01437.jpg,-0.3142000138759613
img_01438.jpg,-0.3142000138759613
img_01439.jpg,-0.3142000138759613
img_01440.jpg,-0.30469998717308044
img_01441.jpg,-0.2937000095844269
img_01442.jpg,-0.28220000863075256
img_01443.jpg,-0.271699994802475
img_01444.jpg,-0.2623000144958496
img_01445.jpg,-0.2538999915122986
img_01446.jpg,-0.2434999942779541
img_01447.jpg,-0.23399999737739563
img_01448.jpg,-0.218299999833107
img_01449.jpg,-0.19059999287128448
img_01450.jpg,-0.16130000352859497
img_01451.jpg,-0.13089999556541443
img_01452.jpg,-0.0957999974489212
img_01453.jpg,-0.06700000166893005
img_01454.jpg,-0.04399999976158142
img_01455.jpg,-0.04399999976158142
img_01456.jpg,-0.020400000736117363
img_01457.jpg,-0.020400000736117363
img_01458.jpg,-0.08659999817609787
img_01459.jpg,-0.1964000016450882
img_01460.jpg,-0.3138999938964844
img_01461.jpg,-0.3142000138759613
img_01462.jpg,-0.3142000138759613
img_01463.jpg,-0.3142000138759613
img_01464.jpg,-0.3142000138759613
img_01465.jpg,-0.3142000138759613
img_01466.jpg,-0.3142000138759613
img_01467.jpg,-0.3142000138759613
img_01468.jpg,-0.3142000138759613
img_01469.jpg,-0.3142000138759613
img_01470.jpg,-0.3142000138759613
img_01471.jpg,-0.3142000138759613
img_01472.jpg,-0.3142000138759613
img_01473.jpg,-0.3142000138759613
img_01474.jpg,-0.3142000138759613
img_01475.jpg,-0.3142000138759613
img_01476.jpg,-0.3142000138759613
img_01477.jpg,-0.3142000138759613
img_01478.jpg,-0.3142000138759613
img_01479.jpg,-0.3142000138759613
img_01480.jpg,-0.3142000138759613
img_01481.jpg,-0.3142000138759613
img_01482.jpg,-0.3142000138759613
img_01483.jpg,-0.3142000138759613
img_01484.jpg,-0.3142000138759613
img_01485.jpg,-0.3142000138759613
img_01486.jpg,-0.3142000138759613
img_01487.jpg,-0.3142000138759613
img_01488.jpg,-0.3142000138759613
img_01489.jpg,-0.3142000138759613
img_01490.jpg,-0.2969000041484833
img_01491.jpg,-0.2969000041484833
img_01492.jpg,-0.2053000032901764
img_01493.jpg,-0.1550000011920929
img_01494.jpg,-0.11100000143051147
img_01495.jpg,-0.07590000331401825
img_01496.jpg,-0.04969999939203262
img_01497.jpg,-0.02930000051856041
img_01498.jpg,-0.018799999728798866
img_01499.jpg,0.010499999858438969
img_01500.jpg,0.010999999940395355
img_01501.jpg,0.01360000018030405
img_01502.jpg,0.014100000262260437
img_01503.jpg,0.014100000262260437
img_01504.jpg,0.013100000098347664
img_01505.jpg,0.010999999940395355
img_01506.jpg,0.005799999926239252
img_01507.jpg,-0.010200000368058681
img_01508.jpg,-0.017799999564886093
img_01509.jpg,-0.03350000083446503
img_01510.jpg,-0.05559999868273735
img_01511.jpg,-0.07909999787807465
img_01512.jpg,-0.0869000032544136
img_01513.jpg,-0.0885000005364418
img_01514.jpg,-0.08330000191926956
img_01515.jpg,-0.07119999825954437
img_01516.jpg,-0.05920000001788139
img_01517.jpg,-0.05920000001788139
img_01518.jpg,-0.040800001472234726
img_01519.jpg,-0.040800001472234726
img_01520.jpg,-0.02669999934732914
img_01521.jpg,-0.023000000044703484
img_01522.jpg,-0.019899999722838402
img_01523.jpg,-0.017799999564886093
img_01524.jpg,-0.010999999940395355
img_01525.jpg,0.008899999782443047
img_01526.jpg,0.018300000578165054
img_01527.jpg,0.030899999663233757
img_01528.jpg,0.05649999901652336
img_01529.jpg,0.07249999791383743
img_01530.jpg,0.10859999805688858
img_01531.jpg,0.16590000689029694
img_01532.jpg,0.20659999549388885
img_01533.jpg,0.2485000044107437
img_01534.jpg,0.2847999930381775
img_01535.jpg,0.2879999876022339
img_01536.jpg,0.289000004529953
img_01537.jpg,0.26759999990463257
img_01538.jpg,0.2402999997138977
img_01539.jpg,0.20160000026226044
img_01540.jpg,0.16699999570846558
img_01541.jpg,0.1356000006198883
img_01542.jpg,0.10790000110864639
img_01543.jpg,0.07959999889135361
img_01544.jpg,0.07959999889135361
img_01545.jpg,0.032499998807907104
img_01546.jpg,-0.023000000044703484
img_01547.jpg,-0.023600000888109207
img_01548.jpg,-0.023600000888109207
img_01549.jpg,-0.028300000354647636
img_01550.jpg,-0.0272000003606081
img_01551.jpg,-0.025100000202655792
img_01552.jpg,-0.02250000089406967
img_01553.jpg,-0.018300000578165054
img_01554.jpg,-0.015200000256299973
img_01555.jpg,-0.012000000104308128
img_01556.jpg,-0.009399999864399433
img_01557.jpg,-0.007899999618530273
img_01558.jpg,-0.006300000008195639
img_01559.jpg,-0.00419999985024333
img_01560.jpg,0.011500000022351742
img_01561.jpg,0.030700000002980232
img_01562.jpg,0.03189999982714653
img_01563.jpg,0.05339999869465828
img_01564.jpg,0.0940999984741211
img_01565.jpg,0.12030000239610672
img_01566.jpg,0.14190000295639038
img_01567.jpg,0.15760000050067902
img_01568.jpg,0.1728000044822693
img_01569.jpg,0.18219999969005585
img_01570.jpg,0.17329999804496765
img_01571.jpg,0.1460999995470047
img_01572.jpg,0.11569999903440475
img_01573.jpg,0.08479999750852585
img_01574.jpg,0.0560000017285347
img_01575.jpg,0.02979999966919422
img_01576.jpg,0.00419999985024333
img_01577.jpg,-0.0560000017285347
img_01578.jpg,-0.07199999690055847
img_01579.jpg,-0.10130000114440918
img_01580.jpg,-0.10679999738931656
img_01581.jpg,-0.13040000200271606
img_01582.jpg,-0.131400004029274
img_01583.jpg,-0.12720000743865967
img_01584.jpg,-0.12720000743865967
img_01585.jpg,-0.1046999990940094
img_01586.jpg,-0.09009999781847
img_01587.jpg,-0.07069999724626541
img_01588.jpg,-0.05079999938607216
img_01589.jpg,-0.025699999183416367
img_01590.jpg,-0.006500000134110451
img_01591.jpg,0.06440000236034393
img_01592.jpg,0.0835999995470047
img_01593.jpg,0.1290999948978424
img_01594.jpg,0.16410000622272491
img_01595.jpg,0.19269999861717224
img_01596.jpg,0.19529999792575836
img_01597.jpg,0.18799999356269836
img_01598.jpg,0.16859999299049377
img_01599.jpg,0.14820000529289246
img_01600.jpg,0.12780000269412994
img_01601.jpg,0.11569999903440475
img_01602.jpg,0.11729999631643295
img_01603.jpg,0.13089999556541443
img_01604.jpg,0.13410000503063202
img_01605.jpg,0.1720999926328659
img_01606.jpg,0.2013999968767166
img_01607.jpg,0.23019999265670776
img_01608.jpg,0.24140000343322754
img_01609.jpg,0.2597000002861023
img_01610.jpg,0.23669999837875366
img_01611.jpg,0.2053000032901764
img_01612.jpg,0.1695999950170517
img_01613.jpg,0.1282999962568283
img_01614.jpg,0.10419999808073044
img_01615.jpg,0.09220000356435776
img_01616.jpg,0.08900000154972076
img_01617.jpg,0.09529999643564224
img_01618.jpg,0.1046999990940094
img_01619.jpg,0.11429999768733978
img_01620.jpg,0.131400004029274
img_01621.jpg,0.14419999718666077
img_01622.jpg,0.1550000011920929
img_01623.jpg,0.15600000321865082
img_01624.jpg,0.1429000049829483
img_01625.jpg,0.12359999865293503
img_01626.jpg,0.10050000250339508
img_01627.jpg,0.07699999958276749
img_01628.jpg,0.054499998688697815
img_01629.jpg,0.02979999966919422
img_01630.jpg,-0.018799999728798866
img_01631.jpg,-0.018300000578165054
img_01632.jpg,-0.018799999728798866
img_01633.jpg,0.012000000104308128
img_01634.jpg,0.025699999183416367
img_01635.jpg,0.04170000180602074
img_01636.jpg,0.06400000303983688
img_01637.jpg,0.11299999803304672
img_01638.jpg,0.14339999854564667
img_01639.jpg,0.16050000488758087
img_01640.jpg,0.18410000205039978
img_01641.jpg,0.19429999589920044
img_01642.jpg,0.19840000569820404
img_01643.jpg,0.19949999451637268
img_01644.jpg,0.19370000064373016
img_01645.jpg,0.17910000681877136
img_01646.jpg,0.15809999406337738
img_01647.jpg,0.12359999865293503
img_01648.jpg,0.09109999984502792
img_01649.jpg,0.061799999326467514
img_01650.jpg,0.03610000014305115
img_01651.jpg,-0.025100000202655792
img_01652.jpg,-0.025100000202655792
img_01653.jpg,-0.028300000354647636
img_01654.jpg,-0.02199999988079071
img_01655.jpg,0.015699999406933784
img_01656.jpg,0.020899999886751175
img_01657.jpg,0.032499998807907104
img_01658.jpg,0.047600001096725464
img_01659.jpg,0.06129999831318855
img_01660.jpg,0.07329999655485153
img_01661.jpg,0.08590000122785568
img_01662.jpg,0.0957999974489212
img_01663.jpg,0.1031000018119812
img_01664.jpg,0.10939999669790268
img_01665.jpg,0.1136000007390976
img_01666.jpg,0.1136000007390976
img_01667.jpg,0.11050000041723251
img_01668.jpg,0.09839999675750732
img_01669.jpg,0.08269999921321869
img_01670.jpg,0.06539999693632126
img_01671.jpg,0.048700001090765
img_01672.jpg,0.02930000051856041
img_01673.jpg,0.02930000051856041
img_01674.jpg,-0.012000000104308128
img_01675.jpg,-0.01360000018030405
img_01676.jpg,-0.014100000262260437
img_01677.jpg,-0.012000000104308128
img_01678.jpg,-0.012000000104308128
img_01679.jpg,-0.007899999618530273
img_01680.jpg,-0.00989999994635582
img_01681.jpg,-0.014700000174343586
img_01682.jpg,-0.0215000007301569
img_01683.jpg,-0.030400000512599945
img_01684.jpg,-0.03869999945163727
img_01685.jpg,-0.04560000076889992
img_01686.jpg,-0.052400000393390656
img_01687.jpg,-0.057100001722574234
img_01688.jpg,-0.06019999831914902
img_01689.jpg,-0.06069999933242798
img_01690.jpg,-0.05920000001788139
img_01691.jpg,-0.05550000071525574
img_01692.jpg,-0.0502999983727932
img_01693.jpg,-0.0502999983727932
img_01694.jpg,-0.039799999445676804
img_01695.jpg,-0.035100001841783524
img_01696.jpg,-0.026200000196695328
img_01697.jpg,-0.018300000578165054
img_01698.jpg,-0.018300000578165054
img_01699.jpg,0.006800000090152025
img_01700.jpg,0.006300000008195639
img_01701.jpg,0.006800000090152025
img_01702.jpg,0.006800000090152025
img_01703.jpg,0.005799999926239252
img_01704.jpg,0.00419999985024333
img_01705.jpg,0.003100000089034438
img_01706.jpg,-0.0015999999595806003
img_01707.jpg,0.006800000090152025
img_01708.jpg,0.006800000090152025
img_01709.jpg,0.036400001496076584
img_01710.jpg,0.059700001031160355
img_01711.jpg,0.07890000194311142
img_01712.jpg,0.1062999963760376
img_01713.jpg,0.11909999698400497
img_01714.jpg,0.13529999554157257
img_01715.jpg,0.14239999651908875
img_01716.jpg,0.1445000022649765
img_01717.jpg,0.1356000006198883
img_01718.jpg,0.12300000339746475
img_01719.jpg,0.1046999990940094
img_01720.jpg,0.1046999990940094
img_01721.jpg,-0.0471000000834465
img_01722.jpg,-0.05990000069141388
img_01723.jpg,-0.07989999651908875
img_01724.jpg,-0.10270000249147415
img_01725.jpg,-0.14589999616146088
img_01726.jpg,-0.17520000040531158
img_01727.jpg,-0.18379999697208405
img_01728.jpg,-0.21359999477863312
img_01729.jpg,-0.2079000025987625
img_01730.jpg,-0.1915999948978424
img_01731.jpg,-0.16910000145435333
img_01732.jpg,-0.1371999979019165
img_01733.jpg,-0.10890000313520432
img_01734.jpg,-0.08529999852180481
img_01735.jpg,-0.06340000033378601
img_01736.jpg,-0.0502999983727932
img_01737.jpg,-0.04349999874830246
img_01738.jpg,-0.037700001150369644
img_01739.jpg,-0.02979999966919422
img_01740.jpg,-0.023000000044703484
img_01741.jpg,-0.017799999564886093
img_01742.jpg,-0.013100000098347664
img_01743.jpg,-0.009399999864399433
img_01744.jpg,-0.006800000090152025
img_01745.jpg,-0.005799999926239252
img_01746.jpg,-0.005200000014156103
img_01747.jpg,-0.005799999926239252
img_01748.jpg,-0.006300000008195639
img_01749.jpg,-0.007300000172108412
img_01750.jpg,-0.007300000172108412
img_01751.jpg,-0.006800000090152025
img_01752.jpg,-0.006300000008195639
img_01753.jpg,0.003100000089034438
img_01754.jpg,0.00419999985024333
img_01755.jpg,0.006300000008195639
img_01756.jpg,0.00989999994635582
img_01757.jpg,0.012600000016391277
img_01758.jpg,0.014700000174343586
img_01759.jpg,0.014700000174343586
img_01760.jpg,0.017799999564886093
img_01761.jpg,0.01730000041425228
img_01762.jpg,0.01360000018030405
img_01763.jpg,-0.00989999994635582
img_01764.jpg,-0.015699999406933784
img_01765.jpg,-0.02669999934732914
img_01766.jpg,-0.03629999980330467
img_01767.jpg,-0.05649999901652336
img_01768.jpg,-0.06930000334978104
img_01769.jpg,-0.08169999718666077
img_01770.jpg,-0.09369999915361404
img_01771.jpg,-0.10159999877214432
img_01772.jpg,-0.1046999990940094
img_01773.jpg,-0.10369999706745148
img_01774.jpg,-0.10050000250339508
img_01775.jpg,-0.09629999846220016
img_01776.jpg,-0.0812000036239624
img_01777.jpg,-0.06750000268220901
img_01778.jpg,-0.05649999901652336
img_01779.jpg,-0.04659999907016754
img_01780.jpg,-0.039799999445676804
img_01781.jpg,-0.035100001841783524
img_01782.jpg,-0.03139999881386757
img_01783.jpg,-0.030899999663233757
img_01784.jpg,-0.032499998807907104
img_01785.jpg,-0.035100001841783524
img_01786.jpg,-0.03720000013709068
img_01787.jpg,-0.03929999843239784
img_01788.jpg,-0.040300000458955765
img_01789.jpg,-0.040800001472234726
img_01790.jpg,-0.040800001472234726
img_01791.jpg,-0.03669999912381172
img_01792.jpg,-0.02930000051856041
img_01793.jpg,-0.023000000044703484
img_01794.jpg,-0.019899999722838402
img_01795.jpg,-0.018799999728798866
img_01796.jpg,-0.019899999722838402
img_01797.jpg,-0.02250000089406967
img_01798.jpg,-0.025100000202655792
img_01799.jpg,-0.028300000354647636
img_01800.jpg,-0.03610000014305115
img_01801.jpg,-0.05209999904036522
img_01802.jpg,-0.0608999989926815
img_01803.jpg,-0.09189999848604202
img_01804.jpg,-0.12330000102519989
img_01805.jpg,-0.1527000069618225
img_01806.jpg,-0.16940000653266907
img_01807.jpg,-0.19009999930858612
img_01808.jpg,-0.20319999754428864
img_01809.jpg,-0.210999995470047
img_01810.jpg,-0.21209999918937683
img_01811.jpg,-0.20679999887943268
img_01812.jpg,-0.20679999887943268
img_01813.jpg,-0.18219999969005585
img_01814.jpg,-0.17020000517368317
img_01815.jpg,-0.16019999980926514
img_01816.jpg,-0.15240000188350677
img_01817.jpg,-0.14710000157356262
img_01818.jpg,-0.14399999380111694
img_01819.jpg,-0.14350000023841858
img_01820.jpg,-0.14399999380111694
img_01821.jpg,-0.14499999582767487
img_01822.jpg,-0.14659999310970306
img_01823.jpg,-0.1429000049829483
img_01824.jpg,-0.1429000049829483
img_01825.jpg,-0.1429000049829483
img_01826.jpg,-0.1534000039100647
img_01827.jpg,-0.16130000352859497
img_01828.jpg,-0.16910000145435333
img_01829.jpg,-0.1754000037908554
img_01830.jpg,-0.18060000240802765
img_01831.jpg,-0.18330000340938568
img_01832.jpg,-0.1843000054359436
img_01833.jpg,-0.17910000681877136
img_01834.jpg,-0.17229999601840973
img_01835.jpg,-0.164900004863739
img_01836.jpg,-0.15449999272823334
img_01837.jpg,-0.1445000022649765
img_01838.jpg,-0.13249999284744263
img_01839.jpg,-0.11990000307559967
img_01840.jpg,-0.11569999903440475
img_01841.jpg,-0.11940000206232071
img_01842.jpg,-0.1298999935388565
img_01843.jpg,-0.13930000364780426
img_01844.jpg,-0.14659999310970306
img_01845.jpg,-0.14659999310970306
img_01846.jpg,-0.14920000731945038
img_01847.jpg,-0.15129999816417694
img_01848.jpg,-0.15449999272823334
img_01849.jpg,-0.15809999406337738
img_01850.jpg,-0.1606999933719635
img_01851.jpg,0.10050000250339508
img_01852.jpg,0.07069999724626541
img_01853.jpg,0.05649999901652336
img_01854.jpg,0.04610000178217888
img_01855.jpg,0.03819999843835831
img_01856.jpg,0.02930000051856041
img_01857.jpg,0.020400000736117363
img_01858.jpg,0.010999999940395355
img_01859.jpg,-0.0017999999690800905
img_01860.jpg,-0.01730000041425228
img_01861.jpg,-0.01730000041425228
img_01862.jpg,-0.03139999881386757
img_01863.jpg,-0.04450000077486038
img_01864.jpg,-0.05730000138282776
img_01865.jpg,-0.07280000299215317
img_01866.jpg,-0.0869000032544136
img_01867.jpg,-0.10289999842643738
img_01868.jpg,-0.1264999955892563
img_01869.jpg,-0.15379999577999115
img_01870.jpg,-0.1858000010251999
img_01871.jpg,-0.2167000025510788
img_01872.jpg,-0.2401999980211258
img_01873.jpg,-0.26159998774528503
img_01874.jpg,-0.2939999997615814
img_01875.jpg,-0.3142000138759613
img_01876.jpg,-0.3142000138759613
img_01877.jpg,-0.3142000138759613
img_01878.jpg,-0.3142000138759613
img_01879.jpg,-0.3142000138759613
img_01880.jpg,-0.3142000138759613
img_01881.jpg,-0.3142000138759613
img_01882.jpg,-0.3142000138759613
img_01883.jpg,-0.3142000138759613
img_01884.jpg,-0.3142000138759613
img_01885.jpg,-0.3142000138759613
img_01886.jpg,-0.3142000138759613
img_01887.jpg,-0.3142000138759613
img_01888.jpg,-0.3142000138759613
img_01889.jpg,-0.31360000371932983
img_01890.jpg,-0.31360000371932983
img_01891.jpg,-0.26809999346733093
img_01892.jpg,-0.21780000627040863
img_01893.jpg,-0.18479999899864197
img_01894.jpg,-0.16130000352859497
img_01895.jpg,-0.1445000022649765
img_01896.jpg,-0.14139999449253082
img_01897.jpg,-0.14350000023841858
img_01898.jpg,-0.14820000529289246
img_01899.jpg,-0.1565999984741211
img_01900.jpg,-0.16599999368190765
img_01901.jpg,-0.18060000240802765
img_01902.jpg,-0.19740000367164612
img_01903.jpg,-0.2101999968290329
img_01904.jpg,-0.22040000557899475
img_01905.jpg,-0.2451000064611435
img_01906.jpg,-0.2825999855995178
img_01907.jpg,-0.3107999861240387
img_01908.jpg,-0.3142000138759613
img_01909.jpg,-0.3142000138759613
img_01910.jpg,-0.3142000138759613
img_01911.jpg,-0.3142000138759613
img_01912.jpg,-0.3142000138759613
img_01913.jpg,-0.3142000138759613
img_01914.jpg,-0.3142000138759613
img_01915.jpg,-0.3142000138759613
img_01916.jpg,-0.3142000138759613
img_01917.jpg,-0.3142000138759613
img_01918.jpg,-0.289000004529953
img_01919.jpg,-0.289000004529953
img_01920.jpg,-0.2651999890804291
img_01921.jpg,-0.3142000138759613
img_01922.jpg,-0.3142000138759613
img_01923.jpg,-0.3142000138759613
img_01924.jpg,-0.3142000138759613
img_01925.jpg,-0.3142000138759613
img_01926.jpg,-0.3142000138759613
img_01927.jpg,-0.3142000138759613
img_01928.jpg,-0.3142000138759613
img_01929.jpg,-0.3142000138759613
img_01930.jpg,-0.3142000138759613
img_01931.jpg,-0.2732999920845032
img_01932.jpg,-0.2524000108242035
img_01933.jpg,-0.23399999737739563
img_01934.jpg,-0.21729999780654907
img_01935.jpg,-0.20579999685287476
img_01936.jpg,-0.19949999451637268
img_01937.jpg,-0.2053000032901764
img_01938.jpg,-0.21809999644756317
img_01939.jpg,-0.2442999929189682
img_01940.jpg,-0.2754000127315521
img_01941.jpg,-0.3009999990463257
img_01942.jpg,-0.3142000138759613
img_01943.jpg,-0.3142000138759613
img_01944.jpg,-0.3142000138759613
img_01945.jpg,-0.2953000068664551
img_01946.jpg,-0.28119999170303345
img_01947.jpg,-0.2759000062942505
img_01948.jpg,-0.27230000495910645
img_01949.jpg,-0.26910001039505005
img_01950.jpg,-0.24449999630451202
img_01951.jpg,-0.21780000627040863
img_01952.jpg,-0.19009999930858612
img_01953.jpg,-0.1565999984741211
img_01954.jpg,-0.1282999962568283
img_01955.jpg,-0.10939999669790268
img_01956.jpg,-0.10209999978542328
img_01957.jpg,-0.10159999877214432
img_01958.jpg,-0.09950000047683716
img_01959.jpg,-0.09009999781847
img_01960.jpg,-0.07169999927282333
img_01961.jpg,-0.05389999970793724
img_01962.jpg,-0.03669999912381172
img_01963.jpg,-0.020400000736117363
img_01964.jpg,0.011500000022351742
img_01965.jpg,0.008899999782443047
img_01966.jpg,0.008899999782443047
img_01967.jpg,-0.0071000000461936
img_01968.jpg,-0.0421999990940094
img_01969.jpg,-0.07169999927282333
img_01970.jpg,-0.13359999656677246
img_01971.jpg,-0.2087000012397766
img_01972.jpg,-0.2689000070095062
img_01973.jpg,-0.2964000105857849
img_01974.jpg,-0.3142000138759613
img_01975.jpg,-0.3125999867916107
img_01976.jpg,-0.29899999499320984
img_01977.jpg,-0.28119999170303345
img_01978.jpg,-0.26809999346733093
img_01979.jpg,-0.25600001215934753
img_01980.jpg,-0.23350000381469727
img_01981.jpg,-0.20630000531673431
img_01982.jpg,-0.17800000309944153
img_01983.jpg,-0.17800000309944153
img_01984.jpg,-0.11309999972581863
img_01985.jpg,-0.0885000005364418
img_01986.jpg,-0.06859999895095825
img_01987.jpg,-0.0502999983727932
img_01988.jpg,-0.0502999983727932
img_01989.jpg,-0.03350000083446503
img_01990.jpg,-0.05590000003576279
img_01991.jpg,-0.08320000022649765
img_01992.jpg,-0.09809999912977219
img_01993.jpg,-0.14069999754428864
img_01994.jpg,-0.16940000653266907
img_01995.jpg,-0.21930000185966492
img_01996.jpg,-0.25290000438690186
img_01997.jpg,-0.26570001244544983
img_01998.jpg,-0.26759999990463257
img_01999.jpg,-0.25290000438690186
img_02000.jpg,-0.22360000014305115
img_02001.jpg,-0.19370000064373016
img_02002.jpg,-0.16439999639987946
img_02003.jpg,-0.13670000433921814
img_02004.jpg,-0.10580000281333923
img_02005.jpg,-0.07639999687671661
img_02006.jpg,-0.04450000077486038
img_02007.jpg,0.02459999918937683
img_02008.jpg,0.020899999886751175
img_02009.jpg,0.02410000003874302
img_02010.jpg,0.023600000888109207
img_02011.jpg,0.020400000736117363
img_02012.jpg,0.015200000256299973
img_02013.jpg,0.00989999994635582
img_02014.jpg,-0.005200000014156103
img_02015.jpg,-0.004699999932199717
img_02016.jpg,-0.006800000090152025
img_02017.jpg,-0.00839999970048666
img_02018.jpg,-0.009399999864399433
img_02019.jpg,-0.009399999864399433
img_02020.jpg,-0.00989999994635582
img_02021.jpg,-0.009399999864399433
img_02022.jpg,-0.018300000578165054
img_02023.jpg,-0.03400000184774399
img_02024.jpg,-0.05640000104904175
img_02025.jpg,-0.06080000102519989
img_02026.jpg,-0.09629999846220016
img_02027.jpg,-0.11259999871253967
img_02028.jpg,-0.12359999865293503
img_02029.jpg,-0.12929999828338623
img_02030.jpg,-0.11990000307559967
img_02031.jpg,-0.10520000010728836
img_02032.jpg,-0.08219999819993973
img_02033.jpg,-0.06129999831318855
img_02034.jpg,-0.042399998754262924
img_02035.jpg,-0.026200000196695328
img_02036.jpg,0.015699999406933784
img_02037.jpg,0.014100000262260437
img_02038.jpg,0.014700000174343586
img_02039.jpg,0.01360000018030405
img_02040.jpg,0.011500000022351742
img_02041.jpg,0.007899999618530273
img_02042.jpg,0.00419999985024333
img_02043.jpg,-0.003100000089034438
img_02044.jpg,-0.004699999932199717
img_02045.jpg,-0.006300000008195639
img_02046.jpg,-0.007300000172108412
img_02047.jpg,-0.00839999970048666
img_02048.jpg,-0.006800000090152025
img_02049.jpg,0.009399999864399433
img_02050.jpg,0.02459999918937683
img_02051.jpg,0.0414000004529953
img_02052.jpg,0.060600001364946365
img_02053.jpg,0.07509999722242355
img_02054.jpg,0.09480000287294388
img_02055.jpg,0.10119999945163727
img_02056.jpg,0.11900000274181366
img_02057.jpg,0.11729999631643295
img_02058.jpg,0.1062999963760376
img_02059.jpg,0.08529999852180481
img_02060.jpg,0.06440000236034393
img_02061.jpg,0.03929999843239784
img_02062.jpg,-0.020400000736117363
img_02063.jpg,-0.020400000736117363
img_02064.jpg,-0.01730000041425228
img_02065.jpg,-0.0215000007301569
img_02066.jpg,-0.0215000007301569
img_02067.jpg,-0.020400000736117363
img_02068.jpg,-0.018300000578165054
img_02069.jpg,-0.015200000256299973
img_02070.jpg,-0.012600000016391277
img_02071.jpg,-0.00989999994635582
img_02072.jpg,-0.005799999926239252
img_02073.jpg,-0.005799999926239252
img_02074.jpg,0.00989999994635582
img_02075.jpg,0.014100000262260437
img_02076.jpg,0.018300000578165054
img_02077.jpg,0.0215000007301569
img_02078.jpg,0.023600000888109207
img_02079.jpg,0.025100000202655792
img_02080.jpg,0.025699999183416367
img_02081.jpg,0.025100000202655792
img_02082.jpg,0.02459999918937683
img_02083.jpg,0.023600000888109207
img_02084.jpg,0.02250000089406967
img_02085.jpg,0.020899999886751175
img_02086.jpg,0.019899999722838402
img_02087.jpg,0.01940000057220459
img_02088.jpg,0.016200000420212746
img_02089.jpg,0.012600000016391277
img_02090.jpg,0.008899999782443047
img_02091.jpg,-0.004699999932199717
img_02092.jpg,-0.00419999985024333
img_02093.jpg,-0.004699999932199717
img_02094.jpg,-0.005799999926239252
img_02095.jpg,-0.005799999926239252
img_02096.jpg,-0.005799999926239252
img_02097.jpg,-0.005799999926239252
img_02098.jpg,-0.005799999926239252
img_02099.jpg,-0.005200000014156103
img_02100.jpg,-0.005200000014156103
img_02101.jpg,-0.004699999932199717
img_02102.jpg,-0.00419999985024333
img_02103.jpg,-0.00419999985024333
img_02104.jpg,-0.003700000001117587
img_02105.jpg,-0.003700000001117587
img_02106.jpg,-0.003700000001117587
img_02107.jpg,-0.003100000089034438
img_02108.jpg,-0.003100000089034438
img_02109.jpg,-0.003100000089034438
img_02110.jpg,-0.003100000089034438
img_02111.jpg,-0.003100000089034438
img_02112.jpg,-0.003700000001117587
img_02113.jpg,-0.003700000001117587
img_02114.jpg,-0.003700000001117587
img_02115.jpg,-0.003700000001117587
img_02116.jpg,-0.003700000001117587
img_02117.jpg,-0.003700000001117587
img_02118.jpg,-0.003700000001117587
img_02119.jpg,-0.003700000001117587
img_02120.jpg,-0.003100000089034438
img_02121.jpg,-0.003100000089034438
img_02122.jpg,-0.003100000089034438
img_02123.jpg,-0.003100000089034438
img_02124.jpg,-0.003100000089034438
img_02125.jpg,-0.003100000089034438
img_02126.jpg,-0.003100000089034438
img_02127.jpg,-0.003100000089034438
img_02128.jpg,-0.003100000089034438
img_02129.jpg,-0.003100000089034438
img_02130.jpg,-0.003100000089034438
img_02131.jpg,-0.003100000089034438
img_02132.jpg,-0.003100000089034438
img_02133.jpg,-0.003100000089034438
img_02134.jpg,-0.003100000089034438
img_02135.jpg,-0.008899999782443047
img_02136.jpg,-0.01679999940097332
img_02137.jpg,-0.025699999183416367
img_02138.jpg,-0.03610000014305115
img_02139.jpg,-0.04450000077486038
img_02140.jpg,-0.05130000039935112
img_02141.jpg,-0.057100001722574234
img_02142.jpg,-0.057100001722574234
img_02143.jpg,-0.06539999693632126
img_02144.jpg,-0.08060000091791153
img_02145.jpg,-0.08060000091791153
img_02146.jpg,-0.1062999963760376
img_02147.jpg,-0.11309999972581863
img_02148.jpg,-0.11309999972581863
img_02149.jpg,-0.10209999978542328
img_02150.jpg,-0.08169999718666077
img_02151.jpg,-0.061799999326467514
img_02152.jpg,-0.04190000146627426
img_02153.jpg,0.02250000089406967
img_02154.jpg,0.01940000057220459
img_02155.jpg,0.02979999966919422
img_02156.jpg,0.04349999874830246
img_02157.jpg,0.059700001031160355
img_02158.jpg,0.06289999932050705
img_02159.jpg,0.08649999648332596
img_02160.jpg,0.11100000143051147
img_02161.jpg,0.10890000313520432
img_02162.jpg,0.0989999994635582
img_02163.jpg,0.08529999852180481
img_02164.jpg,0.06440000236034393
img_02165.jpg,0.04500000178813934
img_02166.jpg,0.028300000354647636
img_02167.jpg,-0.01730000041425228
img_02168.jpg,-0.016200000420212746
img_02169.jpg,-0.018300000578165054
img_02170.jpg,-0.018799999728798866
img_02171.jpg,-0.017799999564886093
img_02172.jpg,-0.015699999406933784
img_02173.jpg,-0.013100000098347664
img_02174.jpg,-0.00989999994635582
img_02175.jpg,-0.00989999994635582
img_02176.jpg,-0.00839999970048666
img_02177.jpg,-0.011500000022351742
img_02178.jpg,-0.016200000420212746
img_02179.jpg,-0.020899999886751175
img_02180.jpg,-0.0272000003606081
img_02181.jpg,-0.03189999982714653
img_02182.jpg,-0.03610000014305115
img_02183.jpg,-0.03929999843239784
img_02184.jpg,-0.0414000004529953
img_02185.jpg,-0.042399998754262924
img_02186.jpg,-0.042399998754262924
img_02187.jpg,-0.04190000146627426
img_02188.jpg,-0.040300000458955765
img_02189.jpg,-0.03460000082850456
img_02190.jpg,-0.02879999950528145
img_02191.jpg,-0.025699999183416367
img_02192.jpg,-0.03400000184774399
img_02193.jpg,-0.04039999842643738
img_02194.jpg,-0.06069999933242798
img_02195.jpg,-0.07119999825954437
img_02196.jpg,-0.07850000262260437
img_02197.jpg,-0.08219999819993973
img_02198.jpg,-0.08169999718666077
img_02199.jpg,-0.08169999718666077
img_02200.jpg,-0.07540000230073929
img_02201.jpg,-0.06960000097751617
img_02202.jpg,-0.05920000001788139
img_02203.jpg,-0.04399999976158142
img_02204.jpg,0.02250000089406967
img_02205.jpg,0.02459999918937683
img_02206.jpg,0.040800001472234726
img_02207.jpg,0.0568000003695488
img_02208.jpg,0.0771000012755394
img_02209.jpg,0.10819999873638153
img_02210.jpg,0.1339000016450882
img_02211.jpg,0.15970000624656677
img_02212.jpg,0.17589999735355377
img_02213.jpg,0.19220000505447388
img_02214.jpg,0.20419999957084656
img_02215.jpg,0.19840000569820404
img_02216.jpg,0.19840000569820404
img_02217.jpg,0.15549999475479126
img_02218.jpg,0.11829999834299088
img_02219.jpg,0.08529999852180481
img_02220.jpg,0.05550000071525574
img_02221.jpg,-0.04190000146627426
img_02222.jpg,-0.048700001090765
img_02223.jpg,-0.06340000033378601
img_02224.jpg,-0.07590000331401825
img_02225.jpg,-0.07590000331401825
img_02226.jpg,-0.08429999649524689
img_02227.jpg,-0.08330000191926956
img_02228.jpg,-0.08330000191926956
img_02229.jpg,-0.06599999964237213
img_02230.jpg,-0.0560000017285347
img_02231.jpg,-0.04399999976158142
img_02232.jpg,-0.03460000082850456
img_02233.jpg,-0.0272000003606081
img_02234.jpg,-0.020899999886751175
img_02235.jpg,-0.01730000041425228
img_02236.jpg,-0.014700000174343586
img_02237.jpg,-0.008899999782443047
img_02238.jpg,0.005200000014156103
img_02239.jpg,0.005799999926239252
img_02240.jpg,0.008899999782443047
img_02241.jpg,0.010999999940395355
img_02242.jpg,0.011500000022351742
img_02243.jpg,-0.005799999926239252
img_02244.jpg,-0.007300000172108412
img_02245.jpg,-0.012600000016391277
img_02246.jpg,-0.020400000736117363
img_02247.jpg,-0.020400000736117363
img_02248.jpg,-0.03400000184774399
img_02249.jpg,-0.040800001472234726
img_02250.jpg,-0.04500000178813934
img_02251.jpg,-0.04820000007748604
img_02252.jpg,-0.04969999939203262
img_02253.jpg,-0.05079999938607216
img_02254.jpg,-0.05079999938607216
img_02255.jpg,-0.0502999983727932
img_02256.jpg,-0.04919999837875366
img_02257.jpg,-0.04820000007748604
img_02258.jpg,-0.04659999907016754
img_02259.jpg,-0.04560000076889992
img_02260.jpg,-0.03869999945163727
img_02261.jpg,-0.030899999663233757
img_02262.jpg,-0.023000000044703484
img_02263.jpg,-0.01360000018030405
img_02264.jpg,0.007300000172108412
img_02265.jpg,0.004699999932199717
img_02266.jpg,0.003100000089034438
img_02267.jpg,-0.0026000000070780516
img_02268.jpg,-0.013100000098347664
img_02269.jpg,-0.025699999183416367
img_02270.jpg,-0.03869999945163727
img_02271.jpg,-0.05389999970793724
img_02272.jpg,-0.06650000065565109
img_02273.jpg,-0.07639999687671661
img_02274.jpg,-0.08330000191926956
img_02275.jpg,-0.08900000154972076
img_02276.jpg,-0.09109999984502792
img_02277.jpg,-0.09220000356435776
img_02278.jpg,-0.09059999883174896
img_02279.jpg,-0.0885000005364418
img_02280.jpg,-0.08429999649524689
img_02281.jpg,-0.07329999655485153
img_02282.jpg,-0.06019999831914902
img_02283.jpg,-0.04659999907016754
img_02284.jpg,-0.02979999966919422
img_02285.jpg,-0.02979999966919422
img_02286.jpg,0.01730000041425228
img_02287.jpg,0.02930000051856041
img_02288.jpg,0.042399998754262924
img_02289.jpg,0.05550000071525574
img_02290.jpg,0.07069999724626541
img_02291.jpg,0.0771000012755394
img_02292.jpg,0.09369999915361404
img_02293.jpg,0.09690000116825104
img_02294.jpg,0.11100000143051147
img_02295.jpg,0.11309999972581863
img_02296.jpg,0.10260000079870224
img_02297.jpg,0.07850000262260437
img_02298.jpg,0.047600001096725464
img_02299.jpg,-0.032499998807907104
img_02300.jpg,-0.04529999941587448
img_02301.jpg,-0.05889999866485596
img_02302.jpg,-0.07490000128746033
img_02303.jpg,-0.0812000036239624
img_02304.jpg,-0.08739999681711197
img_02305.jpg,-0.09160000085830688
img_02306.jpg,-0.09529999643564224
img_02307.jpg,-0.09790000319480896
img_02308.jpg,-0.10000000149011612
img_02309.jpg,-0.10109999775886536
img_02310.jpg,-0.10109999775886536
img_02311.jpg,-0.10000000149011612
img_02312.jpg,-0.09790000319480896
img_02313.jpg,-0.09790000319480896
img_02314.jpg,-0.08529999852180481
img_02315.jpg,-0.07590000331401825
img_02316.jpg,-0.06750000268220901
img_02317.jpg,-0.06019999831914902
img_02318.jpg,-0.052400000393390656
img_02319.jpg,-0.052400000393390656
img_02320.jpg,-0.04500000178813934
img_02321.jpg,-0.04820000007748604
img_02322.jpg,-0.05810000002384186
img_02323.jpg,-0.06859999895095825
img_02324.jpg,-0.07909999787807465
img_02325.jpg,-0.08950000256299973
img_02326.jpg,-0.09740000218153
img_02327.jpg,-0.10260000079870224
img_02328.jpg,-0.1046999990940094
img_02329.jpg,-0.10369999706745148
img_02330.jpg,-0.10419999808073044
img_02331.jpg,-0.11309999972581863
img_02332.jpg,-0.12150000035762787
img_02333.jpg,-0.1282999962568283
img_02334.jpg,-0.13189999759197235
img_02335.jpg,-0.13189999759197235
img_02336.jpg,-0.13989999890327454
img_02337.jpg,-0.14869999885559082
img_02338.jpg,-0.14869999885559082
img_02339.jpg,-0.15710000693798065
img_02340.jpg,-0.15870000422000885
img_02341.jpg,-0.15870000422000885
img_02342.jpg,-0.15710000693798065
img_02343.jpg,-0.15449999272823334
img_02344.jpg,-0.15029999613761902
img_02345.jpg,-0.14710000157356262
img_02346.jpg,-0.14710000157356262
img_02347.jpg,-0.14970000088214874
img_02348.jpg,-0.15289999544620514
img_02349.jpg,-0.1565999984741211
img_02350.jpg,-0.16019999980926514
img_02351.jpg,-0.1623000055551529
img_02352.jpg,-0.15970000624656677
img_02353.jpg,-0.15449999272823334
img_02354.jpg,-0.15600000321865082
img_02355.jpg,-0.164900004863739
img_02356.jpg,-0.164900004863739
img_02357.jpg,-0.18690000474452972
img_02358.jpg,-0.15240000188350677
img_02359.jpg,-0.14399999380111694
img_02360.jpg,-0.14920000731945038
img_02361.jpg,-0.15970000624656677
img_02362.jpg,-0.1680999994277954
img_02363.jpg,-0.1808999925851822
img_02364.jpg,-0.20029999315738678
img_02365.jpg,-0.21649999916553497
img_02366.jpg,-0.23669999837875366
img_02367.jpg,-0.257099986076355
img_02368.jpg,-0.27630001306533813
img_02369.jpg,-0.29980000853538513
img_02370.jpg,-0.3142000138759613
img_02371.jpg,-0.3142000138759613
img_02372.jpg,-0.3142000138759613
img_02373.jpg,-0.3142000138759613
img_02374.jpg,-0.3100000023841858
img_02375.jpg,-0.2969000041484833
img_02376.jpg,-0.2786000072956085
img_02377.jpg,-0.257099986076355
img_02378.jpg,-0.22830000519752502
img_02379.jpg,-0.20419999957084656
img_02380.jpg,-0.18119999766349792
img_02381.jpg,-0.1518000066280365
img_02382.jpg,-0.1266999989748001
img_02383.jpg,-0.10790000110864639
img_02384.jpg,-0.10790000110864639
img_02385.jpg,-0.09009999781847
img_02386.jpg,-0.09059999883174896
img_02387.jpg,-0.10660000145435333
img_02388.jpg,-0.1200999990105629
img_02389.jpg,-0.14139999449253082
img_02390.jpg,-0.2004999965429306
img_02391.jpg,-0.23019999265670776
img_02392.jpg,-0.3142000138759613
img_02393.jpg,-0.3142000138759613
img_02394.jpg,-0.3142000138759613
img_02395.jpg,-0.3142000138759613
img_02396.jpg,-0.3142000138759613
img_02397.jpg,-0.3142000138759613
img_02398.jpg,-0.3142000138759613
img_02399.jpg,-0.3142000138759613
img_02400.jpg,-0.3142000138759613
img_02401.jpg,-0.30889999866485596
img_02402.jpg,-0.29269999265670776
img_02403.jpg,-0.2791000008583069
img_02404.jpg,-0.2685999870300293
img_02405.jpg,-0.25920000672340393
img_02406.jpg,-0.25290000438690186
img_02407.jpg,-0.2508000135421753
img_02408.jpg,-0.24609999358654022
img_02409.jpg,-0.2418999969959259
img_02410.jpg,-0.2554999887943268
img_02411.jpg,-0.27469998598098755
img_02412.jpg,-0.30079999566078186
img_02413.jpg,-0.3142000138759613
img_02414.jpg,-0.3142000138759613
img_02415.jpg,-0.3142000138759613
img_02416.jpg,-0.3142000138759613
img_02417.jpg,-0.3142000138759613
img_02418.jpg,-0.3142000138759613
img_02419.jpg,-0.3142000138759613
img_02420.jpg,-0.3142000138759613
img_02421.jpg,-0.3142000138759613
img_02422.jpg,-0.3142000138759613
img_02423.jpg,-0.3142000138759613
img_02424.jpg,-0.26489999890327454
img_02425.jpg,-0.21729999780654907
img_02426.jpg,-0.18060000240802765
img_02427.jpg,-0.1550000011920929
img_02428.jpg,-0.14399999380111694
img_02429.jpg,-0.13300000131130219
img_02430.jpg,-0.11890000104904175
img_02431.jpg,-0.11620000004768372
img_02432.jpg,-0.12200000137090683
img_02433.jpg,-0.1340000033378601
img_02434.jpg,-0.1436000019311905
img_02435.jpg,-0.17409999668598175
img_02436.jpg,-0.2013999968767166
img_02437.jpg,-0.23350000381469727
img_02438.jpg,-0.26159998774528503
img_02439.jpg,-0.2851000130176544
img_02440.jpg,-0.29269999265670776
img_02441.jpg,-0.30869999527931213
img_02442.jpg,-0.3142000138759613
img_02443.jpg,-0.3142000138759613
img_02444.jpg,-0.3142000138759613
img_02445.jpg,-0.3142000138759613
img_02446.jpg,-0.3142000138759613
img_02447.jpg,-0.3142000138759613
img_02448.jpg,-0.3142000138759613
img_02449.jpg,-0.3142000138759613
img_02450.jpg,-0.3142000138759613
img_02451.jpg,-0.3142000138759613
img_02452.jpg,-0.3073999881744385
img_02453.jpg,-0.2948000133037567
img_02454.jpg,-0.2948000133037567
img_02455.jpg,-0.2827000021934509
img_02456.jpg,-0.26179999113082886
img_02457.jpg,-0.2538999915122986
img_02458.jpg,-0.24240000545978546
img_02459.jpg,-0.23199999332427979
img_02460.jpg,-0.2152000069618225
img_02461.jpg,-0.2152000069618225
img_02462.jpg,-0.1565999984741211
img_02463.jpg,-0.1266999989748001
img_02464.jpg,-0.09839999675750732
img_02465.jpg,-0.06750000268220901
img_02466.jpg,-0.04399999976158142
img_02467.jpg,-0.02879999950528145
img_02468.jpg,-0.02879999950528145
img_02469.jpg,-0.03480000048875809
img_02470.jpg,-0.10499999672174454
img_02471.jpg,-0.18539999425411224
img_02472.jpg,-0.29980000853538513
img_02473.jpg,-0.3142000138759613
img_02474.jpg,-0.3142000138759613
img_02475.jpg,-0.3142000138759613
img_02476.jpg,-0.3142000138759613
img_02477.jpg,-0.3142000138759613
img_02478.jpg,-0.3142000138759613
img_02479.jpg,-0.3142000138759613
img_02480.jpg,-0.3142000138759613
img_02481.jpg,-0.3142000138759613
img_02482.jpg,-0.3142000138759613
img_02483.jpg,-0.3142000138759613
img_02484.jpg,-0.3142000138759613
img_02485.jpg,-0.3142000138759613
img_02486.jpg,-0.3142000138759613
img_02487.jpg,-0.3142000138759613
img_02488.jpg,-0.3142000138759613
img_02489.jpg,-0.3142000138759613
img_02490.jpg,-0.3142000138759613
img_02491.jpg,-0.3142000138759613
img_02492.jpg,-0.3142000138759613
img_02493.jpg,-0.3142000138759613
img_02494.jpg,-0.3142000138759613
img_02495.jpg,-0.3142000138759613
img_02496.jpg,-0.3142000138759613
img_02497.jpg,-0.3142000138759613
img_02498.jpg,-0.3142000138759613
img_02499.jpg,-0.3142000138759613
img_02500.jpg,-0.3142000138759613
img_02501.jpg,-0.3142000138759613
img_02502.jpg,-0.3037000000476837
img_02503.jpg,-0.25600001215934753
img_02504.jpg,-0.25600001215934753
img_02505.jpg,-0.14869999885559082
img_02506.jpg,-0.10109999775886536
img_02507.jpg,-0.06390000134706497
img_02508.jpg,-0.03819999843835831
img_02509.jpg,-0.019899999722838402
img_02510.jpg,-0.010499999858438969
img_02511.jpg,0.008899999782443047
img_02512.jpg,0.011500000022351742
img_02513.jpg,0.014100000262260437
img_02514.jpg,0.015200000256299973
img_02515.jpg,0.014700000174343586
img_02516.jpg,0.014100000262260437
img_02517.jpg,0.012000000104308128
img_02518.jpg,-0.004000000189989805
img_02519.jpg,-0.015200000256299973
img_02520.jpg,-0.03669999912381172
img_02521.jpg,-0.05180000141263008
img_02522.jpg,-0.06700000166893005
img_02523.jpg,-0.07850000262260437
img_02524.jpg,-0.07850000262260437
img_02525.jpg,-0.08590000122785568
img_02526.jpg,-0.07800000160932541
img_02527.jpg,-0.06750000268220901
img_02528.jpg,-0.05649999901652336
img_02529.jpg,-0.047600001096725464
img_02530.jpg,-0.03819999843835831
img_02531.jpg,-0.03139999881386757
img_02532.jpg,-0.02669999934732914
img_02533.jpg,-0.02250000089406967
img_02534.jpg,-0.020400000736117363
img_02535.jpg,-0.01730000041425228
img_02536.jpg,0.00989999994635582
img_02537.jpg,0.013100000098347664
img_02538.jpg,0.013100000098347664
img_02539.jpg,0.027899999171495438
img_02540.jpg,0.04450000077486038
img_02541.jpg,0.08550000190734863
img_02542.jpg,0.11150000244379044
img_02543.jpg,0.16519999504089355
img_02544.jpg,0.2029000073671341
img_02545.jpg,0.2460000067949295
img_02546.jpg,0.2667999863624573
img_02547.jpg,0.27489998936653137
img_02548.jpg,0.2833000123500824
img_02549.jpg,0.26339998841285706
img_02550.jpg,0.23819999396800995
img_02551.jpg,0.20110000669956207
img_02552.jpg,0.16760000586509705
img_02553.jpg,0.13670000433921814
img_02554.jpg,0.10939999669790268
img_02555.jpg,0.0812000036239624
img_02556.jpg,0.05810000002384186
img_02557.jpg,0.03610000014305115
img_02558.jpg,-0.02250000089406967
img_02559.jpg,-0.0215000007301569
img_02560.jpg,-0.02459999918937683
img_02561.jpg,-0.025100000202655792
img_02562.jpg,-0.02410000003874302
img_02563.jpg,-0.0215000007301569
img_02564.jpg,-0.018300000578165054
img_02565.jpg,-0.015699999406933784
img_02566.jpg,-0.012600000016391277
img_02567.jpg,-0.010499999858438969
img_02568.jpg,-0.010499999858438969
img_02569.jpg,-0.007300000172108412
img_02570.jpg,-0.006300000008195639
img_02571.jpg,-0.005799999926239252
img_02572.jpg,0.003100000089034438
img_02573.jpg,0.01590000092983246
img_02574.jpg,0.03669999912381172
img_02575.jpg,0.03669999912381172
img_02576.jpg,0.08269999921321869
img_02577.jpg,0.10580000281333923
img_02578.jpg,0.121799997985363
img_02579.jpg,0.1266999989748001
img_02580.jpg,0.16099999845027924
img_02581.jpg,0.17749999463558197
img_02582.jpg,0.1826999932527542
img_02583.jpg,0.16439999639987946
img_02584.jpg,0.13930000364780426
img_02585.jpg,0.10209999978542328
img_02586.jpg,0.06809999793767929
img_02587.jpg,0.037700001150369644
img_02588.jpg,-0.0272000003606081
img_02589.jpg,-0.04320000112056732
img_02590.jpg,-0.065700002014637
img_02591.jpg,-0.09040000289678574
img_02592.jpg,-0.10999999940395355
img_02593.jpg,-0.12150000035762787
img_02594.jpg,-0.1256999969482422
img_02595.jpg,-0.12359999865293503
img_02596.jpg,-0.11779999732971191
img_02597.jpg,-0.10679999738931656
img_02598.jpg,-0.09629999846220016
img_02599.jpg,-0.08219999819993973
img_02600.jpg,-0.05810000002384186
img_02601.jpg,-0.03610000014305115
img_02602.jpg,0.019899999722838402
img_02603.jpg,0.029500000178813934
img_02604.jpg,0.07270000129938126
img_02605.jpg,0.10499999672174454
img_02606.jpg,0.13899999856948853
img_02607.jpg,0.15029999613761902
img_02608.jpg,0.1712999939918518
img_02609.jpg,0.17440000176429749
img_02610.jpg,0.16599999368190765
img_02611.jpg,0.15289999544620514
img_02612.jpg,0.13819999992847443
img_02613.jpg,0.12039999663829803
img_02614.jpg,0.11309999972581863
img_02615.jpg,0.11620000004768372
img_02616.jpg,0.1371999979019165
img_02617.jpg,0.15000000596046448
img_02618.jpg,0.17560000717639923
img_02619.jpg,0.20340000092983246
img_02620.jpg,0.2321999967098236
img_02621.jpg,0.2542000114917755
img_02622.jpg,0.2581000030040741
img_02623.jpg,0.2581000030040741
img_02624.jpg,0.24089999496936798
img_02625.jpg,0.16910000145435333
img_02626.jpg,0.12929999828338623
img_02627.jpg,0.10520000010728836
img_02628.jpg,0.09319999814033508
img_02629.jpg,0.09059999883174896
img_02630.jpg,0.09690000116825104
img_02631.jpg,0.10679999738931656
img_02632.jpg,0.10679999738931656
img_02633.jpg,0.13109999895095825
img_02634.jpg,0.14560000598430634
img_02635.jpg,0.15600000321865082
img_02636.jpg,0.15970000624656677
img_02637.jpg,0.15449999272823334
img_02638.jpg,0.13300000131130219
img_02639.jpg,0.10890000313520432
img_02640.jpg,0.08380000293254852
img_02641.jpg,0.05389999970793724
img_02642.jpg,0.02930000051856041
img_02643.jpg,0.02930000051856041
img_02644.jpg,-0.02199999988079071
img_02645.jpg,-0.02459999918937683
img_02646.jpg,-0.015200000256299973
img_02647.jpg,-0.012000000104308128
img_02648.jpg,0.031099999323487282
img_02649.jpg,0.07320000231266022
img_02650.jpg,0.09769999980926514
img_02651.jpg,0.12330000102519989
img_02652.jpg,0.15549999475479126
img_02653.jpg,0.1712000072002411
img_02654.jpg,0.1843000054359436
img_02655.jpg,0.1843000054359436
img_02656.jpg,0.19480000436306
img_02657.jpg,0.19370000064373016
img_02658.jpg,0.18690000474452972
img_02659.jpg,0.17170000076293945
img_02660.jpg,0.15029999613761902
img_02661.jpg,0.11620000004768372
img_02662.jpg,0.08479999750852585
img_02663.jpg,0.05649999901652336
img_02664.jpg,-0.02930000051856041
img_02665.jpg,-0.02930000051856041
img_02666.jpg,-0.025100000202655792
img_02667.jpg,-0.020899999886751175
img_02668.jpg,-0.010999999940395355
img_02669.jpg,0.0017999999690800905
img_02670.jpg,0.023000000044703484
img_02671.jpg,0.035599999129772186
img_02672.jpg,0.051600001752376556
img_02673.jpg,0.06520000100135803
img_02674.jpg,0.07850000262260437
img_02675.jpg,0.09109999984502792
img_02676.jpg,0.10050000250339508
img_02677.jpg,0.10790000110864639
img_02678.jpg,0.11309999972581863
img_02679.jpg,0.11680000275373459
img_02680.jpg,0.11829999834299088
img_02681.jpg,0.1151999980211258
img_02682.jpg,0.09950000047683716
img_02683.jpg,0.08169999718666077
img_02684.jpg,0.06279999762773514
img_02685.jpg,0.040300000458955765
img_02686.jpg,0.02250000089406967
img_02687.jpg,-0.01730000041425228
img_02688.jpg,-0.018300000578165054
img_02689.jpg,-0.020899999886751175
img_02690.jpg,-0.020400000736117363
img_02691.jpg,-0.018300000578165054
img_02692.jpg,-0.015200000256299973
img_02693.jpg,-0.01360000018030405
img_02694.jpg,-0.01730000041425228
img_02695.jpg,-0.01730000041425228
img_02696.jpg,-0.02879999950528145
img_02697.jpg,-0.035100001841783524
img_02698.jpg,-0.042899999767541885
img_02699.jpg,-0.04610000178217888
img_02700.jpg,-0.054499998688697815
img_02701.jpg,-0.0575999990105629
img_02702.jpg,-0.059700001031160355
img_02703.jpg,-0.059700001031160355
img_02704.jpg,-0.057100001722574234
img_02705.jpg,-0.052400000393390656
img_02706.jpg,-0.0471000000834465
img_02707.jpg,-0.042399998754262924
img_02708.jpg,-0.03819999843835831
img_02709.jpg,-0.030899999663233757
img_02710.jpg,-0.023600000888109207
img_02711.jpg,-0.01679999940097332
img_02712.jpg,-0.010499999858438969
img_02713.jpg,0.006300000008195639
img_02714.jpg,0.005200000014156103
img_02715.jpg,0.005799999926239252
img_02716.jpg,0.005799999926239252
img_02717.jpg,0.004699999932199717
img_02718.jpg,0.003700000001117587
img_02719.jpg,0.002099999925121665
img_02720.jpg,-0.0010000000474974513
img_02721.jpg,-0.0010000000474974513
img_02722.jpg,0.03189999982714653
img_02723.jpg,0.04470000043511391
img_02724.jpg,0.065700002014637
img_02725.jpg,0.08720000088214874
img_02726.jpg,0.10700000077486038
img_02727.jpg,0.12780000269412994
img_02728.jpg,0.13670000433921814
img_02729.jpg,0.14079999923706055
img_02730.jpg,0.1387999951839447
img_02731.jpg,0.1298999935388565
img_02732.jpg,0.11729999631643295
img_02733.jpg,0.09109999984502792
img_02734.jpg,0.05649999901652336
img_02735.jpg,-0.04659999907016754
img_02736.jpg,-0.05620000138878822
img_02737.jpg,-0.08760000020265579
img_02738.jpg,-0.1306000053882599
img_02739.jpg,-0.1704999953508377
img_02740.jpg,-0.2020999938249588
img_02741.jpg,-0.21570000052452087
img_02742.jpg,-0.21889999508857727
img_02743.jpg,-0.20890000462532043
img_02744.jpg,-0.18850000202655792
img_02745.jpg,-0.16339999437332153
img_02746.jpg,-0.1298999935388565
img_02747.jpg,-0.10109999775886536
img_02748.jpg,-0.07750000059604645
img_02749.jpg,-0.057100001722574234
img_02750.jpg,-0.04500000178813934
img_02751.jpg,-0.039799999445676804
img_02752.jpg,-0.032499998807907104
img_02753.jpg,-0.026200000196695328
img_02754.jpg,-0.020899999886751175
img_02755.jpg,-0.016200000420212746
img_02756.jpg,-0.012600000016391277
img_02757.jpg,-0.009399999864399433
img_02758.jpg,-0.007899999618530273
img_02759.jpg,-0.006800000090152025
img_02760.jpg,-0.006800000090152025
img_02761.jpg,-0.006800000090152025
img_02762.jpg,-0.007300000172108412
img_02763.jpg,-0.007899999618530273
img_02764.jpg,-0.007899999618530273
img_02765.jpg,-0.007300000172108412
img_02766.jpg,-0.006300000008195639
img_02767.jpg,0.003700000001117587
img_02768.jpg,0.004699999932199717
img_02769.jpg,0.007300000172108412
img_02770.jpg,0.010499999858438969
img_02771.jpg,0.013100000098347664
img_02772.jpg,0.015200000256299973
img_02773.jpg,0.01730000041425228
img_02774.jpg,0.018300000578165054
img_02775.jpg,0.018300000578165054
img_02776.jpg,-0.008899999782443047
img_02777.jpg,-0.012600000016391277
img_02778.jpg,-0.02250000089406967
img_02779.jpg,-0.03720000013709068
img_02780.jpg,-0.05130000039935112
img_02781.jpg,-0.0640999972820282
img_02782.jpg,-0.07450000196695328
img_02783.jpg,-0.09009999781847
img_02784.jpg,-0.09950000047683716
img_02785.jpg,-0.10369999706745148
img_02786.jpg,-0.10369999706745148
img_02787.jpg,-0.10159999877214432
img_02788.jpg,-0.09740000218153
img_02789.jpg,-0.08900000154972076
img_02790.jpg,-0.07169999927282333
img_02791.jpg,-0.07169999927282333
img_02792.jpg,-0.0502999983727932
img_02793.jpg,-0.04190000146627426
img_02794.jpg,-0.03610000014305115
img_02795.jpg,-0.03189999982714653
img_02796.jpg,-0.030400000512599945
img_02797.jpg,-0.03139999881386757
img_02798.jpg,-0.03460000082850456
img_02799.jpg,-0.03720000013709068
img_02800.jpg,-0.03929999843239784
img_02801.jpg,-0.040300000458955765
img_02802.jpg,-0.0414000004529953
img_02803.jpg,-0.0414000004529953
img_02804.jpg,-0.03819999843835831
img_02805.jpg,-0.03819999843835831
img_02806.jpg,-0.02410000003874302
img_02807.jpg,-0.020400000736117363
img_02808.jpg,-0.018799999728798866
img_02809.jpg,-0.01940000057220459
img_02810.jpg,-0.020899999886751175
img_02811.jpg,-0.023000000044703484
img_02812.jpg,-0.02669999934732914
img_02813.jpg,-0.030400000512599945
img_02814.jpg,-0.030400000512599945
img_02815.jpg,-0.05900000035762787
img_02816.jpg,-0.08250000327825546
img_02817.jpg,-0.10379999876022339
img_02818.jpg,-0.1395999938249588
img_02819.jpg,-0.1623000055551529
img_02820.jpg,-0.1826999932527542
img_02821.jpg,-0.19949999451637268
img_02822.jpg,-0.21150000393390656
img_02823.jpg,-0.21570000052452087
img_02824.jpg,-0.2125999927520752
img_02825.jpg,-0.20419999957084656
img_02826.jpg,-0.18850000202655792
img_02827.jpg,-0.1754000037908554
img_02828.jpg,-0.1639000028371811
img_02829.jpg,-0.1534000039100647
img_02830.jpg,-0.14659999310970306
img_02831.jpg,-0.1429000049829483
img_02832.jpg,-0.1429000049829483
img_02833.jpg,-0.14190000295639038
img_02834.jpg,-0.14350000023841858
img_02835.jpg,-0.14560000598430634
img_02836.jpg,-0.14350000023841858
img_02837.jpg,-0.1429000049829483
img_02838.jpg,-0.1445000022649765
img_02839.jpg,-0.14820000529289246
img_02840.jpg,-0.15760000050067902
img_02841.jpg,-0.1665000021457672
img_02842.jpg,-0.1738000065088272
img_02843.jpg,-0.17960000038146973
img_02844.jpg,-0.18330000340938568
img_02845.jpg,-0.1843000054359436
img_02846.jpg,-0.1826999932527542
img_02847.jpg,-0.17749999463558197
img_02848.jpg,-0.16859999299049377
img_02849.jpg,-0.15970000624656677
img_02850.jpg,-0.15129999816417694
img_02851.jpg,-0.13770000636577606
img_02852.jpg,-0.12409999966621399
img_02853.jpg,-0.11209999769926071
img_02854.jpg,-0.11209999769926071
img_02855.jpg,-0.12039999663829803
img_02856.jpg,-0.13089999556541443
img_02857.jpg,-0.14079999923706055
img_02858.jpg,-0.14820000529289246
img_02859.jpg,-0.15080000460147858
img_02860.jpg,-0.14970000088214874
img_02861.jpg,-0.15240000188350677
img_02862.jpg,-0.15600000321865082
img_02863.jpg,-0.16019999980926514
img_02864.jpg,-0.15970000624656677
img_02865.jpg,0.10000000149011612
img_02866.jpg,0.10000000149011612
img_02867.jpg,0.057100001722574234
img_02868.jpg,0.04560000076889992
img_02869.jpg,0.03869999945163727
img_02870.jpg,0.030899999663233757
img_02871.jpg,0.02199999988079071
img_02872.jpg,0.012600000016391277
img_02873.jpg,-0.012000000104308128
img_02874.jpg,-0.015699999406933784
img_02875.jpg,-0.015699999406933784
img_02876.jpg,-0.034699998795986176
img_02877.jpg,-0.05339999869465828
img_02878.jpg,-0.06909999996423721
img_02879.jpg,-0.08190000057220459
img_02880.jpg,-0.10339999943971634
img_02881.jpg,-0.1264999955892563
img_02882.jpg,-0.14640000462532043
img_02883.jpg,-0.16820000112056732
img_02884.jpg,-0.2102999985218048
img_02885.jpg,-0.24449999630451202
img_02886.jpg,-0.26159998774528503
img_02887.jpg,-0.2930000126361847
img_02888.jpg,-0.30640000104904175
img_02889.jpg,-0.3142000138759613
img_02890.jpg,-0.3142000138759613
img_02891.jpg,-0.3142000138759613
img_02892.jpg,-0.3142000138759613
img_02893.jpg,-0.3142000138759613
img_02894.jpg,-0.3142000138759613
img_02895.jpg,-0.3142000138759613
img_02896.jpg,-0.3142000138759613
img_02897.jpg,-0.3142000138759613
img_02898.jpg,-0.3142000138759613
img_02899.jpg,-0.3142000138759613
img_02900.jpg,-0.3142000138759613
img_02901.jpg,-0.3142000138759613
img_02902.jpg,-0.29899999499320984
img_02903.jpg,-0.2727999985218048
img_02904.jpg,-0.23559999465942383
img_02905.jpg,-0.19269999861717224
img_02906.jpg,-0.1639000028371811
img_02907.jpg,-0.14399999380111694
img_02908.jpg,-0.1356000006198883
img_02909.jpg,-0.1356000006198883
img_02910.jpg,-0.14079999923706055
img_02911.jpg,-0.1476999968290329
img_02912.jpg,-0.15449999272823334
img_02913.jpg,-0.16439999639987946
img_02914.jpg,-0.17720000445842743
img_02915.jpg,-0.18379999697208405
img_02916.jpg,-0.2037000060081482
img_02917.jpg,-0.22310000658035278
img_02918.jpg,-0.2630999982357025
img_02919.jpg,-0.2915000021457672
img_02920.jpg,-0.3142000138759613
img_02921.jpg,-0.3142000138759613
img_02922.jpg,-0.3142000138759613
img_02923.jpg,-0.3142000138759613
img_02924.jpg,-0.3142000138759613
img_02925.jpg,-0.3142000138759613
img_02926.jpg,-0.3142000138759613
img_02927.jpg,-0.3142000138759613
img_02928.jpg,-0.3142000138759613
img_02929.jpg,-0.3142000138759613
img_02930.jpg,-0.31150001287460327
img_02931.jpg,-0.2879999876022339
img_02932.jpg,-0.29120001196861267
img_02933.jpg,-0.3142000138759613
img_02934.jpg,-0.3142000138759613
img_02935.jpg,-0.3142000138759613
img_02936.jpg,-0.3142000138759613
img_02937.jpg,-0.3142000138759613
img_02938.jpg,-0.3142000138759613
img_02939.jpg,-0.3142000138759613
img_02940.jpg,-0.3142000138759613
img_02941.jpg,-0.3142000138759613
img_02942.jpg,-0.2948000133037567
img_02943.jpg,-0.2732999920845032
img_02944.jpg,-0.2549999952316284
img_02945.jpg,-0.23929999768733978
img_02946.jpg,-0.22619999945163727
img_02947.jpg,-0.2142000049352646
img_02948.jpg,-0.2079000025987625
img_02949.jpg,-0.2053000032901764
img_02950.jpg,-0.22450000047683716
img_02951.jpg,-0.24269999563694
img_02952.jpg,-0.2705000042915344
img_02953.jpg,-0.2818000018596649
img_02954.jpg,-0.3142000138759613
img_02955.jpg,-0.3142000138759613
img_02956.jpg,-0.3142000138759613
img_02957.jpg,-0.2953000068664551
img_02958.jpg,-0.2816999852657318
img_02959.jpg,-0.2759000062942505
img_02960.jpg,-0.2727999985218048
img_02961.jpg,-0.2702000141143799
img_02962.jpg,-0.25450000166893005
img_02963.jpg,-0.2240999937057495
img_02964.jpg,-0.19480000436306
img_02965.jpg,-0.16599999368190765
img_02966.jpg,-0.13300000131130219
img_02967.jpg,-0.11209999769926071
img_02968.jpg,-0.10260000079870224
img_02969.jpg,-0.10050000250339508
img_02970.jpg,-0.0989999994635582
img_02971.jpg,-0.0989999994635582
img_02972.jpg,-0.07639999687671661
img_02973.jpg,-0.05649999901652336
img_02974.jpg,-0.03929999843239784
img_02975.jpg,-0.025100000202655792
img_02976.jpg,0.012600000016391277
img_02977.jpg,0.012600000016391277
img_02978.jpg,0.007899999618530273
img_02979.jpg,-0.008100000210106373
img_02980.jpg,-0.05009999871253967
img_02981.jpg,-0.08330000191926956
img_02982.jpg,-0.14669999480247498
img_02983.jpg,-0.225600004196167
img_02984.jpg,-0.2815000116825104
img_02985.jpg,-0.3142000138759613
img_02986.jpg,-0.3142000138759613
img_02987.jpg,-0.31310001015663147
img_02988.jpg,-0.2937000095844269
img_02989.jpg,-0.2791000008583069
img_02990.jpg,-0.2791000008583069
img_02991.jpg,-0.2538999915122986
img_02992.jpg,-0.22200000286102295
img_02993.jpg,-0.19009999930858612
img_02994.jpg,-0.15919999778270721
img_02995.jpg,-0.13089999556541443
img_02996.jpg,-0.10050000250339508
img_02997.jpg,-0.07750000059604645
img_02998.jpg,-0.05920000001788139
img_02999.jpg,-0.04610000178217888
img_03000.jpg,-0.03460000082850456
img_03001.jpg,-0.04100000113248825
img_03002.jpg,-0.06419999897480011
img_03003.jpg,-0.09669999778270721
img_03004.jpg,-0.13130000233650208
img_03005.jpg,-0.1509000062942505
img_03006.jpg,-0.18219999969005585
img_03007.jpg,-0.24609999358654022
img_03008.jpg,-0.258899986743927
img_03009.jpg,-0.27129998803138733
img_03010.jpg,-0.26440000534057617
img_03011.jpg,-0.23880000412464142
img_03012.jpg,-0.21050000190734863
img_03013.jpg,-0.21050000190734863
img_03014.jpg,-0.15289999544620514
img_03015.jpg,-0.12039999663829803
img_03016.jpg,-0.09269999712705612
img_03017.jpg,-0.06599999964237213
img_03018.jpg,-0.042399998754262924
img_03019.jpg,-0.042399998754262924
img_03020.jpg,0.01940000057220459
img_03021.jpg,0.020899999886751175
img_03022.jpg,0.020899999886751175
img_03023.jpg,0.01679999940097332
img_03024.jpg,0.013100000098347664
img_03025.jpg,0.007300000172108412
img_03026.jpg,-0.004699999932199717
img_03027.jpg,-0.005200000014156103
img_03028.jpg,-0.007300000172108412
img_03029.jpg,-0.008899999782443047
img_03030.jpg,-0.009399999864399433
img_03031.jpg,-0.00989999994635582
img_03032.jpg,-0.00989999994635582
img_03033.jpg,-0.009399999864399433
img_03034.jpg,-0.0215000007301569
img_03035.jpg,-0.034299999475479126
img_03036.jpg,-0.050999999046325684
img_03037.jpg,-0.0731000006198883
img_03038.jpg,-0.0989999994635582
img_03039.jpg,-0.11569999903440475
img_03040.jpg,-0.12620000541210175
img_03041.jpg,-0.12929999828338623
img_03042.jpg,-0.11729999631643295
img_03043.jpg,-0.10159999877214432
img_03044.jpg,-0.08330000191926956
img_03045.jpg,-0.06440000236034393
img_03046.jpg,-0.042399998754262924
img_03047.jpg,-0.02459999918937683
img_03048.jpg,0.01679999940097332
img_03049.jpg,0.015699999406933784
img_03050.jpg,0.01679999940097332
img_03051.jpg,0.01679999940097332
img_03052.jpg,0.01360000018030405
img_03053.jpg,0.00989999994635582
img_03054.jpg,0.006300000008195639
img_03055.jpg,-0.004699999932199717
img_03056.jpg,-0.004699999932199717
img_03057.jpg,-0.006300000008195639
img_03058.jpg,-0.007300000172108412
img_03059.jpg,-0.007899999618530273
img_03060.jpg,-0.00839999970048666
img_03061.jpg,0.004399999976158142
img_03062.jpg,0.022199999541044235
img_03063.jpg,0.02410000003874302
img_03064.jpg,0.05550000071525574
img_03065.jpg,0.05550000071525574
img_03066.jpg,0.0885000005364418
img_03067.jpg,0.10260000079870224
img_03068.jpg,0.1151999980211258
img_03069.jpg,0.11569999903440475
img_03070.jpg,0.10679999738931656
img_03071.jpg,0.08739999681711197
img_03072.jpg,0.06750000268220901
img_03073.jpg,0.042399998754262924
img_03074.jpg,0.02199999988079071
img_03075.jpg,-0.01679999940097332
img_03076.jpg,-0.0215000007301569
img_03077.jpg,-0.026200000196695328
img_03078.jpg,-0.028300000354647636
img_03079.jpg,-0.027799999341368675
img_03080.jpg,-0.025699999183416367
img_03081.jpg,-0.02250000089406967
img_03082.jpg,-0.018300000578165054
img_03083.jpg,-0.014100000262260437
img_03084.jpg,-0.007899999618530273
img_03085.jpg,0.008100000210106373
img_03086.jpg,0.012000000104308128
img_03087.jpg,0.016200000420212746
img_03088.jpg,0.020400000736117363
img_03089.jpg,0.023000000044703484
img_03090.jpg,0.025100000202655792
img_03091.jpg,0.026200000196695328
img_03092.jpg,0.026200000196695328
img_03093.jpg,0.025699999183416367
img_03094.jpg,0.02459999918937683
img_03095.jpg,0.023000000044703484
img_03096.jpg,0.0215000007301569
img_03097.jpg,0.020400000736117363
img_03098.jpg,0.01940000057220459
img_03099.jpg,0.01940000057220459
img_03100.jpg,0.01360000018030405
img_03101.jpg,0.009399999864399433
img_03102.jpg,0.005799999926239252
img_03103.jpg,-0.003700000001117587
img_03104.jpg,-0.00419999985024333
img_03105.jpg,-0.005799999926239252
img_03106.jpg,-0.006300000008195639
img_03107.jpg,-0.006800000090152025
img_03108.jpg,-0.006800000090152025
img_03109.jpg,-0.006800000090152025
img_03110.jpg,-0.006300000008195639
img_03111.jpg,-0.006300000008195639
img_03112.jpg,-0.005200000014156103
img_03113.jpg,-0.004699999932199717
img_03114.jpg,-0.00419999985024333
img_03115.jpg,-0.003700000001117587
img_03116.jpg,-0.003700000001117587
img_03117.jpg,-0.003700000001117587
img_03118.jpg,-0.003100000089034438
img_03119.jpg,-0.003100000089034438
img_03120.jpg,-0.003100000089034438
img_03121.jpg,-0.003100000089034438
img_03122.jpg,-0.003100000089034438
img_03123.jpg,-0.003700000001117587
img_03124.jpg,-0.003700000001117587
img_03125.jpg,-0.003700000001117587
img_03126.jpg,-0.003700000001117587
img_03127.jpg,-0.003700000001117587
img_03128.jpg,-0.003700000001117587
img_03129.jpg,-0.003700000001117587
img_03130.jpg,-0.003700000001117587
img_03131.jpg,-0.003700000001117587
img_03132.jpg,-0.003100000089034438
img_03133.jpg,-0.003100000089034438
img_03134.jpg,-0.003100000089034438
img_03135.jpg,-0.003100000089034438
img_03136.jpg,-0.003100000089034438
img_03137.jpg,-0.003100000089034438
img_03138.jpg,-0.003100000089034438
img_03139.jpg,-0.003100000089034438
img_03140.jpg,-0.003100000089034438
img_03141.jpg,-0.003100000089034438
img_03142.jpg,-0.003100000089034438
img_03143.jpg,-0.003100000089034438
img_03144.jpg,-0.003100000089034438
img_03145.jpg,-0.003100000089034438
img_03146.jpg,-0.003100000089034438
img_03147.jpg,-0.006300000008195639
img_03148.jpg,-0.017799999564886093
img_03149.jpg,-0.0272000003606081
img_03150.jpg,-0.03610000014305115
img_03151.jpg,-0.04610000178217888
img_03152.jpg,-0.05290000140666962
img_03153.jpg,-0.05860000103712082
img_03154.jpg,-0.061799999326467514
img_03155.jpg,-0.0714000016450882
img_03156.jpg,-0.08720000088214874
img_03157.jpg,-0.10050000250339508
img_03158.jpg,-0.10999999940395355
img_03159.jpg,-0.11469999700784683
img_03160.jpg,-0.10580000281333923
img_03161.jpg,-0.09109999984502792
img_03162.jpg,-0.0737999975681305
img_03163.jpg,-0.0502999983727932
img_03164.jpg,-0.02979999966919422
img_03165.jpg,0.017799999564886093
img_03166.jpg,0.018300000578165054
img_03167.jpg,0.03139999881386757
img_03168.jpg,0.0471000000834465
img_03169.jpg,0.06310000270605087
img_03170.jpg,0.07029999792575836
img_03171.jpg,0.10260000079870224
img_03172.jpg,0.11259999871253967
img_03173.jpg,0.10790000110864639
img_03174.jpg,0.09690000116825104
img_03175.jpg,0.08169999718666077
img_03176.jpg,0.06019999831914902
img_03177.jpg,0.0414000004529953
img_03178.jpg,-0.020400000736117363
img_03179.jpg,-0.015699999406933784
img_03180.jpg,-0.01730000041425228
img_03181.jpg,-0.01730000041425228
img_03182.jpg,-0.01730000041425228
img_03183.jpg,-0.014700000174343586
img_03184.jpg,-0.012000000104308128
img_03185.jpg,-0.009399999864399433
img_03186.jpg,-0.007300000172108412
img_03187.jpg,-0.005799999926239252
img_03188.jpg,-0.007899999618530273
img_03189.jpg,-0.013100000098347664
img_03190.jpg,-0.018799999728798866
img_03191.jpg,-0.02459999918937683
img_03192.jpg,-0.030899999663233757
img_03193.jpg,-0.035599999129772186
img_03194.jpg,-0.03929999843239784
img_03195.jpg,-0.04190000146627426
img_03196.jpg,-0.042899999767541885
img_03197.jpg,-0.04349999874830246
img_03198.jpg,-0.042399998754262924
img_03199.jpg,-0.0414000004529953
img_03200.jpg,-0.03610000014305115
img_03201.jpg,-0.02979999966919422
img_03202.jpg,-0.027799999341368675
img_03203.jpg,-0.03350000083446503
img_03204.jpg,-0.04349999874830246
img_03205.jpg,-0.05550000071525574
img_03206.jpg,-0.06509999930858612
img_03207.jpg,-0.07540000230073929
img_03208.jpg,-0.07959999889135361
img_03209.jpg,-0.0812000036239624
img_03210.jpg,-0.07959999889135361
img_03211.jpg,-0.07590000331401825
img_03212.jpg,-0.07169999927282333
img_03213.jpg,-0.06279999762773514
img_03214.jpg,-0.04820000007748604
img_03215.jpg,-0.030899999663233757
img_03216.jpg,0.025699999183416367
img_03217.jpg,0.03819999843835831
img_03218.jpg,0.05420000106096268
img_03219.jpg,0.06920000165700912
img_03220.jpg,0.09430000185966492
img_03221.jpg,0.1387999951839447
img_03222.jpg,0.15479999780654907
img_03223.jpg,0.17589999735355377
img_03224.jpg,0.19189999997615814
img_03225.jpg,0.20419999957084656
img_03226.jpg,0.20419999957084656
img_03227.jpg,0.1859000027179718
img_03228.jpg,0.16179999709129333
img_03229.jpg,0.13300000131130219
img_03230.jpg,0.0957999974489212
img_03231.jpg,0.06390000134706497
img_03232.jpg,-0.03350000083446503
img_03233.jpg,-0.03460000082850456
img_03234.jpg,-0.04740000143647194
img_03235.jpg,-0.05339999869465828
img_03236.jpg,-0.07180000096559525
img_03237.jpg,-0.07800000160932541
img_03238.jpg,-0.07850000262260437
img_03239.jpg,-0.07490000128746033
img_03240.jpg,-0.06599999964237213
img_03241.jpg,-0.05649999901652336
img_03242.jpg,-0.047600001096725464
img_03243.jpg,-0.037700001150369644
img_03244.jpg,-0.030400000512599945
img_03245.jpg,-0.02459999918937683
img_03246.jpg,-0.020400000736117363
img_03247.jpg,-0.017799999564886093
img_03248.jpg,-0.013100000098347664
img_03249.jpg,-0.006800000090152025
img_03250.jpg,0.005799999926239252
img_03251.jpg,0.007300000172108412
img_03252.jpg,0.010999999940395355
img_03253.jpg,0.012600000016391277
img_03254.jpg,0.009399999864399433
img_03255.jpg,-0.007899999618530273
img_03256.jpg,-0.011500000022351742
img_03257.jpg,-0.01940000057220459
img_03258.jpg,-0.02669999934732914
img_03259.jpg,-0.03350000083446503
img_03260.jpg,-0.040300000458955765
img_03261.jpg,-0.04450000077486038
img_03262.jpg,-0.047600001096725464
img_03263.jpg,-0.04969999939203262
img_03264.jpg,-0.05079999938607216
img_03265.jpg,-0.05079999938607216
img_03266.jpg,-0.0502999983727932
img_03267.jpg,-0.04919999837875366
img_03268.jpg,-0.047600001096725464
img_03269.jpg,-0.04659999907016754
img_03270.jpg,-0.04399999976158142
img_03271.jpg,-0.03869999945163727
img_03272.jpg,-0.02979999966919422
img_03273.jpg,-0.0215000007301569
img_03274.jpg,-0.01360000018030405
img_03275.jpg,0.007899999618530273
img_03276.jpg,0.004699999932199717
img_03277.jpg,0.003100000089034438
img_03278.jpg,-0.00419999985024333
img_03279.jpg,-0.012000000104308128
img_03280.jpg,-0.015200000256299973
img_03281.jpg,-0.039799999445676804
img_03282.jpg,-0.05339999869465828
img_03283.jpg,-0.06539999693632126
img_03284.jpg,-0.06859999895095825
img_03285.jpg,-0.08330000191926956
img_03286.jpg,-0.08799999952316284
img_03287.jpg,-0.09109999984502792
img_03288.jpg,-0.09160000085830688
img_03289.jpg,-0.09059999883174896
img_03290.jpg,-0.08799999952316284
img_03291.jpg,-0.08269999921321869
img_03292.jpg,-0.0737999975681305
img_03293.jpg,-0.062300000339746475
img_03294.jpg,-0.04610000178217888
img_03295.jpg,-0.030899999663233757
img_03296.jpg,-0.015699999406933784
img_03297.jpg,-0.00930000003427267
img_03298.jpg,0.02199999988079071
img_03299.jpg,0.05649999901652336
img_03300.jpg,0.06610000133514404
img_03301.jpg,0.08879999816417694
img_03302.jpg,0.10159999877214432
img_03303.jpg,0.11100000143051147
img_03304.jpg,0.11729999631643295
img_03305.jpg,0.12200000137090683
img_03306.jpg,0.11259999871253967
img_03307.jpg,0.09480000287294388
img_03308.jpg,0.06069999933242798
img_03309.jpg,-0.035599999129772186
img_03310.jpg,-0.03869999945163727
img_03311.jpg,-0.05469999834895134
img_03312.jpg,-0.06960000097751617
img_03313.jpg,-0.07590000331401825
img_03314.jpg,-0.08009999990463257
img_03315.jpg,-0.08479999750852585
img_03316.jpg,-0.08799999952316284
img_03317.jpg,-0.09269999712705612
img_03318.jpg,-0.09629999846220016
img_03319.jpg,-0.0989999994635582
img_03320.jpg,-0.10050000250339508
img_03321.jpg,-0.10050000250339508
img_03322.jpg,-0.10000000149011612
img_03323.jpg,-0.09529999643564224
img_03324.jpg,-0.0885000005364418
img_03325.jpg,-0.0812000036239624
img_03326.jpg,-0.07169999927282333
img_03327.jpg,-0.06340000033378601
img_03328.jpg,-0.05649999901652336
img_03329.jpg,-0.05079999938607216
img_03330.jpg,-0.04610000178217888
img_03331.jpg,-0.04820000007748604
img_03332.jpg,-0.05389999970793724
img_03333.jpg,-0.06539999693632126
img_03334.jpg,-0.07590000331401825
img_03335.jpg,-0.08799999952316284
img_03336.jpg,-0.08799999952316284
img_03337.jpg,-0.10209999978542328
img_03338.jpg,-0.10520000010728836
img_03339.jpg,-0.1046999990940094
img_03340.jpg,-0.10369999706745148
img_03341.jpg,-0.10369999706745148
img_03342.jpg,-0.12099999934434891
img_03343.jpg,-0.12780000269412994
img_03344.jpg,-0.13249999284744263
img_03345.jpg,-0.13819999992847443
img_03346.jpg,-0.1445000022649765
img_03347.jpg,-0.15080000460147858
img_03348.jpg,-0.15549999475479126
img_03349.jpg,-0.15919999778270721
img_03350.jpg,-0.16019999980926514
img_03351.jpg,-0.15919999778270721
img_03352.jpg,-0.1565999984741211
img_03353.jpg,-0.1534000039100647
img_03354.jpg,-0.15029999613761902
img_03355.jpg,-0.14820000529289246
img_03356.jpg,-0.14920000731945038
img_03357.jpg,-0.14920000731945038
img_03358.jpg,-0.15600000321865082
img_03359.jpg,-0.15970000624656677
img_03360.jpg,-0.1623000055551529
img_03361.jpg,-0.16279999911785126
img_03362.jpg,-0.15600000321865082
img_03363.jpg,-0.15600000321865082
img_03364.jpg,-0.16130000352859497
img_03365.jpg,-0.17229999601840973
img_03366.jpg,-0.1843000054359436
img_03367.jpg,-0.1445000022649765
img_03368.jpg,-0.1387999951839447
img_03369.jpg,-0.14499999582767487
img_03370.jpg,-0.15549999475479126
img_03371.jpg,-0.16339999437332153
img_03372.jpg,-0.1784999966621399
img_03373.jpg,-0.19529999792575836
img_03374.jpg,-0.21130000054836273
img_03375.jpg,-0.22750000655651093
img_03376.jpg,-0.2574999928474426
img_03377.jpg,-0.2612999975681305
img_03378.jpg,-0.28060001134872437
img_03379.jpg,-0.3142000138759613
img_03380.jpg,-0.3142000138759613
img_03381.jpg,-0.3142000138759613
img_03382.jpg,-0.3142000138759613
img_03383.jpg,-0.3073999881744385
img_03384.jpg,-0.2953000068664551
img_03385.jpg,-0.2775000035762787
img_03386.jpg,-0.257099986076355
img_03387.jpg,-0.22930000722408295
img_03388.jpg,-0.22930000722408295
img_03389.jpg,-0.1826999932527542
img_03390.jpg,-0.15870000422000885
img_03391.jpg,-0.13040000200271606
img_03392.jpg,-0.11050000041723251
img_03393.jpg,-0.0989999994635582
img_03394.jpg,-0.09269999712705612
img_03395.jpg,-0.09589999914169312
img_03396.jpg,-0.11289999634027481
img_03397.jpg,-0.11890000104904175
img_03398.jpg,-0.15469999611377716
img_03399.jpg,-0.19519999623298645
img_03400.jpg,-0.22699999809265137
img_03401.jpg,-0.3124000132083893
img_03402.jpg,-0.3142000138759613
img_03403.jpg,-0.3142000138759613
img_03404.jpg,-0.3142000138759613
img_03405.jpg,-0.3142000138759613
img_03406.jpg,-0.3142000138759613
img_03407.jpg,-0.3142000138759613
img_03408.jpg,-0.31049999594688416
img_03409.jpg,-0.2948000133037567
img_03410.jpg,-0.27799999713897705
img_03411.jpg,-0.26809999346733093
img_03412.jpg,-0.25760000944137573
img_03413.jpg,-0.25189998745918274
img_03414.jpg,-0.2508000135421753
img_03415.jpg,-0.24869999289512634
img_03416.jpg,-0.24660000205039978
img_03417.jpg,-0.2538999915122986
img_03418.jpg,-0.26989999413490295
img_03419.jpg,-0.2994999885559082
img_03420.jpg,-0.3142000138759613
img_03421.jpg,-0.3142000138759613
img_03422.jpg,-0.3142000138759613
img_03423.jpg,-0.3142000138759613
img_03424.jpg,-0.3142000138759613
img_03425.jpg,-0.3142000138759613
img_03426.jpg,-0.3142000138759613
img_03427.jpg,-0.3142000138759613
img_03428.jpg,-0.3142000138759613
img_03429.jpg,-0.3142000138759613
img_03430.jpg,-0.2921999990940094
img_03431.jpg,-0.25760000944137573
img_03432.jpg,-0.21780000627040863
img_03433.jpg,-0.17960000038146973
img_03434.jpg,-0.1550000011920929
img_03435.jpg,-0.1445000022649765
img_03436.jpg,-0.131400004029274
img_03437.jpg,-0.131400004029274
img_03438.jpg,-0.11620000004768372
img_03439.jpg,-0.12359999865293503
img_03440.jpg,-0.13670000433921814
img_03441.jpg,-0.13670000433921814
img_03442.jpg,-0.1720000058412552
img_03443.jpg,-0.19619999825954437
img_03444.jpg,-0.2249000072479248
img_03445.jpg,-0.266400009393692
img_03446.jpg,-0.2842999994754791
img_03447.jpg,-0.29269999265670776
img_03448.jpg,-0.3084000051021576
img_03449.jpg,-0.3142000138759613
img_03450.jpg,-0.3142000138759613
img_03451.jpg,-0.3142000138759613
img_03452.jpg,-0.3142000138759613
img_03453.jpg,-0.3142000138759613
img_03454.jpg,-0.3142000138759613
img_03455.jpg,-0.3142000138759613
img_03456.jpg,-0.3142000138759613
img_03457.jpg,-0.3142000138759613
img_03458.jpg,-0.3142000138759613
img_03459.jpg,-0.3057999908924103
img_03460.jpg,-0.29580000042915344
img_03461.jpg,-0.2847999930381775
img_03462.jpg,-0.27379998564720154
img_03463.jpg,-0.2623000144958496
img_03464.jpg,-0.2538999915122986
img_03465.jpg,-0.24400000274181366
img_03466.jpg,-0.2345999926328659
img_03467.jpg,-0.21359999477863312
img_03468.jpg,-0.18950000405311584
img_03469.jpg,-0.16279999911785126
img_03470.jpg,-0.1266999989748001
img_03471.jpg,-0.0957999974489212
img_03472.jpg,-0.06909999996423721
img_03473.jpg,-0.042399998754262924
img_03474.jpg,-0.02669999934732914
img_03475.jpg,-0.02669999934732914
img_03476.jpg,-0.04230000078678131
img_03477.jpg,-0.09799999743700027
img_03478.jpg,-0.1923999935388565
img_03479.jpg,-0.3034999966621399
img_03480.jpg,-0.3142000138759613
img_03481.jpg,-0.3142000138759613
img_03482.jpg,-0.3142000138759613
img_03483.jpg,-0.3142000138759613
img_03484.jpg,-0.3142000138759613
img_03485.jpg,-0.3142000138759613
img_03486.jpg,-0.3142000138759613
img_03487.jpg,-0.3142000138759613
img_03488.jpg,-0.3142000138759613
img_03489.jpg,-0.3142000138759613
img_03490.jpg,-0.3142000138759613
img_03491.jpg,-0.3142000138759613
img_03492.jpg,-0.3142000138759613
img_03493.jpg,-0.3142000138759613
img_03494.jpg,-0.3142000138759613
img_03495.jpg,-0.3142000138759613
img_03496.jpg,-0.3142000138759613
img_03497.jpg,-0.3142000138759613
img_03498.jpg,-0.3142000138759613
img_03499.jpg,-0.3142000138759613
img_03500.jpg,-0.3142000138759613
img_03501.jpg,-0.3142000138759613
img_03502.jpg,-0.3142000138759613
img_03503.jpg,-0.3142000138759613
img_03504.jpg,-0.3142000138759613
img_03505.jpg,-0.3142000138759613
img_03506.jpg,-0.3142000138759613
img_03507.jpg,-0.3142000138759613
img_03508.jpg,-0.3142000138759613
img_03509.jpg,-0.29159998893737793
img_03510.jpg,-0.2554999887943268
img_03511.jpg,-0.21209999918937683
img_03512.jpg,-0.15710000693798065
img_03513.jpg,-0.15710000693798065
img_03514.jpg,-0.07490000128746033
img_03515.jpg,-0.0471000000834465
img_03516.jpg,-0.025100000202655792
img_03517.jpg,-0.025100000202655792
img_03518.jpg,0.012000000104308128
img_03519.jpg,0.016200000420212746
img_03520.jpg,0.01730000041425228
img_03521.jpg,0.01730000041425228
img_03522.jpg,0.01679999940097332
img_03523.jpg,0.014700000174343586
img_03524.jpg,0.011500000022351742
img_03525.jpg,0.011500000022351742
img_03526.jpg,-0.018300000578165054
img_03527.jpg,-0.03669999912381172
img_03528.jpg,-0.05290000140666962
img_03529.jpg,-0.06599999964237213
img_03530.jpg,-0.07699999958276749
img_03531.jpg,-0.08479999750852585
img_03532.jpg,-0.08479999750852585
img_03533.jpg,-0.07639999687671661
img_03534.jpg,-0.06599999964237213
img_03535.jpg,-0.05339999869465828
img_03536.jpg,-0.04399999976158142
img_03537.jpg,-0.03610000014305115
img_03538.jpg,-0.02979999966919422
img_03539.jpg,-0.025699999183416367
img_03540.jpg,-0.025699999183416367
img_03541.jpg,-0.019899999722838402
img_03542.jpg,-0.016200000420212746
img_03543.jpg,0.010499999858438969
img_03544.jpg,0.014100000262260437
img_03545.jpg,0.023000000044703484
img_03546.jpg,0.03869999945163727
img_03547.jpg,0.051500000059604645
img_03548.jpg,0.09189999848604202
img_03549.jpg,0.1370999962091446
img_03550.jpg,0.17260000109672546
img_03551.jpg,0.20819999277591705
img_03552.jpg,0.25060001015663147
img_03553.jpg,0.28540000319480896
img_03554.jpg,0.2948000133037567
img_03555.jpg,0.2800999879837036
img_03556.jpg,0.25760000944137573
img_03557.jpg,0.22990000247955322
img_03558.jpg,0.1915999948978424
img_03559.jpg,0.15760000050067902
img_03560.jpg,0.12720000743865967
img_03561.jpg,0.0957999974489212
img_03562.jpg,0.07119999825954437
img_03563.jpg,0.047600001096725464
img_03564.jpg,0.02669999934732914
img_03565.jpg,0.02669999934732914
img_03566.jpg,-0.02199999988079071
img_03567.jpg,-0.025699999183416367
img_03568.jpg,-0.0272000003606081
img_03569.jpg,-0.025699999183416367
img_03570.jpg,-0.023600000888109207
img_03571.jpg,-0.020899999886751175
img_03572.jpg,-0.017799999564886093
img_03573.jpg,-0.014700000174343586
img_03574.jpg,-0.012000000104308128
img_03575.jpg,-0.00989999994635582
img_03576.jpg,-0.00839999970048666
img_03577.jpg,-0.006800000090152025
img_03578.jpg,-0.006300000008195639
img_03579.jpg,0.0032999999821186066
img_03580.jpg,0.02329999953508377
img_03581.jpg,0.042100001126527786
img_03582.jpg,0.06629999727010727
img_03583.jpg,0.09040000289678574
img_03584.jpg,0.11460000276565552
img_03585.jpg,0.13220000267028809
img_03586.jpg,0.15209999680519104
img_03587.jpg,0.15289999544620514
img_03588.jpg,0.18060000240802765
img_03589.jpg,0.17440000176429749
img_03590.jpg,0.15600000321865082
img_03591.jpg,0.12300000339746475
img_03592.jpg,0.09059999883174896
img_03593.jpg,0.059700001031160355
img_03594.jpg,-0.03350000083446503
img_03595.jpg,-0.03819999843835831
img_03596.jpg,-0.05420000106096268
img_03597.jpg,-0.07039999961853027
img_03598.jpg,-0.09529999643564224
img_03599.jpg,-0.10790000110864639
img_03600.jpg,-0.11569999903440475
img_03601.jpg,-0.11729999631643295
img_03602.jpg,-0.11410000175237656
img_03603.jpg,-0.10840000212192535
img_03604.jpg,-0.0989999994635582
img_03605.jpg,-0.0885000005364418
img_03606.jpg,-0.07169999927282333
img_03607.jpg,-0.04820000007748604
img_03608.jpg,-0.0272000003606081
img_03609.jpg,0.0015999999595806003
img_03610.jpg,0.04699999839067459
img_03611.jpg,0.08410000056028366
img_03612.jpg,0.10999999940395355
img_03613.jpg,0.1615999937057495
img_03614.jpg,0.18770000338554382
img_03615.jpg,0.19269999861717224
img_03616.jpg,0.1859000027179718
img_03617.jpg,0.17229999601840973
img_03618.jpg,0.14970000088214874
img_03619.jpg,0.12880000472068787
img_03620.jpg,0.11469999700784683
img_03621.jpg,0.1151999980211258
img_03622.jpg,0.1266999989748001
img_03623.jpg,0.14820000529289246
img_03624.jpg,0.16419999301433563
img_03625.jpg,0.18930000066757202
img_03626.jpg,0.22869999706745148
img_03627.jpg,0.2517000138759613
img_03628.jpg,0.2581000030040741
img_03629.jpg,0.24240000545978546
img_03630.jpg,0.2152000069618225
img_03631.jpg,0.17170000076293945
img_03632.jpg,0.13300000131130219
img_03633.jpg,0.10939999669790268
img_03634.jpg,0.09629999846220016
img_03635.jpg,0.09269999712705612
img_03636.jpg,0.09629999846220016
img_03637.jpg,0.1046999990940094
img_03638.jpg,0.11779999732971191
img_03639.jpg,0.11779999732971191
img_03640.jpg,0.14239999651908875
img_03641.jpg,0.15240000188350677
img_03642.jpg,0.1550000011920929
img_03643.jpg,0.14399999380111694
img_03644.jpg,0.1256999969482422
img_03645.jpg,0.10369999706745148
img_03646.jpg,0.0737999975681305
img_03647.jpg,0.04820000007748604
img_03648.jpg,0.026200000196695328
img_03649.jpg,-0.017799999564886093
img_03650.jpg,-0.019899999722838402
img_03651.jpg,-0.020899999886751175
img_03652.jpg,-0.010499999858438969
img_03653.jpg,0.008700000122189522
img_03654.jpg,0.05649999901652336
img_03655.jpg,0.08049999922513962
img_03656.jpg,0.10660000145435333
img_03657.jpg,0.13120000064373016
img_03658.jpg,0.1632000058889389
img_03659.jpg,0.18170000612735748
img_03660.jpg,0.19269999861717224
img_03661.jpg,0.19840000569820404
img_03662.jpg,0.19949999451637268
img_03663.jpg,0.19580000638961792
img_03664.jpg,0.18170000612735748
img_03665.jpg,0.16179999709129333
img_03666.jpg,0.1356000006198883
img_03667.jpg,0.09950000047683716
img_03668.jpg,0.09950000047683716
img_03669.jpg,0.040800001472234726
img_03670.jpg,-0.0272000003606081
img_03671.jpg,-0.02669999934732914
img_03672.jpg,-0.02979999966919422
img_03673.jpg,-0.02459999918937683
img_03674.jpg,0.015200000256299973
img_03675.jpg,0.018799999728798866
img_03676.jpg,0.02199999988079071
img_03677.jpg,0.04450000077486038
img_03678.jpg,0.05810000002384186
img_03679.jpg,0.07020000368356705
img_03680.jpg,0.0812000036239624
img_03681.jpg,0.09220000356435776
img_03682.jpg,0.10000000149011612
img_03683.jpg,0.1062999963760376
img_03684.jpg,0.11150000244379044
img_03685.jpg,0.11469999700784683
img_03686.jpg,0.11569999903440475
img_03687.jpg,0.10260000079870224
img_03688.jpg,0.08640000224113464
img_03689.jpg,0.08640000224113464
img_03690.jpg,0.06909999996423721
img_03691.jpg,0.030899999663233757
img_03692.jpg,-0.016200000420212746
img_03693.jpg,-0.013100000098347664
img_03694.jpg,-0.014700000174343586
img_03695.jpg,-0.014100000262260437
img_03696.jpg,-0.012600000016391277
img_03697.jpg,-0.00989999994635582
img_03698.jpg,-0.007899999618530273
img_03699.jpg,-0.008899999782443047
img_03700.jpg,-0.01360000018030405
img_03701.jpg,-0.02199999988079071
img_03702.jpg,-0.030400000512599945
img_03703.jpg,-0.03359999880194664
img_03704.jpg,-0.04500000178813934
img_03705.jpg,-0.05079999938607216
img_03706.jpg,-0.05550000071525574
img_03707.jpg,-0.05920000001788139
img_03708.jpg,-0.06069999933242798
img_03709.jpg,-0.05860000103712082
img_03710.jpg,-0.05550000071525574
img_03711.jpg,-0.05130000039935112
img_03712.jpg,-0.04560000076889992
img_03713.jpg,-0.040300000458955765
img_03714.jpg,-0.035599999129772186
img_03715.jpg,-0.02879999950528145
img_03716.jpg,-0.020400000736117363
img_03717.jpg,-0.013100000098347664
img_03718.jpg,-0.006800000090152025
img_03719.jpg,0.005799999926239252
img_03720.jpg,0.006300000008195639
img_03721.jpg,0.006800000090152025
img_03722.jpg,0.006800000090152025
img_03723.jpg,0.006300000008195639
img_03724.jpg,0.005200000014156103
img_03725.jpg,0.003100000089034438
img_03726.jpg,0.007300000172108412
img_03727.jpg,0.019899999722838402
img_03728.jpg,0.023099999874830246
img_03729.jpg,0.05889999866485596
img_03730.jpg,0.06599999964237213
img_03731.jpg,0.10339999943971634
img_03732.jpg,0.12600000202655792
img_03733.jpg,0.13670000433921814
img_03734.jpg,0.14239999651908875
img_03735.jpg,0.14399999380111694
img_03736.jpg,0.1356000006198883
img_03737.jpg,0.12300000339746475
img_03738.jpg,0.0989999994635582
img_03739.jpg,0.07069999724626541
img_03740.jpg,-0.04399999976158142
img_03741.jpg,-0.05860000103712082
img_03742.jpg,-0.07779999822378159
img_03743.jpg,-0.11590000241994858
img_03744.jpg,-0.16439999639987946
img_03745.jpg,-0.16859999299049377
img_03746.jpg,-0.21289999783039093
img_03747.jpg,-0.2257000058889389
img_03748.jpg,-0.22040000557899475
img_03749.jpg,-0.19629999995231628
img_03750.jpg,-0.16859999299049377
img_03751.jpg,-0.13930000364780426
img_03752.jpg,-0.11150000244379044
img_03753.jpg,-0.08219999819993973
img_03754.jpg,-0.061799999326467514
img_03755.jpg,-0.04659999907016754
img_03756.jpg,-0.03929999843239784
img_03757.jpg,-0.03189999982714653
img_03758.jpg,-0.023600000888109207
img_03759.jpg,-0.01730000041425228
img_03760.jpg,-0.012600000016391277
img_03761.jpg,-0.008899999782443047
img_03762.jpg,-0.006800000090152025
img_03763.jpg,-0.005799999926239252
img_03764.jpg,-0.005200000014156103
img_03765.jpg,-0.005799999926239252
img_03766.jpg,-0.006300000008195639
img_03767.jpg,-0.007300000172108412
img_03768.jpg,-0.00839999970048666
img_03769.jpg,-0.008899999782443047
img_03770.jpg,-0.007899999618530273
img_03771.jpg,-0.006800000090152025
img_03772.jpg,-0.003700000001117587
img_03773.jpg,0.004699999932199717
img_03774.jpg,0.007300000172108412
img_03775.jpg,0.010499999858438969
img_03776.jpg,0.014100000262260437
img_03777.jpg,0.01679999940097332
img_03778.jpg,0.01679999940097332
img_03779.jpg,0.019899999722838402
img_03780.jpg,0.018300000578165054
img_03781.jpg,0.012000000104308128
img_03782.jpg,-0.004000000189989805
img_03783.jpg,-0.025100000202655792
img_03784.jpg,-0.037700001150369644
img_03785.jpg,-0.05050000175833702
img_03786.jpg,-0.0640999972820282
img_03787.jpg,-0.08429999649524689
img_03788.jpg,-0.0957999974489212
img_03789.jpg,-0.10419999808073044
img_03790.jpg,-0.10729999840259552
img_03791.jpg,-0.1062999963760376
img_03792.jpg,-0.10369999706745148
img_03793.jpg,-0.09839999675750732
img_03794.jpg,-0.08900000154972076
img_03795.jpg,-0.07169999927282333
img_03796.jpg,-0.059700001031160355
img_03797.jpg,-0.04969999939203262
img_03798.jpg,-0.042899999767541885
img_03799.jpg,-0.03669999912381172
img_03800.jpg,-0.032999999821186066
img_03801.jpg,-0.030899999663233757
img_03802.jpg,-0.032499998807907104
img_03803.jpg,-0.035100001841783524
img_03804.jpg,-0.03720000013709068
img_03805.jpg,-0.03929999843239784
img_03806.jpg,-0.040800001472234726
img_03807.jpg,-0.0414000004529953
img_03808.jpg,-0.04190000146627426
img_03809.jpg,-0.037700001150369644
img_03810.jpg,-0.030899999663233757
img_03811.jpg,-0.02410000003874302
img_03812.jpg,-0.020400000736117363
img_03813.jpg,-0.018799999728798866
img_03814.jpg,-0.01940000057220459
img_03815.jpg,-0.0215000007301569
img_03816.jpg,-0.02459999918937683
img_03817.jpg,-0.027799999341368675
img_03818.jpg,-0.03139999881386757
img_03819.jpg,-0.042399998754262924
img_03820.jpg,-0.042399998754262924
img_03821.jpg,-0.08839999884366989
img_03822.jpg,-0.094200000166893
img_03823.jpg,-0.13750000298023224
img_03824.jpg,-0.16179999709129333
img_03825.jpg,-0.1777999997138977
img_03826.jpg,-0.20160000026226044
img_03827.jpg,-0.21209999918937683
img_03828.jpg,-0.21570000052452087
img_03829.jpg,-0.21209999918937683
img_03830.jpg,-0.19949999451637268
img_03831.jpg,-0.18539999425411224
img_03832.jpg,-0.17329999804496765
img_03833.jpg,-0.16279999911785126
img_03834.jpg,-0.1534000039100647
img_03835.jpg,-0.14710000157356262
img_03836.jpg,-0.14399999380111694
img_03837.jpg,-0.14239999651908875
img_03838.jpg,-0.1429000049829483
img_03839.jpg,-0.14399999380111694
img_03840.jpg,-0.14560000598430634
img_03841.jpg,-0.1429000049829483
img_03842.jpg,-0.14239999651908875
img_03843.jpg,-0.14560000598430634
img_03844.jpg,-0.15289999544620514
img_03845.jpg,-0.15289999544620514
img_03846.jpg,-0.1680999994277954
img_03847.jpg,-0.17589999735355377
img_03848.jpg,-0.18119999766349792
img_03849.jpg,-0.18379999697208405
img_03850.jpg,-0.1843000054359436
img_03851.jpg,-0.1800999939441681
img_03852.jpg,-0.17329999804496765
img_03853.jpg,-0.16599999368190765
img_03854.jpg,-0.15809999406337738
img_03855.jpg,-0.1476999968290329
img_03856.jpg,-0.1476999968290329
img_03857.jpg,-0.12200000137090683
img_03858.jpg,-0.11309999972581863
img_03859.jpg,-0.11680000275373459
img_03860.jpg,-0.12460000067949295
img_03861.jpg,-0.13459999859333038
img_03862.jpg,-0.1429000049829483
img_03863.jpg,-0.14920000731945038
img_03864.jpg,-0.15080000460147858
img_03865.jpg,-0.14970000088214874
img_03866.jpg,-0.1518000066280365
img_03867.jpg,-0.15549999475479126
img_03868.jpg,-0.15919999778270721
img_03869.jpg,-0.15919999778270721
img_03870.jpg,0.10000000149011612
img_03871.jpg,0.07069999724626541
img_03872.jpg,0.057100001722574234
img_03873.jpg,0.057100001722574234
img_03874.jpg,0.03929999843239784
img_03875.jpg,0.02879999950528145
img_03876.jpg,0.018300000578165054
img_03877.jpg,-0.00989999994635582
img_03878.jpg,-0.00989999994635582
img_03879.jpg,-0.015699999406933784
img_03880.jpg,-0.01889999955892563
img_03881.jpg,-0.035599999129772186
img_03882.jpg,-0.048700001090765
img_03883.jpg,-0.048700001090765
img_03884.jpg,-0.0812000036239624
img_03885.jpg,-0.09719999879598618
img_03886.jpg,-0.11810000240802765
img_03887.jpg,-0.13689999282360077
img_03888.jpg,-0.16740000247955322
img_03889.jpg,-0.18719999492168427
img_03890.jpg,-0.22179999947547913
img_03891.jpg,-0.25380000472068787
img_03892.jpg,-0.27630001306533813
img_03893.jpg,-0.29980000853538513
img_03894.jpg,-0.3142000138759613
img_03895.jpg,-0.3142000138759613
img_03896.jpg,-0.3142000138759613
img_03897.jpg,-0.3142000138759613
img_03898.jpg,-0.3142000138759613
img_03899.jpg,-0.3142000138759613
img_03900.jpg,-0.3142000138759613
img_03901.jpg,-0.3142000138759613
img_03902.jpg,-0.3142000138759613
img_03903.jpg,-0.3142000138759613
img_03904.jpg,-0.3142000138759613
img_03905.jpg,-0.3142000138759613
img_03906.jpg,-0.3142000138759613
img_03907.jpg,-0.3142000138759613
img_03908.jpg,-0.3073999881744385
img_03909.jpg,-0.27649998664855957
img_03910.jpg,-0.23669999837875366
img_03911.jpg,-0.19789999723434448
img_03912.jpg,-0.16699999570846558
img_03913.jpg,-0.1460999995470047
img_03914.jpg,-0.13819999992847443
img_03915.jpg,-0.1387999951839447
img_03916.jpg,-0.1429000049829483
img_03917.jpg,-0.14920000731945038
img_03918.jpg,-0.15809999406337738
img_03919.jpg,-0.1728000044822693
img_03920.jpg,-0.18880000710487366
img_03921.jpg,-0.2079000025987625
img_03922.jpg,-0.23029999434947968
img_03923.jpg,-0.24740000069141388
img_03924.jpg,-0.26570001244544983
img_03925.jpg,-0.29670000076293945
img_03926.jpg,-0.3142000138759613
img_03927.jpg,-0.3142000138759613
img_03928.jpg,-0.3142000138759613
img_03929.jpg,-0.3142000138759613
img_03930.jpg,-0.3142000138759613
img_03931.jpg,-0.3142000138759613
img_03932.jpg,-0.3142000138759613
img_03933.jpg,-0.3142000138759613
img_03934.jpg,-0.3142000138759613
img_03935.jpg,-0.3142000138759613
img_03936.jpg,-0.30790001153945923
img_03937.jpg,-0.2816999852657318
img_03938.jpg,-0.24449999630451202
img_03939.jpg,-0.250900000333786
img_03940.jpg,-0.3142000138759613
img_03941.jpg,-0.3142000138759613
img_03942.jpg,-0.3142000138759613
img_03943.jpg,-0.3142000138759613
img_03944.jpg,-0.3142000138759613
img_03945.jpg,-0.3142000138759613
img_03946.jpg,-0.3142000138759613
img_03947.jpg,-0.3142000138759613
img_03948.jpg,-0.30320000648498535
img_03949.jpg,-0.28220000863075256
img_03950.jpg,-0.26440000534057617
img_03951.jpg,-0.24819999933242798
img_03952.jpg,-0.2313999980688095
img_03953.jpg,-0.218299999833107
img_03954.jpg,-0.21050000190734863
img_03955.jpg,-0.20890000462532043
img_03956.jpg,-0.22460000216960907
img_03957.jpg,-0.24060000479221344
img_03958.jpg,-0.2529999911785126
img_03959.jpg,-0.29409998655319214
img_03960.jpg,-0.3100999891757965
img_03961.jpg,-0.3142000138759613
img_03962.jpg,-0.3142000138759613
img_03963.jpg,-0.3109999895095825
img_03964.jpg,-0.2879999876022339
img_03965.jpg,-0.2786000072956085
img_03966.jpg,-0.274399995803833
img_03967.jpg,-0.27070000767707825
img_03968.jpg,-0.25760000944137573
img_03969.jpg,-0.2345999926328659
img_03970.jpg,-0.20160000026226044
img_03971.jpg,-0.20160000026226044
img_03972.jpg,-0.14399999380111694
img_03973.jpg,-0.11890000104904175
img_03974.jpg,-0.1046999990940094
img_03975.jpg,-0.10050000250339508
img_03976.jpg,-0.10109999775886536
img_03977.jpg,-0.09220000356435776
img_03978.jpg,-0.07909999787807465
img_03979.jpg,-0.06390000134706497
img_03980.jpg,-0.047600001096725464
img_03981.jpg,-0.02979999966919422
img_03982.jpg,-0.01679999940097332
img_03983.jpg,0.009399999864399433
img_03984.jpg,0.00839999970048666
img_03985.jpg,0.007899999618530273
img_03986.jpg,-0.01769999973475933
img_03987.jpg,-0.06120000034570694
img_03988.jpg,-0.12020000070333481
img_03989.jpg,-0.19470000267028809
img_03990.jpg,-0.2653000056743622
img_03991.jpg,-0.2985000014305115
img_03992.jpg,-0.3142000138759613
img_03993.jpg,-0.3142000138759613
img_03994.jpg,-0.30790001153945923
img_03995.jpg,-0.29269999265670776
img_03996.jpg,-0.2800999879837036
img_03997.jpg,-0.26809999346733093
img_03998.jpg,-0.24449999630451202
img_03999.jpg,-0.21619999408721924
img_04000.jpg,-0.17800000309944153
img_04001.jpg,-0.1445000022649765
img_04002.jpg,-0.1151999980211258
img_04003.jpg,-0.08479999750852585
img_04004.jpg,-0.062300000339746475
img_04005.jpg,-0.04560000076889992
img_04006.jpg,-0.032499998807907104
img_04007.jpg,-0.030899999663233757
img_04008.jpg,-0.05009999871253967
img_04009.jpg,-0.08370000123977661
img_04010.jpg,-0.11620000004768372
img_04011.jpg,-0.14489999413490295
img_04012.jpg,-0.1882999986410141
img_04013.jpg,-0.22599999606609344
img_04014.jpg,-0.2648000121116638
img_04015.jpg,-0.27489998936653137
img_04016.jpg,-0.26440000534057617
img_04017.jpg,-0.24449999630451202
img_04018.jpg,-0.21889999508857727
img_04019.jpg,-0.18330000340938568
img_04020.jpg,-0.18330000340938568
img_04021.jpg,-0.11620000004768372
img_04022.jpg,-0.08429999649524689
img_04023.jpg,-0.054999999701976776
img_04024.jpg,0.02979999966919422
img_04025.jpg,0.02410000003874302
img_04026.jpg,0.0272000003606081
img_04027.jpg,0.025699999183416367
img_04028.jpg,0.02199999988079071
img_04029.jpg,0.02199999988079071
img_04030.jpg,0.00989999994635582
img_04031.jpg,-0.005200000014156103
img_04032.jpg,-0.005200000014156103
img_04033.jpg,-0.007899999618530273
img_04034.jpg,-0.008899999782443047
img_04035.jpg,-0.009399999864399433
img_04036.jpg,-0.00989999994635582
img_04037.jpg,-0.00989999994635582
img_04038.jpg,-0.00989999994635582
img_04039.jpg,-0.01679999940097332
img_04040.jpg,-0.03139999881386757
img_04041.jpg,-0.03460000082850456
img_04042.jpg,-0.06729999929666519
img_04043.jpg,-0.09139999747276306
img_04044.jpg,-0.09960000216960907
img_04045.jpg,-0.11890000104904175
img_04046.jpg,-0.1256999969482422
img_04047.jpg,-0.12200000137090683
img_04048.jpg,-0.11100000143051147
img_04049.jpg,-0.09059999883174896
img_04050.jpg,-0.07069999724626541
img_04051.jpg,-0.05180000141263008
img_04052.jpg,-0.030899999663233757
img_04053.jpg,0.015699999406933784
img_04054.jpg,0.012600000016391277
img_04055.jpg,0.014700000174343586
img_04056.jpg,0.01360000018030405
img_04057.jpg,0.011500000022351742
img_04058.jpg,0.007899999618530273
img_04059.jpg,0.004699999932199717
img_04060.jpg,-0.003100000089034438
img_04061.jpg,-0.00419999985024333
img_04062.jpg,-0.005799999926239252
img_04063.jpg,-0.006800000090152025
img_04064.jpg,-0.007899999618530273
img_04065.jpg,-0.00839999970048666
img_04066.jpg,0.00419999985024333
img_04067.jpg,0.011500000022351742
img_04068.jpg,0.027499999850988388
img_04069.jpg,0.04610000178217888
img_04070.jpg,0.05249999836087227
img_04071.jpg,0.08429999649524689
img_04072.jpg,0.0989999994635582
img_04073.jpg,0.11259999871253967
img_04074.jpg,0.11829999834299088
img_04075.jpg,0.11259999871253967
img_04076.jpg,0.09529999643564224
img_04077.jpg,0.07590000331401825
img_04078.jpg,0.05079999938607216
img_04079.jpg,0.02979999966919422
img_04080.jpg,-0.017799999564886093
img_04081.jpg,-0.020400000736117363
img_04082.jpg,-0.02459999918937683
img_04083.jpg,-0.026200000196695328
img_04084.jpg,-0.026200000196695328
img_04085.jpg,-0.02410000003874302
img_04086.jpg,-0.020400000736117363
img_04087.jpg,-0.01730000041425228
img_04088.jpg,-0.01360000018030405
img_04089.jpg,-0.007300000172108412
img_04090.jpg,0.006800000090152025
img_04091.jpg,0.00989999994635582
img_04092.jpg,0.015200000256299973
img_04093.jpg,0.01940000057220459
img_04094.jpg,0.02250000089406967
img_04095.jpg,0.02459999918937683
img_04096.jpg,0.025699999183416367
img_04097.jpg,0.025699999183416367
img_04098.jpg,0.025699999183416367
img_04099.jpg,0.025699999183416367
img_04100.jpg,0.023000000044703484
img_04101.jpg,0.02199999988079071
img_04102.jpg,0.020899999886751175
img_04103.jpg,0.019899999722838402
img_04104.jpg,0.01940000057220459
img_04105.jpg,0.01679999940097332
img_04106.jpg,0.013100000098347664
img_04107.jpg,0.00839999970048666
img_04108.jpg,0.00419999985024333
img_04109.jpg,-0.00419999985024333
img_04110.jpg,-0.005799999926239252
img_04111.jpg,-0.006800000090152025
img_04112.jpg,-0.007899999618530273
img_04113.jpg,-0.00839999970048666
img_04114.jpg,-0.00839999970048666
img_04115.jpg,-0.007899999618530273
img_04116.jpg,-0.007300000172108412
img_04117.jpg,-0.006300000008195639
img_04118.jpg,-0.006300000008195639
img_04119.jpg,-0.004699999932199717
img_04120.jpg,-0.00419999985024333
img_04121.jpg,-0.003700000001117587
img_04122.jpg,-0.003100000089034438
img_04123.jpg,-0.003100000089034438
img_04124.jpg,-0.003100000089034438
img_04125.jpg,-0.0026000000070780516
img_04126.jpg,-0.003100000089034438
img_04127.jpg,-0.003100000089034438
img_04128.jpg,-0.003100000089034438
img_04129.jpg,-0.003100000089034438
img_04130.jpg,-0.003100000089034438
img_04131.jpg,-0.003100000089034438
img_04132.jpg,-0.003100000089034438
img_04133.jpg,-0.003700000001117587
img_04134.jpg,-0.003700000001117587
img_04135.jpg,-0.003700000001117587
img_04136.jpg,-0.003700000001117587
img_04137.jpg,-0.003700000001117587
img_04138.jpg,-0.003700000001117587
img_04139.jpg,-0.003100000089034438
img_04140.jpg,-0.003100000089034438
img_04141.jpg,-0.003100000089034438
img_04142.jpg,-0.003100000089034438
img_04143.jpg,-0.003100000089034438
img_04144.jpg,-0.003100000089034438
img_04145.jpg,-0.003100000089034438
img_04146.jpg,-0.003100000089034438
img_04147.jpg,-0.003100000089034438
img_04148.jpg,-0.003100000089034438
img_04149.jpg,-0.003100000089034438
img_04150.jpg,-0.003100000089034438
img_04151.jpg,-0.003100000089034438
img_04152.jpg,-0.003100000089034438
img_04153.jpg,-0.015699999406933784
img_04154.jpg,-0.02669999934732914
img_04155.jpg,-0.03610000014305115
img_04156.jpg,-0.04450000077486038
img_04157.jpg,-0.052400000393390656
img_04158.jpg,-0.057100001722574234
img_04159.jpg,-0.06019999831914902
img_04160.jpg,-0.06909999996423721
img_04161.jpg,-0.08169999718666077
img_04162.jpg,-0.09529999643564224
img_04163.jpg,-0.1046999990940094
img_04164.jpg,-0.11100000143051147
img_04165.jpg,-0.11150000244379044
img_04166.jpg,-0.09790000319480896
img_04167.jpg,-0.0812000036239624
img_04168.jpg,-0.062300000339746475
img_04169.jpg,-0.03929999843239784
img_04170.jpg,0.019899999722838402
img_04171.jpg,0.020400000736117363
img_04172.jpg,0.027799999341368675
img_04173.jpg,0.03739999979734421
img_04174.jpg,0.05999999865889549
img_04175.jpg,0.07909999787807465
img_04176.jpg,0.0957999974489212
img_04177.jpg,0.10840000212192535
img_04178.jpg,0.10790000110864639
img_04179.jpg,0.10000000149011612
img_04180.jpg,0.08219999819993973
img_04181.jpg,0.06440000236034393
img_04182.jpg,0.04659999907016754
img_04183.jpg,0.02669999934732914
img_04184.jpg,-0.015699999406933784
img_04185.jpg,-0.01679999940097332
img_04186.jpg,-0.019899999722838402
img_04187.jpg,-0.020899999886751175
img_04188.jpg,-0.01940000057220459
img_04189.jpg,-0.01730000041425228
img_04190.jpg,-0.014700000174343586
img_04191.jpg,-0.010999999940395355
img_04192.jpg,-0.007899999618530273
img_04193.jpg,-0.00839999970048666
img_04194.jpg,-0.012600000016391277
img_04195.jpg,-0.01730000041425228
img_04196.jpg,-0.02250000089406967
img_04197.jpg,-0.02879999950528145
img_04198.jpg,-0.03350000083446503
img_04199.jpg,-0.03720000013709068
img_04200.jpg,-0.040300000458955765
img_04201.jpg,-0.04190000146627426
img_04202.jpg,-0.042899999767541885
img_04203.jpg,-0.042399998754262924
img_04204.jpg,-0.0414000004529953
img_04205.jpg,-0.03869999945163727
img_04206.jpg,-0.032999999821186066
img_04207.jpg,-0.026200000196695328
img_04208.jpg,-0.02979999966919422
img_04209.jpg,-0.03869999945163727
img_04210.jpg,-0.0502999983727932
img_04211.jpg,-0.06390000134706497
img_04212.jpg,-0.06390000134706497
img_04213.jpg,-0.07959999889135361
img_04214.jpg,-0.08219999819993973
img_04215.jpg,-0.08169999718666077
img_04216.jpg,-0.07909999787807465
img_04217.jpg,-0.07490000128746033
img_04218.jpg,-0.07490000128746033
img_04219.jpg,-0.05550000071525574
img_04220.jpg,-0.03869999945163727
img_04221.jpg,0.023600000888109207
img_04222.jpg,0.030899999663233757
img_04223.jpg,0.04690000042319298
img_04224.jpg,0.06520000100135803
img_04225.jpg,0.08980000019073486
img_04226.jpg,0.12349999696016312
img_04227.jpg,0.14970000088214874
img_04228.jpg,0.16249999403953552
img_04229.jpg,0.1826999932527542
img_04230.jpg,0.19550000131130219
img_04231.jpg,0.20730000734329224
img_04232.jpg,0.20160000026226044
img_04233.jpg,0.17589999735355377
img_04234.jpg,0.14659999310970306
img_04235.jpg,0.10729999840259552
img_04236.jpg,0.07329999655485153
img_04237.jpg,0.040300000458955765
img_04238.jpg,0.024299999698996544
img_04239.jpg,-0.054499998688697815
img_04240.jpg,-0.07020000368356705
img_04241.jpg,-0.08299999684095383
img_04242.jpg,-0.08380000293254852
img_04243.jpg,-0.09220000356435776
img_04244.jpg,-0.0869000032544136
img_04245.jpg,-0.07850000262260437
img_04246.jpg,-0.06809999793767929
img_04247.jpg,-0.05389999970793724
img_04248.jpg,-0.042399998754262924
img_04249.jpg,-0.030899999663233757
img_04250.jpg,-0.023000000044703484
img_04251.jpg,-0.01679999940097332
img_04252.jpg,-0.013100000098347664
img_04253.jpg,-0.006800000090152025
img_04254.jpg,0.005799999926239252
img_04255.jpg,0.007300000172108412
img_04256.jpg,0.010999999940395355
img_04257.jpg,0.013100000098347664
img_04258.jpg,0.014100000262260437
img_04259.jpg,0.00839999970048666
img_04260.jpg,-0.007300000172108412
img_04261.jpg,-0.011500000022351742
img_04262.jpg,-0.019899999722838402
img_04263.jpg,-0.0272000003606081
img_04264.jpg,-0.03400000184774399
img_04265.jpg,-0.039799999445676804
img_04266.jpg,-0.04500000178813934
img_04267.jpg,-0.04820000007748604
img_04268.jpg,-0.04969999939203262
img_04269.jpg,-0.05079999938607216
img_04270.jpg,-0.05130000039935112
img_04271.jpg,-0.05079999938607216
img_04272.jpg,-0.04969999939203262
img_04273.jpg,-0.048700001090765
img_04274.jpg,-0.0471000000834465
img_04275.jpg,-0.04450000077486038
img_04276.jpg,-0.03869999945163727
img_04277.jpg,-0.03189999982714653
img_04278.jpg,-0.02199999988079071
img_04279.jpg,-0.01360000018030405
img_04280.jpg,0.007899999618530273
img_04281.jpg,0.005200000014156103
img_04282.jpg,0.003700000001117587
img_04283.jpg,-0.00419999985024333
img_04284.jpg,-0.012000000104308128
img_04285.jpg,-0.023600000888109207
img_04286.jpg,-0.03959999978542328
img_04287.jpg,-0.05339999869465828
img_04288.jpg,-0.06539999693632126
img_04289.jpg,-0.07639999687671661
img_04290.jpg,-0.08429999649524689
img_04291.jpg,-0.08950000256299973
img_04292.jpg,-0.09220000356435776
img_04293.jpg,-0.09220000356435776
img_04294.jpg,-0.09059999883174896
img_04295.jpg,-0.0885000005364418
img_04296.jpg,-0.08060000091791153
img_04297.jpg,-0.06909999996423721
img_04298.jpg,-0.0560000017285347
img_04299.jpg,-0.03929999843239784
img_04300.jpg,-0.023600000888109207
img_04301.jpg,0.019899999722838402
img_04302.jpg,0.02459999918937683
img_04303.jpg,0.03610000014305115
img_04304.jpg,0.04919999837875366
img_04305.jpg,0.0649000033736229
img_04306.jpg,0.06809999793767929
img_04307.jpg,0.08810000121593475
img_04308.jpg,0.10209999978542328
img_04309.jpg,0.10999999940395355
img_04310.jpg,0.1151999980211258
img_04311.jpg,0.10580000281333923
img_04312.jpg,0.0885000005364418
img_04313.jpg,0.0649000033736229
img_04314.jpg,0.0649000033736229
img_04315.jpg,-0.040800001472234726
img_04316.jpg,-0.05040000006556511
img_04317.jpg,-0.06340000033378601
img_04318.jpg,-0.06859999895095825
img_04319.jpg,-0.07020000368356705
img_04320.jpg,-0.0737999975681305
img_04321.jpg,-0.07750000059604645
img_04322.jpg,-0.08380000293254852
img_04323.jpg,-0.08950000256299973
img_04324.jpg,-0.094200000166893
img_04325.jpg,-0.09839999675750732
img_04326.jpg,-0.10109999775886536
img_04327.jpg,-0.10159999877214432
img_04328.jpg,-0.09950000047683716
img_04329.jpg,-0.094200000166893
img_04330.jpg,-0.08479999750852585
img_04331.jpg,-0.07639999687671661
img_04332.jpg,-0.06809999793767929
img_04333.jpg,-0.05920000001788139
img_04334.jpg,-0.05180000141263008
img_04335.jpg,-0.04659999907016754
img_04336.jpg,-0.04820000007748604
img_04337.jpg,-0.05389999970793724
img_04338.jpg,-0.062300000339746475
img_04339.jpg,-0.07440000027418137
img_04340.jpg,-0.08479999750852585
img_04341.jpg,-0.09319999814033508
img_04342.jpg,-0.10000000149011612
img_04343.jpg,-0.10320000350475311
img_04344.jpg,-0.10419999808073044
img_04345.jpg,-0.1031000018119812
img_04346.jpg,-0.10890000313520432
img_04347.jpg,-0.11680000275373459
img_04348.jpg,-0.1251000016927719
img_04349.jpg,-0.13040000200271606
img_04350.jpg,-0.1356000006198883
img_04351.jpg,-0.14139999449253082
img_04352.jpg,-0.14820000529289246
img_04353.jpg,-0.1534000039100647
img_04354.jpg,-0.15710000693798065
img_04355.jpg,-0.15919999778270721
img_04356.jpg,-0.15970000624656677
img_04357.jpg,-0.15809999406337738
img_04358.jpg,-0.1550000011920929
img_04359.jpg,-0.1518000066280365
img_04360.jpg,-0.14820000529289246
img_04361.jpg,-0.14869999885559082
img_04362.jpg,-0.15080000460147858
img_04363.jpg,-0.1534000039100647
img_04364.jpg,-0.15760000050067902
img_04365.jpg,-0.1606999933719635
img_04366.jpg,-0.16279999911785126
img_04367.jpg,-0.15809999406337738
img_04368.jpg,-0.15549999475479126
img_04369.jpg,-0.1606999933719635
img_04370.jpg,-0.1695999950170517
img_04371.jpg,-0.1800999939441681
img_04372.jpg,-0.1429000049829483
img_04373.jpg,-0.13349999487400055
img_04374.jpg,-0.14239999651908875
img_04375.jpg,-0.15389999747276306
img_04376.jpg,-0.15389999747276306
img_04377.jpg,-0.17190000414848328
img_04378.jpg,-0.19509999454021454
img_04379.jpg,-0.2125999927520752
img_04380.jpg,-0.21580000221729279
img_04381.jpg,-0.25060001015663147
img_04382.jpg,-0.27309998869895935
img_04383.jpg,-0.290800005197525
img_04384.jpg,-0.3142000138759613
img_04385.jpg,-0.3142000138759613
img_04386.jpg,-0.3142000138759613
img_04387.jpg,-0.3142000138759613
img_04388.jpg,-0.30790001153945923
img_04389.jpg,-0.3005000054836273
img_04390.jpg,-0.2858999967575073
img_04391.jpg,-0.26080000400543213
img_04392.jpg,-0.23669999837875366
img_04393.jpg,-0.21359999477863312
img_04394.jpg,-0.18639999628067017
img_04395.jpg,-0.16019999980926514
img_04396.jpg,-0.13609999418258667
img_04397.jpg,-0.11469999700784683
img_04398.jpg,-0.10050000250339508
img_04399.jpg,-0.09269999712705612
img_04400.jpg,-0.08950000256299973
img_04401.jpg,-0.09589999914169312
img_04402.jpg,-0.12919999659061432
img_04403.jpg,-0.1527000069618225
img_04404.jpg,-0.19480000436306
img_04405.jpg,-0.2223999947309494
img_04406.jpg,-0.304500013589859
img_04407.jpg,-0.3142000138759613
img_04408.jpg,-0.3142000138759613
img_04409.jpg,-0.3142000138759613
img_04410.jpg,-0.3142000138759613
img_04411.jpg,-0.3142000138759613
img_04412.jpg,-0.3142000138759613
img_04413.jpg,-0.31360000371932983
img_04414.jpg,-0.29269999265670776
img_04415.jpg,-0.27799999713897705
img_04416.jpg,-0.27799999713897705
img_04417.jpg,-0.2565999925136566
img_04418.jpg,-0.25029999017715454
img_04419.jpg,-0.24869999289512634
img_04420.jpg,-0.24560000002384186
img_04421.jpg,-0.24289999902248383
img_04422.jpg,-0.2556999921798706
img_04423.jpg,-0.2815999984741211
img_04424.jpg,-0.3018999993801117
img_04425.jpg,-0.3142000138759613
img_04426.jpg,-0.3142000138759613
img_04427.jpg,-0.3142000138759613
img_04428.jpg,-0.3142000138759613
img_04429.jpg,-0.3142000138759613
img_04430.jpg,-0.3142000138759613
img_04431.jpg,-0.3142000138759613
img_04432.jpg,-0.3142000138759613
img_04433.jpg,-0.3142000138759613
img_04434.jpg,-0.30630001425743103
img_04435.jpg,-0.2786000072956085
img_04436.jpg,-0.24140000343322754
img_04437.jpg,-0.20469999313354492
img_04438.jpg,-0.20469999313354492
img_04439.jpg,-0.15080000460147858
img_04440.jpg,-0.13819999992847443
img_04441.jpg,-0.11990000307559967
img_04442.jpg,-0.11990000307559967
img_04443.jpg,-0.11469999700784683
img_04444.jpg,-0.12409999966621399
img_04445.jpg,-0.14010000228881836
img_04446.jpg,-0.163100004196167
img_04447.jpg,-0.17759999632835388
img_04448.jpg,-0.20069999992847443
img_04449.jpg,-0.25850000977516174
img_04450.jpg,-0.28040000796318054
img_04451.jpg,-0.29159998893737793
img_04452.jpg,-0.3010999858379364
img_04453.jpg,-0.3138999938964844
img_04454.jpg,-0.3142000138759613
img_04455.jpg,-0.3142000138759613
img_04456.jpg,-0.3142000138759613
img_04457.jpg,-0.3142000138759613
img_04458.jpg,-0.3142000138759613
img_04459.jpg,-0.3142000138759613
img_04460.jpg,-0.3142000138759613
img_04461.jpg,-0.3142000138759613
img_04462.jpg,-0.3142000138759613
img_04463.jpg,-0.31310001015663147
img_04464.jpg,-0.31310001015663147
img_04465.jpg,-0.2896000146865845
img_04466.jpg,-0.2775000035762787
img_04467.jpg,-0.2669999897480011
img_04468.jpg,-0.25870001316070557
img_04469.jpg,-0.24979999661445618
img_04470.jpg,-0.23980000615119934
img_04471.jpg,-0.23090000450611115
img_04472.jpg,-0.20579999685287476
img_04473.jpg,-0.18060000240802765
img_04474.jpg,-0.15240000188350677
img_04475.jpg,-0.12300000339746475
img_04476.jpg,-0.08950000256299973
img_04477.jpg,-0.062300000339746475
img_04478.jpg,-0.040300000458955765
img_04479.jpg,-0.02669999934732914
img_04480.jpg,-0.03139999881386757
img_04481.jpg,-0.04740000143647194
img_04482.jpg,-0.12290000170469284
img_04483.jpg,-0.21610000729560852
img_04484.jpg,-0.3142000138759613
img_04485.jpg,-0.3142000138759613
img_04486.jpg,-0.3142000138759613
img_04487.jpg,-0.3142000138759613
img_04488.jpg,-0.3142000138759613
img_04489.jpg,-0.3142000138759613
img_04490.jpg,-0.3142000138759613
img_04491.jpg,-0.3142000138759613
img_04492.jpg,-0.3142000138759613
img_04493.jpg,-0.3142000138759613
img_04494.jpg,-0.3142000138759613
img_04495.jpg,-0.3142000138759613
img_04496.jpg,-0.3142000138759613
img_04497.jpg,-0.3142000138759613
img_04498.jpg,-0.3142000138759613
img_04499.jpg,-0.3142000138759613
img_04500.jpg,-0.3142000138759613
img_04501.jpg,-0.3142000138759613
img_04502.jpg,-0.3142000138759613
img_04503.jpg,-0.3142000138759613
img_04504.jpg,-0.3142000138759613
img_04505.jpg,-0.3142000138759613
img_04506.jpg,-0.3142000138759613
img_04507.jpg,-0.3142000138759613
img_04508.jpg,-0.3142000138759613
img_04509.jpg,-0.3142000138759613
img_04510.jpg,-0.3142000138759613
img_04511.jpg,-0.3142000138759613
img_04512.jpg,-0.3142000138759613
img_04513.jpg,-0.3142000138759613
img_04514.jpg,-0.2816999852657318
img_04515.jpg,-0.2402999997138977
img_04516.jpg,-0.19480000436306
img_04517.jpg,-0.15029999613761902
img_04518.jpg,-0.10159999877214432
img_04519.jpg,-0.06539999693632126
img_04520.jpg,-0.03869999945163727
img_04521.jpg,-0.03869999945163727
img_04522.jpg,0.014100000262260437
img_04523.jpg,0.014700000174343586
img_04524.jpg,0.01730000041425228
img_04525.jpg,0.018799999728798866
img_04526.jpg,0.018799999728798866
img_04527.jpg,0.01730000041425228
img_04528.jpg,0.014700000174343586
img_04529.jpg,0.010999999940395355
img_04530.jpg,-0.0017999999690800905
img_04531.jpg,-0.023600000888109207
img_04532.jpg,-0.03959999978542328
img_04533.jpg,-0.05860000103712082
img_04534.jpg,-0.07119999825954437
img_04535.jpg,-0.0812000036239624
img_04536.jpg,-0.08590000122785568
img_04537.jpg,-0.08330000191926956
img_04538.jpg,-0.07590000331401825
img_04539.jpg,-0.06340000033378601
img_04540.jpg,-0.052400000393390656
img_04541.jpg,-0.04349999874830246
img_04542.jpg,-0.03460000082850456
img_04543.jpg,-0.028300000354647636
img_04544.jpg,-0.02410000003874302
img_04545.jpg,-0.020400000736117363
img_04546.jpg,-0.018300000578165054
img_04547.jpg,-0.012600000016391277
img_04548.jpg,0.00839999970048666
img_04549.jpg,0.016200000420212746
img_04550.jpg,0.02669999934732914
img_04551.jpg,0.04270000010728836
img_04552.jpg,0.07800000160932541
img_04553.jpg,0.10249999910593033
img_04554.jpg,0.14169999957084656
img_04555.jpg,0.18359999358654022
img_04556.jpg,0.22390000522136688
img_04557.jpg,0.2727000117301941
img_04558.jpg,0.29319998621940613
img_04559.jpg,0.29159998893737793
img_04560.jpg,0.27379998564720154
img_04561.jpg,0.24869999289512634
img_04562.jpg,0.210999995470047
img_04563.jpg,0.17649999260902405
img_04564.jpg,0.17649999260902405
img_04565.jpg,0.11620000004768372
img_04566.jpg,0.08640000224113464
img_04567.jpg,0.06129999831318855
img_04568.jpg,0.03819999843835831
img_04569.jpg,0.03819999843835831
img_04570.jpg,-0.02199999988079071
img_04571.jpg,-0.025100000202655792
img_04572.jpg,-0.026200000196695328
img_04573.jpg,-0.025699999183416367
img_04574.jpg,-0.02250000089406967
img_04575.jpg,-0.019899999722838402
img_04576.jpg,-0.01679999940097332
img_04577.jpg,-0.01360000018030405
img_04578.jpg,-0.010999999940395355
img_04579.jpg,-0.009399999864399433
img_04580.jpg,-0.007899999618530273
img_04581.jpg,-0.006800000090152025
img_04582.jpg,-0.005799999926239252
img_04583.jpg,0.00419999985024333
img_04584.jpg,0.017000000923871994
img_04585.jpg,0.03819999843835831
img_04586.jpg,0.05860000103712082
img_04587.jpg,0.07460000365972519
img_04588.jpg,0.10029999911785126
img_04589.jpg,0.12330000102519989
img_04590.jpg,0.13680000603199005
img_04591.jpg,0.15139999985694885
img_04592.jpg,0.17749999463558197
img_04593.jpg,0.18170000612735748
img_04594.jpg,0.16279999911785126
img_04595.jpg,0.1371999979019165
img_04596.jpg,0.1371999979019165
img_04597.jpg,0.07800000160932541
img_04598.jpg,0.042899999767541885
img_04599.jpg,-0.030400000512599945
img_04600.jpg,-0.042899999767541885
img_04601.jpg,-0.05570000037550926
img_04602.jpg,-0.07620000094175339
img_04603.jpg,-0.09839999675750732
img_04604.jpg,-0.11050000041723251
img_04605.jpg,-0.11680000275373459
img_04606.jpg,-0.11729999631643295
img_04607.jpg,-0.11209999769926071
img_04608.jpg,-0.1046999990940094
img_04609.jpg,-0.09629999846220016
img_04610.jpg,-0.08739999681711197
img_04611.jpg,-0.05550000071525574
img_04612.jpg,-0.02979999966919422
img_04613.jpg,-0.007400000002235174
img_04614.jpg,0.05380000174045563
img_04615.jpg,0.07569999992847443
img_04616.jpg,0.12439999729394913
img_04617.jpg,0.16850000619888306
img_04618.jpg,0.18950000405311584
img_04619.jpg,0.1932000070810318
img_04620.jpg,0.1873999983072281
img_04621.jpg,0.1695999950170517
img_04622.jpg,0.14970000088214874
img_04623.jpg,0.13040000200271606
img_04624.jpg,0.11680000275373459
img_04625.jpg,0.1151999980211258
img_04626.jpg,0.1256999969482422
img_04627.jpg,0.14489999413490295
img_04628.jpg,0.1679999977350235
img_04629.jpg,0.18619999289512634
img_04630.jpg,0.2223999947309494
img_04631.jpg,0.23309999704360962
img_04632.jpg,0.2581000030040741
img_04633.jpg,0.24400000274181366
img_04634.jpg,0.21780000627040863
img_04635.jpg,0.21780000627040863
img_04636.jpg,0.14970000088214874
img_04637.jpg,0.11890000104904175
img_04638.jpg,0.10159999877214432
img_04639.jpg,0.09480000287294388
img_04640.jpg,0.09690000116825104
img_04641.jpg,0.10419999808073044
img_04642.jpg,0.1136000007390976
img_04643.jpg,0.12460000067949295
img_04644.jpg,0.13819999992847443
img_04645.jpg,0.14970000088214874
img_04646.jpg,0.1534000039100647
img_04647.jpg,0.1445000022649765
img_04648.jpg,0.12720000743865967
img_04649.jpg,0.10580000281333923
img_04650.jpg,0.08269999921321869
img_04651.jpg,0.054499998688697815
img_04652.jpg,0.03139999881386757
img_04653.jpg,-0.018799999728798866
img_04654.jpg,-0.017799999564886093
img_04655.jpg,-0.019899999722838402
img_04656.jpg,0.010499999858438969
img_04657.jpg,0.02199999988079071
img_04658.jpg,0.04450000077486038
img_04659.jpg,0.054099999368190765
img_04660.jpg,0.07800000160932541
img_04661.jpg,0.10729999840259552
img_04662.jpg,0.14579999446868896
img_04663.jpg,0.17489999532699585
img_04664.jpg,0.18799999356269836
img_04665.jpg,0.18799999356269836
img_04666.jpg,0.19529999792575836
img_04667.jpg,0.19840000569820404
img_04668.jpg,0.18950000405311584
img_04669.jpg,0.17329999804496765
img_04670.jpg,0.15080000460147858
img_04671.jpg,0.12359999865293503
img_04672.jpg,0.0957999974489212
img_04673.jpg,0.06859999895095825
img_04674.jpg,0.03929999843239784
img_04675.jpg,-0.023000000044703484
img_04676.jpg,-0.020899999886751175
img_04677.jpg,-0.02410000003874302
img_04678.jpg,-0.017799999564886093
img_04679.jpg,0.015200000256299973
img_04680.jpg,0.02250000089406967
img_04681.jpg,0.03400000184774399
img_04682.jpg,0.03400000184774399
img_04683.jpg,0.04659999907016754
img_04684.jpg,0.07440000027418137
img_04685.jpg,0.08529999852180481
img_04686.jpg,0.09369999915361404
img_04687.jpg,0.10109999775886536
img_04688.jpg,0.10729999840259552
img_04689.jpg,0.11150000244379044
img_04690.jpg,0.1136000007390976
img_04691.jpg,0.1151999980211258
img_04692.jpg,0.10679999738931656
img_04693.jpg,0.0885000005364418
img_04694.jpg,0.0885000005364418
img_04695.jpg,0.05130000039935112
img_04696.jpg,0.030400000512599945
img_04697.jpg,-0.016200000420212746
img_04698.jpg,-0.014100000262260437
img_04699.jpg,-0.015200000256299973
img_04700.jpg,-0.014700000174343586
img_04701.jpg,-0.013100000098347664
img_04702.jpg,-0.010999999940395355
img_04703.jpg,-0.00839999970048666
img_04704.jpg,-0.008899999782443047
img_04705.jpg,-0.013100000098347664
img_04706.jpg,-0.020899999886751175
img_04707.jpg,-0.02930000051856041
img_04708.jpg,-0.032499998807907104
img_04709.jpg,-0.04560000076889992
img_04710.jpg,-0.05180000141263008
img_04711.jpg,-0.05649999901652336
img_04712.jpg,-0.05920000001788139
img_04713.jpg,-0.06069999933242798
img_04714.jpg,-0.05920000001788139
img_04715.jpg,-0.05550000071525574
img_04716.jpg,-0.05130000039935112
img_04717.jpg,-0.04560000076889992
img_04718.jpg,-0.040300000458955765
img_04719.jpg,-0.03610000014305115
img_04720.jpg,-0.027799999341368675
img_04721.jpg,-0.019899999722838402
img_04722.jpg,-0.012600000016391277
img_04723.jpg,0.007300000172108412
img_04724.jpg,0.006300000008195639
img_04725.jpg,0.006300000008195639
img_04726.jpg,0.006300000008195639
img_04727.jpg,0.004699999932199717
img_04728.jpg,0.003700000001117587
img_04729.jpg,0.0026000000070780516
img_04730.jpg,-0.0010000000474974513
img_04731.jpg,0.003700000001117587
img_04732.jpg,0.015699999406933784
img_04733.jpg,0.032999999821186066
img_04734.jpg,0.05220000073313713
img_04735.jpg,0.06289999932050705
img_04736.jpg,0.09610000252723694
img_04737.jpg,0.12359999865293503
img_04738.jpg,0.13609999418258667
img_04739.jpg,0.14350000023841858
img_04740.jpg,0.1460999995470047
img_04741.jpg,0.1387999951839447
img_04742.jpg,0.1266999989748001
img_04743.jpg,0.11050000041723251
img_04744.jpg,0.08739999681711197
img_04745.jpg,0.05389999970793724
img_04746.jpg,0.03790000081062317
img_04747.jpg,-0.0729999989271164
img_04748.jpg,-0.11140000075101852
img_04749.jpg,-0.1454000025987625
img_04750.jpg,-0.1914999932050705
img_04751.jpg,-0.20000000298023224
img_04752.jpg,-0.23669999837875366
img_04753.jpg,-0.23399999737739563
img_04754.jpg,-0.23399999737739563
img_04755.jpg,-0.19370000064373016
img_04756.jpg,-0.1565999984741211
img_04757.jpg,-0.12300000339746475
img_04758.jpg,-0.09369999915361404
img_04759.jpg,-0.07020000368356705
img_04760.jpg,-0.05180000141263008
img_04761.jpg,-0.04190000146627426
img_04762.jpg,-0.03669999912381172
img_04763.jpg,-0.030400000512599945
img_04764.jpg,-0.023000000044703484
img_04765.jpg,-0.023000000044703484
img_04766.jpg,-0.012600000016391277
img_04767.jpg,-0.009399999864399433
img_04768.jpg,-0.006800000090152025
img_04769.jpg,-0.005799999926239252
img_04770.jpg,-0.005200000014156103
img_04771.jpg,-0.005799999926239252
img_04772.jpg,-0.006300000008195639
img_04773.jpg,-0.007300000172108412
img_04774.jpg,-0.007899999618530273
img_04775.jpg,-0.007899999618530273
img_04776.jpg,-0.006800000090152025
img_04777.jpg,-0.006800000090152025
img_04778.jpg,0.003100000089034438
img_04779.jpg,0.00419999985024333
img_04780.jpg,0.007899999618530273
img_04781.jpg,0.010999999940395355
img_04782.jpg,0.01360000018030405
img_04783.jpg,0.015699999406933784
img_04784.jpg,0.017799999564886093
img_04785.jpg,0.018799999728798866
img_04786.jpg,0.016200000420212746
img_04787.jpg,-0.00839999970048666
img_04788.jpg,-0.012600000016391277
img_04789.jpg,-0.023000000044703484
img_04790.jpg,-0.032600000500679016
img_04791.jpg,-0.05180000141263008
img_04792.jpg,-0.06539999693632126
img_04793.jpg,-0.08060000091791153
img_04794.jpg,-0.09220000356435776
img_04795.jpg,-0.10109999775886536
img_04796.jpg,-0.10520000010728836
img_04797.jpg,-0.1046999990940094
img_04798.jpg,-0.10209999978542328
img_04799.jpg,-0.09740000218153
img_04800.jpg,-0.08900000154972076
img_04801.jpg,-0.07169999927282333
img_04802.jpg,-0.059700001031160355
img_04803.jpg,-0.048700001090765
img_04804.jpg,-0.040800001472234726
img_04805.jpg,-0.035100001841783524
img_04806.jpg,-0.03139999881386757
img_04807.jpg,-0.03139999881386757
img_04808.jpg,-0.02979999966919422
img_04809.jpg,-0.03400000184774399
img_04810.jpg,-0.03669999912381172
img_04811.jpg,-0.03869999945163727
img_04812.jpg,-0.040300000458955765
img_04813.jpg,-0.040800001472234726
img_04814.jpg,-0.040800001472234726
img_04815.jpg,-0.037700001150369644
img_04816.jpg,-0.03139999881386757
img_04817.jpg,-0.03139999881386757
img_04818.jpg,-0.020400000736117363
img_04819.jpg,-0.018799999728798866
img_04820.jpg,-0.01940000057220459
img_04821.jpg,-0.0215000007301569
img_04822.jpg,-0.02410000003874302
img_04823.jpg,-0.02669999934732914
img_04824.jpg,-0.030400000512599945
img_04825.jpg,-0.040800001472234726
img_04826.jpg,-0.05999999865889549
img_04827.jpg,-0.08259999752044678
img_04828.jpg,-0.10670000314712524
img_04829.jpg,-0.12800000607967377
img_04830.jpg,-0.14990000426769257
img_04831.jpg,-0.18209999799728394
img_04832.jpg,-0.20160000026226044
img_04833.jpg,-0.20800000429153442
img_04834.jpg,-0.218299999833107
img_04835.jpg,-0.21619999408721924
img_04836.jpg,-0.20469999313354492
img_04837.jpg,-0.19110000133514404
img_04838.jpg,-0.1770000010728836
img_04839.jpg,-0.16279999911785126
img_04840.jpg,-0.15289999544620514
img_04841.jpg,-0.1460999995470047
img_04842.jpg,-0.14190000295639038
img_04843.jpg,-0.14030000567436218
img_04844.jpg,-0.14079999923706055
img_04845.jpg,-0.14239999651908875
img_04846.jpg,-0.14499999582767487
img_04847.jpg,-0.14499999582767487
img_04848.jpg,-0.1429000049829483
img_04849.jpg,-0.14399999380111694
img_04850.jpg,-0.14869999885559082
img_04851.jpg,-0.1565999984741211
img_04852.jpg,-0.16439999639987946
img_04853.jpg,-0.17329999804496765
img_04854.jpg,-0.17960000038146973
img_04855.jpg,-0.18330000340938568
img_04856.jpg,-0.18479999899864197
img_04857.jpg,-0.18330000340938568
img_04858.jpg,-0.17800000309944153
img_04859.jpg,-0.1712000072002411
img_04860.jpg,-0.16130000352859497
img_04861.jpg,-0.1518000066280365
img_04862.jpg,-0.14139999449253082
img_04863.jpg,-0.14139999449253082
img_04864.jpg,-0.11569999903440475
img_04865.jpg,-0.11410000175237656
img_04866.jpg,-0.11940000206232071
img_04867.jpg,-0.1282999962568283
img_04868.jpg,-0.1315000057220459
img_04869.jpg,-0.14560000598430634
img_04870.jpg,-0.14970000088214874
img_04871.jpg,-0.15029999613761902
img_04872.jpg,-0.15080000460147858
img_04873.jpg,-0.1550000011920929
img_04874.jpg,-0.15870000422000885
img_04875.jpg,-0.1606999933719635
img_04876.jpg,0.10050000250339508
img_04877.jpg,0.07069999724626541
img_04878.jpg,0.05649999901652336
img_04879.jpg,0.04560000076889992
img_04880.jpg,0.037700001150369644
img_04881.jpg,0.02979999966919422
img_04882.jpg,0.020899999886751175
img_04883.jpg,-0.012000000104308128
img_04884.jpg,-0.012000000104308128
img_04885.jpg,-0.01730000041425228
img_04886.jpg,-0.023600000888109207
img_04887.jpg,-0.03350000083446503
img_04888.jpg,-0.04610000178217888
img_04889.jpg,-0.059700001031160355
img_04890.jpg,-0.07750000059604645
img_04891.jpg,-0.09030000120401382
img_04892.jpg,-0.11180000007152557
img_04893.jpg,-0.11680000275373459
img_04894.jpg,-0.155799999833107
img_04895.jpg,-0.1882999986410141
img_04896.jpg,-0.2176000028848648
img_04897.jpg,-0.22939999401569366
img_04898.jpg,-0.24979999661445618
img_04899.jpg,-0.2955000102519989
img_04900.jpg,-0.3142000138759613
img_04901.jpg,-0.3142000138759613
img_04902.jpg,-0.3142000138759613
img_04903.jpg,-0.3142000138759613
img_04904.jpg,-0.3142000138759613
img_04905.jpg,-0.3142000138759613
img_04906.jpg,-0.3142000138759613
img_04907.jpg,-0.3142000138759613
img_04908.jpg,-0.3142000138759613
img_04909.jpg,-0.3142000138759613
img_04910.jpg,-0.3142000138759613
img_04911.jpg,-0.3142000138759613
img_04912.jpg,-0.3142000138759613
img_04913.jpg,-0.3142000138759613
img_04914.jpg,-0.3125999867916107
img_04915.jpg,-0.2969000041484833
img_04916.jpg,-0.2554999887943268
img_04917.jpg,-0.21209999918937683
img_04918.jpg,-0.1800999939441681
img_04919.jpg,-0.15449999272823334
img_04920.jpg,-0.14030000567436218
img_04921.jpg,-0.13670000433921814
img_04922.jpg,-0.14030000567436218
img_04923.jpg,-0.14030000567436218
img_04924.jpg,-0.15289999544620514
img_04925.jpg,-0.16599999368190765
img_04926.jpg,-0.17880000174045563
img_04927.jpg,-0.19869999587535858
img_04928.jpg,-0.21889999508857727
img_04929.jpg,-0.24240000545978546
img_04930.jpg,-0.26649999618530273
img_04931.jpg,-0.2856999933719635
img_04932.jpg,-0.30869999527931213
img_04933.jpg,-0.3142000138759613
img_04934.jpg,-0.3142000138759613
img_04935.jpg,-0.3142000138759613
img_04936.jpg,-0.3142000138759613
img_04937.jpg,-0.3142000138759613
img_04938.jpg,-0.3142000138759613
img_04939.jpg,-0.3142000138759613
img_04940.jpg,-0.3142000138759613
img_04941.jpg,-0.3142000138759613
img_04942.jpg,-0.3142000138759613
img_04943.jpg,-0.2842999994754791
img_04944.jpg,-0.24500000476837158
img_04945.jpg,-0.26100000739097595
img_04946.jpg,-0.3142000138759613
img_04947.jpg,-0.3142000138759613
img_04948.jpg,-0.3142000138759613
img_04949.jpg,-0.3142000138759613
img_04950.jpg,-0.3142000138759613
img_04951.jpg,-0.3142000138759613
img_04952.jpg,-0.3142000138759613
img_04953.jpg,-0.3142000138759613
img_04954.jpg,-0.31150001287460327
img_04955.jpg,-0.2906000018119812
img_04956.jpg,-0.2712000012397766
img_04957.jpg,-0.2712000012397766
img_04958.jpg,-0.2538999915122986
img_04959.jpg,-0.23880000412464142
img_04960.jpg,-0.2125999927520752
img_04961.jpg,-0.20679999887943268
img_04962.jpg,-0.20679999887943268
img_04963.jpg,-0.22280000150203705
img_04964.jpg,-0.23000000417232513
img_04965.jpg,-0.27489998936653137
img_04966.jpg,-0.2955999970436096
img_04967.jpg,-0.3142000138759613
img_04968.jpg,-0.3142000138759613
img_04969.jpg,-0.3142000138759613
img_04970.jpg,-0.3010999858379364
img_04971.jpg,-0.2842999994754791
img_04972.jpg,-0.2770000100135803
img_04973.jpg,-0.2732999920845032
img_04974.jpg,-0.27070000767707825
img_04975.jpg,-0.27070000767707825
img_04976.jpg,-0.23669999837875366
img_04977.jpg,-0.20419999957084656
img_04978.jpg,-0.17440000176429749
img_04979.jpg,-0.14659999310970306
img_04980.jpg,-0.12150000035762787
img_04981.jpg,-0.10790000110864639
img_04982.jpg,-0.1031000018119812
img_04983.jpg,-0.10369999706745148
img_04984.jpg,-0.09529999643564224
img_04985.jpg,-0.08219999819993973
img_04986.jpg,-0.06650000065565109
img_04987.jpg,-0.0502999983727932
img_04988.jpg,-0.0502999983727932
img_04989.jpg,-0.018300000578165054
img_04990.jpg,0.00989999994635582
img_04991.jpg,0.00989999994635582
img_04992.jpg,0.007899999618530273
img_04993.jpg,-0.011300000362098217
img_04994.jpg,-0.05209999904036522
img_04995.jpg,-0.10930000245571136
img_04996.jpg,-0.163100004196167
img_04997.jpg,-0.23489999771118164
img_04998.jpg,-0.295199990272522
img_04999.jpg,-0.3142000138759613
img_05000.jpg,-0.3142000138759613
img_05001.jpg,-0.31150001287460327
img_05002.jpg,-0.29739999771118164
img_05003.jpg,-0.29739999771118164
img_05004.jpg,-0.26649999618530273
img_05005.jpg,-0.2508000135421753
img_05006.jpg,-0.21780000627040863
img_05007.jpg,-0.18539999425411224
img_05008.jpg,-0.15449999272823334
img_05009.jpg,-0.11990000307559967
img_05010.jpg,-0.09220000356435776
img_05011.jpg,-0.06960000097751617
img_05012.jpg,-0.0502999983727932
img_05013.jpg,-0.03720000013709068
img_05014.jpg,-0.027799999341368675
img_05015.jpg,-0.040300000458955765
img_05016.jpg,-0.06270000338554382
img_05017.jpg,-0.0877000018954277
img_05018.jpg,-0.13339999318122864
img_05019.jpg,-0.16740000247955322
img_05020.jpg,-0.20819999277591705
img_05021.jpg,-0.2524000108242035
img_05022.jpg,-0.26840001344680786
img_05023.jpg,-0.2732999920845032
img_05024.jpg,-0.26080000400543213
img_05025.jpg,-0.23199999332427979
img_05026.jpg,-0.23199999332427979
img_05027.jpg,-0.17229999601840973
img_05028.jpg,-0.13670000433921814
img_05029.jpg,-0.10790000110864639
img_05030.jpg,-0.07959999889135361
img_05031.jpg,-0.047600001096725464
img_05032.jpg,0.02459999918937683
img_05033.jpg,0.019899999722838402
img_05034.jpg,0.023600000888109207
img_05035.jpg,0.023000000044703484
img_05036.jpg,0.020400000736117363
img_05037.jpg,0.015200000256299973
img_05038.jpg,0.00989999994635582
img_05039.jpg,-0.005200000014156103
img_05040.jpg,-0.005799999926239252
img_05041.jpg,-0.007300000172108412
img_05042.jpg,-0.008899999782443047
img_05043.jpg,-0.00989999994635582
img_05044.jpg,-0.00989999994635582
img_05045.jpg,-0.00989999994635582
img_05046.jpg,-0.00989999994635582
img_05047.jpg,-0.016200000420212746
img_05048.jpg,-0.03610000014305115
img_05049.jpg,-0.05649999901652336
img_05050.jpg,-0.06930000334978104
img_05051.jpg,-0.09189999848604202
img_05052.jpg,-0.09960000216960907
img_05053.jpg,-0.12039999663829803
img_05054.jpg,-0.12720000743865967
img_05055.jpg,-0.11990000307559967
img_05056.jpg,-0.10679999738931656
img_05057.jpg,-0.09009999781847
img_05058.jpg,-0.06700000166893005
img_05059.jpg,-0.0471000000834465
img_05060.jpg,-0.02979999966919422
img_05061.jpg,0.01679999940097332
img_05062.jpg,0.014100000262260437
img_05063.jpg,0.014700000174343586
img_05064.jpg,0.013100000098347664
img_05065.jpg,0.010999999940395355
img_05066.jpg,0.007300000172108412
img_05067.jpg,-0.003700000001117587
img_05068.jpg,-0.003100000089034438
img_05069.jpg,-0.004699999932199717
img_05070.jpg,-0.005799999926239252
img_05071.jpg,-0.006800000090152025
img_05072.jpg,-0.007300000172108412
img_05073.jpg,-0.007300000172108412
img_05074.jpg,0.008700000122189522
img_05075.jpg,0.02459999918937683
img_05076.jpg,0.039799999445676804
img_05077.jpg,0.05260000005364418
img_05078.jpg,0.07750000059604645
img_05079.jpg,0.09030000120401382
img_05080.jpg,0.10939999669790268
img_05081.jpg,0.11900000274181366
img_05082.jpg,0.11410000175237656
img_05083.jpg,0.10209999978542328
img_05084.jpg,0.08529999852180481
img_05085.jpg,0.06650000065565109
img_05086.jpg,0.042899999767541885
img_05087.jpg,0.023000000044703484
img_05088.jpg,0.023000000044703484
img_05089.jpg,-0.020400000736117363
img_05090.jpg,-0.025100000202655792
img_05091.jpg,-0.027799999341368675
img_05092.jpg,-0.0272000003606081
img_05093.jpg,-0.025100000202655792
img_05094.jpg,-0.02250000089406967
img_05095.jpg,-0.018300000578165054
img_05096.jpg,-0.014100000262260437
img_05097.jpg,-0.00839999970048666
img_05098.jpg,0.00839999970048666
img_05099.jpg,0.011500000022351742
img_05100.jpg,0.015699999406933784
img_05101.jpg,0.019899999722838402
img_05102.jpg,0.019899999722838402
img_05103.jpg,0.02459999918937683
img_05104.jpg,0.025699999183416367
img_05105.jpg,0.026200000196695328
img_05106.jpg,0.025699999183416367
img_05107.jpg,0.02459999918937683
img_05108.jpg,0.023600000888109207
img_05109.jpg,0.02199999988079071
img_05110.jpg,0.020899999886751175
img_05111.jpg,0.019899999722838402
img_05112.jpg,0.018799999728798866
img_05113.jpg,0.015200000256299973
img_05114.jpg,0.011500000022351742
img_05115.jpg,0.007300000172108412
img_05116.jpg,-0.004699999932199717
img_05117.jpg,-0.00419999985024333
img_05118.jpg,-0.005799999926239252
img_05119.jpg,-0.006800000090152025
img_05120.jpg,-0.006800000090152025
img_05121.jpg,-0.006800000090152025
img_05122.jpg,-0.006800000090152025
img_05123.jpg,-0.006300000008195639
img_05124.jpg,-0.006300000008195639
img_05125.jpg,-0.005200000014156103
img_05126.jpg,-0.004699999932199717
img_05127.jpg,-0.00419999985024333
img_05128.jpg,-0.003700000001117587
img_05129.jpg,-0.003700000001117587
img_05130.jpg,-0.003100000089034438
img_05131.jpg,-0.003100000089034438
img_05132.jpg,-0.003100000089034438
img_05133.jpg,-0.003100000089034438
img_05134.jpg,-0.003100000089034438
img_05135.jpg,-0.003100000089034438
img_05136.jpg,-0.003100000089034438
img_05137.jpg,-0.003100000089034438
img_05138.jpg,-0.003100000089034438
img_05139.jpg,-0.003700000001117587
img_05140.jpg,-0.003700000001117587
img_05141.jpg,-0.003700000001117587
img_05142.jpg,-0.003700000001117587
img_05143.jpg,-0.003700000001117587
img_05144.jpg,-0.003700000001117587
img_05145.jpg,-0.003700000001117587
img_05146.jpg,-0.003100000089034438
img_05147.jpg,-0.003100000089034438
img_05148.jpg,-0.003100000089034438
img_05149.jpg,-0.003100000089034438
img_05150.jpg,-0.003100000089034438
img_05151.jpg,-0.003100000089034438
img_05152.jpg,-0.003100000089034438
img_05153.jpg,-0.003100000089034438
img_05154.jpg,-0.003100000089034438
img_05155.jpg,-0.003100000089034438
img_05156.jpg,-0.003100000089034438
img_05157.jpg,-0.003100000089034438
img_05158.jpg,-0.003100000089034438
img_05159.jpg,-0.005799999926239252
img_05160.jpg,-0.011500000022351742
img_05161.jpg,-0.01940000057220459
img_05162.jpg,-0.030400000512599945
img_05163.jpg,-0.03929999843239784
img_05164.jpg,-0.048700001090765
img_05165.jpg,-0.054999999701976776
img_05166.jpg,-0.05920000001788139
img_05167.jpg,-0.06390000134706497
img_05168.jpg,-0.07440000027418137
img_05169.jpg,-0.08739999681711197
img_05170.jpg,-0.10109999775886536
img_05171.jpg,-0.10939999669790268
img_05172.jpg,-0.11150000244379044
img_05173.jpg,-0.10369999706745148
img_05174.jpg,-0.09009999781847
img_05175.jpg,-0.06809999793767929
img_05176.jpg,-0.06809999793767929
img_05177.jpg,-0.028300000354647636
img_05178.jpg,0.020400000736117363
img_05179.jpg,0.02250000089406967
img_05180.jpg,0.03350000083446503
img_05181.jpg,0.05270000174641609
img_05182.jpg,0.0723000019788742
img_05183.jpg,0.09009999781847
img_05184.jpg,0.10890000313520432
img_05185.jpg,0.1136000007390976
img_05186.jpg,0.1136000007390976
img_05187.jpg,0.09059999883174896
img_05188.jpg,0.07440000027418137
img_05189.jpg,0.05649999901652336
img_05190.jpg,0.035599999129772186
img_05191.jpg,0.018300000578165054
img_05192.jpg,-0.016200000420212746
img_05193.jpg,-0.018799999728798866
img_05194.jpg,-0.02199999988079071
img_05195.jpg,-0.02250000089406967
img_05196.jpg,-0.0215000007301569
img_05197.jpg,-0.01940000057220459
img_05198.jpg,-0.015699999406933784
img_05199.jpg,-0.012600000016391277
img_05200.jpg,-0.010499999858438969
img_05201.jpg,-0.014700000174343586
img_05202.jpg,-0.023600000888109207
img_05203.jpg,-0.030400000512599945
img_05204.jpg,-0.03669999912381172
img_05205.jpg,-0.040800001472234726
img_05206.jpg,-0.04399999976158142
img_05207.jpg,-0.04500000178813934
img_05208.jpg,-0.04560000076889992
img_05209.jpg,-0.04399999976158142
img_05210.jpg,-0.039799999445676804
img_05211.jpg,-0.039799999445676804
img_05212.jpg,-0.027799999341368675
img_05213.jpg,-0.030400000512599945
img_05214.jpg,-0.03359999880194664
img_05215.jpg,-0.05339999869465828
img_05216.jpg,-0.0649000033736229
img_05217.jpg,-0.07329999655485153
img_05218.jpg,-0.07909999787807465
img_05219.jpg,-0.0812000036239624
img_05220.jpg,-0.08060000091791153
img_05221.jpg,-0.07639999687671661
img_05222.jpg,-0.07169999927282333
img_05223.jpg,-0.06279999762773514
img_05224.jpg,-0.047600001096725464
img_05225.jpg,-0.025100000202655792
img_05226.jpg,0.023000000044703484
img_05227.jpg,0.04450000077486038
img_05228.jpg,0.04769999906420708
img_05229.jpg,0.09369999915361404
img_05230.jpg,0.1160999983549118
img_05231.jpg,0.12680000066757202
img_05232.jpg,0.16529999673366547
img_05233.jpg,0.18330000340938568
img_05234.jpg,0.19689999520778656
img_05235.jpg,0.20839999616146088
img_05236.jpg,0.20839999616146088
img_05237.jpg,0.18799999356269836
img_05238.jpg,0.15449999272823334
img_05239.jpg,0.12150000035762787
img_05240.jpg,0.08900000154972076
img_05241.jpg,0.0502999983727932
img_05242.jpg,-0.03720000013709068
img_05243.jpg,-0.05290000140666962
img_05244.jpg,-0.07069999724626541
img_05245.jpg,-0.07069999724626541
img_05246.jpg,-0.09109999984502792
img_05247.jpg,-0.09220000356435776
img_05248.jpg,-0.08739999681711197
img_05249.jpg,-0.07959999889135361
img_05250.jpg,-0.06650000065565109
img_05251.jpg,-0.05389999970793724
img_05252.jpg,-0.040300000458955765
img_05253.jpg,-0.030400000512599945
img_05254.jpg,-0.0215000007301569
img_05255.jpg,-0.016200000420212746
img_05256.jpg,-0.013100000098347664
img_05257.jpg,-0.007300000172108412
img_05258.jpg,0.005200000014156103
img_05259.jpg,0.005200000014156103
img_05260.jpg,0.010499999858438969
img_05261.jpg,0.013100000098347664
img_05262.jpg,0.013100000098347664
img_05263.jpg,0.007899999618530273
img_05264.jpg,-0.008899999782443047
img_05265.jpg,-0.014100000262260437
img_05266.jpg,-0.020400000736117363
img_05267.jpg,-0.02879999950528145
img_05268.jpg,-0.03610000014305115
img_05269.jpg,-0.042399998754262924
img_05270.jpg,-0.04659999907016754
img_05271.jpg,-0.04969999939203262
img_05272.jpg,-0.05130000039935112
img_05273.jpg,-0.052400000393390656
img_05274.jpg,-0.05180000141263008
img_05275.jpg,-0.05130000039935112
img_05276.jpg,-0.04969999939203262
img_05277.jpg,-0.048700001090765
img_05278.jpg,-0.0471000000834465
img_05279.jpg,-0.040800001472234726
img_05280.jpg,-0.032999999821186066
img_05281.jpg,-0.023000000044703484
img_05282.jpg,-0.014100000262260437
img_05283.jpg,0.007899999618530273
img_05284.jpg,0.005200000014156103
img_05285.jpg,0.003100000089034438
img_05286.jpg,-0.00419999985024333
img_05287.jpg,-0.012000000104308128
img_05288.jpg,-0.023000000044703484
img_05289.jpg,-0.03929999843239784
img_05290.jpg,-0.05339999869465828
img_05291.jpg,-0.06750000268220901
img_05292.jpg,-0.07800000160932541
img_05293.jpg,-0.08529999852180481
img_05294.jpg,-0.09059999883174896
img_05295.jpg,-0.09269999712705612
img_05296.jpg,-0.09269999712705612
img_05297.jpg,-0.09160000085830688
img_05298.jpg,-0.08900000154972076
img_05299.jpg,-0.0812000036239624
img_05300.jpg,-0.07020000368356705
img_05301.jpg,-0.05339999869465828
img_05302.jpg,-0.037700001150369644
img_05303.jpg,0.018799999728798866
img_05304.jpg,0.01730000041425228
img_05305.jpg,0.023600000888109207
img_05306.jpg,0.032499998807907104
img_05307.jpg,0.0471000000834465
img_05308.jpg,0.06019999831914902
img_05309.jpg,0.0723000019788742
img_05310.jpg,0.08529999852180481
img_05311.jpg,0.0957999974489212
img_05312.jpg,0.10520000010728836
img_05313.jpg,0.11050000041723251
img_05314.jpg,0.09690000116825104
img_05315.jpg,0.07850000262260437
img_05316.jpg,0.05180000141263008
img_05317.jpg,-0.03819999843835831
img_05318.jpg,-0.04560000076889992
img_05319.jpg,-0.06480000168085098
img_05320.jpg,-0.07540000230073929
img_05321.jpg,-0.08060000091791153
img_05322.jpg,-0.0869000032544136
img_05323.jpg,-0.09109999984502792
img_05324.jpg,-0.094200000166893
img_05325.jpg,-0.09740000218153
img_05326.jpg,-0.10000000149011612
img_05327.jpg,-0.10050000250339508
img_05328.jpg,-0.10050000250339508
img_05329.jpg,-0.10000000149011612
img_05330.jpg,-0.09690000116825104
img_05331.jpg,-0.09109999984502792
img_05332.jpg,-0.08380000293254852
img_05333.jpg,-0.07440000027418137
img_05334.jpg,-0.06599999964237213
img_05335.jpg,-0.05860000103712082
img_05336.jpg,-0.05130000039935112
img_05337.jpg,-0.04610000178217888
img_05338.jpg,-0.04500000178813934
img_05339.jpg,-0.04500000178813934
img_05340.jpg,-0.06069999933242798
img_05341.jpg,-0.0737999975681305
img_05342.jpg,-0.08479999750852585
img_05343.jpg,-0.09319999814033508
img_05344.jpg,-0.10050000250339508
img_05345.jpg,-0.1046999990940094
img_05346.jpg,-0.10520000010728836
img_05347.jpg,-0.10369999706745148
img_05348.jpg,-0.10939999669790268
img_05349.jpg,-0.11890000104904175
img_05350.jpg,-0.12620000541210175
img_05351.jpg,-0.131400004029274
img_05352.jpg,-0.13770000636577606
img_05353.jpg,-0.13770000636577606
img_05354.jpg,-0.15029999613761902
img_05355.jpg,-0.15549999475479126
img_05356.jpg,-0.15870000422000885
img_05357.jpg,-0.1606999933719635
img_05358.jpg,-0.16019999980926514
img_05359.jpg,-0.15760000050067902
img_05360.jpg,-0.15449999272823334
img_05361.jpg,-0.14970000088214874
img_05362.jpg,-0.14869999885559082
img_05363.jpg,-0.15029999613761902
img_05364.jpg,-0.1534000039100647
img_05365.jpg,-0.1565999984741211
img_05366.jpg,-0.16019999980926514
img_05367.jpg,-0.16019999980926514
img_05368.jpg,-0.1606999933719635
img_05369.jpg,-0.15600000321865082
img_05370.jpg,-0.15809999406337738
img_05371.jpg,-0.16439999639987946
img_05372.jpg,-0.1770000010728836
img_05373.jpg,-0.1889999955892563
img_05374.jpg,-0.15129999816417694
img_05375.jpg,-0.1460999995470047
img_05376.jpg,-0.15289999544620514
img_05377.jpg,-0.16699999570846558
img_05378.jpg,-0.1770000010728836
img_05379.jpg,-0.19370000064373016
img_05380.jpg,-0.2093999981880188
img_05381.jpg,-0.22859999537467957
img_05382.jpg,-0.25600001215934753
img_05383.jpg,-0.2752000093460083
img_05384.jpg,-0.3041999936103821
img_05385.jpg,-0.3142000138759613
img_05386.jpg,-0.3142000138759613
img_05387.jpg,-0.3142000138759613
img_05388.jpg,-0.3142000138759613
img_05389.jpg,-0.3100000023841858
img_05390.jpg,-0.29109999537467957
img_05391.jpg,-0.26910001039505005
img_05392.jpg,-0.23980000615119934
img_05393.jpg,-0.2142000049352646
img_05394.jpg,-0.19110000133514404
img_05395.jpg,-0.1623000055551529
img_05396.jpg,-0.13670000433921814
img_05397.jpg,-0.11209999769926071
img_05398.jpg,-0.09740000218153
img_05399.jpg,-0.08950000256299973
img_05400.jpg,-0.08640000224113464
img_05401.jpg,-0.10159999877214432
img_05402.jpg,-0.12080000340938568
img_05403.jpg,-0.16279999911785126
img_05404.jpg,-0.18729999661445618
img_05405.jpg,-0.24959999322891235
img_05406.jpg,-0.3142000138759613
img_05407.jpg,-0.3142000138759613
img_05408.jpg,-0.3142000138759613
img_05409.jpg,-0.3142000138759613
img_05410.jpg,-0.3142000138759613
img_05411.jpg,-0.3142000138759613
img_05412.jpg,-0.3142000138759613
img_05413.jpg,-0.3142000138759613
img_05414.jpg,-0.3142000138759613
img_05415.jpg,-0.3057999908924103
img_05416.jpg,-0.28850001096725464
img_05417.jpg,-0.27649998664855957
img_05418.jpg,-0.26600000262260437
img_05419.jpg,-0.26600000262260437
img_05420.jpg,-0.2524000108242035
img_05421.jpg,-0.24869999289512634
img_05422.jpg,-0.24400000274181366
img_05423.jpg,-0.2418999969959259
img_05424.jpg,-0.26109999418258667
img_05425.jpg,-0.28619998693466187
img_05426.jpg,-0.3142000138759613
img_05427.jpg,-0.3142000138759613
img_05428.jpg,-0.3142000138759613
img_05429.jpg,-0.3142000138759613
img_05430.jpg,-0.3142000138759613
img_05431.jpg,-0.3142000138759613
img_05432.jpg,-0.3142000138759613
img_05433.jpg,-0.3142000138759613
img_05434.jpg,-0.3142000138759613
img_05435.jpg,-0.3142000138759613
img_05436.jpg,-0.2921999990940094
img_05437.jpg,-0.25760000944137573
img_05438.jpg,-0.21050000190734863
img_05439.jpg,-0.21050000190734863
img_05440.jpg,-0.15129999816417694
img_05441.jpg,-0.1356000006198883
img_05442.jpg,-0.11940000206232071
img_05443.jpg,-0.10790000110864639
img_05444.jpg,-0.11259999871253967
img_05445.jpg,-0.12409999966621399
img_05446.jpg,-0.14650000631809235
img_05447.jpg,-0.1738000065088272
img_05448.jpg,-0.19300000369548798
img_05449.jpg,-0.21979999542236328
img_05450.jpg,-0.25949999690055847
img_05451.jpg,-0.28850001096725464
img_05452.jpg,-0.2985000014305115
img_05453.jpg,-0.3142000138759613
img_05454.jpg,-0.3142000138759613
img_05455.jpg,-0.3142000138759613
img_05456.jpg,-0.3142000138759613
img_05457.jpg,-0.3142000138759613
img_05458.jpg,-0.3142000138759613
img_05459.jpg,-0.3142000138759613
img_05460.jpg,-0.3142000138759613
img_05461.jpg,-0.3142000138759613
img_05462.jpg,-0.3142000138759613
img_05463.jpg,-0.3142000138759613
img_05464.jpg,-0.3073999881744385
img_05465.jpg,-0.2985000014305115
img_05466.jpg,-0.2985000014305115
img_05467.jpg,-0.27489998936653137
img_05468.jpg,-0.26440000534057617
img_05469.jpg,-0.25450000166893005
img_05470.jpg,-0.2434999942779541
img_05471.jpg,-0.22619999945163727
img_05472.jpg,-0.2020999938249588
img_05473.jpg,-0.17749999463558197
img_05474.jpg,-0.14079999923706055
img_05475.jpg,-0.10790000110864639
img_05476.jpg,-0.07280000299215317
img_05477.jpg,-0.04560000076889992
img_05478.jpg,-0.02669999934732914
img_05479.jpg,-0.01730000041425228
img_05480.jpg,-0.049300000071525574
img_05481.jpg,-0.07940000295639038
img_05482.jpg,-0.1818999946117401
img_05483.jpg,-0.30889999866485596
img_05484.jpg,-0.3142000138759613
img_05485.jpg,-0.3142000138759613
img_05486.jpg,-0.3142000138759613
img_05487.jpg,-0.3142000138759613
img_05488.jpg,-0.3142000138759613
img_05489.jpg,-0.3142000138759613
img_05490.jpg,-0.3142000138759613
img_05491.jpg,-0.3142000138759613
img_05492.jpg,-0.3142000138759613
img_05493.jpg,-0.3142000138759613
img_05494.jpg,-0.3142000138759613
img_05495.jpg,-0.3142000138759613
img_05496.jpg,-0.3142000138759613
img_05497.jpg,-0.3142000138759613
img_05498.jpg,-0.3142000138759613
img_05499.jpg,-0.3142000138759613
img_05500.jpg,-0.3142000138759613
img_05501.jpg,-0.3142000138759613
img_05502.jpg,-0.3142000138759613
img_05503.jpg,-0.3142000138759613
img_05504.jpg,-0.3142000138759613
img_05505.jpg,-0.3142000138759613
img_05506.jpg,-0.3142000138759613
img_05507.jpg,-0.3142000138759613
img_05508.jpg,-0.3142000138759613
img_05509.jpg,-0.3142000138759613
img_05510.jpg,-0.3142000138759613
img_05511.jpg,-0.3142000138759613
img_05512.jpg,-0.2969000041484833
img_05513.jpg,-0.26339998841285706
img_05514.jpg,-0.2093999981880188
img_05515.jpg,-0.15919999778270721
img_05516.jpg,-0.11469999700784683
img_05517.jpg,-0.07069999724626541
img_05518.jpg,-0.040300000458955765
img_05519.jpg,0.0215000007301569
img_05520.jpg,0.01679999940097332
img_05521.jpg,0.018300000578165054
img_05522.jpg,0.017799999564886093
img_05523.jpg,0.017799999564886093
img_05524.jpg,0.01360000018030405
img_05525.jpg,0.011500000022351742
img_05526.jpg,0.008899999782443047
img_05527.jpg,-0.009399999864399433
img_05528.jpg,-0.01940000057220459
img_05529.jpg,-0.03350000083446503
img_05530.jpg,-0.047600001096725464
img_05531.jpg,-0.06340000033378601
img_05532.jpg,-0.07490000128746033
img_05533.jpg,-0.08429999649524689
img_05534.jpg,-0.08479999750852585
img_05535.jpg,-0.07750000059604645
img_05536.jpg,-0.06750000268220901
img_05537.jpg,-0.05649999901652336
img_05538.jpg,-0.04610000178217888
img_05539.jpg,-0.037700001150369644
img_05540.jpg,-0.030400000512599945
img_05541.jpg,-0.02459999918937683
img_05542.jpg,-0.0215000007301569
img_05543.jpg,-0.018799999728798866
img_05544.jpg,-0.018799999728798866
img_05545.jpg,0.011500000022351742
img_05546.jpg,0.018300000578165054
img_05547.jpg,0.018300000578165054
img_05548.jpg,0.05339999869465828
img_05549.jpg,0.08529999852180481
img_05550.jpg,0.1145000010728836
img_05551.jpg,0.16500000655651093
img_05552.jpg,0.17710000276565552
img_05553.jpg,0.23649999499320984
img_05554.jpg,0.2727000117301941
img_05555.jpg,0.29319998621940613
img_05556.jpg,0.2896000146865845
img_05557.jpg,0.2712000012397766
img_05558.jpg,0.23819999396800995
img_05559.jpg,0.20469999313354492
img_05560.jpg,0.17229999601840973
img_05561.jpg,0.13510000705718994
img_05562.jpg,0.1046999990940094
img_05563.jpg,0.07490000128746033
img_05564.jpg,0.047600001096725464
img_05565.jpg,0.02459999918937683
img_05566.jpg,-0.02250000089406967
img_05567.jpg,-0.026200000196695328
img_05568.jpg,-0.030899999663233757
img_05569.jpg,-0.032499998807907104
img_05570.jpg,-0.03139999881386757
img_05571.jpg,-0.02879999950528145
img_05572.jpg,-0.02459999918937683
img_05573.jpg,-0.020400000736117363
img_05574.jpg,-0.01679999940097332
img_05575.jpg,-0.01679999940097332
img_05576.jpg,-0.00989999994635582
img_05577.jpg,-0.007899999618530273
img_05578.jpg,-0.005799999926239252
img_05579.jpg,0.004699999932199717
img_05580.jpg,0.015200000256299973
img_05581.jpg,0.03139999881386757
img_05582.jpg,0.050599999725818634
img_05583.jpg,0.0778999999165535
img_05584.jpg,0.09769999980926514
img_05585.jpg,0.1266999989748001
img_05586.jpg,0.14910000562667847
img_05587.jpg,0.16200000047683716
img_05588.jpg,0.18170000612735748
img_05589.jpg,0.17960000038146973
img_05590.jpg,0.16439999639987946
img_05591.jpg,0.13249999284744263
img_05592.jpg,0.13249999284744263
img_05593.jpg,0.06909999996423721
img_05594.jpg,-0.035599999129772186
img_05595.jpg,-0.03669999912381172
img_05596.jpg,-0.054499998688697815
img_05597.jpg,-0.07490000128746033
img_05598.jpg,-0.09059999883174896
img_05599.jpg,-0.1046999990940094
img_05600.jpg,-0.11259999871253967
img_05601.jpg,-0.11469999700784683
img_05602.jpg,-0.11209999769926071
img_05603.jpg,-0.10520000010728836
img_05604.jpg,-0.094200000166893
img_05605.jpg,-0.07699999958276749
img_05606.jpg,-0.0575999990105629
img_05607.jpg,-0.032999999821186066
img_05608.jpg,0.0272000003606081
img_05609.jpg,0.05290000140666962
img_05610.jpg,0.05290000140666962
img_05611.jpg,0.1096000000834465
img_05612.jpg,0.16279999911785126
img_05613.jpg,0.18479999899864197
img_05614.jpg,0.19110000133514404
img_05615.jpg,0.1873999983072281
img_05616.jpg,0.17229999601840973
img_05617.jpg,0.15389999747276306
img_05618.jpg,0.13459999859333038
img_05619.jpg,0.12150000035762787
img_05620.jpg,0.11940000206232071
img_05621.jpg,0.1356000006198883
img_05622.jpg,0.15809999406337738
img_05623.jpg,0.18369999527931213
img_05624.jpg,0.19339999556541443
img_05625.jpg,0.2402999997138977
img_05626.jpg,0.24289999902248383
img_05627.jpg,0.25290000438690186
img_05628.jpg,0.23199999332427979
img_05629.jpg,0.19269999861717224
img_05630.jpg,0.19269999861717224
img_05631.jpg,0.15389999747276306
img_05632.jpg,0.10109999775886536
img_05633.jpg,0.09269999712705612
img_05634.jpg,0.09160000085830688
img_05635.jpg,0.09950000047683716
img_05636.jpg,0.10999999940395355
img_05637.jpg,0.12150000035762787
img_05638.jpg,0.13609999418258667
img_05639.jpg,0.14820000529289246
img_05640.jpg,0.15240000188350677
img_05641.jpg,0.14399999380111694
img_05642.jpg,0.14399999380111694
img_05643.jpg,0.09950000047683716
img_05644.jpg,0.0737999975681305
img_05645.jpg,0.04919999837875366
img_05646.jpg,-0.025699999183416367
img_05647.jpg,-0.019899999722838402
img_05648.jpg,-0.02199999988079071
img_05649.jpg,-0.014700000174343586
img_05650.jpg,0.007699999958276749
img_05651.jpg,0.026900000870227814
img_05652.jpg,0.05730000138282776
img_05653.jpg,0.10260000079870224
img_05654.jpg,0.125
img_05655.jpg,0.15379999577999115
img_05656.jpg,0.17649999260902405
img_05657.jpg,0.19059999287128448
img_05658.jpg,0.19789999723434448
img_05659.jpg,0.20110000669956207
img_05660.jpg,0.19949999451637268
img_05661.jpg,0.19110000133514404
img_05662.jpg,0.1680999994277954
img_05663.jpg,0.13979999721050262
img_05664.jpg,0.10209999978542328
img_05665.jpg,0.06909999996423721
img_05666.jpg,0.040800001472234726
img_05667.jpg,-0.028300000354647636
img_05668.jpg,-0.027799999341368675
img_05669.jpg,-0.030899999663233757
img_05670.jpg,-0.02250000089406967
img_05671.jpg,0.012600000016391277
img_05672.jpg,0.01679999940097332
img_05673.jpg,0.03139999881386757
img_05674.jpg,0.04500000178813934
img_05675.jpg,0.05810000002384186
img_05676.jpg,0.07280000299215317
img_05677.jpg,0.08479999750852585
img_05678.jpg,0.094200000166893
img_05679.jpg,0.1031000018119812
img_05680.jpg,0.10939999669790268
img_05681.jpg,0.11410000175237656
img_05682.jpg,0.11680000275373459
img_05683.jpg,0.1136000007390976
img_05684.jpg,0.09790000319480896
img_05685.jpg,0.08060000091791153
img_05686.jpg,0.061799999326467514
img_05687.jpg,0.039799999445676804
img_05688.jpg,0.02199999988079071
img_05689.jpg,-0.014100000262260437
img_05690.jpg,-0.015699999406933784
img_05691.jpg,-0.018300000578165054
img_05692.jpg,-0.018799999728798866
img_05693.jpg,-0.01679999940097332
img_05694.jpg,-0.014100000262260437
img_05695.jpg,-0.014100000262260437
img_05696.jpg,-0.01730000041425228
img_05697.jpg,-0.023000000044703484
img_05698.jpg,-0.02930000051856041
img_05699.jpg,-0.037700001150369644
img_05700.jpg,-0.04399999976158142
img_05701.jpg,-0.04969999939203262
img_05702.jpg,-0.054999999701976776
img_05703.jpg,-0.05810000002384186
img_05704.jpg,-0.06019999831914902
img_05705.jpg,-0.05860000103712082
img_05706.jpg,-0.05389999970793724
img_05707.jpg,-0.04919999837875366
img_05708.jpg,-0.04450000077486038
img_05709.jpg,-0.04450000077486038
img_05710.jpg,-0.032999999821186066
img_05711.jpg,-0.026200000196695328
img_05712.jpg,-0.01730000041425228
img_05713.jpg,-0.00989999994635582
img_05714.jpg,0.005799999926239252
img_05715.jpg,0.006300000008195639
img_05716.jpg,0.006800000090152025
img_05717.jpg,0.007300000172108412
img_05718.jpg,0.006300000008195639
img_05719.jpg,0.005200000014156103
img_05720.jpg,0.003700000001117587
img_05721.jpg,0.002099999925121665
img_05722.jpg,0.010499999858438969
img_05723.jpg,0.025699999183416367
img_05724.jpg,0.04490000009536743
img_05725.jpg,0.06040000170469284
img_05726.jpg,0.08399999886751175
img_05727.jpg,0.11309999972581863
img_05728.jpg,0.12880000472068787
img_05729.jpg,0.1387999951839447
img_05730.jpg,0.1429000049829483
img_05731.jpg,0.14079999923706055
img_05732.jpg,0.12780000269412994
img_05733.jpg,0.11100000143051147
img_05734.jpg,0.08739999681711197
img_05735.jpg,-0.04969999939203262
img_05736.jpg,-0.05920000001788139
img_05737.jpg,-0.08799999952316284
img_05738.jpg,-0.10930000245571136
img_05739.jpg,-0.14159999787807465
img_05740.jpg,-0.1762000024318695
img_05741.jpg,-0.20999999344348907
img_05742.jpg,-0.21639999747276306
img_05743.jpg,-0.21359999477863312
img_05744.jpg,-0.19529999792575836
img_05745.jpg,-0.17069999873638153
img_05746.jpg,-0.13609999418258667
img_05747.jpg,-0.10679999738931656
img_05748.jpg,-0.07750000059604645
img_05749.jpg,-0.07750000059604645
img_05750.jpg,-0.04349999874830246
img_05751.jpg,-0.035599999129772186
img_05752.jpg,-0.027799999341368675
img_05753.jpg,-0.019899999722838402
img_05754.jpg,-0.014100000262260437
img_05755.jpg,-0.008899999782443047
img_05756.jpg,-0.005799999926239252
img_05757.jpg,-0.00419999985024333
img_05758.jpg,-0.003700000001117587
img_05759.jpg,-0.00419999985024333
img_05760.jpg,-0.00419999985024333
img_05761.jpg,-0.006300000008195639
img_05762.jpg,-0.007899999618530273
img_05763.jpg,-0.00839999970048666
img_05764.jpg,-0.007899999618530273
img_05765.jpg,-0.006800000090152025
img_05766.jpg,-0.00419999985024333
img_05767.jpg,-0.00419999985024333
img_05768.jpg,0.007300000172108412
img_05769.jpg,0.010999999940395355
img_05770.jpg,0.014100000262260437
img_05771.jpg,0.01679999940097332
img_05772.jpg,0.018300000578165054
img_05773.jpg,0.01940000057220459
img_05774.jpg,0.018300000578165054
img_05775.jpg,0.012600000016391277
img_05776.jpg,-0.006599999964237213
img_05777.jpg,-0.02459999918937683
img_05778.jpg,-0.040800001472234726
img_05779.jpg,-0.05550000071525574
img_05780.jpg,-0.06960000097751617
img_05781.jpg,-0.08169999718666077
img_05782.jpg,-0.09369999915361404
img_05783.jpg,-0.10260000079870224
img_05784.jpg,-0.10580000281333923
img_05785.jpg,-0.10580000281333923
img_05786.jpg,-0.1031000018119812
img_05787.jpg,-0.09839999675750732
img_05788.jpg,-0.09839999675750732
img_05789.jpg,-0.07020000368356705
img_05790.jpg,-0.05920000001788139
img_05791.jpg,-0.05920000001788139
img_05792.jpg,-0.040800001472234726
img_05793.jpg,-0.035599999129772186
img_05794.jpg,-0.03139999881386757
img_05795.jpg,-0.030400000512599945
img_05796.jpg,-0.030400000512599945
img_05797.jpg,-0.03460000082850456
img_05798.jpg,-0.03720000013709068
img_05799.jpg,-0.03929999843239784
img_05800.jpg,-0.040300000458955765
img_05801.jpg,-0.0414000004529953
img_05802.jpg,-0.04190000146627426
img_05803.jpg,-0.037700001150369644
img_05804.jpg,-0.03139999881386757
img_05805.jpg,-0.02410000003874302
img_05806.jpg,-0.019899999722838402
img_05807.jpg,-0.018300000578165054
img_05808.jpg,-0.01940000057220459
img_05809.jpg,-0.0215000007301569
img_05810.jpg,-0.02410000003874302
img_05811.jpg,-0.02669999934732914
img_05812.jpg,-0.03189999982714653
img_05813.jpg,-0.04470000043511391
img_05814.jpg,-0.07109999656677246
img_05815.jpg,-0.09470000118017197
img_05816.jpg,-0.12389999628067017
img_05817.jpg,-0.15760000050067902
img_05818.jpg,-0.17679999768733978
img_05819.jpg,-0.20110000669956207
img_05820.jpg,-0.21469999849796295
img_05821.jpg,-0.22100000083446503
img_05822.jpg,-0.21940000355243683
img_05823.jpg,-0.2079000025987625
img_05824.jpg,-0.19370000064373016
img_05825.jpg,-0.17649999260902405
img_05826.jpg,-0.16279999911785126
img_05827.jpg,-0.15240000188350677
img_05828.jpg,-0.14399999380111694
img_05829.jpg,-0.14399999380111694
img_05830.jpg,-0.13770000636577606
img_05831.jpg,-0.1387999951839447
img_05832.jpg,-0.1387999951839447
img_05833.jpg,-0.14350000023841858
img_05834.jpg,-0.14350000023841858
img_05835.jpg,-0.1429000049829483
img_05836.jpg,-0.14499999582767487
img_05837.jpg,-0.15240000188350677
img_05838.jpg,-0.1606999933719635
img_05839.jpg,-0.16859999299049377
img_05840.jpg,-0.17649999260902405
img_05841.jpg,-0.18170000612735748
img_05842.jpg,-0.1843000054359436
img_05843.jpg,-0.18479999899864197
img_05844.jpg,-0.18060000240802765
img_05845.jpg,-0.17440000176429749
img_05846.jpg,-0.164900004863739
img_05847.jpg,-0.15549999475479126
img_05848.jpg,-0.14239999651908875
img_05849.jpg,-0.12880000472068787
img_05850.jpg,-0.1151999980211258
img_05851.jpg,-0.11259999871253967
img_05852.jpg,-0.11729999631643295
img_05853.jpg,-0.1256999969482422
img_05854.jpg,-0.1371999979019165
img_05855.jpg,-0.1460999995470047
img_05856.jpg,-0.15029999613761902
img_05857.jpg,-0.14970000088214874
img_05858.jpg,-0.15289999544620514
img_05859.jpg,-0.15710000693798065
img_05860.jpg,-0.1606999933719635
img_05861.jpg,-0.16130000352859497
img_05862.jpg,0.10109999775886536
img_05863.jpg,0.10109999775886536
img_05864.jpg,0.05649999901652336
img_05865.jpg,0.04560000076889992
img_05866.jpg,0.03869999945163727
img_05867.jpg,0.030899999663233757
img_05868.jpg,0.02199999988079071
img_05869.jpg,-0.012000000104308128
img_05870.jpg,-0.011500000022351742
img_05871.jpg,-0.018300000578165054
img_05872.jpg,-0.02669999934732914
img_05873.jpg,-0.03819999843835831
img_05874.jpg,-0.054999999701976776
img_05875.jpg,-0.061400000005960464
img_05876.jpg,-0.09369999915361404
img_05877.jpg,-0.1160999983549118
img_05878.jpg,-0.13600000739097595
img_05879.jpg,-0.1665000021457672
img_05880.jpg,-0.19210000336170197
img_05881.jpg,-0.2021999955177307
img_05882.jpg,-0.2502000033855438
img_05883.jpg,-0.28220000863075256
img_05884.jpg,-0.3093000054359436
img_05885.jpg,-0.3142000138759613
img_05886.jpg,-0.3142000138759613
img_05887.jpg,-0.3142000138759613
img_05888.jpg,-0.3142000138759613
img_05889.jpg,-0.3142000138759613
img_05890.jpg,-0.3142000138759613
img_05891.jpg,-0.3142000138759613
img_05892.jpg,-0.3142000138759613
img_05893.jpg,-0.3142000138759613
img_05894.jpg,-0.3142000138759613
img_05895.jpg,-0.3142000138759613
img_05896.jpg,-0.3142000138759613
img_05897.jpg,-0.3142000138759613
img_05898.jpg,-0.3025999963283539
img_05899.jpg,-0.2791000008583069
img_05900.jpg,-0.23199999332427979
img_05901.jpg,-0.19269999861717224
img_05902.jpg,-0.1623000055551529
img_05903.jpg,-0.14239999651908875
img_05904.jpg,-0.13609999418258667
img_05905.jpg,-0.13819999992847443
img_05906.jpg,-0.1429000049829483
img_05907.jpg,-0.14970000088214874
img_05908.jpg,-0.15710000693798065
img_05909.jpg,-0.17440000176429749
img_05910.jpg,-0.19040000438690186
img_05911.jpg,-0.21150000393390656
img_05912.jpg,-0.23070000112056732
img_05913.jpg,-0.2484000027179718
img_05914.jpg,-0.28369998931884766
img_05915.jpg,-0.3142000138759613
img_05916.jpg,-0.3142000138759613
img_05917.jpg,-0.3142000138759613
img_05918.jpg,-0.3142000138759613
img_05919.jpg,-0.3142000138759613
img_05920.jpg,-0.3142000138759613
img_05921.jpg,-0.3142000138759613
img_05922.jpg,-0.3142000138759613
img_05923.jpg,-0.3142000138759613
img_05924.jpg,-0.3142000138759613
img_05925.jpg,-0.3142000138759613
img_05926.jpg,-0.28060001134872437
img_05927.jpg,-0.3125999867916107
img_05928.jpg,-0.3142000138759613
img_05929.jpg,-0.3142000138759613
img_05930.jpg,-0.3142000138759613
img_05931.jpg,-0.3142000138759613
img_05932.jpg,-0.3142000138759613
img_05933.jpg,-0.3142000138759613
img_05934.jpg,-0.3142000138759613
img_05935.jpg,-0.3142000138759613
img_05936.jpg,-0.31360000371932983
img_05937.jpg,-0.2937000095844269
img_05938.jpg,-0.2712000012397766
img_05939.jpg,-0.24869999289512634
img_05940.jpg,-0.23090000450611115
img_05941.jpg,-0.21729999780654907
img_05942.jpg,-0.20679999887943268
img_05943.jpg,-0.2020999938249588
img_05944.jpg,-0.20630000531673431
img_05945.jpg,-0.2222999930381775
img_05946.jpg,-0.24799999594688416
img_05947.jpg,-0.2815999984741211
img_05948.jpg,-0.31349998712539673
img_05949.jpg,-0.3142000138759613
img_05950.jpg,-0.3142000138759613
img_05951.jpg,-0.30889999866485596
img_05952.jpg,-0.28850001096725464
img_05953.jpg,-0.28850001096725464
img_05954.jpg,-0.274399995803833
img_05955.jpg,-0.274399995803833
img_05956.jpg,-0.27070000767707825
img_05957.jpg,-0.23199999332427979
img_05958.jpg,-0.19840000569820404
img_05959.jpg,-0.1680999994277954
img_05960.jpg,-0.14030000567436218
img_05961.jpg,-0.11469999700784683
img_05962.jpg,-0.1031000018119812
img_05963.jpg,-0.10109999775886536
img_05964.jpg,-0.09839999675750732
img_05965.jpg,-0.0885000005364418
img_05966.jpg,-0.07020000368356705
img_05967.jpg,-0.052400000393390656
img_05968.jpg,-0.035599999129772186
img_05969.jpg,-0.01940000057220459
img_05970.jpg,-0.01940000057220459
img_05971.jpg,0.010499999858438969
img_05972.jpg,0.010499999858438969
img_05973.jpg,-0.011900000274181366
img_05974.jpg,-0.04560000076889992
img_05975.jpg,-0.12409999966621399
img_05976.jpg,-0.1826999932527542
img_05977.jpg,-0.26190000772476196
img_05978.jpg,-0.30889999866485596
img_05979.jpg,-0.3142000138759613
img_05980.jpg,-0.3142000138759613
img_05981.jpg,-0.3093999922275543
img_05982.jpg,-0.29580000042915344
img_05983.jpg,-0.2833000123500824
img_05984.jpg,-0.26759999990463257
img_05985.jpg,-0.23350000381469727
img_05986.jpg,-0.19949999451637268
img_05987.jpg,-0.19949999451637268
img_05988.jpg,-0.12880000472068787
img_05989.jpg,-0.09839999675750732
img_05990.jpg,-0.09839999675750732
img_05991.jpg,-0.05130000039935112
img_05992.jpg,-0.03610000014305115
img_05993.jpg,-0.025100000202655792
img_05994.jpg,-0.03869999945163727
img_05995.jpg,-0.06539999693632126
img_05996.jpg,-0.08780000358819962
img_05997.jpg,-0.1168999969959259
img_05998.jpg,-0.18440000712871552
img_05999.jpg,-0.21359999477863312
img_06000.jpg,-0.257099986076355
img_06001.jpg,-0.2754000127315521
img_06002.jpg,-0.2732999920845032
img_06003.jpg,-0.25189998745918274
img_06004.jpg,-0.2257000058889389
img_06005.jpg,-0.19629999995231628
img_06006.jpg,-0.15970000624656677
img_06007.jpg,-0.12880000472068787
img_06008.jpg,-0.09269999712705612
img_06009.jpg,-0.06129999831318855
img_06010.jpg,0.032499998807907104
img_06011.jpg,0.025699999183416367
img_06012.jpg,0.030400000512599945
img_06013.jpg,0.02930000051856041
img_06014.jpg,0.02410000003874302
img_06015.jpg,0.018799999728798866
img_06016.jpg,0.010999999940395355
img_06017.jpg,-0.006300000008195639
img_06018.jpg,-0.007300000172108412
img_06019.jpg,-0.009399999864399433
img_06020.jpg,-0.010499999858438969
img_06021.jpg,-0.011500000022351742
img_06022.jpg,-0.011500000022351742
img_06023.jpg,-0.010999999940395355
img_06024.jpg,-0.010499999858438969
img_06025.jpg,-0.01940000057220459
img_06026.jpg,-0.035100001841783524
img_06027.jpg,-0.05429999902844429
img_06028.jpg,-0.07959999889135361
img_06029.jpg,-0.09560000151395798
img_06030.jpg,-0.11680000275373459
img_06031.jpg,-0.12780000269412994
img_06032.jpg,-0.1282999962568283
img_06033.jpg,-0.1151999980211258
img_06034.jpg,-0.09839999675750732
img_06035.jpg,-0.07959999889135361
img_06036.jpg,-0.0560000017285347
img_06037.jpg,-0.03669999912381172
img_06038.jpg,0.01940000057220459
img_06039.jpg,0.015200000256299973
img_06040.jpg,0.015200000256299973
img_06041.jpg,0.014100000262260437
img_06042.jpg,0.011500000022351742
img_06043.jpg,0.00839999970048666
img_06044.jpg,0.00839999970048666
img_06045.jpg,-0.00419999985024333
img_06046.jpg,-0.005200000014156103
img_06047.jpg,-0.006300000008195639
img_06048.jpg,-0.007300000172108412
img_06049.jpg,-0.007899999618530273
img_06050.jpg,-0.007899999618530273
img_06051.jpg,0.010999999940395355
img_06052.jpg,0.02199999988079071
img_06053.jpg,0.03669999912381172
img_06054.jpg,0.05649999901652336
img_06055.jpg,0.0737999975681305
img_06056.jpg,0.08900000154972076
img_06057.jpg,0.1046999990940094
img_06058.jpg,0.11680000275373459
img_06059.jpg,0.11469999700784683
img_06060.jpg,0.1046999990940094
img_06061.jpg,0.1046999990940094
img_06062.jpg,0.06390000134706497
img_06063.jpg,0.03869999945163727
img_06064.jpg,-0.020400000736117363
img_06065.jpg,-0.01730000041425228
img_06066.jpg,-0.02199999988079071
img_06067.jpg,-0.023600000888109207
img_06068.jpg,-0.02250000089406967
img_06069.jpg,-0.02250000089406967
img_06070.jpg,-0.018300000578165054
img_06071.jpg,-0.015699999406933784
img_06072.jpg,-0.015699999406933784
img_06073.jpg,-0.00839999970048666
img_06074.jpg,0.006800000090152025
img_06075.jpg,0.009399999864399433
img_06076.jpg,0.014100000262260437
img_06077.jpg,0.017799999564886093
img_06078.jpg,0.020400000736117363
img_06079.jpg,0.023000000044703484
img_06080.jpg,0.02410000003874302
img_06081.jpg,0.02459999918937683
img_06082.jpg,0.02459999918937683
img_06083.jpg,0.023600000888109207
img_06084.jpg,0.023000000044703484
img_06085.jpg,0.02199999988079071
img_06086.jpg,0.020899999886751175
img_06087.jpg,0.019899999722838402
img_06088.jpg,0.01940000057220459
img_06089.jpg,0.016200000420212746
img_06090.jpg,0.011500000022351742
img_06091.jpg,0.006800000090152025
img_06092.jpg,-0.00419999985024333
img_06093.jpg,-0.004699999932199717
img_06094.jpg,-0.006300000008195639
img_06095.jpg,-0.007300000172108412
img_06096.jpg,-0.007899999618530273
img_06097.jpg,-0.007300000172108412
img_06098.jpg,-0.007300000172108412
img_06099.jpg,-0.006800000090152025
img_06100.jpg,-0.006300000008195639
img_06101.jpg,-0.005200000014156103
img_06102.jpg,-0.004699999932199717
img_06103.jpg,-0.00419999985024333
img_06104.jpg,-0.003700000001117587
img_06105.jpg,-0.003100000089034438
img_06106.jpg,-0.003100000089034438
img_06107.jpg,-0.003100000089034438
img_06108.jpg,-0.003100000089034438
img_06109.jpg,-0.003100000089034438
img_06110.jpg,-0.003100000089034438
img_06111.jpg,-0.003100000089034438
img_06112.jpg,-0.003100000089034438
img_06113.jpg,-0.003100000089034438
img_06114.jpg,-0.003100000089034438
img_06115.jpg,-0.003700000001117587
img_06116.jpg,-0.003700000001117587
img_06117.jpg,-0.003700000001117587
img_06118.jpg,-0.003700000001117587
img_06119.jpg,-0.003700000001117587
img_06120.jpg,-0.003700000001117587
img_06121.jpg,-0.003700000001117587
img_06122.jpg,-0.003100000089034438
img_06123.jpg,-0.003100000089034438
img_06124.jpg,-0.003100000089034438
img_06125.jpg,-0.003100000089034438
img_06126.jpg,-0.003100000089034438
img_06127.jpg,-0.003100000089034438
img_06128.jpg,-0.003100000089034438
img_06129.jpg,-0.003100000089034438
img_06130.jpg,-0.003100000089034438
img_06131.jpg,-0.003100000089034438
img_06132.jpg,-0.003100000089034438
img_06133.jpg,-0.003100000089034438
img_06134.jpg,-0.004699999932199717
img_06135.jpg,-0.010499999858438969
img_06136.jpg,-0.020400000736117363
img_06137.jpg,-0.02979999966919422
img_06138.jpg,-0.040800001472234726
img_06139.jpg,-0.04919999837875366
img_06140.jpg,-0.0560000017285347
img_06141.jpg,-0.06069999933242798
img_06142.jpg,-0.06809999793767929
img_06143.jpg,-0.08060000091791153
img_06144.jpg,-0.09369999915361404
img_06145.jpg,-0.10580000281333923
img_06146.jpg,-0.11259999871253967
img_06147.jpg,-0.1151999980211258
img_06148.jpg,-0.10209999978542328
img_06149.jpg,-0.10209999978542328
img_06150.jpg,-0.06700000166893005
img_06151.jpg,-0.04349999874830246
img_06152.jpg,-0.023000000044703484
img_06153.jpg,0.020400000736117363
img_06154.jpg,0.025100000202655792
img_06155.jpg,0.041099999099969864
img_06156.jpg,0.06390000134706497
img_06157.jpg,0.08219999819993973
img_06158.jpg,0.10260000079870224
img_06159.jpg,0.11410000175237656
img_06160.jpg,0.11410000175237656
img_06161.jpg,0.10419999808073044
img_06162.jpg,0.08529999852180481
img_06163.jpg,0.08529999852180481
img_06164.jpg,0.047600001096725464
img_06165.jpg,0.02669999934732914
img_06166.jpg,-0.016200000420212746
img_06167.jpg,-0.015699999406933784
img_06168.jpg,-0.019899999722838402
img_06169.jpg,-0.020899999886751175
img_06170.jpg,-0.020400000736117363
img_06171.jpg,-0.017799999564886093
img_06172.jpg,-0.015200000256299973
img_06173.jpg,-0.012000000104308128
img_06174.jpg,-0.009399999864399433
img_06175.jpg,-0.00989999994635582
img_06176.jpg,-0.014100000262260437
img_06177.jpg,-0.018799999728798866
img_06178.jpg,-0.025100000202655792
img_06179.jpg,-0.030400000512599945
img_06180.jpg,-0.035599999129772186
img_06181.jpg,-0.03869999945163727
img_06182.jpg,-0.0414000004529953
img_06183.jpg,-0.042399998754262924
img_06184.jpg,-0.042899999767541885
img_06185.jpg,-0.042399998754262924
img_06186.jpg,-0.040300000458955765
img_06187.jpg,-0.03460000082850456
img_06188.jpg,-0.028300000354647636
img_06189.jpg,-0.02930000051856041
img_06190.jpg,-0.03669999912381172
img_06191.jpg,-0.05079999938607216
img_06192.jpg,-0.06340000033378601
img_06193.jpg,-0.0723000019788742
img_06194.jpg,-0.0723000019788742
img_06195.jpg,-0.08219999819993973
img_06196.jpg,-0.0812000036239624
img_06197.jpg,-0.07850000262260437
img_06198.jpg,-0.07440000027418137
img_06199.jpg,-0.06960000097751617
img_06200.jpg,-0.06960000097751617
img_06201.jpg,-0.03610000014305115
img_06202.jpg,0.025100000202655792
img_06203.jpg,0.035100001841783524
img_06204.jpg,0.054999999701976776
img_06205.jpg,0.06459999829530716
img_06206.jpg,0.10509999841451645
img_06207.jpg,0.10729999840259552
img_06208.jpg,0.15320000052452087
img_06209.jpg,0.17329999804496765
img_06210.jpg,0.19110000133514404
img_06211.jpg,0.2037000060081482
img_06212.jpg,0.20679999887943268
img_06213.jpg,0.19269999861717224
img_06214.jpg,0.16130000352859497
img_06215.jpg,0.12929999828338623
img_06216.jpg,0.09740000218153
img_06217.jpg,0.059700001031160355
img_06218.jpg,-0.03720000013709068
img_06219.jpg,-0.048700001090765
img_06220.jpg,-0.06539999693632126
img_06221.jpg,-0.07590000331401825
img_06222.jpg,-0.08219999819993973
img_06223.jpg,-0.08380000293254852
img_06224.jpg,-0.08009999990463257
img_06225.jpg,-0.07020000368356705
img_06226.jpg,-0.06019999831914902
img_06227.jpg,-0.0502999983727932
img_06228.jpg,-0.0502999983727932
img_06229.jpg,-0.030400000512599945
img_06230.jpg,-0.023000000044703484
img_06231.jpg,-0.017799999564886093
img_06232.jpg,-0.014100000262260437
img_06233.jpg,-0.009399999864399433
img_06234.jpg,0.005200000014156103
img_06235.jpg,0.006300000008195639
img_06236.jpg,0.008899999782443047
img_06237.jpg,0.010999999940395355
img_06238.jpg,0.011500000022351742
img_06239.jpg,0.007300000172108412
img_06240.jpg,-0.006300000008195639
img_06241.jpg,-0.012600000016391277
img_06242.jpg,-0.01940000057220459
img_06243.jpg,-0.028300000354647636
img_06244.jpg,-0.035599999129772186
img_06245.jpg,-0.042399998754262924
img_06246.jpg,-0.0471000000834465
img_06247.jpg,-0.04969999939203262
img_06248.jpg,-0.05130000039935112
img_06249.jpg,-0.05180000141263008
img_06250.jpg,-0.05180000141263008
img_06251.jpg,-0.05130000039935112
img_06252.jpg,-0.0502999983727932
img_06253.jpg,-0.048700001090765
img_06254.jpg,-0.0471000000834465
img_06255.jpg,-0.04349999874830246
img_06256.jpg,-0.03720000013709068
img_06257.jpg,-0.02979999966919422
img_06258.jpg,-0.02979999966919422
img_06259.jpg,-0.012000000104308128
img_06260.jpg,0.007300000172108412
img_06261.jpg,0.004699999932199717
img_06262.jpg,0.0026000000070780516
img_06263.jpg,-0.005200000014156103
img_06264.jpg,-0.014100000262260437
img_06265.jpg,-0.02930000051856041
img_06266.jpg,-0.04399999976158142
img_06267.jpg,-0.059700001031160355
img_06268.jpg,-0.0723000019788742
img_06269.jpg,-0.08269999921321869
img_06270.jpg,-0.08900000154972076
img_06271.jpg,-0.09319999814033508
img_06272.jpg,-0.094200000166893
img_06273.jpg,-0.094200000166893
img_06274.jpg,-0.09160000085830688
img_06275.jpg,-0.08590000122785568
img_06276.jpg,-0.07750000059604645
img_06277.jpg,-0.06599999964237213
img_06278.jpg,-0.04919999837875366
img_06279.jpg,-0.03400000184774399
img_06280.jpg,0.01940000057220459
img_06281.jpg,0.019899999722838402
img_06282.jpg,0.0272000003606081
img_06283.jpg,0.040800001472234726
img_06284.jpg,0.040800001472234726
img_06285.jpg,0.07020000368356705
img_06286.jpg,0.08269999921321869
img_06287.jpg,0.0957999974489212
img_06288.jpg,0.10520000010728836
img_06289.jpg,0.11209999769926071
img_06290.jpg,0.10729999840259552
img_06291.jpg,0.10729999840259552
img_06292.jpg,0.06390000134706497
img_06293.jpg,-0.032499998807907104
img_06294.jpg,-0.032499998807907104
img_06295.jpg,-0.04560000076889992
img_06296.jpg,-0.0575999990105629
img_06297.jpg,-0.0649000033736229
img_06298.jpg,-0.06960000097751617
img_06299.jpg,-0.07540000230073929
img_06300.jpg,-0.08060000091791153
img_06301.jpg,-0.0885000005364418
img_06302.jpg,-0.094200000166893
img_06303.jpg,-0.10000000149011612
img_06304.jpg,-0.1031000018119812
img_06305.jpg,-0.10419999808073044
img_06306.jpg,-0.10419999808073044
img_06307.jpg,-0.09790000319480896
img_06308.jpg,-0.09009999781847
img_06309.jpg,-0.07959999889135361
img_06310.jpg,-0.07020000368356705
img_06311.jpg,-0.059700001031160355
img_06312.jpg,-0.052400000393390656
img_06313.jpg,-0.04560000076889992
img_06314.jpg,-0.04560000076889992
img_06315.jpg,-0.052400000393390656
img_06316.jpg,-0.062300000339746475
img_06317.jpg,-0.0723000019788742
img_06318.jpg,-0.0723000019788742
img_06319.jpg,-0.09319999814033508
img_06320.jpg,-0.10050000250339508
img_06321.jpg,-0.10419999808073044
img_06322.jpg,-0.10419999808073044
img_06323.jpg,-0.1062999963760376
img_06324.jpg,-0.11309999972581863
img_06325.jpg,-0.11630000174045563
img_06326.jpg,-0.1256999969482422
img_06327.jpg,-0.13349999487400055
img_06328.jpg,-0.14030000567436218
img_06329.jpg,-0.1460999995470047
img_06330.jpg,-0.15129999816417694
img_06331.jpg,-0.1565999984741211
img_06332.jpg,-0.1565999984741211
img_06333.jpg,-0.1606999933719635
img_06334.jpg,-0.15919999778270721
img_06335.jpg,-0.15710000693798065
img_06336.jpg,-0.15389999747276306
img_06337.jpg,-0.14970000088214874
img_06338.jpg,-0.14820000529289246
img_06339.jpg,-0.14970000088214874
img_06340.jpg,-0.15240000188350677
img_06341.jpg,-0.15549999475479126
img_06342.jpg,-0.15970000624656677
img_06343.jpg,-0.1623000055551529
img_06344.jpg,-0.16130000352859497
img_06345.jpg,-0.15549999475479126
img_06346.jpg,-0.15710000693798065
img_06347.jpg,-0.16599999368190765
img_06348.jpg,-0.17649999260902405
img_06349.jpg,-0.1387999951839447
img_06350.jpg,-0.12929999828338623
img_06351.jpg,-0.13819999992847443
img_06352.jpg,-0.14920000731945038
img_06353.jpg,-0.15970000624656677
img_06354.jpg,-0.1738000065088272
img_06355.jpg,-0.19300000369548798
img_06356.jpg,-0.20489999651908875
img_06357.jpg,-0.2329999953508377
img_06358.jpg,-0.24899999797344208
img_06359.jpg,-0.2660999894142151
img_06360.jpg,-0.29980000853538513
img_06361.jpg,-0.3142000138759613
img_06362.jpg,-0.3142000138759613
img_06363.jpg,-0.3142000138759613
img_06364.jpg,-0.3142000138759613
img_06365.jpg,-0.3057999908924103
img_06366.jpg,-0.29739999771118164
img_06367.jpg,-0.2827000021934509
img_06368.jpg,-0.25760000944137573
img_06369.jpg,-0.23399999737739563
img_06370.jpg,-0.20469999313354492
img_06371.jpg,-0.17649999260902405
img_06372.jpg,-0.1429000049829483
img_06373.jpg,-0.11680000275373459
img_06374.jpg,-0.09839999675750732
img_06375.jpg,-0.0885000005364418
img_06376.jpg,-0.08380000293254852
img_06377.jpg,-0.10000000149011612
img_06378.jpg,-0.1256999969482422
img_06379.jpg,-0.14810000360012054
img_06380.jpg,-0.1995999962091446
img_06381.jpg,-0.2296999990940094
img_06382.jpg,-0.3142000138759613
img_06383.jpg,-0.3142000138759613
img_06384.jpg,-0.3142000138759613
img_06385.jpg,-0.3142000138759613
img_06386.jpg,-0.3142000138759613
img_06387.jpg,-0.3142000138759613
img_06388.jpg,-0.3142000138759613
img_06389.jpg,-0.3142000138759613
img_06390.jpg,-0.3142000138759613
img_06391.jpg,-0.3142000138759613
img_06392.jpg,-0.3142000138759613
img_06393.jpg,-0.2937000095844269
img_06394.jpg,-0.2833000123500824
img_06395.jpg,-0.2702000141143799
img_06396.jpg,-0.2581000030040741
img_06397.jpg,-0.24709999561309814
img_06398.jpg,-0.23559999465942383
img_06399.jpg,-0.22669999301433563
img_06400.jpg,-0.24269999563694
img_06401.jpg,-0.274399995803833
img_06402.jpg,-0.274399995803833
img_06403.jpg,-0.31360000371932983
img_06404.jpg,-0.3142000138759613
img_06405.jpg,-0.3142000138759613
img_06406.jpg,-0.3142000138759613
img_06407.jpg,-0.3142000138759613
img_06408.jpg,-0.3142000138759613
img_06409.jpg,-0.3142000138759613
img_06410.jpg,-0.3142000138759613
img_06411.jpg,-0.3142000138759613
img_06412.jpg,-0.30320000648498535
img_06413.jpg,-0.2623000144958496
img_06414.jpg,-0.22310000658035278
img_06415.jpg,-0.1889999955892563
img_06416.jpg,-0.15970000624656677
img_06417.jpg,-0.14399999380111694
img_06418.jpg,-0.12099999934434891
img_06419.jpg,-0.12099999934434891
img_06420.jpg,-0.11100000143051147
img_06421.jpg,-0.12150000035762787
img_06422.jpg,-0.14030000567436218
img_06423.jpg,-0.15950000286102295
img_06424.jpg,-0.1680999994277954
img_06425.jpg,-0.19429999589920044
img_06426.jpg,-0.2623000144958496
img_06427.jpg,-0.2816999852657318
img_06428.jpg,-0.29269999265670776
img_06429.jpg,-0.31209999322891235
img_06430.jpg,-0.3142000138759613
img_06431.jpg,-0.3142000138759613
img_06432.jpg,-0.3142000138759613
img_06433.jpg,-0.3142000138759613
img_06434.jpg,-0.3142000138759613
img_06435.jpg,-0.3142000138759613
img_06436.jpg,-0.3142000138759613
img_06437.jpg,-0.3142000138759613
img_06438.jpg,-0.3142000138759613
img_06439.jpg,-0.3142000138759613
img_06440.jpg,-0.3037000000476837
img_06441.jpg,-0.2921999990940094
img_06442.jpg,-0.28060001134872437
img_06443.jpg,-0.26759999990463257
img_06444.jpg,-0.257099986076355
img_06445.jpg,-0.24400000274181366
img_06446.jpg,-0.23250000178813934
img_06447.jpg,-0.21619999408721924
img_06448.jpg,-0.18799999356269836
img_06449.jpg,-0.15870000422000885
img_06450.jpg,-0.12099999934434891
img_06451.jpg,-0.08900000154972076
img_06452.jpg,-0.061799999326467514
img_06453.jpg,-0.035599999129772186
img_06454.jpg,-0.02199999988079071
img_06455.jpg,-0.01679999940097332
img_06456.jpg,-0.035999998450279236
img_06457.jpg,-0.13300000131130219
img_06458.jpg,-0.22499999403953552
img_06459.jpg,-0.3142000138759613
img_06460.jpg,-0.3142000138759613
img_06461.jpg,-0.3142000138759613
img_06462.jpg,-0.3142000138759613
img_06463.jpg,-0.3142000138759613
img_06464.jpg,-0.3142000138759613
img_06465.jpg,-0.3142000138759613
img_06466.jpg,-0.3142000138759613
img_06467.jpg,-0.3142000138759613
img_06468.jpg,-0.3142000138759613
img_06469.jpg,-0.3142000138759613
img_06470.jpg,-0.3142000138759613
img_06471.jpg,-0.3142000138759613
img_06472.jpg,-0.3142000138759613
img_06473.jpg,-0.3142000138759613
img_06474.jpg,-0.3142000138759613
img_06475.jpg,-0.3142000138759613
img_06476.jpg,-0.3142000138759613
img_06477.jpg,-0.3142000138759613
img_06478.jpg,-0.3142000138759613
img_06479.jpg,-0.3142000138759613
img_06480.jpg,-0.3142000138759613
img_06481.jpg,-0.3142000138759613
img_06482.jpg,-0.3142000138759613
img_06483.jpg,-0.3142000138759613
img_06484.jpg,-0.3142000138759613
img_06485.jpg,-0.3142000138759613
img_06486.jpg,-0.3142000138759613
img_06487.jpg,-0.3142000138759613
img_06488.jpg,-0.2969000041484833
img_06489.jpg,-0.2969000041484833
img_06490.jpg,-0.25029999017715454
img_06491.jpg,-0.15549999475479126
img_06492.jpg,-0.1031000018119812
img_06493.jpg,-0.06440000236034393
img_06494.jpg,-0.03669999912381172
img_06495.jpg,-0.03669999912381172
img_06496.jpg,0.015699999406933784
img_06497.jpg,0.017799999564886093
img_06498.jpg,0.018799999728798866
img_06499.jpg,0.018799999728798866
img_06500.jpg,0.01730000041425228
img_06501.jpg,0.015699999406933784
img_06502.jpg,0.012600000016391277
img_06503.jpg,0.006800000090152025
img_06504.jpg,-0.018300000578165054
img_06505.jpg,-0.03350000083446503
img_06506.jpg,-0.04919999837875366
img_06507.jpg,-0.06279999762773514
img_06508.jpg,-0.07590000331401825
img_06509.jpg,-0.08429999649524689
img_06510.jpg,-0.08479999750852585
img_06511.jpg,-0.07959999889135361
img_06512.jpg,-0.07069999724626541
img_06513.jpg,-0.05810000002384186
img_06514.jpg,-0.04820000007748604
img_06515.jpg,-0.039799999445676804
img_06516.jpg,-0.039799999445676804
img_06517.jpg,-0.02669999934732914
img_06518.jpg,-0.02250000089406967
img_06519.jpg,-0.02250000089406967
img_06520.jpg,-0.015699999406933784
img_06521.jpg,0.007899999618530273
img_06522.jpg,0.00989999994635582
img_06523.jpg,0.020899999886751175
img_06524.jpg,0.03869999945163727
img_06525.jpg,0.06430000066757202
img_06526.jpg,0.08980000019073486
img_06527.jpg,0.1412999927997589
img_06528.jpg,0.164900004863739
img_06529.jpg,0.22759999334812164
img_06530.jpg,0.2632000148296356
img_06531.jpg,0.2937000095844269
img_06532.jpg,0.3005000054836273
img_06533.jpg,0.2775000035762787
img_06534.jpg,0.24979999661445618
img_06535.jpg,0.21889999508857727
img_06536.jpg,0.1784999966621399
img_06537.jpg,0.1784999966621399
img_06538.jpg,0.1136000007390976
img_06539.jpg,0.08330000191926956
img_06540.jpg,0.057100001722574234
img_06541.jpg,0.03350000083446503
img_06542.jpg,-0.019899999722838402
img_06543.jpg,-0.0215000007301569
img_06544.jpg,-0.0215000007301569
img_06545.jpg,-0.02669999934732914
img_06546.jpg,-0.025699999183416367
img_06547.jpg,-0.025699999183416367
img_06548.jpg,-0.0215000007301569
img_06549.jpg,-0.017799999564886093
img_06550.jpg,-0.014700000174343586
img_06551.jpg,-0.012600000016391277
img_06552.jpg,-0.00989999994635582
img_06553.jpg,-0.007899999618530273
img_06554.jpg,-0.006800000090152025
img_06555.jpg,-0.005799999926239252
img_06556.jpg,0.010999999940395355
img_06557.jpg,0.030400000512599945
img_06558.jpg,0.04960000142455101
img_06559.jpg,0.07050000131130219
img_06560.jpg,0.08190000057220459
img_06561.jpg,0.11389999836683273
img_06562.jpg,0.13539999723434448
img_06563.jpg,0.1534000039100647
img_06564.jpg,0.16910000145435333
img_06565.jpg,0.18060000240802765
img_06566.jpg,0.1665000021457672
img_06567.jpg,0.1445000022649765
img_06568.jpg,0.1445000022649765
img_06569.jpg,0.08009999990463257
img_06570.jpg,0.04820000007748604
img_06571.jpg,-0.027799999341368675
img_06572.jpg,-0.04560000076889992
img_06573.jpg,-0.06909999996423721
img_06574.jpg,-0.09160000085830688
img_06575.jpg,-0.09160000085830688
img_06576.jpg,-0.11890000104904175
img_06577.jpg,-0.12300000339746475
img_06578.jpg,-0.12150000035762787
img_06579.jpg,-0.11569999903440475
img_06580.jpg,-0.10520000010728836
img_06581.jpg,-0.09529999643564224
img_06582.jpg,-0.08009999990463257
img_06583.jpg,-0.0560000017285347
img_06584.jpg,-0.03400000184774399
img_06585.jpg,0.01940000057220459
img_06586.jpg,0.04820000007748604
img_06587.jpg,0.08590000122785568
img_06588.jpg,0.11339999735355377
img_06589.jpg,0.1573999971151352
img_06590.jpg,0.1873999983072281
img_06591.jpg,0.1932000070810318
img_06592.jpg,0.18850000202655792
img_06593.jpg,0.17649999260902405
img_06594.jpg,0.15449999272823334
img_06595.jpg,0.1340000033378601
img_06596.jpg,0.11940000206232071
img_06597.jpg,0.11890000104904175
img_06598.jpg,0.12929999828338623
img_06599.jpg,0.14920000731945038
img_06600.jpg,0.16200000047683716
img_06601.jpg,0.2029999941587448
img_06602.jpg,0.23499999940395355
img_06603.jpg,0.25920000672340393
img_06604.jpg,0.25870001316070557
img_06605.jpg,0.2329999953508377
img_06606.jpg,0.2329999953508377
img_06607.jpg,0.1550000011920929
img_06608.jpg,0.12200000137090683
img_06609.jpg,0.10260000079870224
img_06610.jpg,0.09369999915361404
img_06611.jpg,0.09480000287294388
img_06612.jpg,0.10109999775886536
img_06613.jpg,0.1136000007390976
img_06614.jpg,0.12620000541210175
img_06615.jpg,0.13770000636577606
img_06616.jpg,0.14820000529289246
img_06617.jpg,0.15240000188350677
img_06618.jpg,0.14820000529289246
img_06619.jpg,0.12720000743865967
img_06620.jpg,0.10419999808073044
img_06621.jpg,0.0737999975681305
img_06622.jpg,0.047600001096725464
img_06623.jpg,-0.02669999934732914
img_06624.jpg,-0.02250000089406967
img_06625.jpg,-0.02459999918937683
img_06626.jpg,-0.0215000007301569
img_06627.jpg,-0.002300000051036477
img_06628.jpg,0.040800001472234726
img_06629.jpg,0.040800001472234726
img_06630.jpg,0.0877000018954277
img_06631.jpg,0.13079999387264252
img_06632.jpg,0.15700000524520874
img_06633.jpg,0.17749999463558197
img_06634.jpg,0.19009999930858612
img_06635.jpg,0.19840000569820404
img_06636.jpg,0.20160000026226044
img_06637.jpg,0.19949999451637268
img_06638.jpg,0.19009999930858612
img_06639.jpg,0.17329999804496765
img_06640.jpg,0.14079999923706055
img_06641.jpg,0.10890000313520432
img_06642.jpg,0.07850000262260437
img_06643.jpg,0.04500000178813934
img_06644.jpg,-0.026200000196695328
img_06645.jpg,-0.023600000888109207
img_06646.jpg,-0.02930000051856041
img_06647.jpg,-0.02410000003874302
img_06648.jpg,0.015200000256299973
img_06649.jpg,0.01940000057220459
img_06650.jpg,0.02979999966919422
img_06651.jpg,0.04500000178813934
img_06652.jpg,0.05779999867081642
img_06653.jpg,0.07329999655485153
img_06654.jpg,0.08479999750852585
img_06655.jpg,0.094200000166893
img_06656.jpg,0.10209999978542328
img_06657.jpg,0.10840000212192535
img_06658.jpg,0.11309999972581863
img_06659.jpg,0.11569999903440475
img_06660.jpg,0.11150000244379044
img_06661.jpg,0.09529999643564224
img_06662.jpg,0.07750000059604645
img_06663.jpg,0.05920000001788139
img_06664.jpg,0.03819999843835831
img_06665.jpg,0.020899999886751175
img_06666.jpg,-0.01360000018030405
img_06667.jpg,-0.015200000256299973
img_06668.jpg,-0.01730000041425228
img_06669.jpg,-0.01730000041425228
img_06670.jpg,-0.015200000256299973
img_06671.jpg,-0.013100000098347664
img_06672.jpg,-0.014100000262260437
img_06673.jpg,-0.019899999722838402
img_06674.jpg,-0.02669999934732914
img_06675.jpg,-0.035100001841783524
img_06676.jpg,-0.042399998754262924
img_06677.jpg,-0.048700001090765
img_06678.jpg,-0.054499998688697815
img_06679.jpg,-0.05810000002384186
img_06680.jpg,-0.06069999933242798
img_06681.jpg,-0.059700001031160355
img_06682.jpg,-0.057100001722574234
img_06683.jpg,-0.05290000140666962
img_06684.jpg,-0.0471000000834465
img_06685.jpg,-0.042399998754262924
img_06686.jpg,-0.037700001150369644
img_06687.jpg,-0.02979999966919422
img_06688.jpg,-0.02199999988079071
img_06689.jpg,-0.014700000174343586
img_06690.jpg,0.007300000172108412
img_06691.jpg,0.005799999926239252
img_06692.jpg,0.006300000008195639
img_06693.jpg,0.005799999926239252
img_06694.jpg,0.005200000014156103
img_06695.jpg,0.003700000001117587
img_06696.jpg,0.0026000000070780516
img_06697.jpg,-0.0010000000474974513
img_06698.jpg,0.005200000014156103
img_06699.jpg,0.011599999852478504
img_06700.jpg,0.042399998754262924
img_06701.jpg,0.06650000065565109
img_06702.jpg,0.07930000126361847
img_06703.jpg,0.11100000143051147
img_06704.jpg,0.1266999989748001
img_06705.jpg,0.1371999979019165
img_06706.jpg,0.14239999651908875
img_06707.jpg,0.1429000049829483
img_06708.jpg,0.13189999759197235
img_06709.jpg,0.11779999732971191
img_06710.jpg,0.0885000005364418
img_06711.jpg,0.04919999837875366
img_06712.jpg,0.014000000432133675
img_06713.jpg,-0.07159999758005142
img_06714.jpg,-0.10130000114440918
img_06715.jpg,-0.15549999475479126
img_06716.jpg,-0.19210000336170197
img_06717.jpg,-0.2224999964237213
img_06718.jpg,-0.2224999964237213
img_06719.jpg,-0.23199999332427979
img_06720.jpg,-0.21469999849796295
img_06721.jpg,-0.1889999955892563
img_06722.jpg,-0.1518000066280365
img_06723.jpg,-0.11829999834299088
img_06724.jpg,-0.09009999781847
img_06725.jpg,-0.06340000033378601
img_06726.jpg,-0.04659999907016754
img_06727.jpg,-0.03720000013709068
img_06728.jpg,-0.02930000051856041
img_06729.jpg,-0.02199999988079071
img_06730.jpg,-0.015200000256299973
img_06731.jpg,-0.010499999858438969
img_06732.jpg,-0.007300000172108412
img_06733.jpg,-0.005799999926239252
img_06734.jpg,-0.004699999932199717
img_06735.jpg,-0.004699999932199717
img_06736.jpg,-0.005200000014156103
img_06737.jpg,-0.005200000014156103
img_06738.jpg,-0.007300000172108412
img_06739.jpg,-0.00839999970048666
img_06740.jpg,-0.00839999970048666
img_06741.jpg,-0.007899999618530273
img_06742.jpg,-0.007899999618530273
img_06743.jpg,0.003700000001117587
img_06744.jpg,0.004699999932199717
img_06745.jpg,0.007899999618530273
img_06746.jpg,0.010999999940395355
img_06747.jpg,0.01360000018030405
img_06748.jpg,0.015699999406933784
img_06749.jpg,0.01730000041425228
img_06750.jpg,0.018300000578165054
img_06751.jpg,0.01730000041425228
img_06752.jpg,-0.010499999858438969
img_06753.jpg,-0.014700000174343586
img_06754.jpg,-0.025100000202655792
img_06755.jpg,-0.039799999445676804
img_06756.jpg,-0.05389999970793724
img_06757.jpg,-0.06750000268220901
img_06758.jpg,-0.08219999819993973
img_06759.jpg,-0.09369999915361404
img_06760.jpg,-0.10209999978542328
img_06761.jpg,-0.10520000010728836
img_06762.jpg,-0.10520000010728836
img_06763.jpg,-0.10109999775886536
img_06764.jpg,-0.09480000287294388
img_06765.jpg,-0.07800000160932541
img_06766.jpg,-0.06440000236034393
img_06767.jpg,-0.05389999970793724
img_06768.jpg,-0.04610000178217888
img_06769.jpg,-0.03929999843239784
img_06770.jpg,-0.03460000082850456
img_06771.jpg,-0.03189999982714653
img_06772.jpg,-0.03189999982714653
img_06773.jpg,-0.03400000184774399
img_06774.jpg,-0.03669999912381172
img_06775.jpg,-0.03869999945163727
img_06776.jpg,-0.040300000458955765
img_06777.jpg,-0.0414000004529953
img_06778.jpg,-0.04190000146627426
img_06779.jpg,-0.039799999445676804
img_06780.jpg,-0.03400000184774399
img_06781.jpg,-0.025699999183416367
img_06782.jpg,-0.020899999886751175
img_06783.jpg,-0.018799999728798866
img_06784.jpg,-0.018799999728798866
img_06785.jpg,-0.020400000736117363
img_06786.jpg,-0.023000000044703484
img_06787.jpg,-0.026200000196695328
img_06788.jpg,-0.030400000512599945
img_06789.jpg,-0.04919999837875366
img_06790.jpg,-0.05559999868273735
img_06791.jpg,-0.10729999840259552
img_06792.jpg,-0.1264999955892563
img_06793.jpg,-0.15549999475479126
img_06794.jpg,-0.17790000140666962
img_06795.jpg,-0.19840000569820404
img_06796.jpg,-0.21150000393390656
img_06797.jpg,-0.218299999833107
img_06798.jpg,-0.21619999408721924
img_06799.jpg,-0.20839999616146088
img_06800.jpg,-0.19269999861717224
img_06801.jpg,-0.17800000309944153
img_06802.jpg,-0.1655000001192093
img_06803.jpg,-0.15389999747276306
img_06804.jpg,-0.14659999310970306
img_06805.jpg,-0.14190000295639038
img_06806.jpg,-0.13979999721050262
img_06807.jpg,-0.13979999721050262
img_06808.jpg,-0.14190000295639038
img_06809.jpg,-0.14399999380111694
img_06810.jpg,-0.14399999380111694
img_06811.jpg,-0.14190000295639038
img_06812.jpg,-0.1445000022649765
img_06813.jpg,-0.1476999968290329
img_06814.jpg,-0.15760000050067902
img_06815.jpg,-0.1607999950647354
img_06816.jpg,-0.17489999532699585
img_06817.jpg,-0.18060000240802765
img_06818.jpg,-0.18379999697208405
img_06819.jpg,-0.18479999899864197
img_06820.jpg,-0.1826999932527542
img_06821.jpg,-0.1770000010728836
img_06822.jpg,-0.1680999994277954
img_06823.jpg,-0.15870000422000885
img_06824.jpg,-0.1476999968290329
img_06825.jpg,-0.1340000033378601
img_06826.jpg,-0.12039999663829803
img_06827.jpg,-0.11309999972581863
img_06828.jpg,-0.1151999980211258
img_06829.jpg,-0.11840000003576279
img_06830.jpg,-0.1340000033378601
img_06831.jpg,-0.1429000049829483
img_06832.jpg,-0.14869999885559082
img_06833.jpg,-0.14920000731945038
img_06834.jpg,-0.15080000460147858
img_06835.jpg,-0.15449999272823334
img_06836.jpg,-0.15919999778270721
img_06837.jpg,-0.16130000352859497
img_06838.jpg,0.10050000250339508
img_06839.jpg,0.07069999724626541
img_06840.jpg,0.05649999901652336
img_06841.jpg,0.04560000076889992
img_06842.jpg,0.037700001150369644
img_06843.jpg,0.02979999966919422
img_06844.jpg,0.018300000578165054
img_06845.jpg,-0.010999999940395355
img_06846.jpg,-0.012000000104308128
img_06847.jpg,-0.01940000057220459
img_06848.jpg,-0.0272000003606081
img_06849.jpg,-0.040800001472234726
img_06850.jpg,-0.054999999701976776
img_06851.jpg,-0.06960000097751617
img_06852.jpg,-0.06960000097751617
img_06853.jpg,-0.10840000212192535
img_06854.jpg,-0.11159999668598175
img_06855.jpg,-0.16179999709129333
img_06856.jpg,-0.18469999730587006
img_06857.jpg,-0.19580000638961792
img_06858.jpg,-0.24449999630451202
img_06859.jpg,-0.2732999920845032
img_06860.jpg,-0.27970001101493835
img_06861.jpg,-0.3142000138759613
img_06862.jpg,-0.3142000138759613
img_06863.jpg,-0.3142000138759613
img_06864.jpg,-0.3142000138759613
img_06865.jpg,-0.3142000138759613
img_06866.jpg,-0.3142000138759613
img_06867.jpg,-0.3142000138759613
img_06868.jpg,-0.3142000138759613
img_06869.jpg,-0.3142000138759613
img_06870.jpg,-0.3142000138759613
img_06871.jpg,-0.3142000138759613
img_06872.jpg,-0.3142000138759613
img_06873.jpg,-0.3142000138759613
img_06874.jpg,-0.3142000138759613
img_06875.jpg,-0.30320000648498535
img_06876.jpg,-0.2791000008583069
img_06877.jpg,-0.23090000450611115
img_06878.jpg,-0.1932000070810318
img_06879.jpg,-0.1665000021457672
img_06880.jpg,-0.1460999995470047
img_06881.jpg,-0.13930000364780426
img_06882.jpg,-0.14079999923706055
img_06883.jpg,-0.14499999582767487
img_06884.jpg,-0.15129999816417694
img_06885.jpg,-0.16279999911785126
img_06886.jpg,-0.1784999966621399
img_06887.jpg,-0.19769999384880066
img_06888.jpg,-0.2037000060081482
img_06889.jpg,-0.24660000205039978
img_06890.jpg,-0.27230000495910645
img_06891.jpg,-0.27869999408721924
img_06892.jpg,-0.3142000138759613
img_06893.jpg,-0.3142000138759613
img_06894.jpg,-0.3142000138759613
img_06895.jpg,-0.3142000138759613
img_06896.jpg,-0.3142000138759613
img_06897.jpg,-0.3142000138759613
img_06898.jpg,-0.3142000138759613
img_06899.jpg,-0.3142000138759613
img_06900.jpg,-0.3142000138759613
img_06901.jpg,-0.3142000138759613
img_06902.jpg,-0.3010999858379364
img_06903.jpg,-0.25920000672340393
img_06904.jpg,-0.2624000012874603
img_06905.jpg,-0.3142000138759613
img_06906.jpg,-0.3142000138759613
img_06907.jpg,-0.3142000138759613
img_06908.jpg,-0.3142000138759613
img_06909.jpg,-0.3142000138759613
img_06910.jpg,-0.3142000138759613
img_06911.jpg,-0.3142000138759613
img_06912.jpg,-0.3142000138759613
img_06913.jpg,-0.30889999866485596
img_06914.jpg,-0.28690001368522644
img_06915.jpg,-0.26649999618530273
img_06916.jpg,-0.24500000476837158
img_06917.jpg,-0.22830000519752502
img_06918.jpg,-0.21310000121593475
img_06919.jpg,-0.21310000121593475
img_06920.jpg,-0.2004999965429306
img_06921.jpg,-0.21649999916553497
img_06922.jpg,-0.23649999499320984
img_06923.jpg,-0.24729999899864197
img_06924.jpg,-0.28940001130104065
img_06925.jpg,-0.3142000138759613
img_06926.jpg,-0.3142000138759613
img_06927.jpg,-0.3142000138759613
img_06928.jpg,-0.30160000920295715
img_06929.jpg,-0.30160000920295715
img_06930.jpg,-0.27649998664855957
img_06931.jpg,-0.2727999985218048
img_06932.jpg,-0.26969999074935913
img_06933.jpg,-0.2492000013589859
img_06934.jpg,-0.22460000216960907
img_06935.jpg,-0.19059999287128448
img_06936.jpg,-0.1606999933719635
img_06937.jpg,-0.13349999487400055
img_06938.jpg,-0.11209999769926071
img_06939.jpg,-0.1031000018119812
img_06940.jpg,-0.10159999877214432
img_06941.jpg,-0.0989999994635582
img_06942.jpg,-0.08900000154972076
img_06943.jpg,-0.07069999724626541
img_06944.jpg,-0.05290000140666962
img_06945.jpg,-0.03350000083446503
img_06946.jpg,-0.03350000083446503
img_06947.jpg,0.010499999858438969
img_06948.jpg,0.00989999994635582
img_06949.jpg,0.00989999994635582
img_06950.jpg,-0.015699999406933784
img_06951.jpg,-0.051100000739097595
img_06952.jpg,-0.11760000139474869
img_06953.jpg,-0.16599999368190765
img_06954.jpg,-0.2533999979496002
img_06955.jpg,-0.30880001187324524
img_06956.jpg,-0.3142000138759613
img_06957.jpg,-0.3142000138759613
img_06958.jpg,-0.3109999895095825
img_06959.jpg,-0.29319998621940613
img_06960.jpg,-0.29319998621940613
img_06961.jpg,-0.2612999975681305
img_06962.jpg,-0.2345999926328659
img_06963.jpg,-0.20469999313354492
img_06964.jpg,-0.1665000021457672
img_06965.jpg,-0.13349999487400055
img_06966.jpg,-0.09950000047683716
img_06967.jpg,-0.0737999975681305
img_06968.jpg,-0.05389999970793724
img_06969.jpg,-0.037700001150369644
img_06970.jpg,-0.025699999183416367
img_06971.jpg,-0.04349999874830246
img_06972.jpg,-0.06909999996423721
img_06973.jpg,-0.08720000088214874
img_06974.jpg,-0.13279999792575836
img_06975.jpg,-0.18060000240802765
img_06976.jpg,-0.19910000264644623
img_06977.jpg,-0.25760000944137573
img_06978.jpg,-0.2754000127315521
img_06979.jpg,-0.2702000141143799
img_06980.jpg,-0.2533999979496002
img_06981.jpg,-0.22200000286102295
img_06982.jpg,-0.19110000133514404
img_06983.jpg,-0.1534000039100647
img_06984.jpg,-0.12200000137090683
img_06985.jpg,-0.08640000224113464
img_06986.jpg,-0.05550000071525574
img_06987.jpg,-0.02979999966919422
img_06988.jpg,-0.02979999966919422
img_06989.jpg,0.02669999934732914
img_06990.jpg,0.03139999881386757
img_06991.jpg,0.03139999881386757
img_06992.jpg,0.0272000003606081
img_06993.jpg,0.02199999988079071
img_06994.jpg,0.015699999406933784
img_06995.jpg,0.00989999994635582
img_06996.jpg,-0.006800000090152025
img_06997.jpg,-0.007300000172108412
img_06998.jpg,-0.00989999994635582
img_06999.jpg,-0.011500000022351742
img_07000.jpg,-0.012000000104308128
img_07001.jpg,-0.012000000104308128
img_07002.jpg,-0.023600000888109207
img_07003.jpg,-0.039799999445676804
img_07004.jpg,-0.055799998342990875
img_07005.jpg,-0.0812000036239624
img_07006.jpg,-0.0843999981880188
img_07007.jpg,-0.11259999871253967
img_07008.jpg,-0.12300000339746475
img_07009.jpg,-0.1266999989748001
img_07010.jpg,-0.1151999980211258
img_07011.jpg,-0.10000000149011612
img_07012.jpg,-0.08219999819993973
img_07013.jpg,-0.05920000001788139
img_07014.jpg,-0.039799999445676804
img_07015.jpg,-0.020400000736117363
img_07016.jpg,0.014100000262260437
img_07017.jpg,0.015200000256299973
img_07018.jpg,0.01730000041425228
img_07019.jpg,0.01679999940097332
img_07020.jpg,0.01360000018030405
img_07021.jpg,0.009399999864399433
img_07022.jpg,0.005200000014156103
img_07023.jpg,-0.003700000001117587
img_07024.jpg,-0.003700000001117587
img_07025.jpg,-0.006800000090152025
img_07026.jpg,-0.007899999618530273
img_07027.jpg,-0.008899999782443047
img_07028.jpg,0.007899999618530273
img_07029.jpg,0.007899999618530273
img_07030.jpg,0.03669999912381172
img_07031.jpg,0.05590000003576279
img_07032.jpg,0.07590000331401825
img_07033.jpg,0.09480000287294388
img_07034.jpg,0.10890000313520432
img_07035.jpg,0.11829999834299088
img_07036.jpg,0.1151999980211258
img_07037.jpg,0.10369999706745148
img_07038.jpg,0.08219999819993973
img_07039.jpg,0.06129999831318855
img_07040.jpg,0.03669999912381172
img_07041.jpg,0.03669999912381172
img_07042.jpg,-0.018300000578165054
img_07043.jpg,-0.023600000888109207
img_07044.jpg,-0.025100000202655792
img_07045.jpg,-0.025100000202655792
img_07046.jpg,-0.023000000044703484
img_07047.jpg,-0.020400000736117363
img_07048.jpg,-0.01679999940097332
img_07049.jpg,-0.013100000098347664
img_07050.jpg,-0.006800000090152025
img_07051.jpg,0.006800000090152025
img_07052.jpg,0.009399999864399433
img_07053.jpg,0.012600000016391277
img_07054.jpg,0.018799999728798866
img_07055.jpg,0.02199999988079071
img_07056.jpg,0.02410000003874302
img_07057.jpg,0.025100000202655792
img_07058.jpg,0.025699999183416367
img_07059.jpg,0.025100000202655792
img_07060.jpg,0.02410000003874302
img_07061.jpg,0.023000000044703484
img_07062.jpg,0.02199999988079071
img_07063.jpg,0.020899999886751175
img_07064.jpg,0.019899999722838402
img_07065.jpg,0.018300000578165054
img_07066.jpg,0.015200000256299973
img_07067.jpg,0.011500000022351742
img_07068.jpg,0.006800000090152025
img_07069.jpg,-0.00419999985024333
img_07070.jpg,-0.004699999932199717
img_07071.jpg,-0.006300000008195639
img_07072.jpg,-0.006800000090152025
img_07073.jpg,-0.007300000172108412
img_07074.jpg,-0.007300000172108412
img_07075.jpg,-0.007300000172108412
img_07076.jpg,-0.006800000090152025
img_07077.jpg,-0.005799999926239252
img_07078.jpg,-0.005200000014156103
img_07079.jpg,-0.004699999932199717
img_07080.jpg,-0.00419999985024333
img_07081.jpg,-0.003700000001117587
img_07082.jpg,-0.003700000001117587
img_07083.jpg,-0.003100000089034438
img_07084.jpg,-0.003100000089034438
img_07085.jpg,-0.003100000089034438
img_07086.jpg,-0.003100000089034438
img_07087.jpg,-0.003100000089034438
img_07088.jpg,-0.003100000089034438
img_07089.jpg,-0.003100000089034438
img_07090.jpg,-0.003700000001117587
img_07091.jpg,-0.003700000001117587
img_07092.jpg,-0.003700000001117587
img_07093.jpg,-0.003700000001117587
img_07094.jpg,-0.003700000001117587
img_07095.jpg,-0.003700000001117587
img_07096.jpg,-0.003700000001117587
img_07097.jpg,-0.003700000001117587
img_07098.jpg,-0.003100000089034438
img_07099.jpg,-0.003100000089034438
img_07100.jpg,-0.003100000089034438
img_07101.jpg,-0.003100000089034438
img_07102.jpg,-0.003100000089034438
img_07103.jpg,-0.003100000089034438
img_07104.jpg,-0.003100000089034438
img_07105.jpg,-0.003100000089034438
img_07106.jpg,-0.003100000089034438
img_07107.jpg,-0.003100000089034438
img_07108.jpg,-0.003100000089034438
img_07109.jpg,-0.003100000089034438
img_07110.jpg,-0.003100000089034438
img_07111.jpg,-0.005200000014156103
img_07112.jpg,-0.01360000018030405
img_07113.jpg,-0.02250000089406967
img_07114.jpg,-0.03400000184774399
img_07115.jpg,-0.042899999767541885
img_07116.jpg,-0.05180000141263008
img_07117.jpg,-0.05810000002384186
img_07118.jpg,-0.05810000002384186
img_07119.jpg,-0.07020000368356705
img_07120.jpg,-0.08219999819993973
img_07121.jpg,-0.0957999974489212
img_07122.jpg,-0.10679999738931656
img_07123.jpg,-0.11309999972581863
img_07124.jpg,-0.10999999940395355
img_07125.jpg,-0.0989999994635582
img_07126.jpg,-0.0989999994635582
img_07127.jpg,-0.0575999990105629
img_07128.jpg,-0.03350000083446503
img_07129.jpg,0.019899999722838402
img_07130.jpg,0.01940000057220459
img_07131.jpg,0.03189999982714653
img_07132.jpg,0.0471000000834465
img_07133.jpg,0.06809999793767929
img_07134.jpg,0.06809999793767929
img_07135.jpg,0.10260000079870224
img_07136.jpg,0.11259999871253967
img_07137.jpg,0.10729999840259552
img_07138.jpg,0.09629999846220016
img_07139.jpg,0.07639999687671661
img_07140.jpg,0.05290000140666962
img_07141.jpg,0.032499998807907104
img_07142.jpg,-0.020400000736117363
img_07143.jpg,-0.018799999728798866
img_07144.jpg,-0.0215000007301569
img_07145.jpg,-0.02199999988079071
img_07146.jpg,-0.020899999886751175
img_07147.jpg,-0.018300000578165054
img_07148.jpg,-0.015200000256299973
img_07149.jpg,-0.011500000022351742
img_07150.jpg,-0.00839999970048666
img_07151.jpg,-0.00839999970048666
img_07152.jpg,-0.012000000104308128
img_07153.jpg,-0.016200000420212746
img_07154.jpg,-0.02250000089406967
img_07155.jpg,-0.028300000354647636
img_07156.jpg,-0.03400000184774399
img_07157.jpg,-0.03819999843835831
img_07158.jpg,-0.0414000004529953
img_07159.jpg,-0.042899999767541885
img_07160.jpg,-0.04349999874830246
img_07161.jpg,-0.042899999767541885
img_07162.jpg,-0.042399998754262924
img_07163.jpg,-0.03669999912381172
img_07164.jpg,-0.030899999663233757
img_07165.jpg,-0.028300000354647636
img_07166.jpg,-0.03350000083446503
img_07167.jpg,-0.04659999907016754
img_07168.jpg,-0.059700001031160355
img_07169.jpg,-0.07069999724626541
img_07170.jpg,-0.0738999992609024
img_07171.jpg,-0.0812000036239624
img_07172.jpg,-0.08169999718666077
img_07173.jpg,-0.07909999787807465
img_07174.jpg,-0.0737999975681305
img_07175.jpg,-0.06859999895095825
img_07176.jpg,-0.05180000141263008
img_07177.jpg,-0.032999999821186066
img_07178.jpg,0.026200000196695328
img_07179.jpg,0.03819999843835831
img_07180.jpg,0.060600001364946365
img_07181.jpg,0.0851999968290329
img_07182.jpg,0.1160999983549118
img_07183.jpg,0.14399999380111694
img_07184.jpg,0.1632000058889389
img_07185.jpg,0.17020000517368317
img_07186.jpg,0.20000000298023224
img_07187.jpg,0.210999995470047
img_07188.jpg,0.20890000462532043
img_07189.jpg,0.19220000505447388
img_07190.jpg,0.15870000422000885
img_07191.jpg,0.12460000067949295
img_07192.jpg,0.08429999649524689
img_07193.jpg,0.048700001090765
img_07194.jpg,-0.03610000014305115
img_07195.jpg,-0.05130000039935112
img_07196.jpg,-0.06909999996423721
img_07197.jpg,-0.08219999819993973
img_07198.jpg,-0.0885000005364418
img_07199.jpg,-0.08950000256299973
img_07200.jpg,-0.08529999852180481
img_07201.jpg,-0.07750000059604645
img_07202.jpg,-0.07750000059604645
img_07203.jpg,-0.06440000236034393
img_07204.jpg,-0.05290000140666962
img_07205.jpg,-0.032999999821186066
img_07206.jpg,-0.02459999918937683
img_07207.jpg,-0.01940000057220459
img_07208.jpg,-0.015699999406933784
img_07209.jpg,-0.010999999940395355
img_07210.jpg,-0.010999999940395355
img_07211.jpg,0.004699999932199717
img_07212.jpg,0.007300000172108412
img_07213.jpg,0.010499999858438969
img_07214.jpg,0.012600000016391277
img_07215.jpg,0.00989999994635582
img_07216.jpg,-0.007899999618530273
img_07217.jpg,-0.010999999940395355
img_07218.jpg,-0.01679999940097332
img_07219.jpg,-0.025100000202655792
img_07220.jpg,-0.03189999982714653
img_07221.jpg,-0.03819999843835831
img_07222.jpg,-0.04349999874830246
img_07223.jpg,-0.0471000000834465
img_07224.jpg,-0.04919999837875366
img_07225.jpg,-0.05079999938607216
img_07226.jpg,-0.05079999938607216
img_07227.jpg,-0.05079999938607216
img_07228.jpg,-0.04969999939203262
img_07229.jpg,-0.048700001090765
img_07230.jpg,-0.0471000000834465
img_07231.jpg,-0.04500000178813934
img_07232.jpg,-0.037700001150369644
img_07233.jpg,-0.02979999966919422
img_07234.jpg,-0.02199999988079071
img_07235.jpg,-0.012600000016391277
img_07236.jpg,0.006800000090152025
img_07237.jpg,0.004699999932199717
img_07238.jpg,0.003100000089034438
img_07239.jpg,-0.005799999926239252
img_07240.jpg,-0.015200000256299973
img_07241.jpg,-0.030899999663233757
img_07242.jpg,-0.04500000178813934
img_07243.jpg,-0.04500000178813934
img_07244.jpg,-0.07119999825954437
img_07245.jpg,-0.08060000091791153
img_07246.jpg,-0.08699999749660492
img_07247.jpg,-0.09220000356435776
img_07248.jpg,-0.09369999915361404
img_07249.jpg,-0.09269999712705612
img_07250.jpg,-0.09109999984502792
img_07251.jpg,-0.08799999952316284
img_07252.jpg,-0.07750000059604645
img_07253.jpg,-0.0649000033736229
img_07254.jpg,-0.047600001096725464
img_07255.jpg,-0.03189999982714653
img_07256.jpg,0.019899999722838402
img_07257.jpg,0.0215000007301569
img_07258.jpg,0.02930000051856041
img_07259.jpg,0.04450000077486038
img_07260.jpg,0.05810000002384186
img_07261.jpg,0.0737999975681305
img_07262.jpg,0.0737999975681305
img_07263.jpg,0.09839999675750732
img_07264.jpg,0.10729999840259552
img_07265.jpg,0.1136000007390976
img_07266.jpg,0.11209999769926071
img_07267.jpg,0.09319999814033508
img_07268.jpg,0.06960000097751617
img_07269.jpg,-0.03929999843239784
img_07270.jpg,-0.03929999843239784
img_07271.jpg,-0.052400000393390656
img_07272.jpg,-0.06390000134706497
img_07273.jpg,-0.06390000134706497
img_07274.jpg,-0.07490000128746033
img_07275.jpg,-0.07959999889135361
img_07276.jpg,-0.08330000191926956
img_07277.jpg,-0.08799999952316284
img_07278.jpg,-0.09220000356435776
img_07279.jpg,-0.09629999846220016
img_07280.jpg,-0.09950000047683716
img_07281.jpg,-0.10050000250339508
img_07282.jpg,-0.10050000250339508
img_07283.jpg,-0.09839999675750732
img_07284.jpg,-0.09109999984502792
img_07285.jpg,-0.08330000191926956
img_07286.jpg,-0.07490000128746033
img_07287.jpg,-0.06539999693632126
img_07288.jpg,-0.0575999990105629
img_07289.jpg,-0.0502999983727932
img_07290.jpg,-0.04500000178813934
img_07291.jpg,-0.04500000178813934
img_07292.jpg,-0.054999999701976776
img_07293.jpg,-0.0649000033736229
img_07294.jpg,-0.07750000059604645
img_07295.jpg,-0.08799999952316284
img_07296.jpg,-0.09690000116825104
img_07297.jpg,-0.10260000079870224
img_07298.jpg,-0.1046999990940094
img_07299.jpg,-0.10369999706745148
img_07300.jpg,-0.10369999706745148
img_07301.jpg,-0.11620000004768372
img_07302.jpg,-0.12460000067949295
img_07303.jpg,-0.13089999556541443
img_07304.jpg,-0.1356000006198883
img_07305.jpg,-0.14139999449253082
img_07306.jpg,-0.14659999310970306
img_07307.jpg,-0.14659999310970306
img_07308.jpg,-0.1565999984741211
img_07309.jpg,-0.15919999778270721
img_07310.jpg,-0.15919999778270721
img_07311.jpg,-0.15809999406337738
img_07312.jpg,-0.15600000321865082
img_07313.jpg,-0.15289999544620514
img_07314.jpg,-0.14920000731945038
img_07315.jpg,-0.1476999968290329
img_07316.jpg,-0.14970000088214874
img_07317.jpg,-0.15289999544620514
img_07318.jpg,-0.15710000693798065
img_07319.jpg,-0.1606999933719635
img_07320.jpg,-0.16279999911785126
img_07321.jpg,-0.15919999778270721
img_07322.jpg,-0.1550000011920929
img_07323.jpg,-0.16019999980926514
img_07324.jpg,-0.16859999299049377
img_07325.jpg,-0.18170000612735748
img_07326.jpg,-0.18170000612735748
img_07327.jpg,-0.13189999759197235
img_07328.jpg,-0.14079999923706055
img_07329.jpg,-0.15240000188350677
img_07330.jpg,-0.1655000001192093
img_07331.jpg,-0.18639999628067017
img_07332.jpg,-0.20469999313354492
img_07333.jpg,-0.22709999978542328
img_07334.jpg,-0.2475000023841858
img_07335.jpg,-0.2732999920845032
img_07336.jpg,-0.29249998927116394
img_07337.jpg,-0.3142000138759613
img_07338.jpg,-0.3142000138759613
img_07339.jpg,-0.3142000138759613
img_07340.jpg,-0.3142000138759613
img_07341.jpg,-0.3125999867916107
img_07342.jpg,-0.30790001153945923
img_07343.jpg,-0.2896000146865845
img_07344.jpg,-0.2896000146865845
img_07345.jpg,-0.23929999768733978
img_07346.jpg,-0.2142000049352646
img_07347.jpg,-0.18850000202655792
img_07348.jpg,-0.1565999984741211
img_07349.jpg,-0.1298999935388565
img_07350.jpg,-0.10840000212192535
img_07351.jpg,-0.09529999643564224
img_07352.jpg,-0.08900000154972076
img_07353.jpg,-0.09690000116825104
img_07354.jpg,-0.11289999634027481
img_07355.jpg,-0.11779999732971191
img_07356.jpg,-0.16369999945163727
img_07357.jpg,-0.21199999749660492
img_07358.jpg,-0.2621000111103058
img_07359.jpg,-0.3142000138759613
img_07360.jpg,-0.3142000138759613
img_07361.jpg,-0.3142000138759613
img_07362.jpg,-0.3142000138759613
img_07363.jpg,-0.3142000138759613
img_07364.jpg,-0.3142000138759613
img_07365.jpg,-0.3142000138759613
img_07366.jpg,-0.3142000138759613
img_07367.jpg,-0.3142000138759613
img_07368.jpg,-0.3073999881744385
img_07369.jpg,-0.2906000018119812
img_07370.jpg,-0.2906000018119812
img_07371.jpg,-0.2685999870300293
img_07372.jpg,-0.25920000672340393
img_07373.jpg,-0.25920000672340393
img_07374.jpg,-0.24869999289512634
img_07375.jpg,-0.24289999902248383
img_07376.jpg,-0.24089999496936798
img_07377.jpg,-0.24089999496936798
img_07378.jpg,-0.2815000116825104
img_07379.jpg,-0.30550000071525574
img_07380.jpg,-0.3142000138759613
img_07381.jpg,-0.3142000138759613
img_07382.jpg,-0.3142000138759613
img_07383.jpg,-0.3142000138759613
img_07384.jpg,-0.3142000138759613
img_07385.jpg,-0.3142000138759613
img_07386.jpg,-0.3142000138759613
img_07387.jpg,-0.3142000138759613
img_07388.jpg,-0.3142000138759613
img_07389.jpg,-0.3037000000476837
img_07390.jpg,-0.262800008058548
img_07391.jpg,-0.22040000557899475
img_07392.jpg,-0.1843000054359436
img_07393.jpg,-0.15549999475479126
img_07394.jpg,-0.14190000295639038
img_07395.jpg,-0.1282999962568283
img_07396.jpg,-0.11309999972581863
img_07397.jpg,-0.11209999769926071
img_07398.jpg,-0.12359999865293503
img_07399.jpg,-0.14190000295639038
img_07400.jpg,-0.15790000557899475
img_07401.jpg,-0.1826000064611435
img_07402.jpg,-0.21400000154972076
img_07403.jpg,-0.23100000619888306
img_07404.jpg,-0.2809999883174896
img_07405.jpg,-0.29429998993873596
img_07406.jpg,-0.31150001287460327
img_07407.jpg,-0.3142000138759613
img_07408.jpg,-0.3142000138759613
img_07409.jpg,-0.3142000138759613
img_07410.jpg,-0.3142000138759613
img_07411.jpg,-0.3142000138759613
img_07412.jpg,-0.3142000138759613
img_07413.jpg,-0.3142000138759613
img_07414.jpg,-0.3142000138759613
img_07415.jpg,-0.3142000138759613
img_07416.jpg,-0.3142000138759613
img_07417.jpg,-0.30790001153945923
img_07418.jpg,-0.29899999499320984
img_07419.jpg,-0.28540000319480896
img_07420.jpg,-0.28540000319480896
img_07421.jpg,-0.26339998841285706
img_07422.jpg,-0.2524000108242035
img_07423.jpg,-0.24089999496936798
img_07424.jpg,-0.2303999960422516
img_07425.jpg,-0.20419999957084656
img_07426.jpg,-0.1784999966621399
img_07427.jpg,-0.14970000088214874
img_07428.jpg,-0.11309999972581863
img_07429.jpg,-0.08219999819993973
img_07430.jpg,-0.05649999901652336
img_07431.jpg,-0.032999999821186066
img_07432.jpg,-0.020899999886751175
img_07433.jpg,-0.04650000110268593
img_07434.jpg,-0.07940000295639038
img_07435.jpg,-0.1679999977350235
img_07436.jpg,-0.2825999855995178
img_07437.jpg,-0.3142000138759613
img_07438.jpg,-0.3142000138759613
img_07439.jpg,-0.3142000138759613
img_07440.jpg,-0.3142000138759613
img_07441.jpg,-0.3142000138759613
img_07442.jpg,-0.3142000138759613
img_07443.jpg,-0.3142000138759613
img_07444.jpg,-0.3142000138759613
img_07445.jpg,-0.3142000138759613
img_07446.jpg,-0.3142000138759613
img_07447.jpg,-0.3142000138759613
img_07448.jpg,-0.3142000138759613
img_07449.jpg,-0.3142000138759613
img_07450.jpg,-0.3142000138759613
img_07451.jpg,-0.3142000138759613
img_07452.jpg,-0.3142000138759613
img_07453.jpg,-0.3142000138759613
img_07454.jpg,-0.3142000138759613
img_07455.jpg,-0.3142000138759613
img_07456.jpg,-0.3142000138759613
img_07457.jpg,-0.3142000138759613
img_07458.jpg,-0.3142000138759613
img_07459.jpg,-0.3142000138759613
img_07460.jpg,-0.3142000138759613
img_07461.jpg,-0.3142000138759613
img_07462.jpg,-0.3142000138759613
img_07463.jpg,-0.3142000138759613
img_07464.jpg,-0.3142000138759613
img_07465.jpg,-0.29159998893737793
img_07466.jpg,-0.2418999969959259
img_07467.jpg,-0.19220000505447388
img_07468.jpg,-0.13349999487400055
img_07469.jpg,-0.13349999487400055
img_07470.jpg,-0.05290000140666962
img_07471.jpg,0.027799999341368675
img_07472.jpg,0.01679999940097332
img_07473.jpg,0.015699999406933784
img_07474.jpg,0.013100000098347664
img_07475.jpg,0.010999999940395355
img_07476.jpg,0.008899999782443047
img_07477.jpg,0.006800000090152025
img_07478.jpg,0.005200000014156103
img_07479.jpg,0.003100000089034438
img_07480.jpg,-0.007899999618530273
img_07481.jpg,-0.01940000057220459
img_07482.jpg,-0.03350000083446503
img_07483.jpg,-0.04309999942779541
img_07484.jpg,-0.06599999964237213
img_07485.jpg,-0.07750000059604645
img_07486.jpg,-0.08640000224113464
img_07487.jpg,-0.08640000224113464
img_07488.jpg,-0.0812000036239624
img_07489.jpg,-0.06960000097751617
img_07490.jpg,-0.0575999990105629
img_07491.jpg,-0.04820000007748604
img_07492.jpg,-0.03869999945163727
img_07493.jpg,-0.03139999881386757
img_07494.jpg,-0.026200000196695328
img_07495.jpg,-0.02199999988079071
img_07496.jpg,-0.01940000057220459
img_07497.jpg,-0.013100000098347664
img_07498.jpg,0.008899999782443047
img_07499.jpg,0.013100000098347664
img_07500.jpg,0.025100000202655792
img_07501.jpg,0.04749999940395355
img_07502.jpg,0.0706000030040741
img_07503.jpg,0.10869999974966049
img_07504.jpg,0.15279999375343323
img_07505.jpg,0.19259999692440033
img_07506.jpg,0.24390000104904175
img_07507.jpg,0.2770000100135803
img_07508.jpg,0.2962000072002411
img_07509.jpg,0.2937000095844269
img_07510.jpg,0.2754000127315521
img_07511.jpg,0.24240000545978546
img_07512.jpg,0.20890000462532043
img_07513.jpg,0.16760000586509705
img_07514.jpg,0.13300000131130219
img_07515.jpg,0.10419999808073044
img_07516.jpg,0.07540000230073929
img_07517.jpg,0.04969999939203262
img_07518.jpg,-0.027799999341368675
img_07519.jpg,-0.023600000888109207
img_07520.jpg,-0.02669999934732914
img_07521.jpg,-0.027799999341368675
img_07522.jpg,-0.02669999934732914
img_07523.jpg,-0.02410000003874302
img_07524.jpg,-0.020400000736117363
img_07525.jpg,-0.01730000041425228
img_07526.jpg,-0.01360000018030405
img_07527.jpg,-0.010999999940395355
img_07528.jpg,-0.00839999970048666
img_07529.jpg,-0.006300000008195639
img_07530.jpg,-0.005200000014156103
img_07531.jpg,-0.004699999932199717
img_07532.jpg,0.008899999782443047
img_07533.jpg,0.008899999782443047
img_07534.jpg,0.041200000792741776
img_07535.jpg,0.0674000009894371
img_07536.jpg,0.08900000154972076
img_07537.jpg,0.09539999812841415
img_07538.jpg,0.12690000236034393
img_07539.jpg,0.1565999984741211
img_07540.jpg,0.1565999984741211
img_07541.jpg,0.1728000044822693
img_07542.jpg,0.1800999939441681
img_07543.jpg,0.15549999475479126
img_07544.jpg,0.1266999989748001
img_07545.jpg,0.0957999974489212
img_07546.jpg,0.06599999964237213
img_07547.jpg,-0.03350000083446503
img_07548.jpg,-0.03350000083446503
img_07549.jpg,-0.06069999933242798
img_07550.jpg,-0.08009999990463257
img_07551.jpg,-0.08330000191926956
img_07552.jpg,-0.11150000244379044
img_07553.jpg,-0.11890000104904175
img_07554.jpg,-0.11940000206232071
img_07555.jpg,-0.11569999903440475
img_07556.jpg,-0.10679999738931656
img_07557.jpg,-0.09790000319480896
img_07558.jpg,-0.08380000293254852
img_07559.jpg,-0.06019999831914902
img_07560.jpg,-0.03350000083446503
img_07561.jpg,0.030400000512599945
img_07562.jpg,0.052799999713897705
img_07563.jpg,0.07599999755620956
img_07564.jpg,0.13500000536441803
img_07565.jpg,0.17579999566078186
img_07566.jpg,0.19269999861717224
img_07567.jpg,0.19529999792575836
img_07568.jpg,0.18379999697208405
img_07569.jpg,0.16699999570846558
img_07570.jpg,0.1429000049829483
img_07571.jpg,0.11990000307559967
img_07572.jpg,0.11150000244379044
img_07573.jpg,0.11890000104904175
img_07574.jpg,0.1371999979019165
img_07575.jpg,0.1623000055551529
img_07576.jpg,0.19580000638961792
img_07577.jpg,0.22139999270439148
img_07578.jpg,0.24609999358654022
img_07579.jpg,0.2533999979496002
img_07580.jpg,0.24140000343322754
img_07581.jpg,0.2079000025987625
img_07582.jpg,0.17170000076293945
img_07583.jpg,0.13510000705718994
img_07584.jpg,0.11050000041723251
img_07585.jpg,0.09740000218153
img_07586.jpg,0.09319999814033508
img_07587.jpg,0.09790000319480896
img_07588.jpg,0.10939999669790268
img_07589.jpg,0.12150000035762787
img_07590.jpg,0.13300000131130219
img_07591.jpg,0.14399999380111694
img_07592.jpg,0.15029999613761902
img_07593.jpg,0.14820000529289246
img_07594.jpg,0.1356000006198883
img_07595.jpg,0.11050000041723251
img_07596.jpg,0.08529999852180481
img_07597.jpg,0.06129999831318855
img_07598.jpg,0.03929999843239784
img_07599.jpg,-0.02250000089406967
img_07600.jpg,-0.01940000057220459
img_07601.jpg,-0.02199999988079071
img_07602.jpg,0.011500000022351742
img_07603.jpg,0.017899999395012856
img_07604.jpg,0.04540000110864639
img_07605.jpg,0.06800000369548798
img_07606.jpg,0.08810000121593475
img_07607.jpg,0.13030000030994415
img_07608.jpg,0.1590999960899353
img_07609.jpg,0.1770000010728836
img_07610.jpg,0.1889999955892563
img_07611.jpg,0.19580000638961792
img_07612.jpg,0.19789999723434448
img_07613.jpg,0.19689999520778656
img_07614.jpg,0.18330000340938568
img_07615.jpg,0.16439999639987946
img_07616.jpg,0.1387999951839447
img_07617.jpg,0.11050000041723251
img_07618.jpg,0.07540000230073929
img_07619.jpg,0.04610000178217888
img_07620.jpg,-0.02879999950528145
img_07621.jpg,-0.02669999934732914
img_07622.jpg,-0.030400000512599945
img_07623.jpg,-0.02250000089406967
img_07624.jpg,0.012000000104308128
img_07625.jpg,0.019899999722838402
img_07626.jpg,0.032499998807907104
img_07627.jpg,0.04500000178813934
img_07628.jpg,0.06069999933242798
img_07629.jpg,0.0737999975681305
img_07630.jpg,0.0869000032544136
img_07631.jpg,0.09690000116825104
img_07632.jpg,0.10580000281333923
img_07633.jpg,0.11209999769926071
img_07634.jpg,0.11620000004768372
img_07635.jpg,0.11620000004768372
img_07636.jpg,0.11100000143051147
img_07637.jpg,0.09319999814033508
img_07638.jpg,0.07440000027418137
img_07639.jpg,0.05550000071525574
img_07640.jpg,0.03350000083446503
img_07641.jpg,-0.01730000041425228
img_07642.jpg,-0.014100000262260437
img_07643.jpg,-0.014100000262260437
img_07644.jpg,-0.018300000578165054
img_07645.jpg,-0.016200000420212746
img_07646.jpg,-0.01360000018030405
img_07647.jpg,-0.010999999940395355
img_07648.jpg,-0.01360000018030405
img_07649.jpg,-0.018300000578165054
img_07650.jpg,-0.02459999918937683
img_07651.jpg,-0.032999999821186066
img_07652.jpg,-0.032999999821186066
img_07653.jpg,-0.04820000007748604
img_07654.jpg,-0.05339999869465828
img_07655.jpg,-0.0575999990105629
img_07656.jpg,-0.06019999831914902
img_07657.jpg,-0.06019999831914902
img_07658.jpg,-0.059700001031160355
img_07659.jpg,-0.052400000393390656
img_07660.jpg,-0.047600001096725464
img_07661.jpg,-0.042399998754262924
img_07662.jpg,-0.03819999843835831
img_07663.jpg,-0.030899999663233757
img_07664.jpg,-0.023600000888109207
img_07665.jpg,-0.016200000420212746
img_07666.jpg,-0.008899999782443047
img_07667.jpg,0.005799999926239252
img_07668.jpg,0.005799999926239252
img_07669.jpg,0.006800000090152025
img_07670.jpg,0.006800000090152025
img_07671.jpg,0.006300000008195639
img_07672.jpg,0.004699999932199717
img_07673.jpg,0.003700000001117587
img_07674.jpg,0.005799999926239252
img_07675.jpg,0.01730000041425228
img_07676.jpg,0.03400000184774399
img_07677.jpg,0.053199999034404755
img_07678.jpg,0.07569999992847443
img_07679.jpg,0.10729999840259552
img_07680.jpg,0.12460000067949295
img_07681.jpg,0.13670000433921814
img_07682.jpg,0.14350000023841858
img_07683.jpg,0.14560000598430634
img_07684.jpg,0.1387999951839447
img_07685.jpg,0.12300000339746475
img_07686.jpg,0.10159999877214432
img_07687.jpg,0.07540000230073929
img_07688.jpg,-0.057100001722574234
img_07689.jpg,-0.057100001722574234
img_07690.jpg,-0.09459999948740005
img_07691.jpg,-0.13819999992847443
img_07692.jpg,-0.15559999644756317
img_07693.jpg,-0.20200000703334808
img_07694.jpg,-0.21780000627040863
img_07695.jpg,-0.2240999937057495
img_07696.jpg,-0.2142000049352646
img_07697.jpg,-0.18690000474452972
img_07698.jpg,-0.15809999406337738
img_07699.jpg,-0.12880000472068787
img_07700.jpg,-0.0957999974489212
img_07701.jpg,-0.07119999825954437
img_07702.jpg,-0.05389999970793724
img_07703.jpg,-0.042899999767541885
img_07704.jpg,-0.03720000013709068
img_07705.jpg,-0.030400000512599945
img_07706.jpg,-0.023000000044703484
img_07707.jpg,-0.01730000041425228
img_07708.jpg,-0.012600000016391277
img_07709.jpg,-0.008899999782443047
img_07710.jpg,-0.008899999782443047
img_07711.jpg,-0.005200000014156103
img_07712.jpg,-0.005200000014156103
img_07713.jpg,-0.005200000014156103
img_07714.jpg,-0.006300000008195639
img_07715.jpg,-0.007300000172108412
img_07716.jpg,-0.007899999618530273
img_07717.jpg,-0.006800000090152025
img_07718.jpg,-0.006300000008195639
img_07719.jpg,-0.003700000001117587
img_07720.jpg,0.004699999932199717
img_07721.jpg,0.007300000172108412
img_07722.jpg,0.010999999940395355
img_07723.jpg,0.014100000262260437
img_07724.jpg,0.016200000420212746
img_07725.jpg,0.017799999564886093
img_07726.jpg,0.01940000057220459
img_07727.jpg,0.018300000578165054
img_07728.jpg,0.012600000016391277
img_07729.jpg,-0.0034000000450760126
img_07730.jpg,-0.02410000003874302
img_07731.jpg,-0.03610000014305115
img_07732.jpg,-0.05290000140666962
img_07733.jpg,-0.06750000268220901
img_07734.jpg,-0.08269999921321869
img_07735.jpg,-0.08590000122785568
img_07736.jpg,-0.10369999706745148
img_07737.jpg,-0.10729999840259552
img_07738.jpg,-0.10729999840259552
img_07739.jpg,-0.1031000018119812
img_07740.jpg,-0.09790000319480896
img_07741.jpg,-0.08060000091791153
img_07742.jpg,-0.06650000065565109
img_07743.jpg,-0.05550000071525574
img_07744.jpg,-0.04560000076889992
img_07745.jpg,-0.03819999843835831
img_07746.jpg,-0.03350000083446503
img_07747.jpg,-0.030400000512599945
img_07748.jpg,-0.030400000512599945
img_07749.jpg,-0.032499998807907104
img_07750.jpg,-0.035100001841783524
img_07751.jpg,-0.03720000013709068
img_07752.jpg,-0.03929999843239784
img_07753.jpg,-0.040300000458955765
img_07754.jpg,-0.0414000004529953
img_07755.jpg,-0.040300000458955765
img_07756.jpg,-0.035100001841783524
img_07757.jpg,-0.026200000196695328
img_07758.jpg,-0.0215000007301569
img_07759.jpg,-0.01940000057220459
img_07760.jpg,-0.01940000057220459
img_07761.jpg,-0.020899999886751175
img_07762.jpg,-0.023600000888109207
img_07763.jpg,-0.02669999934732914
img_07764.jpg,-0.02669999934732914
img_07765.jpg,-0.0471000000834465
img_07766.jpg,-0.07069999724626541
img_07767.jpg,-0.09950000047683716
img_07768.jpg,-0.11270000040531158
img_07769.jpg,-0.15279999375343323
img_07770.jpg,-0.17960000038146973
img_07771.jpg,-0.1987999975681305
img_07772.jpg,-0.21780000627040863
img_07773.jpg,-0.22460000216960907
img_07774.jpg,-0.22040000557899475
img_07775.jpg,-0.21050000190734863
img_07776.jpg,-0.19629999995231628
img_07777.jpg,-0.1784999966621399
img_07778.jpg,-0.16439999639987946
img_07779.jpg,-0.1534000039100647
img_07780.jpg,-0.1445000022649765
img_07781.jpg,-0.13979999721050262
img_07782.jpg,-0.13770000636577606
img_07783.jpg,-0.13819999992847443
img_07784.jpg,-0.14030000567436218
img_07785.jpg,-0.14350000023841858
img_07786.jpg,-0.14139999449253082
img_07787.jpg,-0.1429000049829483
img_07788.jpg,-0.1429000049829483
img_07789.jpg,-0.1565999984741211
img_07790.jpg,-0.1565999984741211
img_07791.jpg,-0.17489999532699585
img_07792.jpg,-0.18119999766349792
img_07793.jpg,-0.18539999425411224
img_07794.jpg,-0.18639999628067017
img_07795.jpg,-0.18479999899864197
img_07796.jpg,-0.17749999463558197
img_07797.jpg,-0.16910000145435333
img_07798.jpg,-0.16019999980926514
img_07799.jpg,-0.14970000088214874
img_07800.jpg,-0.13670000433921814
img_07801.jpg,-0.11990000307559967
img_07802.jpg,-0.11209999769926071
img_07803.jpg,-0.11410000175237656
img_07804.jpg,-0.12150000035762787
img_07805.jpg,-0.13349999487400055
img_07806.jpg,-0.1429000049829483
img_07807.jpg,-0.14869999885559082
img_07808.jpg,-0.15029999613761902
img_07809.jpg,-0.15289999544620514
img_07810.jpg,-0.15710000693798065
img_07811.jpg,-0.1606999933719635
img_07812.jpg,-0.16179999709129333
img_07813.jpg,0.10109999775886536
img_07814.jpg,0.07119999825954437
img_07815.jpg,0.057100001722574234
img_07816.jpg,0.04610000178217888
img_07817.jpg,0.03869999945163727
img_07818.jpg,0.028300000354647636
img_07819.jpg,0.017799999564886093
img_07820.jpg,-0.00989999994635582
img_07821.jpg,-0.013100000098347664
img_07822.jpg,-0.01940000057220459
img_07823.jpg,-0.028300000354647636
img_07824.jpg,-0.040300000458955765
img_07825.jpg,-0.04989999905228615
img_07826.jpg,-0.07280000299215317
img_07827.jpg,-0.09059999883174896
img_07828.jpg,-0.11729999631643295
img_07829.jpg,-0.12370000034570694
img_07830.jpg,-0.15629999339580536
img_07831.jpg,-0.20309999585151672
img_07832.jpg,-0.2282000035047531
img_07833.jpg,-0.2549999952316284
img_07834.jpg,-0.2549999952316284
img_07835.jpg,-0.304500013589859
img_07836.jpg,-0.3142000138759613
img_07837.jpg,-0.3142000138759613
img_07838.jpg,-0.3142000138759613
img_07839.jpg,-0.3142000138759613
img_07840.jpg,-0.3142000138759613
img_07841.jpg,-0.3142000138759613
img_07842.jpg,-0.3142000138759613
img_07843.jpg,-0.3142000138759613
img_07844.jpg,-0.3142000138759613
img_07845.jpg,-0.3142000138759613
img_07846.jpg,-0.3142000138759613
img_07847.jpg,-0.3142000138759613
img_07848.jpg,-0.3142000138759613
img_07849.jpg,-0.30790001153945923
img_07850.jpg,-0.2896000146865845
img_07851.jpg,-0.24500000476837158
img_07852.jpg,-0.2020999938249588
img_07853.jpg,-0.16910000145435333
img_07854.jpg,-0.1460999995470047
img_07855.jpg,-0.1371999979019165
img_07856.jpg,-0.1371999979019165
img_07857.jpg,-0.14139999449253082
img_07858.jpg,-0.14710000157356262
img_07859.jpg,-0.1565999984741211
img_07860.jpg,-0.16300000250339508
img_07861.jpg,-0.1873999983072281
img_07862.jpg,-0.20659999549388885
img_07863.jpg,-0.2296999990940094
img_07864.jpg,-0.25189998745918274
img_07865.jpg,-0.2775000035762787
img_07866.jpg,-0.31209999322891235
img_07867.jpg,-0.3142000138759613
img_07868.jpg,-0.3142000138759613
img_07869.jpg,-0.3142000138759613
img_07870.jpg,-0.3142000138759613
img_07871.jpg,-0.3142000138759613
img_07872.jpg,-0.3142000138759613
img_07873.jpg,-0.3142000138759613
img_07874.jpg,-0.3142000138759613
img_07875.jpg,-0.3142000138759613
img_07876.jpg,-0.31150001287460327
img_07877.jpg,-0.27649998664855957
img_07878.jpg,-0.3021000027656555
img_07879.jpg,-0.3142000138759613
img_07880.jpg,-0.3142000138759613
img_07881.jpg,-0.3142000138759613
img_07882.jpg,-0.3142000138759613
img_07883.jpg,-0.3142000138759613
img_07884.jpg,-0.3142000138759613
img_07885.jpg,-0.3142000138759613
img_07886.jpg,-0.3142000138759613
img_07887.jpg,-0.3142000138759613
img_07888.jpg,-0.2896000146865845
img_07889.jpg,-0.26809999346733093
img_07890.jpg,-0.24560000002384186
img_07891.jpg,-0.22830000519752502
img_07892.jpg,-0.2125999927520752
img_07893.jpg,-0.2037000060081482
img_07894.jpg,-0.2037000060081482
img_07895.jpg,-0.2198999971151352
img_07896.jpg,-0.24230000376701355
img_07897.jpg,-0.2648000121116638
img_07898.jpg,-0.29510000348091125
img_07899.jpg,-0.3142000138759613
img_07900.jpg,-0.3142000138759613
img_07901.jpg,-0.3142000138759613
img_07902.jpg,-0.30000001192092896
img_07903.jpg,-0.28380000591278076
img_07904.jpg,-0.27649998664855957
img_07905.jpg,-0.271699994802475
img_07906.jpg,-0.271699994802475
img_07907.jpg,-0.24660000205039978
img_07908.jpg,-0.22200000286102295
img_07909.jpg,-0.19529999792575836
img_07910.jpg,-0.1623000055551529
img_07911.jpg,-0.13349999487400055
img_07912.jpg,-0.11150000244379044
img_07913.jpg,-0.10209999978542328
img_07914.jpg,-0.10000000149011612
img_07915.jpg,-0.0957999974489212
img_07916.jpg,-0.08479999750852585
img_07917.jpg,-0.06650000065565109
img_07918.jpg,-0.048700001090765
img_07919.jpg,-0.02979999966919422
img_07920.jpg,-0.015699999406933784
img_07921.jpg,0.00989999994635582
img_07922.jpg,0.009399999864399433
img_07923.jpg,0.009399999864399433
img_07924.jpg,-0.013000000268220901
img_07925.jpg,-0.057500001043081284
img_07926.jpg,-0.121799997985363
img_07927.jpg,-0.19040000438690186
img_07928.jpg,-0.274399995803833
img_07929.jpg,-0.3142000138759613
img_07930.jpg,-0.3142000138759613
img_07931.jpg,-0.3142000138759613
img_07932.jpg,-0.31150001287460327
img_07933.jpg,-0.3010999858379364
img_07934.jpg,-0.29159998893737793
img_07935.jpg,-0.26969999074935913
img_07936.jpg,-0.23199999332427979
img_07937.jpg,-0.19529999792575836
img_07938.jpg,-0.16019999980926514
img_07939.jpg,-0.12200000137090683
img_07940.jpg,-0.12200000137090683
img_07941.jpg,-0.09109999984502792
img_07942.jpg,-0.042399998754262924
img_07943.jpg,-0.028300000354647636
img_07944.jpg,-0.023000000044703484
img_07945.jpg,-0.039799999445676804
img_07946.jpg,-0.05900000035762787
img_07947.jpg,-0.08169999718666077
img_07948.jpg,-0.15029999613761902
img_07949.jpg,-0.1875
img_07950.jpg,-0.21060000360012054
img_07951.jpg,-0.23880000412464142
img_07952.jpg,-0.27799999713897705
img_07953.jpg,-0.2712000012397766
img_07954.jpg,-0.2538999915122986
img_07955.jpg,-0.22200000286102295
img_07956.jpg,-0.19009999930858612
img_07957.jpg,-0.15970000624656677
img_07958.jpg,-0.12460000067949295
img_07959.jpg,-0.09480000287294388
img_07960.jpg,-0.05860000103712082
img_07961.jpg,-0.030400000512599945
img_07962.jpg,0.026200000196695328
img_07963.jpg,0.02879999950528145
img_07964.jpg,0.032999999821186066
img_07965.jpg,0.032499998807907104
img_07966.jpg,0.02930000051856041
img_07967.jpg,0.02250000089406967
img_07968.jpg,0.015699999406933784
img_07969.jpg,-0.007899999618530273
img_07970.jpg,-0.006800000090152025
img_07971.jpg,-0.00839999970048666
img_07972.jpg,-0.009399999864399433
img_07973.jpg,-0.00989999994635582
img_07974.jpg,-0.00989999994635582
img_07975.jpg,-0.00989999994635582
img_07976.jpg,-0.016300000250339508
img_07977.jpg,-0.03720000013709068
img_07978.jpg,-0.053199999034404755
img_07979.jpg,-0.07750000059604645
img_07980.jpg,-0.09480000287294388
img_07981.jpg,-0.11150000244379044
img_07982.jpg,-0.12250000238418579
img_07983.jpg,-0.1256999969482422
img_07984.jpg,-0.11890000104904175
img_07985.jpg,-0.10109999775886536
img_07986.jpg,-0.08219999819993973
img_07987.jpg,-0.05860000103712082
img_07988.jpg,-0.03869999945163727
img_07989.jpg,0.019899999722838402
img_07990.jpg,0.014700000174343586
img_07991.jpg,0.015699999406933784
img_07992.jpg,0.014100000262260437
img_07993.jpg,0.011500000022351742
img_07994.jpg,0.008899999782443047
img_07995.jpg,0.00419999985024333
img_07996.jpg,-0.003700000001117587
img_07997.jpg,-0.005200000014156103
img_07998.jpg,-0.006800000090152025
img_07999.jpg,-0.007899999618530273
img_08000.jpg,-0.00839999970048666
img_08001.jpg,-0.00839999970048666
img_08002.jpg,0.008899999782443047
img_08003.jpg,0.018799999728798866
img_08004.jpg,0.03480000048875809
img_08005.jpg,0.054999999701976776
img_08006.jpg,0.07540000230073929
img_08007.jpg,0.09220000356435776
img_08008.jpg,0.10790000110864639
img_08009.jpg,0.11110000312328339
img_08010.jpg,0.1136000007390976
img_08011.jpg,0.10159999877214432
img_08012.jpg,0.08429999649524689
img_08013.jpg,0.06069999933242798
img_08014.jpg,0.039799999445676804
img_08015.jpg,-0.026200000196695328
img_08016.jpg,-0.025699999183416367
img_08017.jpg,-0.032499998807907104
img_08018.jpg,-0.03350000083446503
img_08019.jpg,-0.03189999982714653
img_08020.jpg,-0.02879999950528145
img_08021.jpg,-0.02410000003874302
img_08022.jpg,-0.01940000057220459
img_08023.jpg,-0.012000000104308128
img_08024.jpg,0.007899999618530273
img_08025.jpg,0.011500000022351742
img_08026.jpg,0.016200000420212746
img_08027.jpg,0.019899999722838402
img_08028.jpg,0.023000000044703484
img_08029.jpg,0.02459999918937683
img_08030.jpg,0.025699999183416367
img_08031.jpg,0.025699999183416367
img_08032.jpg,0.025100000202655792
img_08033.jpg,0.02410000003874302
img_08034.jpg,0.02250000089406967
img_08035.jpg,0.0215000007301569
img_08036.jpg,0.019899999722838402
img_08037.jpg,0.018799999728798866
img_08038.jpg,0.01730000041425228
img_08039.jpg,0.014100000262260437
img_08040.jpg,0.010999999940395355
img_08041.jpg,0.006300000008195639
img_08042.jpg,-0.003700000001117587
img_08043.jpg,-0.004699999932199717
img_08044.jpg,-0.005799999926239252
img_08045.jpg,-0.006800000090152025
img_08046.jpg,-0.006800000090152025
img_08047.jpg,-0.006800000090152025
img_08048.jpg,-0.006800000090152025
img_08049.jpg,-0.006300000008195639
img_08050.jpg,-0.005799999926239252
img_08051.jpg,-0.005200000014156103
img_08052.jpg,-0.004699999932199717
img_08053.jpg,-0.00419999985024333
img_08054.jpg,-0.003700000001117587
img_08055.jpg,-0.003700000001117587
img_08056.jpg,-0.003700000001117587
img_08057.jpg,-0.003100000089034438
img_08058.jpg,-0.003100000089034438
img_08059.jpg,-0.003100000089034438
img_08060.jpg,-0.003100000089034438
img_08061.jpg,-0.003100000089034438
img_08062.jpg,-0.003100000089034438
img_08063.jpg,-0.003100000089034438
img_08064.jpg,-0.003700000001117587
img_08065.jpg,-0.003700000001117587
img_08066.jpg,-0.003700000001117587
img_08067.jpg,-0.003700000001117587
img_08068.jpg,-0.003700000001117587
img_08069.jpg,-0.003700000001117587
img_08070.jpg,-0.003700000001117587
img_08071.jpg,-0.003700000001117587
img_08072.jpg,-0.003100000089034438
img_08073.jpg,-0.003100000089034438
img_08074.jpg,-0.003100000089034438
img_08075.jpg,-0.003100000089034438
img_08076.jpg,-0.003100000089034438
img_08077.jpg,-0.003100000089034438
img_08078.jpg,-0.003100000089034438
img_08079.jpg,-0.003100000089034438
img_08080.jpg,-0.003100000089034438
img_08081.jpg,-0.003100000089034438
img_08082.jpg,-0.003100000089034438
img_08083.jpg,-0.003700000001117587
img_08084.jpg,-0.008899999782443047
img_08085.jpg,-0.018300000578165054
img_08086.jpg,-0.027799999341368675
img_08087.jpg,-0.03869999945163727
img_08088.jpg,-0.045099999755620956
img_08089.jpg,-0.05389999970793724
img_08090.jpg,-0.05920000001788139
img_08091.jpg,-0.061799999326467514
img_08092.jpg,-0.07069999724626541
img_08093.jpg,-0.0869000032544136
img_08094.jpg,-0.10159999877214432
img_08095.jpg,-0.11100000143051147
img_08096.jpg,-0.11620000004768372
img_08097.jpg,-0.1062999963760376
img_08098.jpg,-0.09160000085830688
img_08099.jpg,-0.06859999895095825
img_08100.jpg,-0.0471000000834465
img_08101.jpg,0.023600000888109207
img_08102.jpg,0.01940000057220459
img_08103.jpg,0.02250000089406967
img_08104.jpg,0.037700001150369644
img_08105.jpg,0.04729999974370003
img_08106.jpg,0.07540000230073929
img_08107.jpg,0.09369999915361404
img_08108.jpg,0.10890000313520432
img_08109.jpg,0.10999999940395355
img_08110.jpg,0.09950000047683716
img_08111.jpg,0.08479999750852585
img_08112.jpg,0.06340000033378601
img_08113.jpg,0.04450000077486038
img_08114.jpg,0.023600000888109207
img_08115.jpg,-0.016200000420212746
img_08116.jpg,-0.01679999940097332
img_08117.jpg,-0.020899999886751175
img_08118.jpg,-0.02199999988079071
img_08119.jpg,-0.020899999886751175
img_08120.jpg,-0.018799999728798866
img_08121.jpg,-0.015699999406933784
img_08122.jpg,-0.012000000104308128
img_08123.jpg,-0.008899999782443047
img_08124.jpg,-0.010999999940395355
img_08125.jpg,-0.014100000262260437
img_08126.jpg,-0.019899999722838402
img_08127.jpg,-0.025100000202655792
img_08128.jpg,-0.030899999663233757
img_08129.jpg,-0.035100001841783524
img_08130.jpg,-0.03869999945163727
img_08131.jpg,-0.0414000004529953
img_08132.jpg,-0.042399998754262924
img_08133.jpg,-0.042899999767541885
img_08134.jpg,-0.042399998754262924
img_08135.jpg,-0.03929999843239784
img_08136.jpg,-0.03460000082850456
img_08137.jpg,-0.03460000082850456
img_08138.jpg,-0.028300000354647636
img_08139.jpg,-0.028300000354647636
img_08140.jpg,-0.048700001090765
img_08141.jpg,-0.06129999831318855
img_08142.jpg,-0.07119999825954437
img_08143.jpg,-0.07800000160932541
img_08144.jpg,-0.07800000160932541
img_08145.jpg,-0.0812000036239624
img_08146.jpg,-0.07800000160932541
img_08147.jpg,-0.0737999975681305
img_08148.jpg,-0.06909999996423721
img_08149.jpg,-0.054999999701976776
img_08150.jpg,-0.03819999843835831
img_08151.jpg,0.023600000888109207
img_08152.jpg,0.029999999329447746
img_08153.jpg,0.04969999939203262
img_08154.jpg,0.07209999859333038
img_08155.jpg,0.10260000079870224
img_08156.jpg,0.12460000067949295
img_08157.jpg,0.14059999585151672
img_08158.jpg,0.16760000586509705
img_08159.jpg,0.1859000027179718
img_08160.jpg,0.19949999451637268
img_08161.jpg,0.20579999685287476
img_08162.jpg,0.19480000436306
img_08163.jpg,0.17329999804496765
img_08164.jpg,0.13770000636577606
img_08165.jpg,0.10369999706745148
img_08166.jpg,0.06599999964237213
img_08167.jpg,-0.037700001150369644
img_08168.jpg,-0.04659999907016754
img_08169.jpg,-0.05939999967813492
img_08170.jpg,-0.0737999975681305
img_08171.jpg,-0.08009999990463257
img_08172.jpg,-0.08219999819993973
img_08173.jpg,-0.07909999787807465
img_08174.jpg,-0.07280000299215317
img_08175.jpg,-0.061799999326467514
img_08176.jpg,-0.05130000039935112
img_08177.jpg,-0.04190000146627426
img_08178.jpg,-0.032499998807907104
img_08179.jpg,-0.032499998807907104
img_08180.jpg,-0.020400000736117363
img_08181.jpg,-0.01730000041425228
img_08182.jpg,-0.01360000018030405
img_08183.jpg,-0.007300000172108412
img_08184.jpg,0.005799999926239252
img_08185.jpg,0.006800000090152025
img_08186.jpg,0.008899999782443047
img_08187.jpg,0.011500000022351742
img_08188.jpg,0.00989999994635582
img_08189.jpg,0.005799999926239252
img_08190.jpg,-0.008899999782443047
img_08191.jpg,-0.014700000174343586
img_08192.jpg,-0.023600000888109207
img_08193.jpg,-0.03139999881386757
img_08194.jpg,-0.03819999843835831
img_08195.jpg,-0.04399999976158142
img_08196.jpg,-0.04820000007748604
img_08197.jpg,-0.05079999938607216
img_08198.jpg,-0.05180000141263008
img_08199.jpg,-0.052400000393390656
img_08200.jpg,-0.05180000141263008
img_08201.jpg,-0.05079999938607216
img_08202.jpg,-0.04969999939203262
img_08203.jpg,-0.04820000007748604
img_08204.jpg,-0.04659999907016754
img_08205.jpg,-0.039799999445676804
img_08206.jpg,-0.02979999966919422
img_08207.jpg,-0.020899999886751175
img_08208.jpg,-0.012600000016391277
img_08209.jpg,0.007300000172108412
img_08210.jpg,0.005200000014156103
img_08211.jpg,0.003100000089034438
img_08212.jpg,-0.00419999985024333
img_08213.jpg,-0.012000000104308128
img_08214.jpg,-0.0272000003606081
img_08215.jpg,-0.04190000146627426
img_08216.jpg,-0.05810000002384186
img_08217.jpg,-0.07069999724626541
img_08218.jpg,-0.08009999990463257
img_08219.jpg,-0.08739999681711197
img_08220.jpg,-0.09220000356435776
img_08221.jpg,-0.09369999915361404
img_08222.jpg,-0.09369999915361404
img_08223.jpg,-0.09160000085830688
img_08224.jpg,-0.0869000032544136
img_08225.jpg,-0.07590000331401825
img_08226.jpg,-0.06279999762773514
img_08227.jpg,-0.06279999762773514
img_08228.jpg,-0.03189999982714653
img_08229.jpg,0.016200000420212746
img_08230.jpg,0.016200000420212746
img_08231.jpg,0.0272000003606081
img_08232.jpg,0.03929999843239784
img_08233.jpg,0.05180000141263008
img_08234.jpg,0.06750000268220901
img_08235.jpg,0.08009999990463257
img_08236.jpg,0.09319999814033508
img_08237.jpg,0.1031000018119812
img_08238.jpg,0.11150000244379044
img_08239.jpg,0.10890000313520432
img_08240.jpg,0.09059999883174896
img_08241.jpg,0.06650000065565109
img_08242.jpg,-0.03869999945163727
img_08243.jpg,-0.040300000458955765
img_08244.jpg,-0.05339999869465828
img_08245.jpg,-0.06440000236034393
img_08246.jpg,-0.07020000368356705
img_08247.jpg,-0.07329999655485153
img_08248.jpg,-0.07909999787807465
img_08249.jpg,-0.08380000293254852
img_08250.jpg,-0.09059999883174896
img_08251.jpg,-0.0957999974489212
img_08252.jpg,-0.10000000149011612
img_08253.jpg,-0.10000000149011612
img_08254.jpg,-0.1031000018119812
img_08255.jpg,-0.10209999978542328
img_08256.jpg,-0.09740000218153
img_08257.jpg,-0.0885000005364418
img_08258.jpg,-0.07909999787807465
img_08259.jpg,-0.07069999724626541
img_08260.jpg,-0.06129999831318855
img_08261.jpg,-0.05339999869465828
img_08262.jpg,-0.04659999907016754
img_08263.jpg,-0.04659999907016754
img_08264.jpg,-0.05180000141263008
img_08265.jpg,-0.06069999933242798
img_08266.jpg,-0.07069999724626541
img_08267.jpg,-0.08060000091791153
img_08268.jpg,-0.08380000293254852
img_08269.jpg,-0.09380000084638596
img_08270.jpg,-0.10260000079870224
img_08271.jpg,-0.10369999706745148
img_08272.jpg,-0.10209999978542328
img_08273.jpg,-0.10939999669790268
img_08274.jpg,-0.10939999669790268
img_08275.jpg,-0.1266999989748001
img_08276.jpg,-0.1298999935388565
img_08277.jpg,-0.13189999759197235
img_08278.jpg,-0.14399999380111694
img_08279.jpg,-0.15029999613761902
img_08280.jpg,-0.1550000011920929
img_08281.jpg,-0.15919999778270721
img_08282.jpg,-0.16019999980926514
img_08283.jpg,-0.16019999980926514
img_08284.jpg,-0.15760000050067902
img_08285.jpg,-0.15449999272823334
img_08286.jpg,-0.15129999816417694
img_08287.jpg,-0.14820000529289246
img_08288.jpg,-0.14869999885559082
img_08289.jpg,-0.15129999816417694
img_08290.jpg,-0.15449999272823334
img_08291.jpg,-0.15870000422000885
img_08292.jpg,-0.16179999709129333
img_08293.jpg,-0.16179999709129333
img_08294.jpg,-0.1550000011920929
img_08295.jpg,-0.15600000321865082
img_08296.jpg,-0.16179999709129333
img_08297.jpg,-0.17329999804496765
img_08298.jpg,-0.18539999425411224
img_08299.jpg,-0.14560000598430634
img_08300.jpg,-0.13979999721050262
img_08301.jpg,-0.1460999995470047
img_08302.jpg,-0.15970000624656677
img_08303.jpg,-0.16910000145435333
img_08304.jpg,-0.18219999969005585
img_08305.jpg,-0.19820000231266022
img_08306.jpg,-0.2198999971151352
img_08307.jpg,-0.24500000476837158
img_08308.jpg,-0.26910001039505005
img_08309.jpg,-0.2915000021457672
img_08310.jpg,-0.3138999938964844
img_08311.jpg,-0.3142000138759613
img_08312.jpg,-0.3142000138759613
img_08313.jpg,-0.3142000138759613
img_08314.jpg,-0.3093999922275543
img_08315.jpg,-0.3025999963283539
img_08316.jpg,-0.28850001096725464
img_08317.jpg,-0.26339998841285706
img_08318.jpg,-0.23929999768733978
img_08319.jpg,-0.210999995470047
img_08320.jpg,-0.18539999425411224
img_08321.jpg,-0.16019999980926514
img_08322.jpg,-0.13670000433921814
img_08323.jpg,-0.11309999972581863
img_08324.jpg,-0.09950000047683716
img_08325.jpg,-0.09160000085830688
img_08326.jpg,-0.09059999883174896
img_08327.jpg,-0.10679999738931656
img_08328.jpg,-0.12919999659061432
img_08329.jpg,-0.13979999721050262
img_08330.jpg,-0.21860000491142273
img_08331.jpg,-0.27070000767707825
img_08332.jpg,-0.3142000138759613
img_08333.jpg,-0.3142000138759613
img_08334.jpg,-0.3142000138759613
img_08335.jpg,-0.3142000138759613
img_08336.jpg,-0.3142000138759613
img_08337.jpg,-0.3142000138759613
img_08338.jpg,-0.3142000138759613
img_08339.jpg,-0.3142000138759613
img_08340.jpg,-0.3142000138759613
img_08341.jpg,-0.30160000920295715
img_08342.jpg,-0.28380000591278076
img_08343.jpg,-0.2727999985218048
img_08344.jpg,-0.26179999113082886
img_08345.jpg,-0.2533999979496002
img_08346.jpg,-0.25029999017715454
img_08347.jpg,-0.24770000576972961
img_08348.jpg,-0.24449999630451202
img_08349.jpg,-0.24709999561309814
img_08350.jpg,-0.2662999927997589
img_08351.jpg,-0.2989000082015991
img_08352.jpg,-0.3142000138759613
img_08353.jpg,-0.3142000138759613
img_08354.jpg,-0.3142000138759613
img_08355.jpg,-0.3142000138759613
img_08356.jpg,-0.3142000138759613
img_08357.jpg,-0.3142000138759613
img_08358.jpg,-0.3142000138759613
img_08359.jpg,-0.3142000138759613
img_08360.jpg,-0.3142000138759613
img_08361.jpg,-0.31360000371932983
img_08362.jpg,-0.289000004529953
img_08363.jpg,-0.2418999969959259
img_08364.jpg,-0.2020999938249588
img_08365.jpg,-0.16599999368190765
img_08366.jpg,-0.14560000598430634
img_08367.jpg,-0.1251000016927719
img_08368.jpg,-0.10890000313520432
img_08369.jpg,-0.10520000010728836
img_08370.jpg,-0.10840000212192535
img_08371.jpg,-0.13249999284744263
img_08372.jpg,-0.15449999272823334
img_08373.jpg,-0.18330000340938568
img_08374.jpg,-0.21209999918937683
img_08375.jpg,-0.25760000944137573
img_08376.jpg,-0.28049999475479126
img_08377.jpg,-0.29739999771118164
img_08378.jpg,-0.3109999895095825
img_08379.jpg,-0.3109999895095825
img_08380.jpg,-0.3142000138759613
img_08381.jpg,-0.3142000138759613
img_08382.jpg,-0.3142000138759613
img_08383.jpg,-0.3142000138759613
img_08384.jpg,-0.3142000138759613
img_08385.jpg,-0.3142000138759613
img_08386.jpg,-0.3142000138759613
img_08387.jpg,-0.3142000138759613
img_08388.jpg,-0.3142000138759613
img_08389.jpg,-0.3142000138759613
img_08390.jpg,-0.3052999973297119
img_08391.jpg,-0.29429998993873596
img_08392.jpg,-0.2833000123500824
img_08393.jpg,-0.2833000123500824
img_08394.jpg,-0.26179999113082886
img_08395.jpg,-0.25130000710487366
img_08396.jpg,-0.2402999997138977
img_08397.jpg,-0.2287999987602234
img_08398.jpg,-0.20110000669956207
img_08399.jpg,-0.1738000065088272
img_08400.jpg,-0.1356000006198883
img_08401.jpg,-0.10209999978542328
img_08402.jpg,-0.06750000268220901
img_08403.jpg,-0.0414000004529953
img_08404.jpg,-0.02410000003874302
img_08405.jpg,-0.016200000420212746
img_08406.jpg,-0.04500000178813934
img_08407.jpg,-0.1096000000834465
img_08408.jpg,-0.1639000028371811
img_08409.jpg,-0.30889999866485596
img_08410.jpg,-0.3142000138759613
img_08411.jpg,-0.3142000138759613
img_08412.jpg,-0.3142000138759613
img_08413.jpg,-0.3142000138759613
img_08414.jpg,-0.3142000138759613
img_08415.jpg,-0.3142000138759613
img_08416.jpg,-0.3142000138759613
img_08417.jpg,-0.3142000138759613
img_08418.jpg,-0.3142000138759613
img_08419.jpg,-0.3142000138759613
img_08420.jpg,-0.3142000138759613
img_08421.jpg,-0.3142000138759613
img_08422.jpg,-0.3142000138759613
img_08423.jpg,-0.3142000138759613
img_08424.jpg,-0.3142000138759613
img_08425.jpg,-0.3142000138759613
img_08426.jpg,-0.3142000138759613
img_08427.jpg,-0.3142000138759613
img_08428.jpg,-0.3142000138759613
img_08429.jpg,-0.3142000138759613
img_08430.jpg,-0.3142000138759613
img_08431.jpg,-0.3142000138759613
img_08432.jpg,-0.3142000138759613
img_08433.jpg,-0.3142000138759613
img_08434.jpg,-0.3142000138759613
img_08435.jpg,-0.3142000138759613
img_08436.jpg,-0.3142000138759613
img_08437.jpg,-0.30889999866485596
img_08438.jpg,-0.2800999879837036
img_08439.jpg,-0.24089999496936798
img_08440.jpg,-0.18479999899864197
img_08441.jpg,-0.1356000006198883
img_08442.jpg,-0.08529999852180481
img_08443.jpg,-0.04969999939203262
img_08444.jpg,0.025100000202655792
img_08445.jpg,0.018799999728798866
img_08446.jpg,0.020400000736117363
img_08447.jpg,0.019899999722838402
img_08448.jpg,0.018300000578165054
img_08449.jpg,0.016200000420212746
img_08450.jpg,0.016200000420212746
img_08451.jpg,0.010499999858438969
img_08452.jpg,0.007300000172108412
img_08453.jpg,-0.011900000274181366
img_08454.jpg,-0.015200000256299973
img_08455.jpg,-0.04800000041723251
img_08456.jpg,-0.06340000033378601
img_08457.jpg,-0.07540000230073929
img_08458.jpg,-0.08429999649524689
img_08459.jpg,-0.08739999681711197
img_08460.jpg,-0.08380000293254852
img_08461.jpg,-0.07280000299215317
img_08462.jpg,-0.07280000299215317
img_08463.jpg,-0.05130000039935112
img_08464.jpg,-0.040800001472234726
img_08465.jpg,-0.032999999821186066
img_08466.jpg,-0.0272000003606081
img_08467.jpg,-0.02250000089406967
img_08468.jpg,-0.01940000057220459
img_08469.jpg,-0.014700000174343586
img_08470.jpg,0.007899999618530273
img_08471.jpg,0.014100000262260437
img_08472.jpg,0.023600000888109207
img_08473.jpg,0.03319999948143959
img_08474.jpg,0.07639999687671661
img_08475.jpg,0.10300000011920929
img_08476.jpg,0.13590000569820404
img_08477.jpg,0.1868000030517578
img_08478.jpg,0.23499999940395355
img_08479.jpg,0.26269999146461487
img_08480.jpg,0.28189998865127563
img_08481.jpg,0.2858999967575073
img_08482.jpg,0.2685999870300293
img_08483.jpg,0.24400000274181366
img_08484.jpg,0.24400000274181366
img_08485.jpg,0.17800000309944153
img_08486.jpg,0.14499999582767487
img_08487.jpg,0.10939999669790268
img_08488.jpg,0.08169999718666077
img_08489.jpg,0.057100001722574234
img_08490.jpg,0.057100001722574234
img_08491.jpg,-0.020899999886751175
img_08492.jpg,-0.02250000089406967
img_08493.jpg,-0.028300000354647636
img_08494.jpg,-0.02979999966919422
img_08495.jpg,-0.02930000051856041
img_08496.jpg,-0.026200000196695328
img_08497.jpg,-0.023000000044703484
img_08498.jpg,-0.018799999728798866
img_08499.jpg,-0.015699999406933784
img_08500.jpg,-0.012000000104308128
img_08501.jpg,-0.009399999864399433
img_08502.jpg,-0.007300000172108412
img_08503.jpg,-0.005799999926239252
img_08504.jpg,0.006300000008195639
img_08505.jpg,0.01730000041425228
img_08506.jpg,0.03400000184774399
img_08507.jpg,0.05640000104904175
img_08508.jpg,0.07410000264644623
img_08509.jpg,0.09719999879598618
img_08510.jpg,0.12129999697208405
img_08511.jpg,0.12620000541210175
img_08512.jpg,0.16130000352859497
img_08513.jpg,0.17090000212192535
img_08514.jpg,0.17960000038146973
img_08515.jpg,0.17960000038146973
img_08516.jpg,0.14499999582767487
img_08517.jpg,0.10999999940395355
img_08518.jpg,0.10999999940395355
img_08519.jpg,0.0471000000834465
img_08520.jpg,-0.03610000014305115
img_08521.jpg,-0.04919999837875366
img_08522.jpg,-0.07069999724626541
img_08523.jpg,-0.09369999915361404
img_08524.jpg,-0.10329999774694443
img_08525.jpg,-0.12099999934434891
img_08526.jpg,-0.12460000067949295
img_08527.jpg,-0.12250000238418579
img_08528.jpg,-0.11410000175237656
img_08529.jpg,-0.10419999808073044
img_08530.jpg,-0.094200000166893
img_08531.jpg,-0.07329999655485153
img_08532.jpg,-0.07329999655485153
img_08533.jpg,-0.03139999881386757
img_08534.jpg,-0.008999999612569809
img_08535.jpg,0.062300000339746475
img_08536.jpg,0.09430000185966492
img_08537.jpg,0.12139999866485596
img_08538.jpg,0.14720000326633453
img_08539.jpg,0.18539999425411224
img_08540.jpg,0.18950000405311584
img_08541.jpg,0.1843000054359436
img_08542.jpg,0.17170000076293945
img_08543.jpg,0.15080000460147858
img_08544.jpg,0.13089999556541443
img_08545.jpg,0.11890000104904175
img_08546.jpg,0.11829999834299088
img_08547.jpg,0.1356000006198883
img_08548.jpg,0.15919999778270721
img_08549.jpg,0.18479999899864197
img_08550.jpg,0.19760000705718994
img_08551.jpg,0.2296999990940094
img_08552.jpg,0.2554999887943268
img_08553.jpg,0.24709999561309814
img_08554.jpg,0.22509999573230743
img_08555.jpg,0.18539999425411224
img_08556.jpg,0.14710000157356262
img_08557.jpg,0.11890000104904175
img_08558.jpg,0.10260000079870224
img_08559.jpg,0.09690000116825104
img_08560.jpg,0.10000000149011612
img_08561.jpg,0.10729999840259552
img_08562.jpg,0.11729999631643295
img_08563.jpg,0.13089999556541443
img_08564.jpg,0.14239999651908875
img_08565.jpg,0.1518000066280365
img_08566.jpg,0.15129999816417694
img_08567.jpg,0.14139999449253082
img_08568.jpg,0.12359999865293503
img_08569.jpg,0.0957999974489212
img_08570.jpg,0.06960000097751617
img_08571.jpg,0.040300000458955765
img_08572.jpg,-0.023000000044703484
img_08573.jpg,-0.020400000736117363
img_08574.jpg,-0.023000000044703484
img_08575.jpg,-0.014700000174343586
img_08576.jpg,0.007699999958276749
img_08577.jpg,0.04439999908208847
img_08578.jpg,0.0502999983727932
img_08579.jpg,0.09939999878406525
img_08580.jpg,0.10899999737739563
img_08581.jpg,0.16019999980926514
img_08582.jpg,0.17749999463558197
img_08583.jpg,0.19059999287128448
img_08584.jpg,0.19059999287128448
img_08585.jpg,0.20000000298023224
img_08586.jpg,0.19789999723434448
img_08587.jpg,0.18799999356269836
img_08588.jpg,0.17069999873638153
img_08589.jpg,0.13819999992847443
img_08590.jpg,0.10679999738931656
img_08591.jpg,0.07639999687671661
img_08592.jpg,0.04349999874830246
img_08593.jpg,-0.025699999183416367
img_08594.jpg,-0.023600000888109207
img_08595.jpg,-0.028300000354647636
img_08596.jpg,-0.023000000044703484
img_08597.jpg,-0.023000000044703484
img_08598.jpg,0.01940000057220459
img_08599.jpg,0.025800000876188278
img_08600.jpg,0.04560000076889992
img_08601.jpg,0.05920000001788139
img_08602.jpg,0.07169999927282333
img_08603.jpg,0.08429999649524689
img_08604.jpg,0.094200000166893
img_08605.jpg,0.10369999706745148
img_08606.jpg,0.10369999706745148
img_08607.jpg,0.11469999700784683
img_08608.jpg,0.11729999631643295
img_08609.jpg,0.11309999972581863
img_08610.jpg,0.10109999775886536
img_08611.jpg,0.08590000122785568
img_08612.jpg,0.06340000033378601
img_08613.jpg,0.06340000033378601
img_08614.jpg,0.02669999934732914
img_08615.jpg,-0.01730000041425228
img_08616.jpg,-0.016200000420212746
img_08617.jpg,-0.018300000578165054
img_08618.jpg,-0.018300000578165054
img_08619.jpg,-0.016200000420212746
img_08620.jpg,-0.013100000098347664
img_08621.jpg,-0.012000000104308128
img_08622.jpg,-0.015200000256299973
img_08623.jpg,-0.020400000736117363
img_08624.jpg,-0.028300000354647636
img_08625.jpg,-0.035599999129772186
img_08626.jpg,-0.042399998754262924
img_08627.jpg,-0.042399998754262924
img_08628.jpg,-0.054499998688697815
img_08629.jpg,-0.05810000002384186
img_08630.jpg,-0.06019999831914902
img_08631.jpg,-0.06019999831914902
img_08632.jpg,-0.05550000071525574
img_08633.jpg,-0.05079999938607216
img_08634.jpg,-0.04610000178217888
img_08635.jpg,-0.0414000004529953
img_08636.jpg,-0.035599999129772186
img_08637.jpg,-0.02879999950528145
img_08638.jpg,-0.01940000057220459
img_08639.jpg,-0.012000000104308128
img_08640.jpg,0.006300000008195639
img_08641.jpg,0.005799999926239252
img_08642.jpg,0.006300000008195639
img_08643.jpg,0.006300000008195639
img_08644.jpg,0.005200000014156103
img_08645.jpg,0.00419999985024333
img_08646.jpg,0.0026000000070780516
img_08647.jpg,-0.0015999999595806003
img_08648.jpg,0.0015999999595806003
img_08649.jpg,0.02459999918937683
img_08650.jpg,0.043800000101327896
img_08651.jpg,0.06849999725818634
img_08652.jpg,0.09009999781847
img_08653.jpg,0.11150000244379044
img_08654.jpg,0.12110000103712082
img_08655.jpg,0.13819999992847443
img_08656.jpg,0.13819999992847443
img_08657.jpg,0.14350000023841858
img_08658.jpg,0.13609999418258667
img_08659.jpg,0.11990000307559967
img_08660.jpg,0.09690000116825104
img_08661.jpg,0.05180000141263008
img_08662.jpg,0.016599999740719795
img_08663.jpg,-0.07739999890327454
img_08664.jpg,-0.11400000005960464
img_08665.jpg,-0.14949999749660492
img_08666.jpg,-0.19670000672340393
img_08667.jpg,-0.2287999987602234
img_08668.jpg,-0.24140000343322754
img_08669.jpg,-0.23510000109672546
img_08670.jpg,-0.23510000109672546
img_08671.jpg,-0.18060000240802765
img_08672.jpg,-0.14659999310970306
img_08673.jpg,-0.11410000175237656
img_08674.jpg,-0.0812000036239624
img_08675.jpg,-0.0812000036239624
img_08676.jpg,-0.042899999767541885
img_08677.jpg,-0.035100001841783524
img_08678.jpg,-0.028300000354647636
img_08679.jpg,-0.020400000736117363
img_08680.jpg,-0.014700000174343586
img_08681.jpg,-0.010499999858438969
img_08682.jpg,-0.007300000172108412
img_08683.jpg,-0.005200000014156103
img_08684.jpg,-0.004699999932199717
img_08685.jpg,-0.004699999932199717
img_08686.jpg,-0.005200000014156103
img_08687.jpg,-0.005200000014156103
img_08688.jpg,-0.007300000172108412
img_08689.jpg,-0.00839999970048666
img_08690.jpg,-0.00839999970048666
img_08691.jpg,-0.007899999618530273
img_08692.jpg,-0.005200000014156103
img_08693.jpg,0.003700000001117587
img_08694.jpg,0.004699999932199717
img_08695.jpg,0.00839999970048666
img_08696.jpg,0.011500000022351742
img_08697.jpg,0.014100000262260437
img_08698.jpg,0.014100000262260437
img_08699.jpg,0.017799999564886093
img_08700.jpg,0.018799999728798866
img_08701.jpg,0.015699999406933784
img_08702.jpg,-0.009399999864399433
img_08703.jpg,-0.018799999728798866
img_08704.jpg,-0.030899999663233757
img_08705.jpg,-0.04349999874830246
img_08706.jpg,-0.05649999901652336
img_08707.jpg,-0.06909999996423721
img_08708.jpg,-0.08269999921321869
img_08709.jpg,-0.09369999915361404
img_08710.jpg,-0.10010000318288803
img_08711.jpg,-0.1046999990940094
img_08712.jpg,-0.10369999706745148
img_08713.jpg,-0.10000000149011612
img_08714.jpg,-0.094200000166893
img_08715.jpg,-0.07699999958276749
img_08716.jpg,-0.06440000236034393
img_08717.jpg,-0.05389999970793724
img_08718.jpg,-0.04450000077486038
img_08719.jpg,-0.03819999843835831
img_08720.jpg,-0.032999999821186066
img_08721.jpg,-0.030400000512599945
img_08722.jpg,-0.03189999982714653
img_08723.jpg,-0.03460000082850456
img_08724.jpg,-0.03669999912381172
img_08725.jpg,-0.03819999843835831
img_08726.jpg,-0.039799999445676804
img_08727.jpg,-0.040800001472234726
img_08728.jpg,-0.0414000004529953
img_08729.jpg,-0.03460000082850456
img_08730.jpg,-0.02669999934732914
img_08731.jpg,-0.0215000007301569
img_08732.jpg,-0.018799999728798866
img_08733.jpg,-0.018300000578165054
img_08734.jpg,-0.018300000578165054
img_08735.jpg,-0.023000000044703484
img_08736.jpg,-0.025699999183416367
img_08737.jpg,-0.02879999950528145
img_08738.jpg,-0.04190000146627426
img_08739.jpg,-0.06340000033378601
img_08740.jpg,-0.0885000005364418
img_08741.jpg,-0.10130000114440918
img_08742.jpg,-0.14180000126361847
img_08743.jpg,-0.1664000004529953
img_08744.jpg,-0.19220000505447388
img_08745.jpg,-0.20999999344348907
img_08746.jpg,-0.22100000083446503
img_08747.jpg,-0.22310000658035278
img_08748.jpg,-0.22310000658035278
img_08749.jpg,-0.20260000228881836
img_08750.jpg,-0.18639999628067017
img_08751.jpg,-0.17229999601840973
img_08752.jpg,-0.15809999406337738
img_08753.jpg,-0.14820000529289246
img_08754.jpg,-0.14139999449253082
img_08755.jpg,-0.13819999992847443
img_08756.jpg,-0.1371999979019165
img_08757.jpg,-0.1387999951839447
img_08758.jpg,-0.14139999449253082
img_08759.jpg,-0.14350000023841858
img_08760.jpg,-0.14190000295639038
img_08761.jpg,-0.14350000023841858
img_08762.jpg,-0.14669999480247498
img_08763.jpg,-0.15809999406337738
img_08764.jpg,-0.1665000021457672
img_08765.jpg,-0.17489999532699585
img_08766.jpg,-0.18170000612735748
img_08767.jpg,-0.18479999899864197
img_08768.jpg,-0.18639999628067017
img_08769.jpg,-0.18639999628067017
img_08770.jpg,-0.17589999735355377
img_08771.jpg,-0.16760000586509705
img_08772.jpg,-0.15870000422000885
img_08773.jpg,-0.1476999968290329
img_08774.jpg,-0.13459999859333038
img_08775.jpg,-0.12099999934434891
img_08776.jpg,-0.11410000175237656
img_08777.jpg,-0.11620000004768372
img_08778.jpg,-0.12300000339746475
img_08779.jpg,-0.13459999859333038
img_08780.jpg,-0.1429000049829483
img_08781.jpg,-0.14820000529289246
img_08782.jpg,-0.14869999885559082
img_08783.jpg,-0.15080000460147858
img_08784.jpg,-0.15549999475479126
img_08785.jpg,-0.15970000624656677
img_08786.jpg,-0.16179999709129333
img_08787.jpg,0.10109999775886536
img_08788.jpg,0.07119999825954437
img_08789.jpg,0.057100001722574234
img_08790.jpg,0.04610000178217888
img_08791.jpg,0.03929999843239784
img_08792.jpg,0.02930000051856041
img_08793.jpg,0.01940000057220459
img_08794.jpg,-0.012600000016391277
img_08795.jpg,-0.01360000018030405
img_08796.jpg,-0.020899999886751175
img_08797.jpg,-0.02979999966919422
img_08798.jpg,-0.0414000004529953
img_08799.jpg,-0.054499998688697815
img_08800.jpg,-0.0723000019788742
img_08801.jpg,-0.08510000258684158
img_08802.jpg,-0.10930000245571136
img_08803.jpg,-0.13600000739097595
img_08804.jpg,-0.16529999673366547
img_08805.jpg,-0.17919999361038208
img_08806.jpg,-0.22779999673366547
img_08807.jpg,-0.259799987077713
img_08808.jpg,-0.2858000099658966
img_08809.jpg,-0.3142000138759613
img_08810.jpg,-0.3142000138759613
img_08811.jpg,-0.3142000138759613
img_08812.jpg,-0.3142000138759613
img_08813.jpg,-0.3142000138759613
img_08814.jpg,-0.3142000138759613
img_08815.jpg,-0.3142000138759613
img_08816.jpg,-0.3142000138759613
img_08817.jpg,-0.3142000138759613
img_08818.jpg,-0.3142000138759613
img_08819.jpg,-0.3142000138759613
img_08820.jpg,-0.3142000138759613
img_08821.jpg,-0.3142000138759613
img_08822.jpg,-0.3142000138759613
img_08823.jpg,-0.29739999771118164
img_08824.jpg,-0.26649999618530273
img_08825.jpg,-0.22779999673366547
img_08826.jpg,-0.18850000202655792
img_08827.jpg,-0.1623000055551529
img_08828.jpg,-0.14560000598430634
img_08829.jpg,-0.14560000598430634
img_08830.jpg,-0.1429000049829483
img_08831.jpg,-0.14820000529289246
img_08832.jpg,-0.1550000011920929
img_08833.jpg,-0.1639000028371811
img_08834.jpg,-0.18310000002384186
img_08835.jpg,-0.20250000059604645
img_08836.jpg,-0.22200000286102295
img_08837.jpg,-0.24120000004768372
img_08838.jpg,-0.2556999921798706
img_08839.jpg,-0.29789999127388
img_08840.jpg,-0.3142000138759613
img_08841.jpg,-0.3142000138759613
img_08842.jpg,-0.3142000138759613
img_08843.jpg,-0.3142000138759613
img_08844.jpg,-0.3142000138759613
img_08845.jpg,-0.3142000138759613
img_08846.jpg,-0.3142000138759613
img_08847.jpg,-0.3142000138759613
img_08848.jpg,-0.3142000138759613
img_08849.jpg,-0.3142000138759613
img_08850.jpg,-0.30160000920295715
img_08851.jpg,-0.2597000002861023
img_08852.jpg,-0.28850001096725464
img_08853.jpg,-0.3142000138759613
img_08854.jpg,-0.3142000138759613
img_08855.jpg,-0.3142000138759613
img_08856.jpg,-0.3142000138759613
img_08857.jpg,-0.3142000138759613
img_08858.jpg,-0.3142000138759613
img_08859.jpg,-0.3142000138759613
img_08860.jpg,-0.3142000138759613
img_08861.jpg,-0.3142000138759613
img_08862.jpg,-0.2800999879837036
img_08863.jpg,-0.26080000400543213
img_08864.jpg,-0.2402999997138977
img_08865.jpg,-0.22460000216960907
img_08866.jpg,-0.20999999344348907
img_08867.jpg,-0.20260000228881836
img_08868.jpg,-0.20630000531673431
img_08869.jpg,-0.22460000216960907
img_08870.jpg,-0.24770000576972961
img_08871.jpg,-0.2669000029563904
img_08872.jpg,-0.3003999888896942
img_08873.jpg,-0.3142000138759613
img_08874.jpg,-0.3142000138759613
img_08875.jpg,-0.3142000138759613
img_08876.jpg,-0.29010000824928284
img_08877.jpg,-0.2791000008583069
img_08878.jpg,-0.274399995803833
img_08879.jpg,-0.27070000767707825
img_08880.jpg,-0.27070000767707825
img_08881.jpg,-0.23510000109672546
img_08882.jpg,-0.20679999887943268
img_08883.jpg,-0.1784999966621399
img_08884.jpg,-0.14560000598430634
img_08885.jpg,-0.11829999834299088
img_08886.jpg,-0.10520000010728836
img_08887.jpg,-0.10109999775886536
img_08888.jpg,-0.09950000047683716
img_08889.jpg,-0.08950000256299973
img_08890.jpg,-0.07590000331401825
img_08891.jpg,-0.05550000071525574
img_08892.jpg,-0.037700001150369644
img_08893.jpg,-0.020400000736117363
img_08894.jpg,0.012000000104308128
img_08895.jpg,0.011500000022351742
img_08896.jpg,0.012000000104308128
img_08897.jpg,-0.01679999940097332
img_08898.jpg,-0.06430000066757202
img_08899.jpg,-0.1160999983549118
img_08900.jpg,-0.17170000076293945
img_08901.jpg,-0.2451999932527542
img_08902.jpg,-0.3142000138759613
img_08903.jpg,-0.3142000138759613
img_08904.jpg,-0.3142000138759613
img_08905.jpg,-0.31360000371932983
img_08906.jpg,-0.2953000068664551
img_08907.jpg,-0.28220000863075256
img_08908.jpg,-0.265500009059906
img_08909.jpg,-0.23980000615119934
img_08910.jpg,-0.20160000026226044
img_08911.jpg,-0.1665000021457672
img_08912.jpg,-0.13459999859333038
img_08913.jpg,-0.10050000250339508
img_08914.jpg,-0.07440000027418137
img_08915.jpg,-0.05130000039935112
img_08916.jpg,-0.035599999129772186
img_08917.jpg,-0.023600000888109207
img_08918.jpg,-0.023600000888109207
img_08919.jpg,-0.046300001442432404
img_08920.jpg,-0.08839999884366989
img_08921.jpg,-0.11500000208616257
img_08922.jpg,-0.16110000014305115
img_08923.jpg,-0.20250000059604645
img_08924.jpg,-0.23469999432563782
img_08925.jpg,-0.2754000127315521
img_08926.jpg,-0.274399995803833
img_08927.jpg,-0.26019999384880066
img_08928.jpg,-0.2303999960422516
img_08929.jpg,-0.20000000298023224
img_08930.jpg,-0.1695999950170517
img_08931.jpg,-0.13459999859333038
img_08932.jpg,-0.10580000281333923
img_08933.jpg,-0.07699999958276749
img_08934.jpg,-0.04500000178813934
img_08935.jpg,0.02459999918937683
img_08936.jpg,0.02459999918937683
img_08937.jpg,0.028300000354647636
img_08938.jpg,0.027799999341368675
img_08939.jpg,0.02459999918937683
img_08940.jpg,0.020400000736117363
img_08941.jpg,0.01360000018030405
img_08942.jpg,0.007300000172108412
img_08943.jpg,-0.006800000090152025
img_08944.jpg,-0.007899999618530273
img_08945.jpg,-0.00989999994635582
img_08946.jpg,-0.011500000022351742
img_08947.jpg,-0.012000000104308128
img_08948.jpg,-0.012000000104308128
img_08949.jpg,-0.015699999406933784
img_08950.jpg,-0.03400000184774399
img_08951.jpg,-0.05000000074505806
img_08952.jpg,-0.07580000162124634
img_08953.jpg,-0.09690000116825104
img_08954.jpg,-0.11469999700784683
img_08955.jpg,-0.11789999902248383
img_08956.jpg,-0.1282999962568283
img_08957.jpg,-0.12039999663829803
img_08958.jpg,-0.12039999663829803
img_08959.jpg,-0.08429999649524689
img_08960.jpg,-0.06340000033378601
img_08961.jpg,-0.04450000077486038
img_08962.jpg,-0.02459999918937683
img_08963.jpg,0.014700000174343586
img_08964.jpg,0.014700000174343586
img_08965.jpg,0.016200000420212746
img_08966.jpg,0.015699999406933784
img_08967.jpg,0.012600000016391277
img_08968.jpg,0.009399999864399433
img_08969.jpg,0.004699999932199717
img_08970.jpg,-0.003700000001117587
img_08971.jpg,-0.005200000014156103
img_08972.jpg,-0.005200000014156103
img_08973.jpg,-0.00839999970048666
img_08974.jpg,-0.008899999782443047
img_08975.jpg,0.006300000008195639
img_08976.jpg,0.01360000018030405
img_08977.jpg,0.03139999881386757
img_08978.jpg,0.048700001090765
img_08979.jpg,0.06960000097751617
img_08980.jpg,0.08640000224113464
img_08981.jpg,0.1031000018119812
img_08982.jpg,0.11569999903440475
img_08983.jpg,0.1151999980211258
img_08984.jpg,0.1151999980211258
img_08985.jpg,0.09109999984502792
img_08986.jpg,0.06809999793767929
img_08987.jpg,0.04659999907016754
img_08988.jpg,0.027799999341368675
img_08989.jpg,-0.016200000420212746
img_08990.jpg,-0.018300000578165054
img_08991.jpg,-0.02199999988079071
img_08992.jpg,-0.023600000888109207
img_08993.jpg,-0.023000000044703484
img_08994.jpg,-0.0215000007301569
img_08995.jpg,-0.018799999728798866
img_08996.jpg,-0.015699999406933784
img_08997.jpg,-0.012600000016391277
img_08998.jpg,0.006800000090152025
img_08999.jpg,0.006800000090152025
img_09000.jpg,0.00989999994635582
img_09001.jpg,0.01360000018030405
img_09002.jpg,0.01679999940097332
img_09003.jpg,0.018799999728798866
img_09004.jpg,0.020899999886751175
img_09005.jpg,0.02250000089406967
img_09006.jpg,0.023000000044703484
img_09007.jpg,0.023000000044703484
img_09008.jpg,0.02250000089406967
img_09009.jpg,0.02199999988079071
img_09010.jpg,0.0215000007301569
img_09011.jpg,0.020899999886751175
img_09012.jpg,0.020400000736117363
img_09013.jpg,0.018300000578165054
img_09014.jpg,0.015200000256299973
img_09015.jpg,0.015200000256299973
img_09016.jpg,0.006300000008195639
img_09017.jpg,-0.00419999985024333
img_09018.jpg,-0.004699999932199717
img_09019.jpg,-0.006300000008195639
img_09020.jpg,-0.006800000090152025
img_09021.jpg,-0.007300000172108412
img_09022.jpg,-0.007300000172108412
img_09023.jpg,-0.006800000090152025
img_09024.jpg,-0.006300000008195639
img_09025.jpg,-0.005799999926239252
img_09026.jpg,-0.005200000014156103
img_09027.jpg,-0.004699999932199717
img_09028.jpg,-0.00419999985024333
img_09029.jpg,-0.003700000001117587
img_09030.jpg,-0.003700000001117587
img_09031.jpg,-0.003100000089034438
img_09032.jpg,-0.003100000089034438
img_09033.jpg,-0.003100000089034438
img_09034.jpg,-0.003100000089034438
img_09035.jpg,-0.003100000089034438
img_09036.jpg,-0.003100000089034438
img_09037.jpg,-0.003100000089034438
img_09038.jpg,-0.003100000089034438
img_09039.jpg,-0.003700000001117587
img_09040.jpg,-0.003700000001117587
img_09041.jpg,-0.003700000001117587
img_09042.jpg,-0.003700000001117587
img_09043.jpg,-0.003700000001117587
img_09044.jpg,-0.003700000001117587
img_09045.jpg,-0.003700000001117587
img_09046.jpg,-0.003100000089034438
img_09047.jpg,-0.003100000089034438
img_09048.jpg,-0.003100000089034438
img_09049.jpg,-0.003100000089034438
img_09050.jpg,-0.003100000089034438
img_09051.jpg,-0.003100000089034438
img_09052.jpg,-0.003100000089034438
img_09053.jpg,-0.003100000089034438
img_09054.jpg,-0.003100000089034438
img_09055.jpg,-0.003100000089034438
img_09056.jpg,-0.003100000089034438
img_09057.jpg,-0.003100000089034438
img_09058.jpg,-0.00419999985024333
img_09059.jpg,-0.00989999994635582
img_09060.jpg,-0.019899999722838402
img_09061.jpg,-0.02930000051856041
img_09062.jpg,-0.040300000458955765
img_09063.jpg,-0.048700001090765
img_09064.jpg,-0.05550000071525574
img_09065.jpg,-0.06019999831914902
img_09066.jpg,-0.06019999831914902
img_09067.jpg,-0.07909999787807465
img_09068.jpg,-0.09220000356435776
img_09069.jpg,-0.1046999990940094
img_09070.jpg,-0.11209999769926071
img_09071.jpg,-0.11150000244379044
img_09072.jpg,-0.10159999877214432
img_09073.jpg,-0.08169999718666077
img_09074.jpg,-0.06129999831318855
img_09075.jpg,-0.04190000146627426
img_09076.jpg,0.02250000089406967
img_09077.jpg,0.02250000089406967
img_09078.jpg,0.023000000044703484
img_09079.jpg,0.03929999843239784
img_09080.jpg,0.05649999901652336
img_09081.jpg,0.0737999975681305
img_09082.jpg,0.08980000019073486
img_09083.jpg,0.10840000212192535
img_09084.jpg,0.10679999738931656
img_09085.jpg,0.09790000319480896
img_09086.jpg,0.08009999990463257
img_09087.jpg,0.061799999326467514
img_09088.jpg,0.040300000458955765
img_09089.jpg,0.02250000089406967
img_09090.jpg,-0.014700000174343586
img_09091.jpg,-0.01679999940097332
img_09092.jpg,-0.019899999722838402
img_09093.jpg,-0.019899999722838402
img_09094.jpg,-0.019899999722838402
img_09095.jpg,-0.01730000041425228
img_09096.jpg,-0.014700000174343586
img_09097.jpg,-0.011500000022351742
img_09098.jpg,-0.010499999858438969
img_09099.jpg,-0.012000000104308128
img_09100.jpg,-0.016200000420212746
img_09101.jpg,-0.020899999886751175
img_09102.jpg,-0.0272000003606081
img_09103.jpg,-0.03189999982714653
img_09104.jpg,-0.03669999912381172
img_09105.jpg,-0.03929999843239784
img_09106.jpg,-0.0414000004529953
img_09107.jpg,-0.042399998754262924
img_09108.jpg,-0.042399998754262924
img_09109.jpg,-0.0414000004529953
img_09110.jpg,-0.03720000013709068
img_09111.jpg,-0.03139999881386757
img_09112.jpg,-0.025100000202655792
img_09113.jpg,-0.030899999663233757
img_09114.jpg,-0.040800001472234726
img_09115.jpg,-0.05649999901652336
img_09116.jpg,-0.06809999793767929
img_09117.jpg,-0.07699999958276749
img_09118.jpg,-0.08169999718666077
img_09119.jpg,-0.08269999921321869
img_09120.jpg,-0.08060000091791153
img_09121.jpg,-0.07590000331401825
img_09122.jpg,-0.07590000331401825
img_09123.jpg,-0.059700001031160355
img_09124.jpg,-0.03929999843239784
img_09125.jpg,0.020400000736117363
img_09126.jpg,0.020400000736117363
img_09127.jpg,0.043299999088048935
img_09128.jpg,0.05510000139474869
img_09129.jpg,0.08879999816417694
img_09130.jpg,0.12030000239610672
img_09131.jpg,0.1460999995470047
img_09132.jpg,0.16760000586509705
img_09133.jpg,0.1843000054359436
img_09134.jpg,0.19740000367164612
img_09135.jpg,0.20890000462532043
img_09136.jpg,0.20110000669956207
img_09137.jpg,0.1738000065088272
img_09138.jpg,0.14399999380111694
img_09139.jpg,0.11209999769926071
img_09140.jpg,0.07440000027418137
img_09141.jpg,0.03869999945163727
img_09142.jpg,0.0035000001080334187
img_09143.jpg,-0.05860000103712082
img_09144.jpg,-0.08060000091791153
img_09145.jpg,-0.09480000287294388
img_09146.jpg,-0.10109999775886536
img_09147.jpg,-0.10159999877214432
img_09148.jpg,-0.09319999814033508
img_09149.jpg,-0.08169999718666077
img_09150.jpg,-0.06539999693632126
img_09151.jpg,-0.05130000039935112
img_09152.jpg,-0.03669999912381172
img_09153.jpg,-0.025699999183416367
img_09154.jpg,-0.01730000041425228
img_09155.jpg,-0.012600000016391277
img_09156.jpg,-0.007899999618530273
img_09157.jpg,0.006300000008195639
img_09158.jpg,0.007899999618530273
img_09159.jpg,0.010999999940395355
img_09160.jpg,0.01360000018030405
img_09161.jpg,0.01360000018030405
img_09162.jpg,0.009399999864399433
img_09163.jpg,-0.008899999782443047
img_09164.jpg,-0.012600000016391277
img_09165.jpg,-0.0215000007301569
img_09166.jpg,-0.027899999171495438
img_09167.jpg,-0.035100001841783524
img_09168.jpg,-0.04190000146627426
img_09169.jpg,-0.04610000178217888
img_09170.jpg,-0.048700001090765
img_09171.jpg,-0.05079999938607216
img_09172.jpg,-0.05130000039935112
img_09173.jpg,-0.05180000141263008
img_09174.jpg,-0.05079999938607216
img_09175.jpg,-0.04969999939203262
img_09176.jpg,-0.04820000007748604
img_09177.jpg,-0.04659999907016754
img_09178.jpg,-0.0414000004529953
img_09179.jpg,-0.03460000082850456
img_09180.jpg,-0.02459999918937683
img_09181.jpg,-0.016200000420212746
img_09182.jpg,-0.00839999970048666
img_09183.jpg,0.005200000014156103
img_09184.jpg,0.003100000089034438
img_09185.jpg,-0.0015999999595806003
img_09186.jpg,-0.004800000227987766
img_09187.jpg,-0.007899999618530273
img_09188.jpg,-0.030899999663233757
img_09189.jpg,-0.04690000042319298
img_09190.jpg,-0.06019999831914902
img_09191.jpg,-0.07119999825954437
img_09192.jpg,-0.07119999825954437
img_09193.jpg,-0.08739999681711197
img_09194.jpg,-0.09059999883174896
img_09195.jpg,-0.09319999814033508
img_09196.jpg,-0.09319999814033508
img_09197.jpg,-0.09059999883174896
img_09198.jpg,-0.08590000122785568
img_09199.jpg,-0.07850000262260437
img_09200.jpg,-0.06340000033378601
img_09201.jpg,-0.04820000007748604
img_09202.jpg,-0.030400000512599945
img_09203.jpg,0.01730000041425228
img_09204.jpg,0.02199999988079071
img_09205.jpg,0.032499998807907104
img_09206.jpg,0.04450000077486038
img_09207.jpg,0.06019999831914902
img_09208.jpg,0.07329999655485153
img_09209.jpg,0.08739999681711197
img_09210.jpg,0.09839999675750732
img_09211.jpg,0.10480000078678131
img_09212.jpg,0.11469999700784683
img_09213.jpg,0.10999999940395355
img_09214.jpg,0.08950000256299973
img_09215.jpg,0.08950000256299973
img_09216.jpg,0.03189999982714653
img_09217.jpg,0.006300000008195639
img_09218.jpg,-0.054999999701976776
img_09219.jpg,-0.07169999927282333
img_09220.jpg,-0.08429999649524689
img_09221.jpg,-0.0957999974489212
img_09222.jpg,-0.10260000079870224
img_09223.jpg,-0.1062999963760376
img_09224.jpg,-0.10840000212192535
img_09225.jpg,-0.10840000212192535
img_09226.jpg,-0.1062999963760376
img_09227.jpg,-0.10369999706745148
img_09228.jpg,-0.10109999775886536
img_09229.jpg,-0.09690000116825104
img_09230.jpg,-0.09059999883174896
img_09231.jpg,-0.08269999921321869
img_09232.jpg,-0.08269999921321869
img_09233.jpg,-0.06440000236034393
img_09234.jpg,-0.05550000071525574
img_09235.jpg,-0.04919999837875366
img_09236.jpg,-0.04450000077486038
img_09237.jpg,-0.04500000178813934
img_09238.jpg,-0.04969999939203262
img_09239.jpg,-0.06129999831318855
img_09240.jpg,-0.07280000299215317
img_09241.jpg,-0.08240000158548355
img_09242.jpg,-0.09269999712705612
img_09243.jpg,-0.09950000047683716
img_09244.jpg,-0.10419999808073044
img_09245.jpg,-0.10419999808073044
img_09246.jpg,-0.10209999978542328
img_09247.jpg,-0.10939999669790268
img_09248.jpg,-0.10939999669790268
img_09249.jpg,-0.1251000016927719
img_09250.jpg,-0.13089999556541443
img_09251.jpg,-0.13670000433921814
img_09252.jpg,-0.14239999651908875
img_09253.jpg,-0.14920000731945038
img_09254.jpg,-0.15449999272823334
img_09255.jpg,-0.15919999778270721
img_09256.jpg,-0.1606999933719635
img_09257.jpg,-0.16019999980926514
img_09258.jpg,-0.15760000050067902
img_09259.jpg,-0.1550000011920929
img_09260.jpg,-0.15029999613761902
img_09261.jpg,-0.14820000529289246
img_09262.jpg,-0.14820000529289246
img_09263.jpg,-0.15240000188350677
img_09264.jpg,-0.15549999475479126
img_09265.jpg,-0.15870000422000885
img_09266.jpg,-0.16179999709129333
img_09267.jpg,-0.16130000352859497
img_09268.jpg,-0.1565999984741211
img_09269.jpg,-0.15710000693798065
img_09270.jpg,-0.1623000055551529
img_09271.jpg,-0.1738000065088272
img_09272.jpg,-0.18639999628067017
img_09273.jpg,-0.1518000066280365
img_09274.jpg,-0.14399999380111694
img_09275.jpg,-0.15449999272823334
img_09276.jpg,-0.16599999368190765
img_09277.jpg,-0.17440000176429749
img_09278.jpg,-0.19110000133514404
img_09279.jpg,-0.2134999930858612
img_09280.jpg,-0.2264000028371811
img_09281.jpg,-0.26339998841285706
img_09282.jpg,-0.2858000099658966
img_09283.jpg,-0.3142000138759613
img_09284.jpg,-0.3142000138759613
img_09285.jpg,-0.3142000138759613
img_09286.jpg,-0.3142000138759613
img_09287.jpg,-0.31150001287460327
img_09288.jpg,-0.3010999858379364
img_09289.jpg,-0.2842999994754791
img_09290.jpg,-0.2639000117778778
img_09291.jpg,-0.23559999465942383
img_09292.jpg,-0.21150000393390656
img_09293.jpg,-0.18219999969005585
img_09294.jpg,-0.1550000011920929
img_09295.jpg,-0.13040000200271606
img_09296.jpg,-0.10840000212192535
img_09297.jpg,-0.10840000212192535
img_09298.jpg,-0.08900000154972076
img_09299.jpg,-0.09109999984502792
img_09300.jpg,-0.10939999669790268
img_09301.jpg,-0.12860000133514404
img_09302.jpg,-0.1695999950170517
img_09303.jpg,-0.20250000059604645
img_09304.jpg,-0.23919999599456787
img_09305.jpg,-0.3142000138759613
img_09306.jpg,-0.3142000138759613
img_09307.jpg,-0.3142000138759613
img_09308.jpg,-0.3142000138759613
img_09309.jpg,-0.3142000138759613
img_09310.jpg,-0.3142000138759613
img_09311.jpg,-0.3142000138759613
img_09312.jpg,-0.3142000138759613
img_09313.jpg,-0.3142000138759613
img_09314.jpg,-0.3142000138759613
img_09315.jpg,-0.3021000027656555
img_09316.jpg,-0.29429998993873596
img_09317.jpg,-0.2858999967575073
img_09318.jpg,-0.2702000141143799
img_09319.jpg,-0.2702000141143799
img_09320.jpg,-0.24240000545978546
img_09321.jpg,-0.22930000722408295
img_09322.jpg,-0.22930000722408295
img_09323.jpg,-0.2554999887943268
img_09324.jpg,-0.2858999967575073
img_09325.jpg,-0.3142000138759613
img_09326.jpg,-0.3142000138759613
img_09327.jpg,-0.3142000138759613
img_09328.jpg,-0.3142000138759613
img_09329.jpg,-0.3142000138759613
img_09330.jpg,-0.3142000138759613
img_09331.jpg,-0.3142000138759613
img_09332.jpg,-0.3142000138759613
img_09333.jpg,-0.3142000138759613
img_09334.jpg,-0.3142000138759613
img_09335.jpg,-0.2896000146865845
img_09336.jpg,-0.2538999915122986
img_09337.jpg,-0.20999999344348907
img_09338.jpg,-0.17649999260902405
img_09339.jpg,-0.15449999272823334
img_09340.jpg,-0.13609999418258667
img_09341.jpg,-0.13609999418258667
img_09342.jpg,-0.10840000212192535
img_09343.jpg,-0.11410000175237656
img_09344.jpg,-0.12620000541210175
img_09345.jpg,-0.14560000598430634
img_09346.jpg,-0.17329999804496765
img_09347.jpg,-0.20110000669956207
img_09348.jpg,-0.23309999704360962
img_09349.jpg,-0.262800008058548
img_09350.jpg,-0.28380000591278076
img_09351.jpg,-0.2969000041484833
img_09352.jpg,-0.3142000138759613
img_09353.jpg,-0.3142000138759613
img_09354.jpg,-0.3142000138759613
img_09355.jpg,-0.3142000138759613
img_09356.jpg,-0.3142000138759613
img_09357.jpg,-0.3142000138759613
img_09358.jpg,-0.3142000138759613
img_09359.jpg,-0.3142000138759613
img_09360.jpg,-0.3142000138759613
img_09361.jpg,-0.3142000138759613
img_09362.jpg,-0.31360000371932983
img_09363.jpg,-0.3057999908924103
img_09364.jpg,-0.29319998621940613
img_09365.jpg,-0.28060001134872437
img_09366.jpg,-0.26969999074935913
img_09367.jpg,-0.25870001316070557
img_09368.jpg,-0.24819999933242798
img_09369.jpg,-0.23720000684261322
img_09370.jpg,-0.21780000627040863
img_09371.jpg,-0.19370000064373016
img_09372.jpg,-0.16019999980926514
img_09373.jpg,-0.12780000269412994
img_09374.jpg,-0.09790000319480896
img_09375.jpg,-0.06599999964237213
img_09376.jpg,-0.04190000146627426
img_09377.jpg,-0.04190000146627426
img_09378.jpg,-0.018300000578165054
img_09379.jpg,-0.03750000149011612
img_09380.jpg,-0.10520000010728836
img_09381.jpg,-0.1931000053882599
img_09382.jpg,-0.3142000138759613
img_09383.jpg,-0.3142000138759613
img_09384.jpg,-0.3142000138759613
img_09385.jpg,-0.3142000138759613
img_09386.jpg,-0.3142000138759613
img_09387.jpg,-0.3142000138759613
img_09388.jpg,-0.3142000138759613
img_09389.jpg,-0.3142000138759613
img_09390.jpg,-0.3142000138759613
img_09391.jpg,-0.3142000138759613
img_09392.jpg,-0.3142000138759613
img_09393.jpg,-0.3142000138759613
img_09394.jpg,-0.3142000138759613
img_09395.jpg,-0.3142000138759613
img_09396.jpg,-0.3142000138759613
img_09397.jpg,-0.3142000138759613
img_09398.jpg,-0.3142000138759613
img_09399.jpg,-0.3142000138759613
img_09400.jpg,-0.3142000138759613
img_09401.jpg,-0.3142000138759613
img_09402.jpg,-0.3142000138759613
img_09403.jpg,-0.3142000138759613
img_09404.jpg,-0.3142000138759613
img_09405.jpg,-0.3142000138759613
img_09406.jpg,-0.3142000138759613
img_09407.jpg,-0.3142000138759613
img_09408.jpg,-0.3142000138759613
img_09409.jpg,-0.3142000138759613
img_09410.jpg,-0.3142000138759613
img_09411.jpg,-0.3052999973297119
img_09412.jpg,-0.2754000127315521
img_09413.jpg,-0.23559999465942383
img_09414.jpg,-0.17910000681877136
img_09415.jpg,-0.13040000200271606
img_09416.jpg,-0.08060000091791153
img_09417.jpg,-0.04500000178813934
img_09418.jpg,0.023600000888109207
img_09419.jpg,0.018300000578165054
img_09420.jpg,0.018300000578165054
img_09421.jpg,0.020899999886751175
img_09422.jpg,0.018799999728798866
img_09423.jpg,0.01679999940097332
img_09424.jpg,0.014100000262260437
img_09425.jpg,0.010999999940395355
img_09426.jpg,0.007899999618530273
img_09427.jpg,-0.014499999582767487
img_09428.jpg,-0.02930000051856041
img_09429.jpg,-0.04500000178813934
img_09430.jpg,-0.061799999326467514
img_09431.jpg,-0.07490000128746033
img_09432.jpg,-0.08479999750852585
img_09433.jpg,-0.08739999681711197
img_09434.jpg,-0.08060000091791153
img_09435.jpg,-0.07119999825954437
img_09436.jpg,-0.07119999825954437
img_09437.jpg,-0.05079999938607216
img_09438.jpg,-0.040800001472234726
img_09439.jpg,-0.03350000083446503
img_09440.jpg,-0.0272000003606081
img_09441.jpg,-0.023000000044703484
img_09442.jpg,-0.019899999722838402
img_09443.jpg,-0.014700000174343586
img_09444.jpg,0.00839999970048666
img_09445.jpg,0.010999999940395355
img_09446.jpg,0.020600000396370888
img_09447.jpg,0.02889999933540821
img_09448.jpg,0.06430000066757202
img_09449.jpg,0.10939999669790268
img_09450.jpg,0.14550000429153442
img_09451.jpg,0.18160000443458557
img_09452.jpg,0.21070000529289246
img_09453.jpg,0.2606000006198883
img_09454.jpg,0.2863999903202057
img_09455.jpg,0.29269999265670776
img_09456.jpg,0.2775000035762787
img_09457.jpg,0.25450000166893005
img_09458.jpg,0.21780000627040863
img_09459.jpg,0.18379999697208405
img_09460.jpg,0.14399999380111694
img_09461.jpg,0.11209999769926071
img_09462.jpg,0.08479999750852585
img_09463.jpg,0.05550000071525574
img_09464.jpg,0.05550000071525574
img_09465.jpg,-0.025100000202655792
img_09466.jpg,-0.027799999341368675
img_09467.jpg,-0.032499998807907104
img_09468.jpg,-0.03460000082850456
img_09469.jpg,-0.03350000083446503
img_09470.jpg,-0.02979999966919422
img_09471.jpg,-0.025699999183416367
img_09472.jpg,-0.020899999886751175
img_09473.jpg,-0.016200000420212746
img_09474.jpg,-0.013100000098347664
img_09475.jpg,-0.009399999864399433
img_09476.jpg,-0.006800000090152025
img_09477.jpg,-0.005200000014156103
img_09478.jpg,0.007300000172108412
img_09479.jpg,0.018799999728798866
img_09480.jpg,0.035599999129772186
img_09481.jpg,0.054999999701976776
img_09482.jpg,0.07739999890327454
img_09483.jpg,0.10209999978542328
img_09484.jpg,0.12200000137090683
img_09485.jpg,0.12200000137090683
img_09486.jpg,0.16019999980926514
img_09487.jpg,0.17589999735355377
img_09488.jpg,0.1784999966621399
img_09489.jpg,0.15870000422000885
img_09490.jpg,0.13300000131130219
img_09491.jpg,0.10369999706745148
img_09492.jpg,0.07440000027418137
img_09493.jpg,0.040800001472234726
img_09494.jpg,-0.03189999982714653
img_09495.jpg,-0.04500000178813934
img_09496.jpg,-0.0674000009894371
img_09497.jpg,-0.0957999974489212
img_09498.jpg,-0.11410000175237656
img_09499.jpg,-0.1251000016927719
img_09500.jpg,-0.1251000016927719
img_09501.jpg,-0.12409999966621399
img_09502.jpg,-0.11469999700784683
img_09503.jpg,-0.11469999700784683
img_09504.jpg,-0.09059999883174896
img_09505.jpg,-0.0723000019788742
img_09506.jpg,-0.0723000019788742
img_09507.jpg,-0.023600000888109207
img_09508.jpg,-0.004399999976158142
img_09509.jpg,0.05429999902844429
img_09510.jpg,0.11159999668598175
img_09511.jpg,0.14869999885559082
img_09512.jpg,0.19009999930858612
img_09513.jpg,0.2020999938249588
img_09514.jpg,0.20110000669956207
img_09515.jpg,0.19059999287128448
img_09516.jpg,0.16760000586509705
img_09517.jpg,0.14499999582767487
img_09518.jpg,0.12300000339746475
img_09519.jpg,0.11680000275373459
img_09520.jpg,0.11680000275373459
img_09521.jpg,0.13670000433921814
img_09522.jpg,0.1590999960899353
img_09523.jpg,0.19580000638961792
img_09524.jpg,0.2054000049829483
img_09525.jpg,0.24120000004768372
img_09526.jpg,0.257099986076355
img_09527.jpg,0.24709999561309814
img_09528.jpg,0.21469999849796295
img_09529.jpg,0.17910000681877136
img_09530.jpg,0.13609999418258667
img_09531.jpg,0.11050000041723251
img_09532.jpg,0.11050000041723251
img_09533.jpg,0.09220000356435776
img_09534.jpg,0.09629999846220016
img_09535.jpg,0.1046999990940094
img_09536.jpg,0.11890000104904175
img_09537.jpg,0.131400004029274
img_09538.jpg,0.14350000023841858
img_09539.jpg,0.1534000039100647
img_09540.jpg,0.15129999816417694
img_09541.jpg,0.15129999816417694
img_09542.jpg,0.11569999903440475
img_09543.jpg,0.09059999883174896
img_09544.jpg,0.06599999964237213
img_09545.jpg,0.04349999874830246
img_09546.jpg,-0.023000000044703484
img_09547.jpg,-0.018799999728798866
img_09548.jpg,-0.020400000736117363
img_09549.jpg,0.010499999858438969
img_09550.jpg,0.020400000736117363
img_09551.jpg,0.026799999177455902
img_09552.jpg,0.06480000168085098
img_09553.jpg,0.07490000128746033
img_09554.jpg,0.1298000067472458
img_09555.jpg,0.15129999816417694
img_09556.jpg,0.17170000076293945
img_09557.jpg,0.18539999425411224
img_09558.jpg,0.19429999589920044
img_09559.jpg,0.19750000536441803
img_09560.jpg,0.19689999520778656
img_09561.jpg,0.1873999983072281
img_09562.jpg,0.17069999873638153
img_09563.jpg,0.1460999995470047
img_09564.jpg,0.11050000041723251
img_09565.jpg,0.07850000262260437
img_09566.jpg,0.04969999939203262
img_09567.jpg,-0.02930000051856041
img_09568.jpg,-0.025699999183416367
img_09569.jpg,-0.028300000354647636
img_09570.jpg,-0.0215000007301569
img_09571.jpg,0.011500000022351742
img_09572.jpg,0.01940000057220459
img_09573.jpg,0.03139999881386757
img_09574.jpg,0.04399999976158142
img_09575.jpg,0.059700001031160355
img_09576.jpg,0.0723000019788742
img_09577.jpg,0.08380000293254852
img_09578.jpg,0.09480000287294388
img_09579.jpg,0.1031000018119812
img_09580.jpg,0.10999999940395355
img_09581.jpg,0.11469999700784683
img_09582.jpg,0.11729999631643295
img_09583.jpg,0.11209999769926071
img_09584.jpg,0.10000000149011612
img_09585.jpg,0.07959999889135361
img_09586.jpg,0.059700001031160355
img_09587.jpg,0.0414000004529953
img_09588.jpg,0.025100000202655792
img_09589.jpg,-0.016200000420212746
img_09590.jpg,-0.014700000174343586
img_09591.jpg,-0.01730000041425228
img_09592.jpg,-0.01679999940097332
img_09593.jpg,-0.014100000262260437
img_09594.jpg,-0.011500000022351742
img_09595.jpg,-0.013100000098347664
img_09596.jpg,-0.01730000041425228
img_09597.jpg,-0.025100000202655792
img_09598.jpg,-0.032499998807907104
img_09599.jpg,-0.039799999445676804
img_09600.jpg,-0.0471000000834465
img_09601.jpg,-0.0502999983727932
img_09602.jpg,-0.057100001722574234
img_09603.jpg,-0.06019999831914902
img_09604.jpg,-0.06019999831914902
img_09605.jpg,-0.06019999831914902
img_09606.jpg,-0.05339999869465828
img_09607.jpg,-0.048700001090765
img_09608.jpg,-0.04349999874830246
img_09609.jpg,-0.03929999843239784
img_09610.jpg,-0.03189999982714653
img_09611.jpg,-0.02459999918937683
img_09612.jpg,-0.016200000420212746
img_09613.jpg,-0.008899999782443047
img_09614.jpg,0.005799999926239252
img_09615.jpg,0.006300000008195639
img_09616.jpg,0.006800000090152025
img_09617.jpg,0.006800000090152025
img_09618.jpg,0.005799999926239252
img_09619.jpg,0.004699999932199717
img_09620.jpg,0.004699999932199717
img_09621.jpg,0.003100000089034438
img_09622.jpg,0.01360000018030405
img_09623.jpg,0.02979999966919422
img_09624.jpg,0.04899999871850014
img_09625.jpg,0.061900001019239426
img_09626.jpg,0.10000000149011612
img_09627.jpg,0.11919999867677689
img_09628.jpg,0.1340000033378601
img_09629.jpg,0.14239999651908875
img_09630.jpg,0.14560000598430634
img_09631.jpg,0.14079999923706055
img_09632.jpg,0.12620000541210175
img_09633.jpg,0.10679999738931656
img_09634.jpg,0.07020000368356705
img_09635.jpg,-0.048700001090765
img_09636.jpg,-0.06599999964237213
img_09637.jpg,-0.07240000367164612
img_09638.jpg,-0.13339999318122864
img_09639.jpg,-0.16899999976158142
img_09640.jpg,-0.20149999856948853
img_09641.jpg,-0.21889999508857727
img_09642.jpg,-0.22779999673366547
img_09643.jpg,-0.2125999927520752
img_09644.jpg,-0.19009999930858612
img_09645.jpg,-0.16279999911785126
img_09646.jpg,-0.12720000743865967
img_09647.jpg,-0.09740000218153
img_09648.jpg,-0.0737999975681305
img_09649.jpg,-0.05339999869465828
img_09650.jpg,-0.042399998754262924
img_09651.jpg,-0.03460000082850456
img_09652.jpg,-0.0272000003606081
img_09653.jpg,-0.019899999722838402
img_09654.jpg,-0.014100000262260437
img_09655.jpg,-0.009399999864399433
img_09656.jpg,-0.006300000008195639
img_09657.jpg,-0.006300000008195639
img_09658.jpg,-0.00419999985024333
img_09659.jpg,-0.00419999985024333
img_09660.jpg,-0.005200000014156103
img_09661.jpg,-0.006300000008195639
img_09662.jpg,-0.007899999618530273
img_09663.jpg,-0.007899999618530273
img_09664.jpg,-0.007300000172108412
img_09665.jpg,-0.005799999926239252
img_09666.jpg,-0.003100000089034438
img_09667.jpg,0.004699999932199717
img_09668.jpg,0.007899999618530273
img_09669.jpg,0.011500000022351742
img_09670.jpg,0.014700000174343586
img_09671.jpg,0.01730000041425228
img_09672.jpg,0.018799999728798866
img_09673.jpg,0.019899999722838402
img_09674.jpg,0.015699999406933784
img_09675.jpg,-0.010499999858438969
img_09676.jpg,-0.019899999722838402
img_09677.jpg,-0.023099999874830246
img_09678.jpg,-0.04919999837875366
img_09679.jpg,-0.06390000134706497
img_09680.jpg,-0.07699999958276749
img_09681.jpg,-0.09059999883174896
img_09682.jpg,-0.10050000250339508
img_09683.jpg,-0.10520000010728836
img_09684.jpg,-0.10580000281333923
img_09685.jpg,-0.10369999706745148
img_09686.jpg,-0.09790000319480896
img_09687.jpg,-0.0869000032544136
img_09688.jpg,-0.0723000019788742
img_09689.jpg,-0.05920000001788139
img_09690.jpg,-0.04919999837875366
img_09691.jpg,-0.04190000146627426
img_09692.jpg,-0.03669999912381172
img_09693.jpg,-0.032499998807907104
img_09694.jpg,-0.030899999663233757
img_09695.jpg,-0.032999999821186066
img_09696.jpg,-0.035599999129772186
img_09697.jpg,-0.037700001150369644
img_09698.jpg,-0.03929999843239784
img_09699.jpg,-0.040800001472234726
img_09700.jpg,-0.040800001472234726
img_09701.jpg,-0.0414000004529953
img_09702.jpg,-0.03669999912381172
img_09703.jpg,-0.02930000051856041
img_09704.jpg,-0.02250000089406967
img_09705.jpg,-0.018799999728798866
img_09706.jpg,-0.017799999564886093
img_09707.jpg,-0.018799999728798866
img_09708.jpg,-0.0215000007301569
img_09709.jpg,-0.02410000003874302
img_09710.jpg,-0.032499998807907104
img_09711.jpg,-0.05130000039935112
img_09712.jpg,-0.07639999687671661
img_09713.jpg,-0.08919999748468399
img_09714.jpg,-0.12809999287128448
img_09715.jpg,-0.15760000050067902
img_09716.jpg,-0.1607999950647354
img_09717.jpg,-0.20250000059604645
img_09718.jpg,-0.2168000042438507
img_09719.jpg,-0.2224999964237213
img_09720.jpg,-0.2198999971151352
img_09721.jpg,-0.20679999887943268
img_09722.jpg,-0.1915999948978424
img_09723.jpg,-0.17749999463558197
img_09724.jpg,-0.16279999911785126
img_09725.jpg,-0.1518000066280365
img_09726.jpg,-0.14499999582767487
img_09727.jpg,-0.14079999923706055
img_09728.jpg,-0.13930000364780426
img_09729.jpg,-0.14030000567436218
img_09730.jpg,-0.14190000295639038
img_09731.jpg,-0.14399999380111694
img_09732.jpg,-0.14190000295639038
img_09733.jpg,-0.14239999651908875
img_09734.jpg,-0.14499999582767487
img_09735.jpg,-0.1534000039100647
img_09736.jpg,-0.1623000055551529
img_09737.jpg,-0.17170000076293945
img_09738.jpg,-0.1784999966621399
img_09739.jpg,-0.18379999697208405
img_09740.jpg,-0.18379999697208405
img_09741.jpg,-0.18539999425411224
img_09742.jpg,-0.1800999939441681
img_09743.jpg,-0.17329999804496765
img_09744.jpg,-0.16339999437332153
img_09745.jpg,-0.15389999747276306
img_09746.jpg,-0.14030000567436218
img_09747.jpg,-0.12620000541210175
img_09748.jpg,-0.11259999871253967
img_09749.jpg,-0.11100000143051147
img_09750.jpg,-0.11940000206232071
img_09751.jpg,-0.12929999828338623
img_09752.jpg,-0.14139999449253082
img_09753.jpg,-0.14139999449253082
img_09754.jpg,-0.15289999544620514
img_09755.jpg,-0.15289999544620514
img_09756.jpg,-0.15549999475479126
img_09757.jpg,-0.15870000422000885
img_09758.jpg,-0.16130000352859497
img_09759.jpg,-0.16130000352859497
img_09760.jpg,0.10050000250339508
img_09761.jpg,0.07119999825954437
img_09762.jpg,0.057100001722574234
img_09763.jpg,0.0471000000834465
img_09764.jpg,0.03869999945163727
img_09765.jpg,0.02979999966919422
img_09766.jpg,0.018300000578165054
img_09767.jpg,-0.010999999940395355
img_09768.jpg,-0.014700000174343586
img_09769.jpg,-0.020899999886751175
img_09770.jpg,-0.030400000512599945
img_09771.jpg,-0.04610000178217888
img_09772.jpg,-0.06129999831318855
img_09773.jpg,-0.07639999687671661
img_09774.jpg,-0.09880000352859497
img_09775.jpg,-0.11919999867677689
img_09776.jpg,-0.15600000321865082
img_09777.jpg,-0.17520000040531158
img_09778.jpg,-0.21150000393390656
img_09779.jpg,-0.2312999963760376
img_09780.jpg,-0.2606000006198883
img_09781.jpg,-0.2824999988079071
img_09782.jpg,-0.3142000138759613
img_09783.jpg,-0.3142000138759613
img_09784.jpg,-0.3142000138759613
img_09785.jpg,-0.3142000138759613
img_09786.jpg,-0.3142000138759613
img_09787.jpg,-0.3142000138759613
img_09788.jpg,-0.3142000138759613
img_09789.jpg,-0.3142000138759613
img_09790.jpg,-0.3142000138759613
img_09791.jpg,-0.3142000138759613
img_09792.jpg,-0.3142000138759613
img_09793.jpg,-0.3142000138759613
img_09794.jpg,-0.3142000138759613
img_09795.jpg,-0.3142000138759613
img_09796.jpg,-0.3142000138759613
img_09797.jpg,-0.27230000495910645
img_09798.jpg,-0.23199999332427979
img_09799.jpg,-0.19429999589920044
img_09800.jpg,-0.164900004863739
img_09801.jpg,-0.1445000022649765
img_09802.jpg,-0.13770000636577606
img_09803.jpg,-0.13930000364780426
img_09804.jpg,-0.14399999380111694
img_09805.jpg,-0.15240000188350677
img_09806.jpg,-0.1606999933719635
img_09807.jpg,-0.17990000545978546
img_09808.jpg,-0.18649999797344208
img_09809.jpg,-0.21889999508857727
img_09810.jpg,-0.24289999902248383
img_09811.jpg,-0.2669999897480011
img_09812.jpg,-0.28299999237060547
img_09813.jpg,-0.31189998984336853
img_09814.jpg,-0.3142000138759613
img_09815.jpg,-0.3142000138759613
img_09816.jpg,-0.3142000138759613
img_09817.jpg,-0.3142000138759613
img_09818.jpg,-0.3142000138759613
img_09819.jpg,-0.3142000138759613
img_09820.jpg,-0.3142000138759613
img_09821.jpg,-0.3142000138759613
img_09822.jpg,-0.3142000138759613
img_09823.jpg,-0.3093999922275543
img_09824.jpg,-0.2847999930381775
img_09825.jpg,-0.30399999022483826
img_09826.jpg,-0.3142000138759613
img_09827.jpg,-0.3142000138759613
img_09828.jpg,-0.3142000138759613
img_09829.jpg,-0.3142000138759613
img_09830.jpg,-0.3142000138759613
img_09831.jpg,-0.3142000138759613
img_09832.jpg,-0.3142000138759613
img_09833.jpg,-0.3142000138759613
img_09834.jpg,-0.3142000138759613
img_09835.jpg,-0.29739999771118164
img_09836.jpg,-0.2712000012397766
img_09837.jpg,-0.2508000135421753
img_09838.jpg,-0.2303999960422516
img_09839.jpg,-0.2152000069618225
img_09840.jpg,-0.2053000032901764
img_09841.jpg,-0.2004999965429306
img_09842.jpg,-0.21150000393390656
img_09843.jpg,-0.22750000655651093
img_09844.jpg,-0.23980000615119934
img_09845.jpg,-0.29100000858306885
img_09846.jpg,-0.2985000014305115
img_09847.jpg,-0.3142000138759613
img_09848.jpg,-0.3142000138759613
img_09849.jpg,-0.3093999922275543
img_09850.jpg,-0.28850001096725464
img_09851.jpg,-0.2791000008583069
img_09852.jpg,-0.27379998564720154
img_09853.jpg,-0.26969999074935913
img_09854.jpg,-0.24609999358654022
img_09855.jpg,-0.2198999971151352
img_09856.jpg,-0.19269999861717224
img_09857.jpg,-0.15870000422000885
img_09858.jpg,-0.13040000200271606
img_09859.jpg,-0.10939999669790268
img_09860.jpg,-0.10939999669790268
img_09861.jpg,-0.10050000250339508
img_09862.jpg,-0.10050000250339508
img_09863.jpg,-0.09220000356435776
img_09864.jpg,-0.07490000128746033
img_09865.jpg,-0.057100001722574234
img_09866.jpg,-0.03669999912381172
img_09867.jpg,-0.0215000007301569
img_09868.jpg,0.011500000022351742
img_09869.jpg,0.00989999994635582
img_09870.jpg,0.009399999864399433
img_09871.jpg,-0.013000000268220901
img_09872.jpg,-0.06639999896287918
img_09873.jpg,-0.12200000137090683
img_09874.jpg,-0.1800999939441681
img_09875.jpg,-0.23180000483989716
img_09876.jpg,-0.2985000014305115
img_09877.jpg,-0.3142000138759613
img_09878.jpg,-0.3142000138759613
img_09879.jpg,-0.30889999866485596
img_09880.jpg,-0.29429998993873596
img_09881.jpg,-0.28119999170303345
img_09882.jpg,-0.2669999897480011
img_09883.jpg,-0.23399999737739563
img_09884.jpg,-0.20110000669956207
img_09885.jpg,-0.1680999994277954
img_09886.jpg,-0.13040000200271606
img_09887.jpg,-0.09950000047683716
img_09888.jpg,-0.07490000128746033
img_09889.jpg,-0.07490000128746033
img_09890.jpg,-0.03669999912381172
img_09891.jpg,-0.023600000888109207
img_09892.jpg,-0.035599999129772186
img_09893.jpg,-0.051600001752376556
img_09894.jpg,-0.08309999853372574
img_09895.jpg,-0.11270000040531158
img_09896.jpg,-0.1738000065088272
img_09897.jpg,-0.21879999339580536
img_09898.jpg,-0.249099999666214
img_09899.jpg,-0.2736000120639801
img_09900.jpg,-0.27489998936653137
img_09901.jpg,-0.26019999384880066
img_09902.jpg,-0.22990000247955322
img_09903.jpg,-0.19900000095367432
img_09904.jpg,-0.16859999299049377
img_09905.jpg,-0.13300000131130219
img_09906.jpg,-0.13300000131130219
img_09907.jpg,-0.07540000230073929
img_09908.jpg,-0.04349999874830246
img_09909.jpg,0.02459999918937683
img_09910.jpg,0.02199999988079071
img_09911.jpg,0.025699999183416367
img_09912.jpg,0.025100000202655792
img_09913.jpg,0.020899999886751175
img_09914.jpg,0.016200000420212746
img_09915.jpg,0.009399999864399433
img_09916.jpg,-0.005799999926239252
img_09917.jpg,-0.005799999926239252
img_09918.jpg,-0.008899999782443047
img_09919.jpg,-0.010499999858438969
img_09920.jpg,-0.011500000022351742
img_09921.jpg,-0.011500000022351742
img_09922.jpg,-0.011500000022351742
img_09923.jpg,-0.014100000262260437
img_09924.jpg,-0.03189999982714653
img_09925.jpg,-0.05130000039935112
img_09926.jpg,-0.07540000230073929
img_09927.jpg,-0.09529999643564224
img_09928.jpg,-0.11309999972581863
img_09929.jpg,-0.11630000174045563
img_09930.jpg,-0.1282999962568283
img_09931.jpg,-0.12099999934434891
img_09932.jpg,-0.10260000079870224
img_09933.jpg,-0.08330000191926956
img_09934.jpg,-0.08330000191926956
img_09935.jpg,-0.03869999945163727
img_09936.jpg,-0.02199999988079071
img_09937.jpg,0.015699999406933784
img_09938.jpg,0.015699999406933784
img_09939.jpg,0.015200000256299973
img_09940.jpg,0.010499999858438969
img_09941.jpg,-0.007899999618530273
img_09942.jpg,-0.008899999782443047
img_09943.jpg,-0.010999999940395355
img_09944.jpg,-0.012600000016391277
img_09945.jpg,-0.012600000016391277
img_09946.jpg,0.010999999940395355
img_09947.jpg,0.010999999940395355
img_09948.jpg,0.03869999945163727
img_09949.jpg,0.0560000017285347
img_09950.jpg,0.07519999891519547
img_09951.jpg,0.09239999949932098
img_09952.jpg,0.10840000212192535
img_09953.jpg,0.11940000206232071
img_09954.jpg,0.11729999631643295
img_09955.jpg,0.10209999978542328
img_09956.jpg,0.08380000293254852
img_09957.jpg,0.06440000236034393
img_09958.jpg,0.039799999445676804
img_09959.jpg,-0.019899999722838402
img_09960.jpg,-0.01679999940097332
img_09961.jpg,-0.02199999988079071
img_09962.jpg,-0.023600000888109207
img_09963.jpg,-0.023000000044703484
img_09964.jpg,-0.0215000007301569
img_09965.jpg,-0.018799999728798866
img_09966.jpg,-0.015200000256299973
img_09967.jpg,-0.011500000022351742
img_09968.jpg,0.006800000090152025
img_09969.jpg,0.007300000172108412
img_09970.jpg,0.012600000016391277
img_09971.jpg,0.016200000420212746
img_09972.jpg,0.01940000057220459
img_09973.jpg,0.02199999988079071
img_09974.jpg,0.023600000888109207
img_09975.jpg,0.02410000003874302
img_09976.jpg,0.02410000003874302
img_09977.jpg,0.02410000003874302
img_09978.jpg,0.023000000044703484
img_09979.jpg,0.02250000089406967
img_09980.jpg,0.020899999886751175
img_09981.jpg,0.020400000736117363
img_09982.jpg,0.01940000057220459
img_09983.jpg,0.01730000041425228
img_09984.jpg,0.014100000262260437
img_09985.jpg,0.00989999994635582
img_09986.jpg,-0.005200000014156103
img_09987.jpg,-0.00419999985024333
img_09988.jpg,-0.005200000014156103
img_09989.jpg,-0.005200000014156103
img_09990.jpg,-0.006300000008195639
img_09991.jpg,-0.006300000008195639
img_09992.jpg,-0.006300000008195639
img_09993.jpg,-0.005799999926239252
img_09994.jpg,-0.005200000014156103
img_09995.jpg,-0.005200000014156103
img_09996.jpg,-0.004699999932199717
img_09997.jpg,-0.00419999985024333
img_09998.jpg,-0.003700000001117587
img_09999.jpg,-0.003700000001117587
img_10000.jpg,-0.003700000001117587
img_10001.jpg,-0.003700000001117587
img_10002.jpg,-0.003100000089034438
img_10003.jpg,-0.003100000089034438
img_10004.jpg,-0.003100000089034438
img_10005.jpg,-0.003100000089034438
img_10006.jpg,-0.003100000089034438
img_10007.jpg,-0.003700000001117587
img_10008.jpg,-0.003700000001117587
img_10009.jpg,-0.003700000001117587
img_10010.jpg,-0.003700000001117587
img_10011.jpg,-0.003700000001117587
img_10012.jpg,-0.003700000001117587
img_10013.jpg,-0.003700000001117587
img_10014.jpg,-0.003700000001117587
img_10015.jpg,-0.003100000089034438
img_10016.jpg,-0.003100000089034438
img_10017.jpg,-0.003100000089034438
img_10018.jpg,-0.003100000089034438
img_10019.jpg,-0.003100000089034438
img_10020.jpg,-0.003100000089034438
img_10021.jpg,-0.003100000089034438
img_10022.jpg,-0.003100000089034438
img_10023.jpg,-0.003100000089034438
img_10024.jpg,-0.003100000089034438
img_10025.jpg,-0.003100000089034438
img_10026.jpg,-0.003100000089034438
img_10027.jpg,-0.00419999985024333
img_10028.jpg,-0.010599999688565731
img_10029.jpg,-0.018400000408291817
img_10030.jpg,-0.03189999982714653
img_10031.jpg,-0.0414000004529953
img_10032.jpg,-0.0502999983727932
img_10033.jpg,-0.05350000038743019
img_10034.jpg,-0.06069999933242798
img_10035.jpg,-0.06700000166893005
img_10036.jpg,-0.07850000262260437
img_10037.jpg,-0.09449999779462814
img_10038.jpg,-0.10520000010728836
img_10039.jpg,-0.11309999972581863
img_10040.jpg,-0.11259999871253967
img_10041.jpg,-0.09790000319480896
img_10042.jpg,-0.08060000091791153
img_10043.jpg,-0.06129999831318855
img_10044.jpg,-0.042899999767541885
img_10045.jpg,0.0215000007301569
img_10046.jpg,0.017799999564886093
img_10047.jpg,0.0215000007301569
img_10048.jpg,0.024700000882148743
img_10049.jpg,0.05050000175833702
img_10050.jpg,0.07639999687671661
img_10051.jpg,0.09529999643564224
img_10052.jpg,0.10170000046491623
img_10053.jpg,0.10679999738931656
img_10054.jpg,0.09480000287294388
img_10055.jpg,0.07959999889135361
img_10056.jpg,0.05860000103712082
img_10057.jpg,0.039799999445676804
img_10058.jpg,-0.020400000736117363
img_10059.jpg,-0.018300000578165054
img_10060.jpg,-0.0215000007301569
img_10061.jpg,-0.020899999886751175
img_10062.jpg,-0.019899999722838402
img_10063.jpg,-0.01679999940097332
img_10064.jpg,-0.01360000018030405
img_10065.jpg,-0.00989999994635582
img_10066.jpg,-0.006800000090152025
img_10067.jpg,-0.008899999782443047
img_10068.jpg,-0.012600000016391277
img_10069.jpg,-0.018799999728798866
img_10070.jpg,-0.02459999918937683
img_10071.jpg,-0.02979999966919422
img_10072.jpg,-0.035100001841783524
img_10073.jpg,-0.03869999945163727
img_10074.jpg,-0.0414000004529953
img_10075.jpg,-0.042399998754262924
img_10076.jpg,-0.042899999767541885
img_10077.jpg,-0.042399998754262924
img_10078.jpg,-0.03929999843239784
img_10079.jpg,-0.03460000082850456
img_10080.jpg,-0.02669999934732914
img_10081.jpg,-0.028300000354647636
img_10082.jpg,-0.03869999945163727
img_10083.jpg,-0.05130000039935112
img_10084.jpg,-0.054499998688697815
img_10085.jpg,-0.07440000027418137
img_10086.jpg,-0.08060000091791153
img_10087.jpg,-0.08269999921321869
img_10088.jpg,-0.08219999819993973
img_10089.jpg,-0.07800000160932541
img_10090.jpg,-0.07329999655485153
img_10091.jpg,-0.061799999326467514
img_10092.jpg,-0.061799999326467514
img_10093.jpg,0.023600000888109207
img_10094.jpg,0.03350000083446503
img_10095.jpg,0.05339999869465828
img_10096.jpg,0.07540000230073929
img_10097.jpg,0.08500000089406967
img_10098.jpg,0.12449999898672104
img_10099.jpg,0.14499999582767487
img_10100.jpg,0.16599999368190765
img_10101.jpg,0.1826999932527542
img_10102.jpg,0.19789999723434448
img_10103.jpg,0.20319999754428864
img_10104.jpg,0.1915999948978424
img_10105.jpg,0.16179999709129333
img_10106.jpg,0.13089999556541443
img_10107.jpg,0.09160000085830688
img_10108.jpg,0.09160000085830688
img_10109.jpg,0.05860000103712082
img_10110.jpg,-0.04659999907016754
img_10111.jpg,-0.06340000033378601
img_10112.jpg,-0.07699999958276749
img_10113.jpg,-0.08429999649524689
img_10114.jpg,-0.08640000224113464
img_10115.jpg,-0.08380000293254852
img_10116.jpg,-0.07699999958276749
img_10117.jpg,-0.06539999693632126
img_10118.jpg,-0.05180000141263008
img_10119.jpg,-0.040300000458955765
img_10120.jpg,-0.02930000051856041
img_10121.jpg,-0.0215000007301569
img_10122.jpg,-0.015699999406933784
img_10123.jpg,-0.010499999858438969
img_10124.jpg,0.005799999926239252
img_10125.jpg,0.006800000090152025
img_10126.jpg,0.008899999782443047
img_10127.jpg,0.011500000022351742
img_10128.jpg,0.013100000098347664
img_10129.jpg,0.008899999782443047
img_10130.jpg,-0.006300000008195639
img_10131.jpg,-0.012000000104308128
img_10132.jpg,-0.020899999886751175
img_10133.jpg,-0.02879999950528145
img_10134.jpg,-0.03720000013709068
img_10135.jpg,-0.042899999767541885
img_10136.jpg,-0.047600001096725464
img_10137.jpg,-0.0502999983727932
img_10138.jpg,-0.05180000141263008
img_10139.jpg,-0.052400000393390656
img_10140.jpg,-0.052400000393390656
img_10141.jpg,-0.05130000039935112
img_10142.jpg,-0.04969999939203262
img_10143.jpg,-0.04820000007748604
img_10144.jpg,-0.04450000077486038
img_10145.jpg,-0.03869999945163727
img_10146.jpg,-0.030899999663233757
img_10147.jpg,-0.0215000007301569
img_10148.jpg,-0.013100000098347664
img_10149.jpg,0.007300000172108412
img_10150.jpg,0.007300000172108412
img_10151.jpg,0.003100000089034438
img_10152.jpg,0.003100000089034438
img_10153.jpg,-0.012600000016391277
img_10154.jpg,-0.028300000354647636
img_10155.jpg,-0.042399998754262924
img_10156.jpg,-0.05810000002384186
img_10157.jpg,-0.07069999724626541
img_10158.jpg,-0.0812000036239624
img_10159.jpg,-0.0885000005364418
img_10160.jpg,-0.09269999712705612
img_10161.jpg,-0.09480000287294388
img_10162.jpg,-0.09369999915361404
img_10163.jpg,-0.09160000085830688
img_10164.jpg,-0.08429999649524689
img_10165.jpg,-0.07020000368356705
img_10166.jpg,-0.05550000071525574
img_10167.jpg,-0.037700001150369644
img_10168.jpg,-0.0215000007301569
img_10169.jpg,0.020400000736117363
img_10170.jpg,0.02669999934732914
img_10171.jpg,0.04349999874830246
img_10172.jpg,0.05860000103712082
img_10173.jpg,0.07540000230073929
img_10174.jpg,0.08820000290870667
img_10175.jpg,0.10019999742507935
img_10176.jpg,0.11100000143051147
img_10177.jpg,0.11100000143051147
img_10178.jpg,0.11469999700784683
img_10179.jpg,0.094200000166893
img_10180.jpg,0.06809999793767929
img_10181.jpg,0.03610000014305115
img_10182.jpg,0.0008999999845400453
img_10183.jpg,-0.054499998688697815
img_10184.jpg,-0.07540000230073929
img_10185.jpg,-0.0869000032544136
img_10186.jpg,-0.09839999675750732
img_10187.jpg,-0.1046999990940094
img_10188.jpg,-0.10840000212192535
img_10189.jpg,-0.10840000212192535
img_10190.jpg,-0.10939999669790268
img_10191.jpg,-0.10679999738931656
img_10192.jpg,-0.10369999706745148
img_10193.jpg,-0.09950000047683716
img_10194.jpg,-0.094200000166893
img_10195.jpg,-0.08429999649524689
img_10196.jpg,-0.07540000230073929
img_10197.jpg,-0.06700000166893005
img_10198.jpg,-0.05810000002384186
img_10199.jpg,-0.05130000039935112
img_10200.jpg,-0.04560000076889992
img_10201.jpg,-0.042899999767541885
img_10202.jpg,-0.048700001090765
img_10203.jpg,-0.0575999990105629
img_10204.jpg,-0.06719999760389328
img_10205.jpg,-0.0771000012755394
img_10206.jpg,-0.09109999984502792
img_10207.jpg,-0.09950000047683716
img_10208.jpg,-0.1046999990940094
img_10209.jpg,-0.1062999963760376
img_10210.jpg,-0.1062999963760376
img_10211.jpg,-0.10890000313520432
img_10212.jpg,-0.11829999834299088
img_10213.jpg,-0.1256999969482422
img_10214.jpg,-0.13189999759197235
img_10215.jpg,-0.1371999979019165
img_10216.jpg,-0.1445000022649765
img_10217.jpg,-0.15080000460147858
img_10218.jpg,-0.15600000321865082
img_10219.jpg,-0.15970000624656677
img_10220.jpg,-0.16130000352859497
img_10221.jpg,-0.16019999980926514
img_10222.jpg,-0.15760000050067902
img_10223.jpg,-0.15389999747276306
img_10224.jpg,-0.14970000088214874
img_10225.jpg,-0.14820000529289246
img_10226.jpg,-0.14920000731945038
img_10227.jpg,-0.1518000066280365
img_10228.jpg,-0.15600000321865082
img_10229.jpg,-0.15970000624656677
img_10230.jpg,-0.1623000055551529
img_10231.jpg,-0.15970000624656677
img_10232.jpg,-0.15449999272823334
img_10233.jpg,-0.15870000422000885
img_10234.jpg,-0.1665000021457672
img_10235.jpg,-0.17910000681877136
img_10236.jpg,-0.13930000364780426
img_10237.jpg,-0.13249999284744263
img_10238.jpg,-0.1387999951839447
img_10239.jpg,-0.15240000188350677
img_10240.jpg,-0.16179999709129333
img_10241.jpg,-0.1738000065088272
img_10242.jpg,-0.18019999563694
img_10243.jpg,-0.21209999918937683
img_10244.jpg,-0.21529999375343323
img_10245.jpg,-0.25589999556541443
img_10246.jpg,-0.27300000190734863
img_10247.jpg,-0.3109000027179718
img_10248.jpg,-0.3142000138759613
img_10249.jpg,-0.3142000138759613
img_10250.jpg,-0.3142000138759613
img_10251.jpg,-0.3142000138759613
img_10252.jpg,-0.3041999936103821
img_10253.jpg,-0.2937000095844269
img_10254.jpg,-0.2712000012397766
img_10255.jpg,-0.24819999933242798
img_10256.jpg,-0.2198999971151352
img_10257.jpg,-0.19429999589920044
img_10258.jpg,-0.1680999994277954
img_10259.jpg,-0.1371999979019165
img_10260.jpg,-0.11469999700784683
img_10261.jpg,-0.0989999994635582
img_10262.jpg,-0.09059999883174896
img_10263.jpg,-0.08739999681711197
img_10264.jpg,-0.10980000346899033
img_10265.jpg,-0.1356000006198883
img_10266.jpg,-0.1696999967098236
img_10267.jpg,-0.21529999375343323
img_10268.jpg,-0.2597000002861023
img_10269.jpg,-0.3142000138759613
img_10270.jpg,-0.3142000138759613
img_10271.jpg,-0.3142000138759613
img_10272.jpg,-0.3142000138759613
img_10273.jpg,-0.3142000138759613
img_10274.jpg,-0.3142000138759613
img_10275.jpg,-0.3142000138759613
img_10276.jpg,-0.3142000138759613
img_10277.jpg,-0.3142000138759613
img_10278.jpg,-0.31310001015663147
img_10279.jpg,-0.29899999499320984
img_10280.jpg,-0.2858999967575073
img_10281.jpg,-0.274399995803833
img_10282.jpg,-0.2581000030040741
img_10283.jpg,-0.24819999933242798
img_10284.jpg,-0.2402999997138977
img_10285.jpg,-0.23090000450611115
img_10286.jpg,-0.2345999926328659
img_10287.jpg,-0.26019999384880066
img_10288.jpg,-0.29429998993873596
img_10289.jpg,-0.3142000138759613
img_10290.jpg,-0.3142000138759613
img_10291.jpg,-0.3142000138759613
img_10292.jpg,-0.3142000138759613
img_10293.jpg,-0.3142000138759613
img_10294.jpg,-0.3142000138759613
img_10295.jpg,-0.3142000138759613
img_10296.jpg,-0.3142000138759613
img_10297.jpg,-0.3142000138759613
img_10298.jpg,-0.30320000648498535
img_10299.jpg,-0.2732999920845032
img_10300.jpg,-0.22930000722408295
img_10301.jpg,-0.1932000070810318
img_10302.jpg,-0.16019999980926514
img_10303.jpg,-0.14139999449253082
img_10304.jpg,-0.11569999903440475
img_10305.jpg,-0.10209999978542328
img_10306.jpg,-0.10520000010728836
img_10307.jpg,-0.11729999631643295
img_10308.jpg,-0.13670000433921814
img_10309.jpg,-0.1623000055551529
img_10310.jpg,-0.1932000070810318
img_10311.jpg,-0.22200000286102295
img_10312.jpg,-0.26649999618530273
img_10313.jpg,-0.2793000042438507
img_10314.jpg,-0.3005000054836273
img_10315.jpg,-0.3142000138759613
img_10316.jpg,-0.3142000138759613
img_10317.jpg,-0.3142000138759613
img_10318.jpg,-0.3142000138759613
img_10319.jpg,-0.3142000138759613
img_10320.jpg,-0.3142000138759613
img_10321.jpg,-0.3142000138759613
img_10322.jpg,-0.3142000138759613
img_10323.jpg,-0.3142000138759613
img_10324.jpg,-0.3142000138759613
img_10325.jpg,-0.31360000371932983
img_10326.jpg,-0.3037000000476837
img_10327.jpg,-0.29269999265670776
img_10328.jpg,-0.2786000072956085
img_10329.jpg,-0.26489999890327454
img_10330.jpg,-0.25189998745918274
img_10331.jpg,-0.23880000412464142
img_10332.jpg,-0.218299999833107
img_10333.jpg,-0.18690000474452972
img_10334.jpg,-0.15549999475479126
img_10335.jpg,-0.11620000004768372
img_10336.jpg,-0.08380000293254852
img_10337.jpg,-0.05079999938607216
img_10338.jpg,-0.027799999341368675
img_10339.jpg,-0.015200000256299973
img_10340.jpg,-0.04399999976158142
img_10341.jpg,-0.10379999876022339
img_10342.jpg,-0.15289999544620514
img_10343.jpg,-0.3041999936103821
img_10344.jpg,-0.3142000138759613
img_10345.jpg,-0.3142000138759613
img_10346.jpg,-0.3142000138759613
img_10347.jpg,-0.3142000138759613
img_10348.jpg,-0.3142000138759613
img_10349.jpg,-0.3142000138759613
img_10350.jpg,-0.3142000138759613
img_10351.jpg,-0.3142000138759613
img_10352.jpg,-0.3142000138759613
img_10353.jpg,-0.3142000138759613
img_10354.jpg,-0.3142000138759613
img_10355.jpg,-0.3142000138759613
img_10356.jpg,-0.3142000138759613
img_10357.jpg,-0.3142000138759613
img_10358.jpg,-0.3142000138759613
img_10359.jpg,-0.3142000138759613
img_10360.jpg,-0.3142000138759613
img_10361.jpg,-0.3142000138759613
img_10362.jpg,-0.3142000138759613
img_10363.jpg,-0.3142000138759613
img_10364.jpg,-0.3142000138759613
img_10365.jpg,-0.3142000138759613
img_10366.jpg,-0.3142000138759613
img_10367.jpg,-0.3142000138759613
img_10368.jpg,-0.3142000138759613
img_10369.jpg,-0.3142000138759613
img_10370.jpg,-0.3068000078201294
img_10371.jpg,-0.2775000035762787
img_10372.jpg,-0.22509999573230743
img_10373.jpg,-0.16339999437332153
img_10374.jpg,-0.11209999769926071
img_10375.jpg,-0.06340000033378601
img_10376.jpg,0.032999999821186066
img_10377.jpg,0.02459999918937683
img_10378.jpg,0.028300000354647636
img_10379.jpg,0.0272000003606081
img_10380.jpg,0.02459999918937683
img_10381.jpg,0.020899999886751175
img_10382.jpg,0.016200000420212746
img_10383.jpg,0.016200000420212746
img_10384.jpg,-0.00839999970048666
img_10385.jpg,-0.01679999940097332
img_10386.jpg,-0.035100001841783524
img_10387.jpg,-0.05130000039935112
img_10388.jpg,-0.06809999793767929
img_10389.jpg,-0.07959999889135361
img_10390.jpg,-0.08799999952316284
img_10391.jpg,-0.08739999681711197
img_10392.jpg,-0.07909999787807465
img_10393.jpg,-0.06809999793767929
img_10394.jpg,-0.054999999701976776
img_10395.jpg,-0.04500000178813934
img_10396.jpg,-0.035100001841783524
img_10397.jpg,-0.028300000354647636
img_10398.jpg,-0.02250000089406967
img_10399.jpg,-0.018799999728798866
img_10400.jpg,-0.01360000018030405
img_10401.jpg,0.00839999970048666
img_10402.jpg,0.00839999970048666
img_10403.jpg,0.0210999995470047
img_10404.jpg,0.04190000146627426
img_10405.jpg,0.06430000066757202
img_10406.jpg,0.11159999668598175
img_10407.jpg,0.14339999854564667
img_10408.jpg,0.19259999692440033
img_10409.jpg,0.22010000050067902
img_10410.jpg,0.2791000008583069
img_10411.jpg,0.3005000054836273
img_10412.jpg,0.2969000041484833
img_10413.jpg,0.2712000012397766
img_10414.jpg,0.2418999969959259
img_10415.jpg,0.20110000669956207
img_10416.jpg,0.16439999639987946
img_10417.jpg,0.12409999966621399
img_10418.jpg,0.08739999681711197
img_10419.jpg,0.05649999901652336
img_10420.jpg,-0.03189999982714653
img_10421.jpg,-0.027799999341368675
img_10422.jpg,-0.027799999341368675
img_10423.jpg,-0.03460000082850456
img_10424.jpg,-0.032999999821186066
img_10425.jpg,-0.02879999950528145
img_10426.jpg,-0.02459999918937683
img_10427.jpg,-0.018799999728798866
img_10428.jpg,-0.014700000174343586
img_10429.jpg,-0.010499999858438969
img_10430.jpg,-0.007300000172108412
img_10431.jpg,-0.005200000014156103
img_10432.jpg,-0.00419999985024333
img_10433.jpg,-0.003100000089034438
img_10434.jpg,0.010499999858438969
img_10435.jpg,0.010499999858438969
img_10436.jpg,0.05130000039935112
img_10437.jpg,0.07370000332593918
img_10438.jpg,0.10159999877214432
img_10439.jpg,0.1080000028014183
img_10440.jpg,0.14710000157356262
img_10441.jpg,0.14710000157356262
img_10442.jpg,0.18060000240802765
img_10443.jpg,0.17800000309944153
img_10444.jpg,0.1623000055551529
img_10445.jpg,0.1298999935388565
img_10446.jpg,0.09790000319480896
img_10447.jpg,0.06650000065565109
img_10448.jpg,-0.03460000082850456
img_10449.jpg,-0.03669999912381172
img_10450.jpg,-0.06279999762773514
img_10451.jpg,-0.08219999819993973
img_10452.jpg,-0.10050000250339508
img_10453.jpg,-0.11309999972581863
img_10454.jpg,-0.11940000206232071
img_10455.jpg,-0.11940000206232071
img_10456.jpg,-0.1136000007390976
img_10457.jpg,-0.10580000281333923
img_10458.jpg,-0.09269999712705612
img_10459.jpg,-0.07490000128746033
img_10460.jpg,-0.04919999837875366
img_10461.jpg,-0.0272000003606081
img_10462.jpg,-0.0015999999595806003
img_10463.jpg,0.07329999655485153
img_10464.jpg,0.11429999768733978
img_10465.jpg,0.1535000056028366
img_10466.jpg,0.18539999425411224
img_10467.jpg,0.19740000367164612
img_10468.jpg,0.19429999589920044
img_10469.jpg,0.1826999932527542
img_10470.jpg,0.16019999980926514
img_10471.jpg,0.13819999992847443
img_10472.jpg,0.12250000238418579
img_10473.jpg,0.11890000104904175
img_10474.jpg,0.13249999284744263
img_10475.jpg,0.1534000039100647
img_10476.jpg,0.18539999425411224
img_10477.jpg,0.18539999425411224
img_10478.jpg,0.24560000002384186
img_10479.jpg,0.2533999979496002
img_10480.jpg,0.2418999969959259
img_10481.jpg,0.2093999981880188
img_10482.jpg,0.1738000065088272
img_10483.jpg,0.13459999859333038
img_10484.jpg,0.10999999940395355
img_10485.jpg,0.09740000218153
img_10486.jpg,0.09529999643564224
img_10487.jpg,0.0989999994635582
img_10488.jpg,0.10999999940395355
img_10489.jpg,0.12150000035762787
img_10490.jpg,0.13609999418258667
img_10491.jpg,0.14560000598430634
img_10492.jpg,0.14350000023841858
img_10493.jpg,0.1256999969482422
img_10494.jpg,0.10419999808073044
img_10495.jpg,0.07540000230073929
img_10496.jpg,0.0502999983727932
img_10497.jpg,-0.026200000196695328
img_10498.jpg,-0.020400000736117363
img_10499.jpg,-0.02410000003874302
img_10500.jpg,-0.015699999406933784
img_10501.jpg,0.00989999994635582
img_10502.jpg,0.05079999938607216
img_10503.jpg,0.07320000231266022
img_10504.jpg,0.10729999840259552
img_10505.jpg,0.13819999992847443
img_10506.jpg,0.16910000145435333
img_10507.jpg,0.1882999986410141
img_10508.jpg,0.20000000298023224
img_10509.jpg,0.20579999685287476
img_10510.jpg,0.20630000531673431
img_10511.jpg,0.19689999520778656
img_10512.jpg,0.17960000038146973
img_10513.jpg,0.1460999995470047
img_10514.jpg,0.11309999972581863
img_10515.jpg,0.07329999655485153
img_10516.jpg,-0.03819999843835831
img_10517.jpg,-0.030400000512599945
img_10518.jpg,-0.037700001150369644
img_10519.jpg,-0.030400000512599945
img_10520.jpg,-0.018300000578165054
img_10521.jpg,0.0008999999845400453
img_10522.jpg,0.02979999966919422
img_10523.jpg,0.0471000000834465
img_10524.jpg,0.062300000339746475
img_10525.jpg,0.07800000160932541
img_10526.jpg,0.09059999883174896
img_10527.jpg,0.09059999883174896
img_10528.jpg,0.10999999940395355
img_10529.jpg,0.11620000004768372
img_10530.jpg,0.11990000307559967
img_10531.jpg,0.12150000035762787
img_10532.jpg,0.10790000110864639
img_10533.jpg,0.08590000122785568
img_10534.jpg,0.0649000033736229
img_10535.jpg,0.04560000076889992
img_10536.jpg,0.02410000003874302
img_10537.jpg,-0.018799999728798866
img_10538.jpg,-0.020400000736117363
img_10539.jpg,-0.02410000003874302
img_10540.jpg,-0.02410000003874302
img_10541.jpg,-0.020899999886751175
img_10542.jpg,-0.017799999564886093
img_10543.jpg,-0.018300000578165054
img_10544.jpg,-0.023000000044703484
img_10545.jpg,-0.030400000512599945
img_10546.jpg,-0.03669999912381172
img_10547.jpg,-0.04399999976158142
img_10548.jpg,-0.04969999939203262
img_10549.jpg,-0.054999999701976776
img_10550.jpg,-0.05810000002384186
img_10551.jpg,-0.05920000001788139
img_10552.jpg,-0.0575999990105629
img_10553.jpg,-0.05339999869465828
img_10554.jpg,-0.04919999837875366
img_10555.jpg,-0.042899999767541885
img_10556.jpg,-0.03669999912381172
img_10557.jpg,-0.02930000051856041
img_10558.jpg,-0.02930000051856041
img_10559.jpg,-0.012000000104308128
img_10560.jpg,0.007899999618530273
img_10561.jpg,0.007300000172108412
img_10562.jpg,0.007300000172108412
img_10563.jpg,0.00839999970048666
img_10564.jpg,0.007300000172108412
img_10565.jpg,0.005799999926239252
img_10566.jpg,0.003700000001117587
img_10567.jpg,0.002099999925121665
img_10568.jpg,0.01679999940097332
img_10569.jpg,0.029600000008940697
img_10570.jpg,0.06069999933242798
img_10571.jpg,0.08590000122785568
img_10572.jpg,0.10830000042915344
img_10573.jpg,0.12780000269412994
img_10574.jpg,0.14079999923706055
img_10575.jpg,0.14710000157356262
img_10576.jpg,0.14399999380111694
img_10577.jpg,0.1340000033378601
img_10578.jpg,0.11410000175237656
img_10579.jpg,0.08799999952316284
img_10580.jpg,-0.052400000393390656
img_10581.jpg,-0.06279999762773514
img_10582.jpg,-0.07240000367164612
img_10583.jpg,-0.13989999890327454
img_10584.jpg,-0.17229999601840973
img_10585.jpg,-0.20409999787807465
img_10586.jpg,-0.22360000014305115
img_10587.jpg,-0.22460000216960907
img_10588.jpg,-0.21209999918937683
img_10589.jpg,-0.1826999932527542
img_10590.jpg,-0.15289999544620514
img_10591.jpg,-0.11620000004768372
img_10592.jpg,-0.0869000032544136
img_10593.jpg,-0.06069999933242798
img_10594.jpg,-0.04450000077486038
img_10595.jpg,-0.03350000083446503
img_10596.jpg,-0.023600000888109207
img_10597.jpg,-0.014100000262260437
img_10598.jpg,-0.007899999618530273
img_10599.jpg,0.004699999932199717
img_10600.jpg,0.003100000089034438
img_10601.jpg,0.002099999925121665
img_10602.jpg,-0.002099999925121665
img_10603.jpg,-0.00419999985024333
img_10604.jpg,-0.006300000008195639
img_10605.jpg,-0.008899999782443047
img_10606.jpg,-0.010499999858438969
img_10607.jpg,-0.010499999858438969
img_10608.jpg,-0.009399999864399433
img_10609.jpg,-0.006300000008195639
img_10610.jpg,0.00419999985024333
img_10611.jpg,0.006300000008195639
img_10612.jpg,0.00989999994635582
img_10613.jpg,0.013100000098347664
img_10614.jpg,0.015699999406933784
img_10615.jpg,0.017799999564886093
img_10616.jpg,0.018799999728798866
img_10617.jpg,0.01679999940097332
img_10618.jpg,-0.013100000098347664
img_10619.jpg,-0.023600000888109207
img_10620.jpg,-0.03669999912381172
img_10621.jpg,-0.0502999983727932
img_10622.jpg,-0.06650000065565109
img_10623.jpg,-0.08219999819993973
img_10624.jpg,-0.09480000287294388
img_10625.jpg,-0.10369999706745148
img_10626.jpg,-0.10729999840259552
img_10627.jpg,-0.1062999963760376
img_10628.jpg,-0.1031000018119812
img_10629.jpg,-0.09269999712705612
img_10630.jpg,-0.07490000128746033
img_10631.jpg,-0.061799999326467514
img_10632.jpg,-0.05130000039935112
img_10633.jpg,-0.042399998754262924
img_10634.jpg,-0.03610000014305115
img_10635.jpg,-0.03139999881386757
img_10636.jpg,-0.02979999966919422
img_10637.jpg,-0.03139999881386757
img_10638.jpg,-0.03400000184774399
img_10639.jpg,-0.03610000014305115
img_10640.jpg,-0.03819999843835831
img_10641.jpg,-0.03929999843239784
img_10642.jpg,-0.040300000458955765
img_10643.jpg,-0.03869999945163727
img_10644.jpg,-0.03139999881386757
img_10645.jpg,-0.02410000003874302
img_10646.jpg,-0.020400000736117363
img_10647.jpg,-0.018799999728798866
img_10648.jpg,-0.01940000057220459
img_10649.jpg,-0.0215000007301569
img_10650.jpg,-0.02459999918937683
img_10651.jpg,-0.02930000051856041
img_10652.jpg,-0.0414000004529953
img_10653.jpg,-0.06700000166893005
img_10654.jpg,-0.09520000219345093
img_10655.jpg,-0.12080000340938568
img_10656.jpg,-0.15389999747276306
img_10657.jpg,-0.17949999868869781
img_10658.jpg,-0.1876000016927719
img_10659.jpg,-0.21889999508857727
img_10660.jpg,-0.2257000058889389
img_10661.jpg,-0.22360000014305115
img_10662.jpg,-0.210999995470047
img_10663.jpg,-0.19580000638961792
img_10664.jpg,-0.1770000010728836
img_10665.jpg,-0.15970000624656677
img_10666.jpg,-0.14710000157356262
img_10667.jpg,-0.13819999992847443
img_10668.jpg,-0.1340000033378601
img_10669.jpg,-0.13349999487400055
img_10670.jpg,-0.13510000705718994
img_10671.jpg,-0.13819999992847443
img_10672.jpg,-0.13979999721050262
img_10673.jpg,-0.14079999923706055
img_10674.jpg,-0.14399999380111694
img_10675.jpg,-0.15289999544620514
img_10676.jpg,-0.1639000028371811
img_10677.jpg,-0.17329999804496765
img_10678.jpg,-0.18060000240802765
img_10679.jpg,-0.18539999425411224
img_10680.jpg,-0.1873999983072281
img_10681.jpg,-0.18539999425411224
img_10682.jpg,-0.17749999463558197
img_10683.jpg,-0.1665000021457672
img_10684.jpg,-0.1565999984741211
img_10685.jpg,-0.1429000049829483
img_10686.jpg,-0.1282999962568283
img_10687.jpg,-0.11259999871253967
img_10688.jpg,-0.11259999871253967
img_10689.jpg,-0.11779999732971191
img_10690.jpg,-0.12929999828338623
img_10691.jpg,-0.1387999951839447
img_10692.jpg,-0.14499999582767487
img_10693.jpg,-0.14710000157356262
img_10694.jpg,-0.14710000157356262
img_10695.jpg,-0.15710000693798065
img_10696.jpg,-0.16179999709129333
img_10697.jpg,-0.16279999911785126
img_10698.jpg,0.10109999775886536
img_10699.jpg,0.07119999825954437
img_10700.jpg,0.05649999901652336
img_10701.jpg,0.04560000076889992
img_10702.jpg,0.03819999843835831
img_10703.jpg,0.0272000003606081
img_10704.jpg,0.01679999940097332
img_10705.jpg,-0.012600000016391277
img_10706.jpg,-0.015200000256299973
img_10707.jpg,-0.025100000202655792
img_10708.jpg,-0.040800001472234726
img_10709.jpg,-0.0560000017285347
img_10710.jpg,-0.07490000128746033
img_10711.jpg,-0.0957999974489212
img_10712.jpg,-0.12409999966621399
img_10713.jpg,-0.15129999816417694
img_10714.jpg,-0.1859000027179718
img_10715.jpg,-0.21780000627040863
img_10716.jpg,-0.24660000205039978
img_10717.jpg,-0.2754000127315521
img_10718.jpg,-0.3131999969482422
img_10719.jpg,-0.3142000138759613
img_10720.jpg,-0.3142000138759613
img_10721.jpg,-0.3142000138759613
img_10722.jpg,-0.3142000138759613
img_10723.jpg,-0.3142000138759613
img_10724.jpg,-0.3142000138759613
img_10725.jpg,-0.3142000138759613
img_10726.jpg,-0.3142000138759613
img_10727.jpg,-0.3142000138759613
img_10728.jpg,-0.3142000138759613
img_10729.jpg,-0.3142000138759613
img_10730.jpg,-0.3142000138759613
img_10731.jpg,-0.3142000138759613
img_10732.jpg,-0.3010999858379364
img_10733.jpg,-0.27379998564720154
img_10734.jpg,-0.23669999837875366
img_10735.jpg,-0.19529999792575836
img_10736.jpg,-0.16760000586509705
img_10737.jpg,-0.14820000529289246
img_10738.jpg,-0.14190000295639038
img_10739.jpg,-0.14350000023841858
img_10740.jpg,-0.1476999968290329
img_10741.jpg,-0.15389999747276306
img_10742.jpg,-0.16349999606609344
img_10743.jpg,-0.18379999697208405
img_10744.jpg,-0.2029999941587448
img_10745.jpg,-0.22779999673366547
img_10746.jpg,-0.24770000576972961
img_10747.jpg,-0.24770000576972961
img_10748.jpg,-0.29989999532699585
img_10749.jpg,-0.3142000138759613
img_10750.jpg,-0.3142000138759613
img_10751.jpg,-0.3142000138759613
img_10752.jpg,-0.3142000138759613
img_10753.jpg,-0.3142000138759613
img_10754.jpg,-0.3142000138759613
img_10755.jpg,-0.3142000138759613
img_10756.jpg,-0.3142000138759613
img_10757.jpg,-0.3142000138759613
img_10758.jpg,-0.3142000138759613
img_10759.jpg,-0.29429998993873596
img_10760.jpg,-0.29429998993873596
img_10761.jpg,-0.2896000146865845
img_10762.jpg,-0.3142000138759613
img_10763.jpg,-0.3142000138759613
img_10764.jpg,-0.3142000138759613
img_10765.jpg,-0.3142000138759613
img_10766.jpg,-0.3142000138759613
img_10767.jpg,-0.3142000138759613
img_10768.jpg,-0.3142000138759613
img_10769.jpg,-0.3142000138759613
img_10770.jpg,-0.29899999499320984
img_10771.jpg,-0.2770000100135803
img_10772.jpg,-0.2549999952316284
img_10773.jpg,-0.23720000684261322
img_10774.jpg,-0.23720000684261322
img_10775.jpg,-0.20890000462532043
img_10776.jpg,-0.20319999754428864
img_10777.jpg,-0.21310000121593475
img_10778.jpg,-0.22269999980926514
img_10779.jpg,-0.26649999618530273
img_10780.jpg,-0.2851000130176544
img_10781.jpg,-0.3142000138759613
img_10782.jpg,-0.3142000138759613
img_10783.jpg,-0.3142000138759613
img_10784.jpg,-0.29899999499320984
img_10785.jpg,-0.2833000123500824
img_10786.jpg,-0.2770000100135803
img_10787.jpg,-0.2727999985218048
img_10788.jpg,-0.2669999897480011
img_10789.jpg,-0.24560000002384186
img_10790.jpg,-0.22040000557899475
img_10791.jpg,-0.18690000474452972
img_10792.jpg,-0.1565999984741211
img_10793.jpg,-0.12409999966621399
img_10794.jpg,-0.10679999738931656
img_10795.jpg,-0.10679999738931656
img_10796.jpg,-0.10109999775886536
img_10797.jpg,-0.08950000256299973
img_10798.jpg,-0.07540000230073929
img_10799.jpg,-0.05920000001788139
img_10800.jpg,-0.03869999945163727
img_10801.jpg,-0.03869999945163727
img_10802.jpg,0.01360000018030405
img_10803.jpg,0.010999999940395355
img_10804.jpg,0.010499999858438969
img_10805.jpg,0.006800000090152025
img_10806.jpg,-0.025200000032782555
img_10807.jpg,-0.08479999750852585
img_10808.jpg,-0.15029999613761902
img_10809.jpg,-0.2313999980688095
img_10810.jpg,-0.3043999969959259
img_10811.jpg,-0.3142000138759613
img_10812.jpg,-0.3142000138759613
img_10813.jpg,-0.3142000138759613
img_10814.jpg,-0.3068000078201294
img_10815.jpg,-0.29739999771118164
img_10816.jpg,-0.2816999852657318
img_10817.jpg,-0.2554999887943268
img_10818.jpg,-0.2554999887943268
img_10819.jpg,-0.17910000681877136
img_10820.jpg,-0.14560000598430634
img_10821.jpg,-0.10840000212192535
img_10822.jpg,-0.08060000091791153
img_10823.jpg,-0.054499998688697815
img_10824.jpg,-0.03669999912381172
img_10825.jpg,-0.0215000007301569
img_10826.jpg,-0.030400000512599945
img_10827.jpg,-0.04960000142455101
img_10828.jpg,-0.08009999990463257
img_10829.jpg,-0.11819999665021896
img_10830.jpg,-0.16009999811649323
img_10831.jpg,-0.19599999487400055
img_10832.jpg,-0.23149999976158142
img_10833.jpg,-0.2784000039100647
img_10834.jpg,-0.2800999879837036
img_10835.jpg,-0.26019999384880066
img_10836.jpg,-0.2345999926328659
img_10837.jpg,-0.19740000367164612
img_10838.jpg,-0.1639000028371811
img_10839.jpg,-0.13349999487400055
img_10840.jpg,-0.10000000149011612
img_10841.jpg,-0.062300000339746475
img_10842.jpg,-0.032999999821186066
img_10843.jpg,0.0272000003606081
img_10844.jpg,0.02879999950528145
img_10845.jpg,0.03400000184774399
img_10846.jpg,0.03350000083446503
img_10847.jpg,0.03350000083446503
img_10848.jpg,0.02250000089406967
img_10849.jpg,0.016200000420212746
img_10850.jpg,0.00839999970048666
img_10851.jpg,0.00839999970048666
img_10852.jpg,-0.008899999782443047
img_10853.jpg,-0.011500000022351742
img_10854.jpg,-0.013100000098347664
img_10855.jpg,-0.01360000018030405
img_10856.jpg,-0.016200000420212746
img_10857.jpg,-0.028300000354647636
img_10858.jpg,-0.04969999939203262
img_10859.jpg,-0.07020000368356705
img_10860.jpg,-0.09220000356435776
img_10861.jpg,-0.10890000313520432
img_10862.jpg,-0.12250000238418579
img_10863.jpg,-0.12720000743865967
img_10864.jpg,-0.12150000035762787
img_10865.jpg,-0.10369999706745148
img_10866.jpg,-0.08479999750852585
img_10867.jpg,-0.06069999933242798
img_10868.jpg,-0.040300000458955765
img_10869.jpg,0.020400000736117363
img_10870.jpg,0.015699999406933784
img_10871.jpg,0.017799999564886093
img_10872.jpg,0.01730000041425228
img_10873.jpg,0.01360000018030405
img_10874.jpg,0.008899999782443047
img_10875.jpg,0.004699999932199717
img_10876.jpg,-0.004699999932199717
img_10877.jpg,-0.005799999926239252
img_10878.jpg,-0.00839999970048666
img_10879.jpg,-0.009399999864399433
img_10880.jpg,-0.00989999994635582
img_10881.jpg,-0.005200000014156103
img_10882.jpg,0.016200000420212746
img_10883.jpg,0.03139999881386757
img_10884.jpg,0.047600001096725464
img_10885.jpg,0.06859999895095825
img_10886.jpg,0.07819999754428864
img_10887.jpg,0.10260000079870224
img_10888.jpg,0.1151999980211258
img_10889.jpg,0.11729999631643295
img_10890.jpg,0.10890000313520432
img_10891.jpg,0.09009999781847
img_10892.jpg,0.07020000368356705
img_10893.jpg,0.07020000368356705
img_10894.jpg,-0.025100000202655792
img_10895.jpg,-0.0215000007301569
img_10896.jpg,-0.02459999918937683
img_10897.jpg,-0.025100000202655792
img_10898.jpg,-0.02410000003874302
img_10899.jpg,-0.0215000007301569
img_10900.jpg,-0.018300000578165054
img_10901.jpg,-0.014700000174343586
img_10902.jpg,-0.010999999940395355
img_10903.jpg,-0.006300000008195639
img_10904.jpg,0.007300000172108412
img_10905.jpg,0.010999999940395355
img_10906.jpg,0.016200000420212746
img_10907.jpg,0.020899999886751175
img_10908.jpg,0.02410000003874302
img_10909.jpg,0.025699999183416367
img_10910.jpg,0.02669999934732914
img_10911.jpg,0.02669999934732914
img_10912.jpg,0.025699999183416367
img_10913.jpg,0.02459999918937683
img_10914.jpg,0.023000000044703484
img_10915.jpg,0.0215000007301569
img_10916.jpg,0.020400000736117363
img_10917.jpg,0.018799999728798866
img_10918.jpg,0.016200000420212746
img_10919.jpg,0.016200000420212746
img_10920.jpg,0.007300000172108412
img_10921.jpg,0.007300000172108412
img_10922.jpg,-0.006300000008195639
img_10923.jpg,-0.00839999970048666
img_10924.jpg,-0.009399999864399433
img_10925.jpg,-0.009399999864399433
img_10926.jpg,-0.009399999864399433
img_10927.jpg,-0.008899999782443047
img_10928.jpg,-0.007899999618530273
img_10929.jpg,-0.007899999618530273
img_10930.jpg,-0.005799999926239252
img_10931.jpg,-0.004699999932199717
img_10932.jpg,-0.003700000001117587
img_10933.jpg,-0.003100000089034438
img_10934.jpg,-0.0026000000070780516
img_10935.jpg,-0.0026000000070780516
img_10936.jpg,-0.0026000000070780516
img_10937.jpg,-0.0026000000070780516
img_10938.jpg,-0.0026000000070780516
img_10939.jpg,-0.0026000000070780516
img_10940.jpg,-0.003100000089034438
img_10941.jpg,-0.003100000089034438
img_10942.jpg,-0.003100000089034438
img_10943.jpg,-0.003700000001117587
img_10944.jpg,-0.003700000001117587
img_10945.jpg,-0.003700000001117587
img_10946.jpg,-0.003700000001117587
img_10947.jpg,-0.003700000001117587
img_10948.jpg,-0.003700000001117587
img_10949.jpg,-0.003700000001117587
img_10950.jpg,-0.003700000001117587
img_10951.jpg,-0.003700000001117587
img_10952.jpg,-0.003100000089034438
img_10953.jpg,-0.003100000089034438
img_10954.jpg,-0.003100000089034438
img_10955.jpg,-0.003100000089034438
img_10956.jpg,-0.003100000089034438
img_10957.jpg,-0.003100000089034438
img_10958.jpg,-0.003100000089034438
img_10959.jpg,-0.003100000089034438
img_10960.jpg,-0.003100000089034438
img_10961.jpg,-0.003100000089034438
img_10962.jpg,-0.003700000001117587
img_10963.jpg,-0.010999999940395355
img_10964.jpg,-0.01940000057220459
img_10965.jpg,-0.030899999663233757
img_10966.jpg,-0.040300000458955765
img_10967.jpg,-0.04969999939203262
img_10968.jpg,-0.0560000017285347
img_10969.jpg,-0.06069999933242798
img_10970.jpg,-0.06599999964237213
img_10971.jpg,-0.0812000036239624
img_10972.jpg,-0.09080000221729279
img_10973.jpg,-0.10790000110864639
img_10974.jpg,-0.11469999700784683
img_10975.jpg,-0.10999999940395355
img_10976.jpg,-0.09790000319480896
img_10977.jpg,-0.07639999687671661
img_10978.jpg,-0.07639999687671661
img_10979.jpg,-0.03139999881386757
img_10980.jpg,0.019899999722838402
img_10981.jpg,0.023600000888109207
img_10982.jpg,0.03669999912381172
img_10983.jpg,0.052400000393390656
img_10984.jpg,0.07329999655485153
img_10985.jpg,0.09160000085830688
img_10986.jpg,0.11079999804496765
img_10987.jpg,0.11259999871253967
img_10988.jpg,0.10520000010728836
img_10989.jpg,0.08799999952316284
img_10990.jpg,0.0649000033736229
img_10991.jpg,0.04450000077486038
img_10992.jpg,0.02250000089406967
img_10993.jpg,-0.01679999940097332
img_10994.jpg,-0.01679999940097332
img_10995.jpg,-0.02459999918937683
img_10996.jpg,-0.02459999918937683
img_10997.jpg,-0.025100000202655792
img_10998.jpg,-0.02199999988079071
img_10999.jpg,-0.018300000578165054
img_11000.jpg,-0.01360000018030405
img_11001.jpg,-0.013100000098347664
img_11002.jpg,-0.015699999406933784
img_11003.jpg,-0.01940000057220459
img_11004.jpg,-0.023600000888109207
img_11005.jpg,-0.028300000354647636
img_11006.jpg,-0.032499998807907104
img_11007.jpg,-0.03610000014305115
img_11008.jpg,-0.03869999945163727
img_11009.jpg,-0.040800001472234726
img_11010.jpg,-0.0414000004529953
img_11011.jpg,-0.0414000004529953
img_11012.jpg,-0.040300000458955765
img_11013.jpg,-0.035100001841783524
img_11014.jpg,-0.02930000051856041
img_11015.jpg,-0.025100000202655792
img_11016.jpg,-0.032999999821186066
img_11017.jpg,-0.04450000077486038
img_11018.jpg,-0.04450000077486038
img_11019.jpg,-0.07069999724626541
img_11020.jpg,-0.07069999724626541
img_11021.jpg,-0.08330000191926956
img_11022.jpg,-0.08330000191926956
img_11023.jpg,-0.0812000036239624
img_11024.jpg,-0.07699999958276749
img_11025.jpg,-0.07699999958276749
img_11026.jpg,-0.05649999901652336
img_11027.jpg,-0.03400000184774399
img_11028.jpg,0.0215000007301569
img_11029.jpg,0.037700001150369644
img_11030.jpg,0.060100000351667404
img_11031.jpg,0.08950000256299973
img_11032.jpg,0.11469999700784683
img_11033.jpg,0.14139999449253082
img_11034.jpg,0.1623000055551529
img_11035.jpg,0.18330000340938568
img_11036.jpg,0.20110000669956207
img_11037.jpg,0.21310000121593475
img_11038.jpg,0.20260000228881836
img_11039.jpg,0.18170000612735748
img_11040.jpg,0.14560000598430634
img_11041.jpg,0.11100000143051147
img_11042.jpg,0.07119999825954437
img_11043.jpg,-0.03929999843239784
img_11044.jpg,-0.04820000007748604
img_11045.jpg,-0.07069999724626541
img_11046.jpg,-0.08269999921321869
img_11047.jpg,-0.08269999921321869
img_11048.jpg,-0.08950000256299973
img_11049.jpg,-0.08529999852180481
img_11050.jpg,-0.07699999958276749
img_11051.jpg,-0.06390000134706497
img_11052.jpg,-0.05180000141263008
img_11053.jpg,-0.0414000004529953
img_11054.jpg,-0.030899999663233757
img_11055.jpg,-0.023600000888109207
img_11056.jpg,-0.018799999728798866
img_11057.jpg,-0.015200000256299973
img_11058.jpg,-0.010499999858438969
img_11059.jpg,0.006300000008195639
img_11060.jpg,0.006800000090152025
img_11061.jpg,0.00989999994635582
img_11062.jpg,0.012600000016391277
img_11063.jpg,0.011500000022351742
img_11064.jpg,0.006800000090152025
img_11065.jpg,-0.008899999782443047
img_11066.jpg,-0.014700000174343586
img_11067.jpg,-0.023600000888109207
img_11068.jpg,-0.03139999881386757
img_11069.jpg,-0.03929999843239784
img_11070.jpg,-0.04450000077486038
img_11071.jpg,-0.048700001090765
img_11072.jpg,-0.05079999938607216
img_11073.jpg,-0.05079999938607216
img_11074.jpg,-0.052400000393390656
img_11075.jpg,-0.05180000141263008
img_11076.jpg,-0.05079999938607216
img_11077.jpg,-0.04919999837875366
img_11078.jpg,-0.047600001096725464
img_11079.jpg,-0.042899999767541885
img_11080.jpg,-0.03350000083446503
img_11081.jpg,-0.025100000202655792
img_11082.jpg,-0.014700000174343586
img_11083.jpg,0.00839999970048666
img_11084.jpg,0.00839999970048666
img_11085.jpg,0.00419999985024333
img_11086.jpg,-0.0026000000070780516
img_11087.jpg,-0.008999999612569809
img_11088.jpg,-0.023600000888109207
img_11089.jpg,-0.039799999445676804
img_11090.jpg,-0.05260000005364418
img_11091.jpg,-0.06599999964237213
img_11092.jpg,-0.07559999823570251
img_11093.jpg,-0.08479999750852585
img_11094.jpg,-0.09059999883174896
img_11095.jpg,-0.09319999814033508
img_11096.jpg,-0.09319999814033508
img_11097.jpg,-0.09220000356435776
img_11098.jpg,-0.08739999681711197
img_11099.jpg,-0.08009999990463257
img_11100.jpg,-0.06539999693632126
img_11101.jpg,-0.05079999938607216
img_11102.jpg,-0.03669999912381172
img_11103.jpg,-0.018300000578165054
img_11104.jpg,0.01679999940097332
img_11105.jpg,0.02250000089406967
img_11106.jpg,0.03929999843239784
img_11107.jpg,0.03929999843239784
img_11108.jpg,0.07119999825954437
img_11109.jpg,0.08479999750852585
img_11110.jpg,0.08479999750852585
img_11111.jpg,0.09790000319480896
img_11112.jpg,0.11410000175237656
img_11113.jpg,0.11309999972581863
img_11114.jpg,0.10000000149011612
img_11115.jpg,0.0723000019788742
img_11116.jpg,0.039799999445676804
img_11117.jpg,-0.032999999821186066
img_11118.jpg,-0.04899999871850014
img_11119.jpg,-0.0625
img_11120.jpg,-0.07909999787807465
img_11121.jpg,-0.0869000032544136
img_11122.jpg,-0.09319999814033508
img_11123.jpg,-0.09740000218153
img_11124.jpg,-0.10050000250339508
img_11125.jpg,-0.10209999978542328
img_11126.jpg,-0.1031000018119812
img_11127.jpg,-0.10209999978542328
img_11128.jpg,-0.10050000250339508
img_11129.jpg,-0.09790000319480896
img_11130.jpg,-0.09269999712705612
img_11131.jpg,-0.08330000191926956
img_11132.jpg,-0.07490000128746033
img_11133.jpg,-0.0649000033736229
img_11134.jpg,-0.057100001722574234
img_11135.jpg,-0.04919999837875366
img_11136.jpg,-0.04349999874830246
img_11137.jpg,-0.04500000178813934
img_11138.jpg,-0.04500000178813934
img_11139.jpg,-0.059700001031160355
img_11140.jpg,-0.07280000299215317
img_11141.jpg,-0.08380000293254852
img_11142.jpg,-0.09369999915361404
img_11143.jpg,-0.10109999775886536
img_11144.jpg,-0.10109999775886536
img_11145.jpg,-0.10419999808073044
img_11146.jpg,-0.10890000313520432
img_11147.jpg,-0.11680000275373459
img_11148.jpg,-0.12409999966621399
img_11149.jpg,-0.13089999556541443
img_11150.jpg,-0.1340000033378601
img_11151.jpg,-0.13930000364780426
img_11152.jpg,-0.14560000598430634
img_11153.jpg,-0.1518000066280365
img_11154.jpg,-0.1565999984741211
img_11155.jpg,-0.15919999778270721
img_11156.jpg,-0.15970000624656677
img_11157.jpg,-0.15760000050067902
img_11158.jpg,-0.1550000011920929
img_11159.jpg,-0.15129999816417694
img_11160.jpg,-0.14970000088214874
img_11161.jpg,-0.15029999613761902
img_11162.jpg,-0.1534000039100647
img_11163.jpg,-0.1565999984741211
img_11164.jpg,-0.15970000624656677
img_11165.jpg,-0.16179999709129333
img_11166.jpg,-0.15970000624656677
img_11167.jpg,-0.15600000321865082
img_11168.jpg,-0.15870000422000885
img_11169.jpg,-0.1655000001192093
img_11170.jpg,-0.17800000309944153
img_11171.jpg,-0.19009999930858612
img_11172.jpg,-0.15710000693798065
img_11173.jpg,-0.14970000088214874
img_11174.jpg,-0.1606999933719635
img_11175.jpg,-0.1670999974012375
img_11176.jpg,-0.18170000612735748
img_11177.jpg,-0.19130000472068787
img_11178.jpg,-0.21310000121593475
img_11179.jpg,-0.23199999332427979
img_11180.jpg,-0.24799999594688416
img_11181.jpg,-0.28119999170303345
img_11182.jpg,-0.30469998717308044
img_11183.jpg,-0.3142000138759613
img_11184.jpg,-0.3142000138759613
img_11185.jpg,-0.3142000138759613
img_11186.jpg,-0.3142000138759613
img_11187.jpg,-0.30889999866485596
img_11188.jpg,-0.2953000068664551
img_11189.jpg,-0.26969999074935913
img_11190.jpg,-0.24500000476837158
img_11191.jpg,-0.2152000069618225
img_11192.jpg,-0.2152000069618225
img_11193.jpg,-0.1623000055551529
img_11194.jpg,-0.13670000433921814
img_11195.jpg,-0.11469999700784683
img_11196.jpg,-0.09839999675750732
img_11197.jpg,-0.08950000256299973
img_11198.jpg,-0.08640000224113464
img_11199.jpg,-0.08640000224113464
img_11200.jpg,-0.12200000137090683
img_11201.jpg,-0.1348000019788742
img_11202.jpg,-0.181099995970726
img_11203.jpg,-0.22939999401569366
img_11204.jpg,-0.2953000068664551
img_11205.jpg,-0.3142000138759613
img_11206.jpg,-0.3142000138759613
img_11207.jpg,-0.3142000138759613
img_11208.jpg,-0.3142000138759613
img_11209.jpg,-0.3142000138759613
img_11210.jpg,-0.3142000138759613
img_11211.jpg,-0.3142000138759613
img_11212.jpg,-0.3142000138759613
img_11213.jpg,-0.31310001015663147
img_11214.jpg,-0.29899999499320984
img_11215.jpg,-0.28690001368522644
img_11216.jpg,-0.2759000062942505
img_11217.jpg,-0.2639000117778778
img_11218.jpg,-0.2639000117778778
img_11219.jpg,-0.24660000205039978
img_11220.jpg,-0.23880000412464142
img_11221.jpg,-0.24140000343322754
img_11222.jpg,-0.26019999384880066
img_11223.jpg,-0.26019999384880066
img_11224.jpg,-0.3142000138759613
img_11225.jpg,-0.3142000138759613
img_11226.jpg,-0.3142000138759613
img_11227.jpg,-0.3142000138759613
img_11228.jpg,-0.3142000138759613
img_11229.jpg,-0.3142000138759613
img_11230.jpg,-0.3142000138759613
img_11231.jpg,-0.3142000138759613
img_11232.jpg,-0.3142000138759613
img_11233.jpg,-0.3142000138759613
img_11234.jpg,-0.2842999994754791
img_11235.jpg,-0.24609999358654022
img_11236.jpg,-0.2079000025987625
img_11237.jpg,-0.17229999601840973
img_11238.jpg,-0.15129999816417694
img_11239.jpg,-0.13249999284744263
img_11240.jpg,-0.11620000004768372
img_11241.jpg,-0.10890000313520432
img_11242.jpg,-0.11620000004768372
img_11243.jpg,-0.1298999935388565
img_11244.jpg,-0.15230000019073486
img_11245.jpg,-0.16300000250339508
img_11246.jpg,-0.20409999787807465
img_11247.jpg,-0.2535000145435333
img_11248.jpg,-0.2768999934196472
img_11249.jpg,-0.2921999990940094
img_11250.jpg,-0.3041999936103821
img_11251.jpg,-0.3142000138759613
img_11252.jpg,-0.3142000138759613
img_11253.jpg,-0.3142000138759613
img_11254.jpg,-0.3142000138759613
img_11255.jpg,-0.3142000138759613
img_11256.jpg,-0.3142000138759613
img_11257.jpg,-0.3142000138759613
img_11258.jpg,-0.3142000138759613
img_11259.jpg,-0.3142000138759613
img_11260.jpg,-0.3142000138759613
img_11261.jpg,-0.3073999881744385
img_11262.jpg,-0.2985000014305115
img_11263.jpg,-0.2847999930381775
img_11264.jpg,-0.2732999920845032
img_11265.jpg,-0.2612999975681305
img_11266.jpg,-0.24979999661445618
img_11267.jpg,-0.2345999926328659
img_11268.jpg,-0.20579999685287476
img_11269.jpg,-0.1784999966621399
img_11270.jpg,-0.13979999721050262
img_11271.jpg,-0.10580000281333923
img_11272.jpg,-0.07020000368356705
img_11273.jpg,-0.042899999767541885
img_11274.jpg,-0.023000000044703484
img_11275.jpg,-0.014100000262260437
img_11276.jpg,-0.0333000011742115
img_11277.jpg,-0.10249999910593033
img_11278.jpg,-0.19679999351501465
img_11279.jpg,-0.3142000138759613
img_11280.jpg,-0.3142000138759613
img_11281.jpg,-0.3142000138759613
img_11282.jpg,-0.3142000138759613
img_11283.jpg,-0.3142000138759613
img_11284.jpg,-0.3142000138759613
img_11285.jpg,-0.3142000138759613
img_11286.jpg,-0.3142000138759613
img_11287.jpg,-0.3142000138759613
img_11288.jpg,-0.3142000138759613
img_11289.jpg,-0.3142000138759613
img_11290.jpg,-0.3142000138759613
img_11291.jpg,-0.3142000138759613
img_11292.jpg,-0.3142000138759613
img_11293.jpg,-0.3142000138759613
img_11294.jpg,-0.3142000138759613
img_11295.jpg,-0.3142000138759613
img_11296.jpg,-0.3142000138759613
img_11297.jpg,-0.3142000138759613
img_11298.jpg,-0.3142000138759613
img_11299.jpg,-0.3142000138759613
img_11300.jpg,-0.3142000138759613
img_11301.jpg,-0.3142000138759613
img_11302.jpg,-0.3142000138759613
img_11303.jpg,-0.3142000138759613
img_11304.jpg,-0.3142000138759613
img_11305.jpg,-0.3142000138759613
img_11306.jpg,-0.3142000138759613
img_11307.jpg,-0.2800999879837036
img_11308.jpg,-0.23770000040531158
img_11309.jpg,-0.17960000038146973
img_11310.jpg,-0.1298999935388565
img_11311.jpg,-0.08009999990463257
img_11312.jpg,-0.04450000077486038
img_11313.jpg,0.026200000196695328
img_11314.jpg,0.02199999988079071
img_11315.jpg,0.025200000032782555
img_11316.jpg,0.02669999934732914
img_11317.jpg,0.025100000202655792
img_11318.jpg,0.02199999988079071
img_11319.jpg,0.018799999728798866
img_11320.jpg,0.018799999728798866
img_11321.jpg,-0.009399999864399433
img_11322.jpg,-0.023600000888109207
img_11323.jpg,-0.039799999445676804
img_11324.jpg,-0.05810000002384186
img_11325.jpg,-0.07440000027418137
img_11326.jpg,-0.08529999852180481
img_11327.jpg,-0.0885000005364418
img_11328.jpg,-0.08479999750852585
img_11329.jpg,-0.0737999975681305
img_11330.jpg,-0.062300000339746475
img_11331.jpg,-0.05079999938607216
img_11332.jpg,-0.03929999843239784
img_11333.jpg,-0.030899999663233757
img_11334.jpg,-0.030899999663233757
img_11335.jpg,-0.018799999728798866
img_11336.jpg,-0.014100000262260437
img_11337.jpg,-0.014100000262260437
img_11338.jpg,0.01360000018030405
img_11339.jpg,0.023000000044703484
img_11340.jpg,0.03669999912381172
img_11341.jpg,0.05909999832510948
img_11342.jpg,0.10999999940395355
img_11343.jpg,0.1451999992132187
img_11344.jpg,0.193900004029274
img_11345.jpg,0.2303999960422516
img_11346.jpg,0.2727999985218048
img_11347.jpg,0.295199990272522
img_11348.jpg,0.29789999127388
img_11349.jpg,0.274399995803833
img_11350.jpg,0.24609999358654022
img_11351.jpg,0.20630000531673431
img_11352.jpg,0.16179999709129333
img_11353.jpg,0.1251000016927719
img_11354.jpg,0.0885000005364418
img_11355.jpg,0.05920000001788139
img_11356.jpg,-0.032499998807907104
img_11357.jpg,-0.0272000003606081
img_11358.jpg,-0.03350000083446503
img_11359.jpg,-0.03400000184774399
img_11360.jpg,-0.03189999982714653
img_11361.jpg,-0.03189999982714653
img_11362.jpg,-0.023000000044703484
img_11363.jpg,-0.01730000041425228
img_11364.jpg,-0.013100000098347664
img_11365.jpg,-0.008899999782443047
img_11366.jpg,-0.006300000008195639
img_11367.jpg,-0.00419999985024333
img_11368.jpg,-0.003100000089034438
img_11369.jpg,0.003100000089034438
img_11370.jpg,0.018799999728798866
img_11371.jpg,0.037700001150369644
img_11372.jpg,0.06340000033378601
img_11373.jpg,0.08579999953508377
img_11374.jpg,0.11140000075101852
img_11375.jpg,0.1225999966263771
img_11376.jpg,0.15970000624656677
img_11377.jpg,0.17749999463558197
img_11378.jpg,0.1873999983072281
img_11379.jpg,0.17170000076293945
img_11380.jpg,0.1476999968290329
img_11381.jpg,0.11050000041723251
img_11382.jpg,0.07590000331401825
img_11383.jpg,-0.03869999945163727
img_11384.jpg,-0.048700001090765
img_11385.jpg,-0.07169999927282333
img_11386.jpg,-0.09269999712705612
img_11387.jpg,-0.10790000110864639
img_11388.jpg,-0.11890000104904175
img_11389.jpg,-0.12250000238418579
img_11390.jpg,-0.11940000206232071
img_11391.jpg,-0.11309999972581863
img_11392.jpg,-0.10209999978542328
img_11393.jpg,-0.08590000122785568
img_11394.jpg,-0.06599999964237213
img_11395.jpg,-0.040300000458955765
img_11396.jpg,0.02199999988079071
img_11397.jpg,0.05079999938607216
img_11398.jpg,0.07959999889135361
img_11399.jpg,0.13109999895095825
img_11400.jpg,0.1574999988079071
img_11401.jpg,0.18379999697208405
img_11402.jpg,0.19059999287128448
img_11403.jpg,0.18690000474452972
img_11404.jpg,0.1712000072002411
img_11405.jpg,0.15289999544620514
img_11406.jpg,0.13089999556541443
img_11407.jpg,0.12250000238418579
img_11408.jpg,0.12929999828338623
img_11409.jpg,0.12929999828338623
img_11410.jpg,0.1492999941110611
img_11411.jpg,0.19900000095367432
img_11412.jpg,0.22460000216960907
img_11413.jpg,0.24500000476837158
img_11414.jpg,0.2524000108242035
img_11415.jpg,0.23199999332427979
img_11416.jpg,0.20319999754428864
img_11417.jpg,0.16019999980926514
img_11418.jpg,0.12620000541210175
img_11419.jpg,0.10419999808073044
img_11420.jpg,0.094200000166893
img_11421.jpg,0.094200000166893
img_11422.jpg,0.10260000079870224
img_11423.jpg,0.11309999972581863
img_11424.jpg,0.12780000269412994
img_11425.jpg,0.14030000567436218
img_11426.jpg,0.14920000731945038
img_11427.jpg,0.14820000529289246
img_11428.jpg,0.131400004029274
img_11429.jpg,0.1046999990940094
img_11430.jpg,0.07850000262260437
img_11431.jpg,0.048700001090765
img_11432.jpg,0.02459999918937683
img_11433.jpg,-0.02199999988079071
img_11434.jpg,-0.025100000202655792
img_11435.jpg,-0.020400000736117363
img_11436.jpg,0.019899999722838402
img_11437.jpg,0.04500000178813934
img_11438.jpg,0.0706000030040741
img_11439.jpg,0.10999999940395355
img_11440.jpg,0.1387999951839447
img_11441.jpg,0.16859999299049377
img_11442.jpg,0.18140000104904175
img_11443.jpg,0.20110000669956207
img_11444.jpg,0.20430000126361847
img_11445.jpg,0.2079000025987625
img_11446.jpg,0.19629999995231628
img_11447.jpg,0.17749999463558197
img_11448.jpg,0.14190000295639038
img_11449.jpg,0.10790000110864639
img_11450.jpg,0.10790000110864639
img_11451.jpg,0.03669999912381172
img_11452.jpg,-0.030400000512599945
img_11453.jpg,-0.032999999821186066
img_11454.jpg,-0.032999999821186066
img_11455.jpg,-0.02459999918937683
img_11456.jpg,0.01730000041425228
img_11457.jpg,0.023000000044703484
img_11458.jpg,0.03869999945163727
img_11459.jpg,0.05290000140666962
img_11460.jpg,0.06859999895095825
img_11461.jpg,0.08380000293254852
img_11462.jpg,0.09529999643564224
img_11463.jpg,0.10580000281333923
img_11464.jpg,0.11259999871253967
img_11465.jpg,0.11729999631643295
img_11466.jpg,0.11990000307559967
img_11467.jpg,0.1136000007390976
img_11468.jpg,0.09629999846220016
img_11469.jpg,0.07750000059604645
img_11470.jpg,0.05339999869465828
img_11471.jpg,0.03350000083446503
img_11472.jpg,-0.020400000736117363
img_11473.jpg,-0.020400000736117363
img_11474.jpg,-0.023600000888109207
img_11475.jpg,-0.02250000089406967
img_11476.jpg,-0.019899999722838402
img_11477.jpg,-0.015699999406933784
img_11478.jpg,-0.015200000256299973
img_11479.jpg,-0.01940000057220459
img_11480.jpg,-0.02669999934732914
img_11481.jpg,-0.03350000083446503
img_11482.jpg,-0.0414000004529953
img_11483.jpg,-0.04820000007748604
img_11484.jpg,-0.05389999970793724
img_11485.jpg,-0.0575999990105629
img_11486.jpg,-0.059700001031160355
img_11487.jpg,-0.05860000103712082
img_11488.jpg,-0.054999999701976776
img_11489.jpg,-0.05079999938607216
img_11490.jpg,-0.04450000077486038
img_11491.jpg,-0.039799999445676804
img_11492.jpg,-0.03189999982714653
img_11493.jpg,-0.02410000003874302
img_11494.jpg,-0.014700000174343586
img_11495.jpg,-0.007300000172108412
img_11496.jpg,0.006800000090152025
img_11497.jpg,0.006800000090152025
img_11498.jpg,0.009399999864399433
img_11499.jpg,0.009399999864399433
img_11500.jpg,0.00839999970048666
img_11501.jpg,0.006800000090152025
img_11502.jpg,0.005200000014156103
img_11503.jpg,0.011500000022351742
img_11504.jpg,0.030400000512599945
img_11505.jpg,0.05180000141263008
img_11506.jpg,0.07419999688863754
img_11507.jpg,0.08489999920129776
img_11508.jpg,0.12200000137090683
img_11509.jpg,0.1348000019788742
img_11510.jpg,0.1445000022649765
img_11511.jpg,0.1476999968290329
img_11512.jpg,0.14190000295639038
img_11513.jpg,0.12620000541210175
img_11514.jpg,0.10520000010728836
img_11515.jpg,0.06599999964237213
img_11516.jpg,-0.04969999939203262
img_11517.jpg,-0.08380000293254852
img_11518.jpg,-0.10620000213384628
img_11519.jpg,-0.14569999277591705
img_11520.jpg,-0.2037000060081482
img_11521.jpg,-0.23199999332427979
img_11522.jpg,-0.23520000278949738
img_11523.jpg,-0.23720000684261322
img_11524.jpg,-0.2093999981880188
img_11525.jpg,-0.17800000309944153
img_11526.jpg,-0.1371999979019165
img_11527.jpg,-0.10260000079870224
img_11528.jpg,-0.06859999895095825
img_11529.jpg,-0.04450000077486038
img_11530.jpg,-0.030899999663233757
img_11531.jpg,-0.019899999722838402
img_11532.jpg,-0.011500000022351742
img_11533.jpg,0.006800000090152025
img_11534.jpg,0.004699999932199717
img_11535.jpg,0.003700000001117587
img_11536.jpg,-0.003100000089034438
img_11537.jpg,-0.00419999985024333
img_11538.jpg,-0.006300000008195639
img_11539.jpg,-0.00839999970048666
img_11540.jpg,-0.010499999858438969
img_11541.jpg,-0.011500000022351742
img_11542.jpg,-0.011500000022351742
img_11543.jpg,-0.00989999994635582
img_11544.jpg,-0.007300000172108412
img_11545.jpg,0.005200000014156103
img_11546.jpg,0.006800000090152025
img_11547.jpg,0.010499999858438969
img_11548.jpg,0.01360000018030405
img_11549.jpg,0.016200000420212746
img_11550.jpg,0.018300000578165054
img_11551.jpg,0.019899999722838402
img_11552.jpg,0.019899999722838402
img_11553.jpg,-0.010499999858438969
img_11554.jpg,-0.020400000736117363
img_11555.jpg,-0.03350000083446503
img_11556.jpg,-0.0502999983727932
img_11557.jpg,-0.0649000033736229
img_11558.jpg,-0.0812000036239624
img_11559.jpg,-0.09319999814033508
img_11560.jpg,-0.10369999706745148
img_11561.jpg,-0.10790000110864639
img_11562.jpg,-0.10790000110864639
img_11563.jpg,-0.10419999808073044
img_11564.jpg,-0.09629999846220016
img_11565.jpg,-0.07800000160932541
img_11566.jpg,-0.0649000033736229
img_11567.jpg,-0.05180000141263008
img_11568.jpg,-0.04190000146627426
img_11569.jpg,-0.03460000082850456
img_11570.jpg,-0.02979999966919422
img_11571.jpg,-0.02879999950528145
img_11572.jpg,-0.030899999663233757
img_11573.jpg,-0.032999999821186066
img_11574.jpg,-0.035599999129772186
img_11575.jpg,-0.03720000013709068
img_11576.jpg,-0.03869999945163727
img_11577.jpg,-0.039799999445676804
img_11578.jpg,-0.035100001841783524
img_11579.jpg,-0.028300000354647636
img_11580.jpg,-0.02250000089406967
img_11581.jpg,-0.019899999722838402
img_11582.jpg,-0.01940000057220459
img_11583.jpg,-0.020899999886751175
img_11584.jpg,-0.023600000888109207
img_11585.jpg,-0.026200000196695328
img_11586.jpg,-0.030899999663233757
img_11587.jpg,-0.04560000076889992
img_11588.jpg,-0.06800000369548798
img_11589.jpg,-0.10050000250339508
img_11590.jpg,-0.12929999828338623
img_11591.jpg,-0.15760000050067902
img_11592.jpg,-0.18320000171661377
img_11593.jpg,-0.2093999981880188
img_11594.jpg,-0.22220000624656677
img_11595.jpg,-0.2303999960422516
img_11596.jpg,-0.22360000014305115
img_11597.jpg,-0.210999995470047
img_11598.jpg,-0.19059999287128448
img_11599.jpg,-0.1738000065088272
img_11600.jpg,-0.1738000065088272
img_11601.jpg,-0.14560000598430634
img_11602.jpg,-0.1371999979019165
img_11603.jpg,-0.13300000131130219
img_11604.jpg,-0.13300000131130219
img_11605.jpg,-0.13459999859333038
img_11606.jpg,-0.13819999992847443
img_11607.jpg,-0.1387999951839447
img_11608.jpg,-0.14079999923706055
img_11609.jpg,-0.1445000022649765
img_11610.jpg,-0.15410000085830688
img_11611.jpg,-0.1639000028371811
img_11612.jpg,-0.1639000028371811
img_11613.jpg,-0.18060000240802765
img_11614.jpg,-0.18539999425411224
img_11615.jpg,-0.1873999983072281
img_11616.jpg,-0.1843000054359436
img_11617.jpg,-0.17800000309944153
img_11618.jpg,-0.1680999994277954
img_11619.jpg,-0.15870000422000885
img_11620.jpg,-0.14560000598430634
img_11621.jpg,-0.13189999759197235
img_11622.jpg,-0.11410000175237656
img_11623.jpg,-0.11209999769926071
img_11624.jpg,-0.11620000004768372
img_11625.jpg,-0.1266999989748001
img_11626.jpg,-0.13670000433921814
img_11627.jpg,-0.14399999380111694
img_11628.jpg,-0.14659999310970306
img_11629.jpg,-0.15129999816417694
img_11630.jpg,-0.1565999984741211
img_11631.jpg,-0.16179999709129333
img_11632.jpg,-0.16339999437332153
img_11633.jpg,0.10159999877214432
img_11634.jpg,0.07119999825954437
img_11635.jpg,0.05649999901652336
img_11636.jpg,0.04560000076889992
img_11637.jpg,0.03819999843835831
img_11638.jpg,0.0272000003606081
img_11639.jpg,0.014700000174343586
img_11640.jpg,-0.011500000022351742
img_11641.jpg,-0.01679999940097332
img_11642.jpg,-0.02459999918937683
img_11643.jpg,-0.03929999843239784
img_11644.jpg,-0.05389999970793724
img_11645.jpg,-0.0723000019788742
img_11646.jpg,-0.09690000116825104
img_11647.jpg,-0.12099999934434891
img_11648.jpg,-0.14659999310970306
img_11649.jpg,-0.18219999969005585
img_11650.jpg,-0.18219999969005585
img_11651.jpg,-0.24089999496936798
img_11652.jpg,-0.26330000162124634
img_11653.jpg,-0.3037000000476837
img_11654.jpg,-0.3142000138759613
img_11655.jpg,-0.3142000138759613
img_11656.jpg,-0.3142000138759613
img_11657.jpg,-0.3142000138759613
img_11658.jpg,-0.3142000138759613
img_11659.jpg,-0.3142000138759613
img_11660.jpg,-0.3142000138759613
img_11661.jpg,-0.3142000138759613
img_11662.jpg,-0.3142000138759613
img_11663.jpg,-0.3142000138759613
img_11664.jpg,-0.3142000138759613
img_11665.jpg,-0.3142000138759613
img_11666.jpg,-0.3142000138759613
img_11667.jpg,-0.30630001425743103
img_11668.jpg,-0.28540000319480896
img_11669.jpg,-0.23819999396800995
img_11670.jpg,-0.19949999451637268
img_11671.jpg,-0.17229999601840973
img_11672.jpg,-0.14970000088214874
img_11673.jpg,-0.14239999651908875
img_11674.jpg,-0.14350000023841858
img_11675.jpg,-0.1476999968290329
img_11676.jpg,-0.1534000039100647
img_11677.jpg,-0.1639000028371811
img_11678.jpg,-0.17960000038146973
img_11679.jpg,-0.20160000026226044
img_11680.jpg,-0.2224999964237213
img_11681.jpg,-0.2353000044822693
img_11682.jpg,-0.25029999017715454
img_11683.jpg,-0.2824000120162964
img_11684.jpg,-0.3142000138759613
img_11685.jpg,-0.3142000138759613
img_11686.jpg,-0.3142000138759613
img_11687.jpg,-0.3142000138759613
img_11688.jpg,-0.3142000138759613
img_11689.jpg,-0.3142000138759613
img_11690.jpg,-0.3142000138759613
img_11691.jpg,-0.3142000138759613
img_11692.jpg,-0.3142000138759613
img_11693.jpg,-0.3142000138759613
img_11694.jpg,-0.3021000027656555
img_11695.jpg,-0.26080000400543213
img_11696.jpg,-0.2896000146865845
img_11697.jpg,-0.3142000138759613
img_11698.jpg,-0.3142000138759613
img_11699.jpg,-0.3142000138759613
img_11700.jpg,-0.3142000138759613
img_11701.jpg,-0.3142000138759613
img_11702.jpg,-0.3142000138759613
img_11703.jpg,-0.3142000138759613
img_11704.jpg,-0.3142000138759613
img_11705.jpg,-0.3084000051021576
img_11706.jpg,-0.2863999903202057
img_11707.jpg,-0.2623000144958496
img_11708.jpg,-0.24289999902248383
img_11709.jpg,-0.2240999937057495
img_11710.jpg,-0.20999999344348907
img_11711.jpg,-0.2020999938249588
img_11712.jpg,-0.2020999938249588
img_11713.jpg,-0.21809999644756317
img_11714.jpg,-0.24140000343322754
img_11715.jpg,-0.2574000060558319
img_11716.jpg,-0.30160000920295715
img_11717.jpg,-0.3142000138759613
img_11718.jpg,-0.3142000138759613
img_11719.jpg,-0.31360000371932983
img_11720.jpg,-0.2906000018119812
img_11721.jpg,-0.27959999442100525
img_11722.jpg,-0.2754000127315521
img_11723.jpg,-0.2712000012397766
img_11724.jpg,-0.2597000002861023
img_11725.jpg,-0.22990000247955322
img_11726.jpg,-0.2004999965429306
img_11727.jpg,-0.17229999601840973
img_11728.jpg,-0.1387999951839447
img_11729.jpg,-0.11410000175237656
img_11730.jpg,-0.11410000175237656
img_11731.jpg,-0.10050000250339508
img_11732.jpg,-0.09529999643564224
img_11733.jpg,-0.09529999643564224
img_11734.jpg,-0.05550000071525574
img_11735.jpg,-0.037700001150369644
img_11736.jpg,-0.019899999722838402
img_11737.jpg,0.012600000016391277
img_11738.jpg,0.012600000016391277
img_11739.jpg,0.012600000016391277
img_11740.jpg,-0.006599999964237213
img_11741.jpg,-0.05490000173449516
img_11742.jpg,-0.07959999889135361
img_11743.jpg,-0.1712999939918518
img_11744.jpg,-0.24729999899864197
img_11745.jpg,-0.27129998803138733
img_11746.jpg,-0.3125999867916107
img_11747.jpg,-0.3142000138759613
img_11748.jpg,-0.31209999322891235
img_11749.jpg,-0.2985000014305115
img_11750.jpg,-0.2858999967575073
img_11751.jpg,-0.27379998564720154
img_11752.jpg,-0.27379998564720154
img_11753.jpg,-0.2125999927520752
img_11754.jpg,-0.17749999463558197
img_11755.jpg,-0.14499999582767487
img_11756.jpg,-0.14499999582767487
img_11757.jpg,-0.08590000122785568
img_11758.jpg,-0.06390000134706497
img_11759.jpg,-0.04659999907016754
img_11760.jpg,-0.032999999821186066
img_11761.jpg,-0.02979999966919422
img_11762.jpg,-0.05220000073313713
img_11763.jpg,-0.08209999650716782
img_11764.jpg,-0.0885000005364418
img_11765.jpg,-0.1404000073671341
img_11766.jpg,-0.2069000005722046
img_11767.jpg,-0.21369999647140503
img_11768.jpg,-0.2680000066757202
img_11769.jpg,-0.274399995803833
img_11770.jpg,-0.26440000534057617
img_11771.jpg,-0.23819999396800995
img_11772.jpg,-0.20890000462532043
img_11773.jpg,-0.20890000462532043
img_11774.jpg,-0.13930000364780426
img_11775.jpg,-0.13930000364780426
img_11776.jpg,-0.07069999724626541
img_11777.jpg,-0.042399998754262924
img_11778.jpg,0.028300000354647636
img_11779.jpg,0.02669999934732914
img_11780.jpg,0.030899999663233757
img_11781.jpg,0.02979999966919422
img_11782.jpg,0.02979999966919422
img_11783.jpg,0.019899999722838402
img_11784.jpg,0.012000000104308128
img_11785.jpg,-0.006800000090152025
img_11786.jpg,-0.006300000008195639
img_11787.jpg,-0.008899999782443047
img_11788.jpg,-0.00989999994635582
img_11789.jpg,-0.010499999858438969
img_11790.jpg,-0.010499999858438969
img_11791.jpg,-0.010499999858438969
img_11792.jpg,-0.016200000420212746
img_11793.jpg,-0.01940000057220459
img_11794.jpg,-0.035599999129772186
img_11795.jpg,-0.07150000333786011
img_11796.jpg,-0.0989999994635582
img_11797.jpg,-0.11500000208616257
img_11798.jpg,-0.12720000743865967
img_11799.jpg,-0.12720000743865967
img_11800.jpg,-0.11779999732971191
img_11801.jpg,-0.09839999675750732
img_11802.jpg,-0.07800000160932541
img_11803.jpg,-0.05389999970793724
img_11804.jpg,-0.03400000184774399
img_11805.jpg,0.01940000057220459
img_11806.jpg,0.016200000420212746
img_11807.jpg,0.018300000578165054
img_11808.jpg,0.01730000041425228
img_11809.jpg,0.01730000041425228
img_11810.jpg,0.010499999858438969
img_11811.jpg,0.005799999926239252
img_11812.jpg,0.005799999926239252
img_11813.jpg,-0.005799999926239252
img_11814.jpg,-0.007300000172108412
img_11815.jpg,-0.008899999782443047
img_11816.jpg,-0.009399999864399433
img_11817.jpg,-0.006300000008195639
img_11818.jpg,0.010999999940395355
img_11819.jpg,0.010999999940395355
img_11820.jpg,0.04450000077486038
img_11821.jpg,0.06369999796152115
img_11822.jpg,0.08330000191926956
img_11823.jpg,0.09610000252723694
img_11824.jpg,0.11410000175237656
img_11825.jpg,0.11829999834299088
img_11826.jpg,0.11100000143051147
img_11827.jpg,0.09790000319480896
img_11828.jpg,0.07540000230073929
img_11829.jpg,0.05389999970793724
img_11830.jpg,0.02930000051856041
img_11831.jpg,-0.01940000057220459
img_11832.jpg,-0.023000000044703484
img_11833.jpg,-0.027799999341368675
img_11834.jpg,-0.027799999341368675
img_11835.jpg,-0.02879999950528145
img_11836.jpg,-0.026200000196695328
img_11837.jpg,-0.02250000089406967
img_11838.jpg,-0.018799999728798866
img_11839.jpg,-0.014700000174343586
img_11840.jpg,-0.014700000174343586
img_11841.jpg,0.00989999994635582
img_11842.jpg,0.014100000262260437
img_11843.jpg,0.018300000578165054
img_11844.jpg,0.0215000007301569
img_11845.jpg,0.02410000003874302
img_11846.jpg,0.025100000202655792
img_11847.jpg,0.025699999183416367
img_11848.jpg,0.025699999183416367
img_11849.jpg,0.02459999918937683
img_11850.jpg,0.023600000888109207
img_11851.jpg,0.02199999988079071
img_11852.jpg,0.02199999988079071
img_11853.jpg,0.019899999722838402
img_11854.jpg,0.018300000578165054
img_11855.jpg,0.015200000256299973
img_11856.jpg,0.011500000022351742
img_11857.jpg,0.006800000090152025
img_11858.jpg,-0.004699999932199717
img_11859.jpg,-0.005200000014156103
img_11860.jpg,-0.006800000090152025
img_11861.jpg,-0.007300000172108412
img_11862.jpg,-0.007899999618530273
img_11863.jpg,-0.007899999618530273
img_11864.jpg,-0.007300000172108412
img_11865.jpg,-0.007300000172108412
img_11866.jpg,-0.005799999926239252
img_11867.jpg,-0.005200000014156103
img_11868.jpg,-0.004699999932199717
img_11869.jpg,-0.003700000001117587
img_11870.jpg,-0.003700000001117587
img_11871.jpg,-0.003100000089034438
img_11872.jpg,-0.003100000089034438
img_11873.jpg,-0.0026000000070780516
img_11874.jpg,-0.0026000000070780516
img_11875.jpg,-0.0026000000070780516
img_11876.jpg,-0.003100000089034438
img_11877.jpg,-0.003100000089034438
img_11878.jpg,-0.003100000089034438
img_11879.jpg,-0.003100000089034438
img_11880.jpg,-0.003700000001117587
img_11881.jpg,-0.003700000001117587
img_11882.jpg,-0.003700000001117587
img_11883.jpg,-0.003700000001117587
img_11884.jpg,-0.003700000001117587
img_11885.jpg,-0.003700000001117587
img_11886.jpg,-0.003700000001117587
img_11887.jpg,-0.003700000001117587
img_11888.jpg,-0.003100000089034438
img_11889.jpg,-0.003100000089034438
img_11890.jpg,-0.003100000089034438
img_11891.jpg,-0.003100000089034438
img_11892.jpg,-0.003100000089034438
img_11893.jpg,-0.003100000089034438
img_11894.jpg,-0.003100000089034438
img_11895.jpg,-0.003100000089034438
img_11896.jpg,-0.003100000089034438
img_11897.jpg,-0.003100000089034438
img_11898.jpg,-0.005200000014156103
img_11899.jpg,-0.010999999940395355
img_11900.jpg,-0.0215000007301569
img_11901.jpg,-0.030899999663233757
img_11902.jpg,-0.0414000004529953
img_11903.jpg,-0.05079999938607216
img_11904.jpg,-0.0575999990105629
img_11905.jpg,-0.061799999326467514
img_11906.jpg,-0.07069999724626541
img_11907.jpg,-0.08030000329017639
img_11908.jpg,-0.10109999775886536
img_11909.jpg,-0.11150000244379044
img_11910.jpg,-0.11680000275373459
img_11911.jpg,-0.11259999871253967
img_11912.jpg,-0.0957999974489212
img_11913.jpg,-0.07699999958276749
img_11914.jpg,-0.05180000141263008
img_11915.jpg,-0.030400000512599945
img_11916.jpg,0.02250000089406967
img_11917.jpg,0.02410000003874302
img_11918.jpg,0.0414000004529953
img_11919.jpg,0.05860000103712082
img_11920.jpg,0.05860000103712082
img_11921.jpg,0.0989999994635582
img_11922.jpg,0.11469999700784683
img_11923.jpg,0.11569999903440475
img_11924.jpg,0.10419999808073044
img_11925.jpg,0.08380000293254852
img_11926.jpg,0.06390000134706497
img_11927.jpg,0.039799999445676804
img_11928.jpg,0.020899999886751175
img_11929.jpg,-0.018799999728798866
img_11930.jpg,-0.0215000007301569
img_11931.jpg,-0.026200000196695328
img_11932.jpg,-0.0272000003606081
img_11933.jpg,-0.026200000196695328
img_11934.jpg,-0.02250000089406967
img_11935.jpg,-0.018799999728798866
img_11936.jpg,-0.015200000256299973
img_11937.jpg,-0.014700000174343586
img_11938.jpg,-0.01730000041425228
img_11939.jpg,-0.020400000736117363
img_11940.jpg,-0.025699999183416367
img_11941.jpg,-0.030400000512599945
img_11942.jpg,-0.03460000082850456
img_11943.jpg,-0.03779999911785126
img_11944.jpg,-0.040300000458955765
img_11945.jpg,-0.0414000004529953
img_11946.jpg,-0.04190000146627426
img_11947.jpg,-0.0414000004529953
img_11948.jpg,-0.03819999843835831
img_11949.jpg,-0.03819999843835831
img_11950.jpg,-0.025699999183416367
img_11951.jpg,-0.032499998807907104
img_11952.jpg,-0.042899999767541885
img_11953.jpg,-0.05810000002384186
img_11954.jpg,-0.06909999996423721
img_11955.jpg,-0.07800000160932541
img_11956.jpg,-0.08219999819993973
img_11957.jpg,-0.08330000191926956
img_11958.jpg,-0.08009999990463257
img_11959.jpg,-0.07639999687671661
img_11960.jpg,-0.06960000097751617
img_11961.jpg,-0.0575999990105629
img_11962.jpg,-0.035599999129772186
img_11963.jpg,0.020899999886751175
img_11964.jpg,0.035100001841783524
img_11965.jpg,0.057100001722574234
img_11966.jpg,0.057100001722574234
img_11967.jpg,0.11050000041723251
img_11968.jpg,0.13249999284744263
img_11969.jpg,0.13570000231266022
img_11970.jpg,0.17440000176429749
img_11971.jpg,0.18080000579357147
img_11972.jpg,0.20469999313354492
img_11973.jpg,0.20579999685287476
img_11974.jpg,0.19110000133514404
img_11975.jpg,0.15919999778270721
img_11976.jpg,0.1266999989748001
img_11977.jpg,0.0869000032544136
img_11978.jpg,0.05180000141263008
img_11979.jpg,-0.04560000076889992
img_11980.jpg,-0.052000001072883606
img_11981.jpg,-0.07590000331401825
img_11982.jpg,-0.07909999787807465
img_11983.jpg,-0.09109999984502792
img_11984.jpg,-0.09109999984502792
img_11985.jpg,-0.08479999750852585
img_11986.jpg,-0.08479999750852585
img_11987.jpg,-0.06129999831318855
img_11988.jpg,-0.0502999983727932
img_11989.jpg,-0.037700001150369644
img_11990.jpg,-0.028300000354647636
img_11991.jpg,-0.020400000736117363
img_11992.jpg,-0.015699999406933784
img_11993.jpg,-0.011500000022351742
img_11994.jpg,-0.006800000090152025
img_11995.jpg,0.006300000008195639
img_11996.jpg,0.007899999618530273
img_11997.jpg,0.007899999618530273
img_11998.jpg,0.01360000018030405
img_11999.jpg,0.010499999858438969
img_12000.jpg,0.010499999858438969
img_12001.jpg,-0.00989999994635582
img_12002.jpg,-0.016200000420212746
img_12003.jpg,-0.02459999918937683
img_12004.jpg,-0.027799999341368675
img_12005.jpg,-0.039799999445676804
img_12006.jpg,-0.04450000077486038
img_12007.jpg,-0.048700001090765
img_12008.jpg,-0.05079999938607216
img_12009.jpg,-0.05079999938607216
img_12010.jpg,-0.05180000141263008
img_12011.jpg,-0.05180000141263008
img_12012.jpg,-0.05079999938607216
img_12013.jpg,-0.04919999837875366
img_12014.jpg,-0.0471000000834465
img_12015.jpg,-0.04349999874830246
img_12016.jpg,-0.03460000082850456
img_12017.jpg,-0.026200000196695328
img_12018.jpg,-0.016200000420212746
img_12019.jpg,0.00839999970048666
img_12020.jpg,0.005200000014156103
img_12021.jpg,0.003700000001117587
img_12022.jpg,-0.0026000000070780516
img_12023.jpg,-0.010999999940395355
img_12024.jpg,-0.023000000044703484
img_12025.jpg,-0.03929999843239784
img_12026.jpg,-0.05649999901652336
img_12027.jpg,-0.05649999901652336
img_12028.jpg,-0.08009999990463257
img_12029.jpg,-0.0885000005364418
img_12030.jpg,-0.09319999814033508
img_12031.jpg,-0.09529999643564224
img_12032.jpg,-0.09529999643564224
img_12033.jpg,-0.09319999814033508
img_12034.jpg,-0.08900000154972076
img_12035.jpg,-0.08169999718666077
img_12036.jpg,-0.06700000166893005
img_12037.jpg,-0.052400000393390656
img_12038.jpg,-0.03400000184774399
img_12039.jpg,0.0215000007301569
img_12040.jpg,0.02250000089406967
img_12041.jpg,0.035599999129772186
img_12042.jpg,0.048700001090765
img_12043.jpg,0.06440000236034393
img_12044.jpg,0.07750000059604645
img_12045.jpg,0.07750000059604645
img_12046.jpg,0.10000000149011612
img_12047.jpg,0.10840000212192535
img_12048.jpg,0.1151999980211258
img_12049.jpg,0.1151999980211258
img_12050.jpg,0.09220000356435776
img_12051.jpg,0.06069999933242798
img_12052.jpg,-0.03350000083446503
img_12053.jpg,-0.04349999874830246
img_12054.jpg,-0.059700001031160355
img_12055.jpg,-0.06289999932050705
img_12056.jpg,-0.07850000262260437
img_12057.jpg,-0.08590000122785568
img_12058.jpg,-0.08590000122785568
img_12059.jpg,-0.094200000166893
img_12060.jpg,-0.094200000166893
img_12061.jpg,-0.10050000250339508
img_12062.jpg,-0.10159999877214432
img_12063.jpg,-0.10159999877214432
img_12064.jpg,-0.10050000250339508
img_12065.jpg,-0.0989999994635582
img_12066.jpg,-0.09269999712705612
img_12067.jpg,-0.08479999750852585
img_12068.jpg,-0.07490000128746033
img_12069.jpg,-0.06599999964237213
img_12070.jpg,-0.05860000103712082
img_12071.jpg,-0.05130000039935112
img_12072.jpg,-0.04560000076889992
img_12073.jpg,-0.04659999907016754
img_12074.jpg,-0.05180000141263008
img_12075.jpg,-0.05180000141263008
img_12076.jpg,-0.0697999969124794
img_12077.jpg,-0.08429999649524689
img_12078.jpg,-0.094200000166893
img_12079.jpg,-0.094200000166893
img_12080.jpg,-0.10429999977350235
img_12081.jpg,-0.1046999990940094
img_12082.jpg,-0.10369999706745148
img_12083.jpg,-0.11309999972581863
img_12084.jpg,-0.12150000035762787
img_12085.jpg,-0.12929999828338623
img_12086.jpg,-0.1340000033378601
img_12087.jpg,-0.14079999923706055
img_12088.jpg,-0.14710000157356262
img_12089.jpg,-0.1534000039100647
img_12090.jpg,-0.15760000050067902
img_12091.jpg,-0.16019999980926514
img_12092.jpg,-0.1606999933719635
img_12093.jpg,-0.15919999778270721
img_12094.jpg,-0.15600000321865082
img_12095.jpg,-0.15240000188350677
img_12096.jpg,-0.14920000731945038
img_12097.jpg,-0.14869999885559082
img_12098.jpg,-0.15080000460147858
img_12099.jpg,-0.15389999747276306
img_12100.jpg,-0.15809999406337738
img_12101.jpg,-0.16130000352859497
img_12102.jpg,-0.1606999933719635
img_12103.jpg,-0.15549999475479126
img_12104.jpg,-0.15549999475479126
img_12105.jpg,-0.16339999437332153
img_12106.jpg,-0.1728000044822693
img_12107.jpg,-0.17919999361038208
img_12108.jpg,-0.14970000088214874
img_12109.jpg,-0.13979999721050262
img_12110.jpg,-0.14300000667572021
img_12111.jpg,-0.16179999709129333
img_12112.jpg,-0.1728000044822693
img_12113.jpg,-0.18559999763965607
img_12114.jpg,-0.20579999685287476
img_12115.jpg,-0.22509999573230743
img_12116.jpg,-0.23149999976158142
img_12117.jpg,-0.2685000002384186
img_12118.jpg,-0.29739999771118164
img_12119.jpg,-0.3142000138759613
img_12120.jpg,-0.3142000138759613
img_12121.jpg,-0.3142000138759613
img_12122.jpg,-0.3142000138759613
img_12123.jpg,-0.3084000051021576
img_12124.jpg,-0.2969000041484833
img_12125.jpg,-0.2800999879837036
img_12126.jpg,-0.2533999979496002
img_12127.jpg,-0.2287999987602234
img_12128.jpg,-0.20579999685287476
img_12129.jpg,-0.1770000010728836
img_12130.jpg,-0.1770000010728836
img_12131.jpg,-0.1266999989748001
img_12132.jpg,-0.1062999963760376
img_12133.jpg,-0.09480000287294388
img_12134.jpg,-0.08900000154972076
img_12135.jpg,-0.09629999846220016
img_12136.jpg,-0.09950000047683716
img_12137.jpg,-0.14560000598430634
img_12138.jpg,-0.17100000381469727
img_12139.jpg,-0.21410000324249268
img_12140.jpg,-0.2590000033378601
img_12141.jpg,-0.3142000138759613
img_12142.jpg,-0.3142000138759613
img_12143.jpg,-0.3142000138759613
img_12144.jpg,-0.3142000138759613
img_12145.jpg,-0.3142000138759613
img_12146.jpg,-0.3142000138759613
img_12147.jpg,-0.3142000138759613
img_12148.jpg,-0.3052999973297119
img_12149.jpg,-0.29319998621940613
img_12150.jpg,-0.2833000123500824
img_12151.jpg,-0.26600000262260437
img_12152.jpg,-0.2538999915122986
img_12153.jpg,-0.24400000274181366
img_12154.jpg,-0.23090000450611115
img_12155.jpg,-0.23090000450611115
img_12156.jpg,-0.25029999017715454
img_12157.jpg,-0.2847999930381775
img_12158.jpg,-0.2879999876022339
img_12159.jpg,-0.3142000138759613
img_12160.jpg,-0.3142000138759613
img_12161.jpg,-0.3142000138759613
img_12162.jpg,-0.3142000138759613
img_12163.jpg,-0.3142000138759613
img_12164.jpg,-0.3142000138759613
img_12165.jpg,-0.3142000138759613
img_12166.jpg,-0.3142000138759613
img_12167.jpg,-0.3142000138759613
img_12168.jpg,-0.2833000123500824
img_12169.jpg,-0.24770000576972961
img_12170.jpg,-0.2053000032901764
img_12171.jpg,-0.16910000145435333
img_12172.jpg,-0.14659999310970306
img_12173.jpg,-0.11729999631643295
img_12174.jpg,-0.10159999877214432
img_12175.jpg,-0.10000000149011612
img_12176.jpg,-0.11309999972581863
img_12177.jpg,-0.13349999487400055
img_12178.jpg,-0.1559000015258789
img_12179.jpg,-0.19110000133514404
img_12180.jpg,-0.2198999971151352
img_12181.jpg,-0.26440000534057617
img_12182.jpg,-0.2858999967575073
img_12183.jpg,-0.2994999885559082
img_12184.jpg,-0.3142000138759613
img_12185.jpg,-0.3142000138759613
img_12186.jpg,-0.3142000138759613
img_12187.jpg,-0.3142000138759613
img_12188.jpg,-0.3142000138759613
img_12189.jpg,-0.3142000138759613
img_12190.jpg,-0.3142000138759613
img_12191.jpg,-0.3142000138759613
img_12192.jpg,-0.3142000138759613
img_12193.jpg,-0.3142000138759613
img_12194.jpg,-0.31310001015663147
img_12195.jpg,-0.30320000648498535
img_12196.jpg,-0.2921999990940094
img_12197.jpg,-0.2786000072956085
img_12198.jpg,-0.2669999897480011
img_12199.jpg,-0.2533999979496002
img_12200.jpg,-0.2402999997138977
img_12201.jpg,-0.21940000355243683
img_12202.jpg,-0.19429999589920044
img_12203.jpg,-0.15919999778270721
img_12204.jpg,-0.12620000541210175
img_12205.jpg,-0.08900000154972076
img_12206.jpg,-0.05389999970793724
img_12207.jpg,-0.02879999950528145
img_12208.jpg,-0.02879999950528145
img_12209.jpg,-0.02850000001490116
img_12210.jpg,-0.03779999911785126
img_12211.jpg,-0.14470000565052032
img_12212.jpg,-0.2578999996185303
img_12213.jpg,-0.3142000138759613
img_12214.jpg,-0.3142000138759613
img_12215.jpg,-0.3142000138759613
img_12216.jpg,-0.3142000138759613
img_12217.jpg,-0.3142000138759613
img_12218.jpg,-0.3142000138759613
img_12219.jpg,-0.3142000138759613
img_12220.jpg,-0.3142000138759613
img_12221.jpg,-0.3142000138759613
img_12222.jpg,-0.3142000138759613
img_12223.jpg,-0.3142000138759613
img_12224.jpg,-0.3142000138759613
img_12225.jpg,-0.3142000138759613
img_12226.jpg,-0.3142000138759613
img_12227.jpg,-0.3142000138759613
img_12228.jpg,-0.3142000138759613
img_12229.jpg,-0.3142000138759613
img_12230.jpg,-0.3142000138759613
img_12231.jpg,-0.3142000138759613
img_12232.jpg,-0.3142000138759613
img_12233.jpg,-0.3142000138759613
img_12234.jpg,-0.3142000138759613
img_12235.jpg,-0.3142000138759613
img_12236.jpg,-0.3142000138759613
img_12237.jpg,-0.3142000138759613
img_12238.jpg,-0.3142000138759613
img_12239.jpg,-0.3142000138759613
img_12240.jpg,-0.2874999940395355
img_12241.jpg,-0.23669999837875366
img_12242.jpg,-0.18639999628067017
img_12243.jpg,-0.18639999628067017
img_12244.jpg,-0.08330000191926956
img_12245.jpg,-0.04349999874830246
img_12246.jpg,0.025699999183416367
img_12247.jpg,0.0215000007301569
img_12248.jpg,0.02410000003874302
img_12249.jpg,0.02410000003874302
img_12250.jpg,0.023000000044703484
img_12251.jpg,0.019899999722838402
img_12252.jpg,0.01679999940097332
img_12253.jpg,0.012600000016391277
img_12254.jpg,-0.007300000172108412
img_12255.jpg,-0.020400000736117363
img_12256.jpg,-0.03669999912381172
img_12257.jpg,-0.054999999701976776
img_12258.jpg,-0.06780000030994415
img_12259.jpg,-0.08219999819993973
img_12260.jpg,-0.08900000154972076
img_12261.jpg,-0.08529999852180481
img_12262.jpg,-0.07699999958276749
img_12263.jpg,-0.06390000134706497
img_12264.jpg,-0.05290000140666962
img_12265.jpg,-0.04190000146627426
img_12266.jpg,-0.03350000083446503
img_12267.jpg,-0.026200000196695328
img_12268.jpg,-0.020400000736117363
img_12269.jpg,-0.01730000041425228
img_12270.jpg,-0.009399999864399433
img_12271.jpg,0.009399999864399433
img_12272.jpg,0.01940000057220459
img_12273.jpg,0.03189999982714653
img_12274.jpg,0.057500001043081284
img_12275.jpg,0.08619999885559082
img_12276.jpg,0.1298000067472458
img_12277.jpg,0.17900000512599945
img_12278.jpg,0.21930000185966492
img_12279.jpg,0.26440000534057617
img_12280.jpg,0.29429998993873596
img_12281.jpg,0.30160000920295715
img_12282.jpg,0.27959999442100525
img_12283.jpg,0.2524000108242035
img_12284.jpg,0.2125999927520752
img_12285.jpg,0.17649999260902405
img_12286.jpg,0.13609999418258667
img_12287.jpg,0.10369999706745148
img_12288.jpg,0.07069999724626541
img_12289.jpg,0.042399998754262924
img_12290.jpg,-0.02879999950528145
img_12291.jpg,-0.028300000354647636
img_12292.jpg,-0.035100001841783524
img_12293.jpg,-0.03720000013709068
img_12294.jpg,-0.035100001841783524
img_12295.jpg,-0.030400000512599945
img_12296.jpg,-0.025699999183416367
img_12297.jpg,-0.025699999183416367
img_12298.jpg,-0.015699999406933784
img_12299.jpg,-0.010999999940395355
img_12300.jpg,-0.007899999618530273
img_12301.jpg,-0.005200000014156103
img_12302.jpg,-0.003700000001117587
img_12303.jpg,0.011500000022351742
img_12304.jpg,0.02669999934732914
img_12305.jpg,0.05079999938607216
img_12306.jpg,0.07909999787807465
img_12307.jpg,0.09830000251531601
img_12308.jpg,0.12929999828338623
img_12309.jpg,0.14970000088214874
img_12310.jpg,0.16859999299049377
img_12311.jpg,0.18219999969005585
img_12312.jpg,0.17749999463558197
img_12313.jpg,0.16019999980926514
img_12314.jpg,0.12720000743865967
img_12315.jpg,0.08640000224113464
img_12316.jpg,0.05130000039935112
img_12317.jpg,-0.0414000004529953
img_12318.jpg,-0.05550000071525574
img_12319.jpg,-0.08429999649524689
img_12320.jpg,-0.10840000212192535
img_12321.jpg,-0.1251000016927719
img_12322.jpg,-0.1340000033378601
img_12323.jpg,-0.13349999487400055
img_12324.jpg,-0.12780000269412994
img_12325.jpg,-0.11569999903440475
img_12326.jpg,-0.10050000250339508
img_12327.jpg,-0.08060000091791153
img_12328.jpg,-0.05339999869465828
img_12329.jpg,-0.02930000051856041
img_12330.jpg,0.009100000374019146
img_12331.jpg,0.06859999895095825
img_12332.jpg,0.11010000109672546
img_12333.jpg,0.14390000700950623
img_12334.jpg,0.19220000505447388
img_12335.jpg,0.20469999313354492
img_12336.jpg,0.2037000060081482
img_12337.jpg,0.18799999356269836
img_12338.jpg,0.1680999994277954
img_12339.jpg,0.13979999721050262
img_12340.jpg,0.12150000035762787
img_12341.jpg,0.11569999903440475
img_12342.jpg,0.12720000743865967
img_12343.jpg,0.1476999968290329
img_12344.jpg,0.17960000038146973
img_12345.jpg,0.20200000703334808
img_12346.jpg,0.2418999969959259
img_12347.jpg,0.25029999017715454
img_12348.jpg,0.23980000615119934
img_12349.jpg,0.2079000025987625
img_12350.jpg,0.17329999804496765
img_12351.jpg,0.1356000006198883
img_12352.jpg,0.1136000007390976
img_12353.jpg,0.10159999877214432
img_12354.jpg,0.09790000319480896
img_12355.jpg,0.1031000018119812
img_12356.jpg,0.11150000244379044
img_12357.jpg,0.12460000067949295
img_12358.jpg,0.1387999951839447
img_12359.jpg,0.1476999968290329
img_12360.jpg,0.14499999582767487
img_12361.jpg,0.13189999759197235
img_12362.jpg,0.10679999738931656
img_12363.jpg,0.08219999819993973
img_12364.jpg,0.052400000393390656
img_12365.jpg,0.028300000354647636
img_12366.jpg,-0.023000000044703484
img_12367.jpg,-0.025100000202655792
img_12368.jpg,-0.023000000044703484
img_12369.jpg,0.01730000041425228
img_12370.jpg,0.03970000147819519
img_12371.jpg,0.04670000076293945
img_12372.jpg,0.09690000116825104
img_12373.jpg,0.1282999962568283
img_12374.jpg,0.15289999544620514
img_12375.jpg,0.17440000176429749
img_12376.jpg,0.18850000202655792
img_12377.jpg,0.19740000367164612
img_12378.jpg,0.20110000669956207
img_12379.jpg,0.19949999451637268
img_12380.jpg,0.18060000240802765
img_12381.jpg,0.15549999475479126
img_12382.jpg,0.11829999834299088
img_12383.jpg,0.08429999649524689
img_12384.jpg,0.0471000000834465
img_12385.jpg,-0.03350000083446503
img_12386.jpg,-0.03350000083446503
img_12387.jpg,-0.03460000082850456
img_12388.jpg,-0.02669999934732914
img_12389.jpg,0.01730000041425228
img_12390.jpg,0.0215000007301569
img_12391.jpg,0.03669999912381172
img_12392.jpg,0.05079999938607216
img_12393.jpg,0.06650000065565109
img_12394.jpg,0.08169999718666077
img_12395.jpg,0.09319999814033508
img_12396.jpg,0.10369999706745148
img_12397.jpg,0.11100000143051147
img_12398.jpg,0.11620000004768372
img_12399.jpg,0.11940000206232071
img_12400.jpg,0.11100000143051147
img_12401.jpg,0.09690000116825104
img_12402.jpg,0.07540000230073929
img_12403.jpg,0.054999999701976776
img_12404.jpg,0.03189999982714653
img_12405.jpg,-0.020899999886751175
img_12406.jpg,-0.020400000736117363
img_12407.jpg,-0.023600000888109207
img_12408.jpg,-0.023600000888109207
img_12409.jpg,-0.020400000736117363
img_12410.jpg,-0.01679999940097332
img_12411.jpg,-0.01679999940097332
img_12412.jpg,-0.019899999722838402
img_12413.jpg,-0.026200000196695328
img_12414.jpg,-0.03400000184774399
img_12415.jpg,-0.0414000004529953
img_12416.jpg,-0.04780000075697899
img_12417.jpg,-0.05389999970793724
img_12418.jpg,-0.05810000002384186
img_12419.jpg,-0.06019999831914902
img_12420.jpg,-0.05920000001788139
img_12421.jpg,-0.054999999701976776
img_12422.jpg,-0.0502999983727932
img_12423.jpg,-0.04399999976158142
img_12424.jpg,-0.03929999843239784
img_12425.jpg,-0.030400000512599945
img_12426.jpg,-0.02199999988079071
img_12427.jpg,-0.013100000098347664
img_12428.jpg,0.007300000172108412
img_12429.jpg,0.006800000090152025
img_12430.jpg,0.007899999618530273
img_12431.jpg,0.007899999618530273
img_12432.jpg,0.006800000090152025
img_12433.jpg,0.005799999926239252
img_12434.jpg,0.003700000001117587
img_12435.jpg,0.007300000172108412
img_12436.jpg,0.019899999722838402
img_12437.jpg,0.04349999874830246
img_12438.jpg,0.07169999927282333
img_12439.jpg,0.0957999974489212
img_12440.jpg,0.11569999903440475
img_12441.jpg,0.13249999284744263
img_12442.jpg,0.14350000023841858
img_12443.jpg,0.14820000529289246
img_12444.jpg,0.1445000022649765
img_12445.jpg,0.13040000200271606
img_12446.jpg,0.11150000244379044
img_12447.jpg,0.07750000059604645
img_12448.jpg,-0.047600001096725464
img_12449.jpg,-0.07000000029802322
img_12450.jpg,-0.1046999990940094
img_12451.jpg,-0.13650000095367432
img_12452.jpg,-0.1859000027179718
img_12453.jpg,-0.20829999446868896
img_12454.jpg,-0.22779999673366547
img_12455.jpg,-0.22779999673366547
img_12456.jpg,-0.21050000190734863
img_12457.jpg,-0.17960000038146973
img_12458.jpg,-0.14820000529289246
img_12459.jpg,-0.11209999769926071
img_12460.jpg,-0.08330000191926956
img_12461.jpg,-0.05860000103712082
img_12462.jpg,-0.04349999874830246
img_12463.jpg,-0.03350000083446503
img_12464.jpg,-0.025100000202655792
img_12465.jpg,-0.017799999564886093
img_12466.jpg,-0.011500000022351742
img_12467.jpg,-0.006800000090152025
img_12468.jpg,-0.003700000001117587
img_12469.jpg,-0.0026000000070780516
img_12470.jpg,-0.002099999925121665
img_12471.jpg,-0.003100000089034438
img_12472.jpg,-0.004699999932199717
img_12473.jpg,-0.005799999926239252
img_12474.jpg,-0.007300000172108412
img_12475.jpg,-0.007899999618530273
img_12476.jpg,-0.007300000172108412
img_12477.jpg,-0.005200000014156103
img_12478.jpg,0.00419999985024333
img_12479.jpg,0.006800000090152025
img_12480.jpg,0.00989999994635582
img_12481.jpg,0.01360000018030405
img_12482.jpg,0.016200000420212746
img_12483.jpg,0.018300000578165054
img_12484.jpg,0.01940000057220459
img_12485.jpg,0.016200000420212746
img_12486.jpg,-0.01360000018030405
img_12487.jpg,-0.020400000736117363
img_12488.jpg,-0.035599999129772186
img_12489.jpg,-0.04969999939203262
img_12490.jpg,-0.06650000065565109
img_12491.jpg,-0.08060000091791153
img_12492.jpg,-0.09369999915361404
img_12493.jpg,-0.1031000018119812
img_12494.jpg,-0.10679999738931656
img_12495.jpg,-0.10679999738931656
img_12496.jpg,-0.1031000018119812
img_12497.jpg,-0.09690000116825104
img_12498.jpg,-0.07909999787807465
img_12499.jpg,-0.06539999693632126
img_12500.jpg,-0.05290000140666962
img_12501.jpg,-0.04190000146627426
img_12502.jpg,-0.03460000082850456
img_12503.jpg,-0.02930000051856041
img_12504.jpg,-0.0272000003606081
img_12505.jpg,-0.02930000051856041
img_12506.jpg,-0.03139999881386757
img_12507.jpg,-0.03400000184774399
img_12508.jpg,-0.03610000014305115
img_12509.jpg,-0.03610000014305115
img_12510.jpg,-0.03929999843239784
img_12511.jpg,-0.035599999129772186
img_12512.jpg,-0.02930000051856041
img_12513.jpg,-0.023000000044703484
img_12514.jpg,-0.020400000736117363
img_12515.jpg,-0.01940000057220459
img_12516.jpg,-0.020899999886751175
img_12517.jpg,-0.023600000888109207
img_12518.jpg,-0.02669999934732914
img_12519.jpg,-0.030899999663233757
img_12520.jpg,-0.042899999767541885
img_12521.jpg,-0.06440000236034393
img_12522.jpg,-0.0957999974489212
img_12523.jpg,-0.12139999866485596
img_12524.jpg,-0.15449999272823334
img_12525.jpg,-0.1768999993801117
img_12526.jpg,-0.20730000734329224
img_12527.jpg,-0.22460000216960907
img_12528.jpg,-0.2313999980688095
img_12529.jpg,-0.2257000058889389
img_12530.jpg,-0.2142000049352646
img_12531.jpg,-0.19370000064373016
img_12532.jpg,-0.1770000010728836
img_12533.jpg,-0.15970000624656677
img_12534.jpg,-0.14710000157356262
img_12535.jpg,-0.13770000636577606
img_12536.jpg,-0.13349999487400055
img_12537.jpg,-0.13249999284744263
img_12538.jpg,-0.13349999487400055
img_12539.jpg,-0.1371999979019165
img_12540.jpg,-0.13819999992847443
img_12541.jpg,-0.13979999721050262
img_12542.jpg,-0.14350000023841858
img_12543.jpg,-0.1550000011920929
img_12544.jpg,-0.16699999570846558
img_12545.jpg,-0.1770000010728836
img_12546.jpg,-0.1843000054359436
img_12547.jpg,-0.18850000202655792
img_12548.jpg,-0.1889999955892563
img_12549.jpg,-0.1843000054359436
img_12550.jpg,-0.1754000037908554
img_12551.jpg,-0.16599999368190765
img_12552.jpg,-0.15389999747276306
img_12553.jpg,-0.1371999979019165
img_12554.jpg,-0.12150000035762787
img_12555.jpg,-0.12150000035762787
img_12556.jpg,-0.11150000244379044
img_12557.jpg,-0.11990000307559967
img_12558.jpg,-0.1298999935388565
img_12559.jpg,-0.14030000567436218
img_12560.jpg,-0.14560000598430634
img_12561.jpg,-0.14820000529289246
img_12562.jpg,-0.1550000011920929
img_12563.jpg,-0.16019999980926514
img_12564.jpg,-0.16339999437332153
img_12565.jpg,0.10109999775886536
img_12566.jpg,0.07069999724626541
img_12567.jpg,0.05550000071525574
img_12568.jpg,0.04450000077486038
img_12569.jpg,0.03720000013709068
img_12570.jpg,0.0272000003606081
img_12571.jpg,0.014700000174343586
img_12572.jpg,-0.011500000022351742
img_12573.jpg,-0.01679999940097332
img_12574.jpg,-0.026200000196695328
img_12575.jpg,-0.03669999912381172
img_12576.jpg,-0.05290000140666962
img_12577.jpg,-0.06809999793767929
img_12578.jpg,-0.08799999952316284
img_12579.jpg,-0.09759999811649323
img_12580.jpg,-0.13130000233650208
img_12581.jpg,-0.1665000021457672
img_12582.jpg,-0.19210000336170197
img_12583.jpg,-0.22779999673366547
img_12584.jpg,-0.2502000033855438
img_12585.jpg,-0.29010000824928284
img_12586.jpg,-0.3125
img_12587.jpg,-0.3142000138759613
img_12588.jpg,-0.3142000138759613
img_12589.jpg,-0.3142000138759613
img_12590.jpg,-0.3142000138759613
img_12591.jpg,-0.3142000138759613
img_12592.jpg,-0.3142000138759613
img_12593.jpg,-0.3142000138759613
img_12594.jpg,-0.3142000138759613
img_12595.jpg,-0.3142000138759613
img_12596.jpg,-0.3142000138759613
img_12597.jpg,-0.3142000138759613
img_12598.jpg,-0.3142000138759613
img_12599.jpg,-0.3142000138759613
img_12600.jpg,-0.3037000000476837
img_12601.jpg,-0.26600000262260437
img_12602.jpg,-0.21570000052452087
img_12603.jpg,-0.18219999969005585
img_12604.jpg,-0.1550000011920929
img_12605.jpg,-0.1445000022649765
img_12606.jpg,-0.14239999651908875
img_12607.jpg,-0.14659999310970306
img_12608.jpg,-0.14659999310970306
img_12609.jpg,-0.16599999368190765
img_12610.jpg,-0.1826999932527542
img_12611.jpg,-0.20509999990463257
img_12612.jpg,-0.22450000047683716
img_12613.jpg,-0.24860000610351562
img_12614.jpg,-0.27160000801086426
img_12615.jpg,-0.3068000078201294
img_12616.jpg,-0.3142000138759613
img_12617.jpg,-0.3142000138759613
img_12618.jpg,-0.3142000138759613
img_12619.jpg,-0.3142000138759613
img_12620.jpg,-0.3142000138759613
img_12621.jpg,-0.3142000138759613
img_12622.jpg,-0.3142000138759613
img_12623.jpg,-0.3142000138759613
img_12624.jpg,-0.3142000138759613
img_12625.jpg,-0.30160000920295715
img_12626.jpg,-0.27230000495910645
img_12627.jpg,-0.2883000075817108
img_12628.jpg,-0.3142000138759613
img_12629.jpg,-0.3142000138759613
img_12630.jpg,-0.3142000138759613
img_12631.jpg,-0.3142000138759613
img_12632.jpg,-0.3142000138759613
img_12633.jpg,-0.3142000138759613
img_12634.jpg,-0.3142000138759613
img_12635.jpg,-0.3142000138759613
img_12636.jpg,-0.31049999594688416
img_12637.jpg,-0.31049999594688416
img_12638.jpg,-0.26179999113082886
img_12639.jpg,-0.24089999496936798
img_12640.jpg,-0.22360000014305115
img_12641.jpg,-0.22360000014305115
img_12642.jpg,-0.19949999451637268
img_12643.jpg,-0.19529999792575836
img_12644.jpg,-0.19529999792575836
img_12645.jpg,-0.2287999987602234
img_12646.jpg,-0.25119999051094055
img_12647.jpg,-0.2809999883174896
img_12648.jpg,-0.3142000138759613
img_12649.jpg,-0.3142000138759613
img_12650.jpg,-0.3142000138759613
img_12651.jpg,-0.30160000920295715
img_12652.jpg,-0.2842999994754791
img_12653.jpg,-0.2775000035762787
img_12654.jpg,-0.27379998564720154
img_12655.jpg,-0.26969999074935913
img_12656.jpg,-0.24869999289512634
img_12657.jpg,-0.22360000014305115
img_12658.jpg,-0.18950000405311584
img_12659.jpg,-0.15919999778270721
img_12660.jpg,-0.13189999759197235
img_12661.jpg,-0.11050000041723251
img_12662.jpg,-0.10159999877214432
img_12663.jpg,-0.10109999775886536
img_12664.jpg,-0.09529999643564224
img_12665.jpg,-0.08380000293254852
img_12666.jpg,-0.08380000293254852
img_12667.jpg,-0.04659999907016754
img_12668.jpg,-0.027799999341368675
img_12669.jpg,0.014100000262260437
img_12670.jpg,0.012000000104308128
img_12671.jpg,0.012000000104308128
img_12672.jpg,0.012000000104308128
img_12673.jpg,-0.049300000071525574
img_12674.jpg,-0.07729999721050262
img_12675.jpg,-0.16130000352859497
img_12676.jpg,-0.22830000519752502
img_12677.jpg,-0.2847999930381775
img_12678.jpg,-0.3142000138759613
img_12679.jpg,-0.3142000138759613
img_12680.jpg,-0.3142000138759613
img_12681.jpg,-0.2985000014305115
img_12682.jpg,-0.28540000319480896
img_12683.jpg,-0.271699994802475
img_12684.jpg,-0.24770000576972961
img_12685.jpg,-0.2093999981880188
img_12686.jpg,-0.17440000176429749
img_12687.jpg,-0.1340000033378601
img_12688.jpg,-0.10209999978542328
img_12689.jpg,-0.07069999724626541
img_12690.jpg,-0.04500000178813934
img_12691.jpg,-0.027799999341368675
img_12692.jpg,-0.015200000256299973
img_12693.jpg,-0.03189999982714653
img_12694.jpg,-0.05429999902844429
img_12695.jpg,-0.08309999853372574
img_12696.jpg,-0.10949999839067459
img_12697.jpg,-0.17000000178813934
img_12698.jpg,-0.20319999754428864
img_12699.jpg,-0.262800008058548
img_12700.jpg,-0.2800999879837036
img_12701.jpg,-0.2754000127315521
img_12702.jpg,-0.2524000108242035
img_12703.jpg,-0.22460000216960907
img_12704.jpg,-0.18690000474452972
img_12705.jpg,-0.1534000039100647
img_12706.jpg,-0.11779999732971191
img_12707.jpg,-0.08529999852180481
img_12708.jpg,-0.0502999983727932
img_12709.jpg,0.0272000003606081
img_12710.jpg,0.02669999934732914
img_12711.jpg,0.02979999966919422
img_12712.jpg,0.0272000003606081
img_12713.jpg,0.023000000044703484
img_12714.jpg,0.016200000420212746
img_12715.jpg,0.009399999864399433
img_12716.jpg,-0.007300000172108412
img_12717.jpg,-0.007899999618530273
img_12718.jpg,-0.010999999940395355
img_12719.jpg,-0.012000000104308128
img_12720.jpg,-0.012600000016391277
img_12721.jpg,-0.012600000016391277
img_12722.jpg,-0.011500000022351742
img_12723.jpg,-0.023600000888109207
img_12724.jpg,-0.039799999445676804
img_12725.jpg,-0.06340000033378601
img_12726.jpg,-0.08799999952316284
img_12727.jpg,-0.10400000214576721
img_12728.jpg,-0.12200000137090683
img_12729.jpg,-0.131400004029274
img_12730.jpg,-0.1251000016927719
img_12731.jpg,-0.1251000016927719
img_12732.jpg,-0.09059999883174896
img_12733.jpg,-0.06960000097751617
img_12734.jpg,-0.04500000178813934
img_12735.jpg,-0.026200000196695328
img_12736.jpg,0.017799999564886093
img_12737.jpg,0.01730000041425228
img_12738.jpg,0.018799999728798866
img_12739.jpg,0.017799999564886093
img_12740.jpg,0.015200000256299973
img_12741.jpg,0.010999999940395355
img_12742.jpg,0.006800000090152025
img_12743.jpg,-0.004699999932199717
img_12744.jpg,-0.005200000014156103
img_12745.jpg,-0.005200000014156103
img_12746.jpg,-0.00839999970048666
img_12747.jpg,-0.008899999782443047
img_12748.jpg,0.013100000098347664
img_12749.jpg,0.013100000098347664
img_12750.jpg,0.04349999874830246
img_12751.jpg,0.061799999326467514
img_12752.jpg,0.061799999326467514
img_12753.jpg,0.09449999779462814
img_12754.jpg,0.11259999871253967
img_12755.jpg,0.12039999663829803
img_12756.jpg,0.11150000244379044
img_12757.jpg,0.11150000244379044
img_12758.jpg,0.07440000027418137
img_12759.jpg,0.052400000393390656
img_12760.jpg,0.032499998807907104
img_12761.jpg,0.032499998807907104
img_12762.jpg,-0.01940000057220459
img_12763.jpg,-0.02250000089406967
img_12764.jpg,-0.02410000003874302
img_12765.jpg,-0.023600000888109207
img_12766.jpg,-0.0215000007301569
img_12767.jpg,-0.018300000578165054
img_12768.jpg,-0.015200000256299973
img_12769.jpg,-0.00989999994635582
img_12770.jpg,0.006300000008195639
img_12771.jpg,0.009399999864399433
img_12772.jpg,0.014700000174343586
img_12773.jpg,0.018799999728798866
img_12774.jpg,0.02199999988079071
img_12775.jpg,0.02459999918937683
img_12776.jpg,0.025699999183416367
img_12777.jpg,0.025699999183416367
img_12778.jpg,0.025699999183416367
img_12779.jpg,0.02410000003874302
img_12780.jpg,0.023000000044703484
img_12781.jpg,0.0215000007301569
img_12782.jpg,0.020400000736117363
img_12783.jpg,0.020400000736117363
img_12784.jpg,0.01679999940097332
img_12785.jpg,0.012000000104308128
img_12786.jpg,0.007899999618530273
img_12787.jpg,-0.004699999932199717
img_12788.jpg,-0.004699999932199717
img_12789.jpg,-0.006300000008195639
img_12790.jpg,-0.007300000172108412
img_12791.jpg,-0.007899999618530273
img_12792.jpg,-0.007300000172108412
img_12793.jpg,-0.007300000172108412
img_12794.jpg,-0.006800000090152025
img_12795.jpg,-0.006300000008195639
img_12796.jpg,-0.005200000014156103
img_12797.jpg,-0.005200000014156103
img_12798.jpg,-0.00419999985024333
img_12799.jpg,-0.003700000001117587
img_12800.jpg,-0.003100000089034438
img_12801.jpg,-0.003100000089034438
img_12802.jpg,-0.003100000089034438
img_12803.jpg,-0.003100000089034438
img_12804.jpg,-0.003100000089034438
img_12805.jpg,-0.003100000089034438
img_12806.jpg,-0.003100000089034438
img_12807.jpg,-0.003100000089034438
img_12808.jpg,-0.003100000089034438
img_12809.jpg,-0.003100000089034438
img_12810.jpg,-0.003100000089034438
img_12811.jpg,-0.003700000001117587
img_12812.jpg,-0.003700000001117587
img_12813.jpg,-0.003700000001117587
img_12814.jpg,-0.003700000001117587
img_12815.jpg,-0.003700000001117587
img_12816.jpg,-0.003700000001117587
img_12817.jpg,-0.003100000089034438
img_12818.jpg,-0.003100000089034438
img_12819.jpg,-0.003100000089034438
img_12820.jpg,-0.003100000089034438
img_12821.jpg,-0.003100000089034438
img_12822.jpg,-0.003100000089034438
img_12823.jpg,-0.003100000089034438
img_12824.jpg,-0.003100000089034438
img_12825.jpg,-0.003100000089034438
img_12826.jpg,-0.003100000089034438
img_12827.jpg,-0.003100000089034438
img_12828.jpg,-0.005200000014156103
img_12829.jpg,-0.014100000262260437
img_12830.jpg,-0.023000000044703484
img_12831.jpg,-0.032600000500679016
img_12832.jpg,-0.04349999874830246
img_12833.jpg,-0.05180000141263008
img_12834.jpg,-0.0575999990105629
img_12835.jpg,-0.06129999831318855
img_12836.jpg,-0.07020000368356705
img_12837.jpg,-0.08219999819993973
img_12838.jpg,-0.09790000319480896
img_12839.jpg,-0.10750000178813934
img_12840.jpg,-0.11410000175237656
img_12841.jpg,-0.10999999940395355
img_12842.jpg,-0.09319999814033508
img_12843.jpg,-0.09319999814033508
img_12844.jpg,-0.0502999983727932
img_12845.jpg,-0.02930000051856041
img_12846.jpg,0.02250000089406967
img_12847.jpg,0.02930000051856041
img_12848.jpg,0.02930000051856041
img_12849.jpg,0.06419999897480011
img_12850.jpg,0.06599999964237213
img_12851.jpg,0.10209999978542328
img_12852.jpg,0.11569999903440475
img_12853.jpg,0.1151999980211258
img_12854.jpg,0.10209999978542328
img_12855.jpg,0.08590000122785568
img_12856.jpg,0.06340000033378601
img_12857.jpg,0.042899999767541885
img_12858.jpg,0.025100000202655792
img_12859.jpg,0.025100000202655792
img_12860.jpg,-0.017799999564886093
img_12861.jpg,-0.017799999564886093
img_12862.jpg,-0.02250000089406967
img_12863.jpg,-0.02199999988079071
img_12864.jpg,-0.01940000057220459
img_12865.jpg,-0.016200000420212746
img_12866.jpg,-0.012000000104308128
img_12867.jpg,-0.00989999994635582
img_12868.jpg,-0.010999999940395355
img_12869.jpg,-0.015200000256299973
img_12870.jpg,-0.015200000256299973
img_12871.jpg,-0.025699999183416367
img_12872.jpg,-0.030899999663233757
img_12873.jpg,-0.035100001841783524
img_12874.jpg,-0.035100001841783524
img_12875.jpg,-0.03869999945163727
img_12876.jpg,-0.042399998754262924
img_12877.jpg,-0.042399998754262924
img_12878.jpg,-0.042399998754262924
img_12879.jpg,-0.039799999445676804
img_12880.jpg,-0.035100001841783524
img_12881.jpg,-0.027799999341368675
img_12882.jpg,-0.0272000003606081
img_12883.jpg,-0.03669999912381172
img_12884.jpg,-0.048700001090765
img_12885.jpg,-0.06340000033378601
img_12886.jpg,-0.07329999655485153
img_12887.jpg,-0.07649999856948853
img_12888.jpg,-0.08330000191926956
img_12889.jpg,-0.08219999819993973
img_12890.jpg,-0.07909999787807465
img_12891.jpg,-0.07490000128746033
img_12892.jpg,-0.06539999693632126
img_12893.jpg,-0.04969999939203262
img_12894.jpg,-0.02669999934732914
img_12895.jpg,0.023600000888109207
img_12896.jpg,0.03720000013709068
img_12897.jpg,0.05640000104904175
img_12898.jpg,0.0851999968290329
img_12899.jpg,0.09109999984502792
img_12900.jpg,0.1429000049829483
img_12901.jpg,0.16210000216960907
img_12902.jpg,0.18479999899864197
img_12903.jpg,0.20110000669956207
img_12904.jpg,0.20110000669956207
img_12905.jpg,0.21209999918937683
img_12906.jpg,0.1843000054359436
img_12907.jpg,0.1550000011920929
img_12908.jpg,0.12359999865293503
img_12909.jpg,0.08429999649524689
img_12910.jpg,0.04969999939203262
img_12911.jpg,-0.04399999976158142
img_12912.jpg,-0.054499998688697815
img_12913.jpg,-0.07490000128746033
img_12914.jpg,-0.07810000330209732
img_12915.jpg,-0.09059999883174896
img_12916.jpg,-0.09059999883174896
img_12917.jpg,-0.08330000191926956
img_12918.jpg,-0.07329999655485153
img_12919.jpg,-0.059700001031160355
img_12920.jpg,-0.047600001096725464
img_12921.jpg,-0.047600001096725464
img_12922.jpg,-0.025699999183416367
img_12923.jpg,-0.018300000578165054
img_12924.jpg,-0.01360000018030405
img_12925.jpg,-0.00989999994635582
img_12926.jpg,0.005799999926239252
img_12927.jpg,0.006300000008195639
img_12928.jpg,0.008899999782443047
img_12929.jpg,0.011500000022351742
img_12930.jpg,0.012600000016391277
img_12931.jpg,0.009399999864399433
img_12932.jpg,-0.007899999618530273
img_12933.jpg,-0.011500000022351742
img_12934.jpg,-0.019899999722838402
img_12935.jpg,-0.0272000003606081
img_12936.jpg,-0.035100001841783524
img_12937.jpg,-0.0414000004529953
img_12938.jpg,-0.04560000076889992
img_12939.jpg,-0.04919999837875366
img_12940.jpg,-0.05079999938607216
img_12941.jpg,-0.05079999938607216
img_12942.jpg,-0.05180000141263008
img_12943.jpg,-0.05079999938607216
img_12944.jpg,-0.04969999939203262
img_12945.jpg,-0.04820000007748604
img_12946.jpg,-0.04659999907016754
img_12947.jpg,-0.042399998754262924
img_12948.jpg,-0.03400000184774399
img_12949.jpg,-0.025699999183416367
img_12950.jpg,-0.01360000018030405
img_12951.jpg,0.008899999782443047
img_12952.jpg,0.007300000172108412
img_12953.jpg,0.005799999926239252
img_12954.jpg,-0.005200000014156103
img_12955.jpg,-0.01679999940097332
img_12956.jpg,-0.01679999940097332
img_12957.jpg,-0.04659999907016754
img_12958.jpg,-0.06019999831914902
img_12959.jpg,-0.0737999975681305
img_12960.jpg,-0.0737999975681305
img_12961.jpg,-0.09059999883174896
img_12962.jpg,-0.094200000166893
img_12963.jpg,-0.09529999643564224
img_12964.jpg,-0.09369999915361404
img_12965.jpg,-0.09009999781847
img_12966.jpg,-0.07959999889135361
img_12967.jpg,-0.06650000065565109
img_12968.jpg,-0.048700001090765
img_12969.jpg,-0.032999999821186066
img_12970.jpg,0.020400000736117363
img_12971.jpg,0.025100000202655792
img_12972.jpg,0.03720000013709068
img_12973.jpg,0.05290000140666962
img_12974.jpg,0.06700000166893005
img_12975.jpg,0.08219999819993973
img_12976.jpg,0.08219999819993973
img_12977.jpg,0.10520000010728836
img_12978.jpg,0.11309999972581863
img_12979.jpg,0.1136000007390976
img_12980.jpg,0.09629999846220016
img_12981.jpg,0.07329999655485153
img_12982.jpg,-0.03929999843239784
img_12983.jpg,-0.03819999843835831
img_12984.jpg,-0.0414000004529953
img_12985.jpg,-0.06859999895095825
img_12986.jpg,-0.07440000027418137
img_12987.jpg,-0.07909999787807465
img_12988.jpg,-0.08380000293254852
img_12989.jpg,-0.0869000032544136
img_12990.jpg,-0.09220000356435776
img_12991.jpg,-0.09629999846220016
img_12992.jpg,-0.09950000047683716
img_12993.jpg,-0.10109999775886536
img_12994.jpg,-0.10109999775886536
img_12995.jpg,-0.10050000250339508
img_12996.jpg,-0.094200000166893
img_12997.jpg,-0.0869000032544136
img_12998.jpg,-0.07850000262260437
img_12999.jpg,-0.07850000262260437
img_13000.jpg,-0.06019999831914902
img_13001.jpg,-0.052400000393390656
img_13002.jpg,-0.04659999907016754
img_13003.jpg,-0.04659999907016754
img_13004.jpg,-0.05180000141263008
img_13005.jpg,-0.06340000033378601
img_13006.jpg,-0.07440000027418137
img_13007.jpg,-0.07760000228881836
img_13008.jpg,-0.09319999814033508
img_13009.jpg,-0.10000000149011612
img_13010.jpg,-0.10369999706745148
img_13011.jpg,-0.10369999706745148
img_13012.jpg,-0.10679999738931656
img_13013.jpg,-0.11410000175237656
img_13014.jpg,-0.12150000035762787
img_13015.jpg,-0.12150000035762787
img_13016.jpg,-0.13300000131130219
img_13017.jpg,-0.14030000567436218
img_13018.jpg,-0.14710000157356262
img_13019.jpg,-0.15240000188350677
img_13020.jpg,-0.15710000693798065
img_13021.jpg,-0.16019999980926514
img_13022.jpg,-0.16019999980926514
img_13023.jpg,-0.15919999778270721
img_13024.jpg,-0.15919999778270721
img_13025.jpg,-0.15129999816417694
img_13026.jpg,-0.14869999885559082
img_13027.jpg,-0.14869999885559082
img_13028.jpg,-0.15129999816417694
img_13029.jpg,-0.15449999272823334
img_13030.jpg,-0.15870000422000885
img_13031.jpg,-0.16179999709129333
img_13032.jpg,-0.16019999980926514
img_13033.jpg,-0.1550000011920929
img_13034.jpg,-0.15760000050067902
img_13035.jpg,-0.164000004529953
img_13036.jpg,-0.1745000034570694
img_13037.jpg,-0.18389999866485596
img_13038.jpg,-0.1518000066280365
img_13039.jpg,-0.14190000295639038
img_13040.jpg,-0.15129999816417694
img_13041.jpg,-0.16279999911785126
img_13042.jpg,-0.16920000314712524
img_13043.jpg,-0.18690000474452972
img_13044.jpg,-0.20260000228881836
img_13045.jpg,-0.2198999971151352
img_13046.jpg,-0.23589999973773956
img_13047.jpg,-0.26759999990463257
img_13048.jpg,-0.28360000252723694
img_13049.jpg,-0.3142000138759613
img_13050.jpg,-0.3142000138759613
img_13051.jpg,-0.3142000138759613
img_13052.jpg,-0.3142000138759613
img_13053.jpg,-0.3068000078201294
img_13054.jpg,-0.29580000042915344
img_13055.jpg,-0.27959999442100525
img_13056.jpg,-0.25920000672340393
img_13057.jpg,-0.23199999332427979
img_13058.jpg,-0.20839999616146088
img_13059.jpg,-0.1859000027179718
img_13060.jpg,-0.15549999475479126
img_13061.jpg,-0.13040000200271606
img_13062.jpg,-0.10840000212192535
img_13063.jpg,-0.0957999974489212
img_13064.jpg,-0.08900000154972076
img_13065.jpg,-0.094200000166893
img_13066.jpg,-0.11309999972581863
img_13067.jpg,-0.11309999972581863
img_13068.jpg,-0.16689999401569366
img_13069.jpg,-0.20399999618530273
img_13070.jpg,-0.30160000920295715
img_13071.jpg,-0.3142000138759613
img_13072.jpg,-0.3142000138759613
img_13073.jpg,-0.3142000138759613
img_13074.jpg,-0.3142000138759613
img_13075.jpg,-0.3142000138759613
img_13076.jpg,-0.3142000138759613
img_13077.jpg,-0.3142000138759613
img_13078.jpg,-0.3142000138759613
img_13079.jpg,-0.3142000138759613
img_13080.jpg,-0.3142000138759613
img_13081.jpg,-0.29159998893737793
img_13082.jpg,-0.2833000123500824
img_13083.jpg,-0.2833000123500824
img_13084.jpg,-0.26019999384880066
img_13085.jpg,-0.2533999979496002
img_13086.jpg,-0.24660000205039978
img_13087.jpg,-0.23770000040531158
img_13088.jpg,-0.2434999942779541
img_13089.jpg,-0.26910001039505005
img_13090.jpg,-0.3010999858379364
img_13091.jpg,-0.3075000047683716
img_13092.jpg,-0.3142000138759613
img_13093.jpg,-0.3142000138759613
img_13094.jpg,-0.3142000138759613
img_13095.jpg,-0.3142000138759613
img_13096.jpg,-0.3142000138759613
img_13097.jpg,-0.3142000138759613
img_13098.jpg,-0.3142000138759613
img_13099.jpg,-0.3142000138759613
img_13100.jpg,-0.3057999908924103
img_13101.jpg,-0.26649999618530273
img_13102.jpg,-0.22509999573230743
img_13103.jpg,-0.18330000340938568
img_13104.jpg,-0.1550000011920929
img_13105.jpg,-0.1356000006198883
img_13106.jpg,-0.11729999631643295
img_13107.jpg,-0.10729999840259552
img_13108.jpg,-0.10999999940395355
img_13109.jpg,-0.12039999663829803
img_13110.jpg,-0.14499999582767487
img_13111.jpg,-0.1695999950170517
img_13112.jpg,-0.19519999623298645
img_13113.jpg,-0.23090000450611115
img_13114.jpg,-0.2732999920845032
img_13115.jpg,-0.29269999265670776
img_13116.jpg,-0.30790001153945923
img_13117.jpg,-0.3142000138759613
img_13118.jpg,-0.3142000138759613
img_13119.jpg,-0.3142000138759613
img_13120.jpg,-0.3142000138759613
img_13121.jpg,-0.3142000138759613
img_13122.jpg,-0.3142000138759613
img_13123.jpg,-0.3142000138759613
img_13124.jpg,-0.3142000138759613
img_13125.jpg,-0.3142000138759613
img_13126.jpg,-0.3142000138759613
img_13127.jpg,-0.31209999322891235
img_13128.jpg,-0.30469998717308044
img_13129.jpg,-0.2953000068664551
img_13130.jpg,-0.28220000863075256
img_13131.jpg,-0.27070000767707825
img_13132.jpg,-0.25760000944137573
img_13133.jpg,-0.24449999630451202
img_13134.jpg,-0.24449999630451202
img_13135.jpg,-0.2004999965429306
img_13136.jpg,-0.16599999368190765
img_13137.jpg,-0.13249999284744263
img_13138.jpg,-0.09480000287294388
img_13139.jpg,-0.0649000033736229
img_13140.jpg,-0.0649000033736229
img_13141.jpg,-0.020400000736117363
img_13142.jpg,-0.020400000736117363
img_13143.jpg,-0.047600001096725464
img_13144.jpg,-0.11569999903440475
img_13145.jpg,-0.24250000715255737
img_13146.jpg,-0.3142000138759613
img_13147.jpg,-0.3142000138759613
img_13148.jpg,-0.3142000138759613
img_13149.jpg,-0.3142000138759613
img_13150.jpg,-0.3142000138759613
img_13151.jpg,-0.3142000138759613
img_13152.jpg,-0.3142000138759613
img_13153.jpg,-0.3142000138759613
img_13154.jpg,-0.3142000138759613
img_13155.jpg,-0.3142000138759613
img_13156.jpg,-0.3142000138759613
img_13157.jpg,-0.3142000138759613
img_13158.jpg,-0.3142000138759613
img_13159.jpg,-0.3142000138759613
img_13160.jpg,-0.3142000138759613
img_13161.jpg,-0.3142000138759613
img_13162.jpg,-0.3142000138759613
img_13163.jpg,-0.3142000138759613
img_13164.jpg,-0.3142000138759613
img_13165.jpg,-0.3142000138759613
img_13166.jpg,-0.3142000138759613
img_13167.jpg,-0.3142000138759613
img_13168.jpg,-0.3142000138759613
img_13169.jpg,-0.3142000138759613
img_13170.jpg,-0.3142000138759613
img_13171.jpg,-0.3142000138759613
img_13172.jpg,-0.3142000138759613
img_13173.jpg,-0.2874999940395355
img_13174.jpg,-0.2492000013589859
img_13175.jpg,-0.19269999861717224
img_13176.jpg,-0.13189999759197235
img_13177.jpg,-0.08429999649524689
img_13178.jpg,-0.08429999649524689
img_13179.jpg,0.028300000354647636
img_13180.jpg,0.028300000354647636
img_13181.jpg,0.02410000003874302
img_13182.jpg,0.018799999728798866
img_13183.jpg,0.014700000174343586
img_13184.jpg,0.014700000174343586
img_13185.jpg,0.00989999994635582
img_13186.jpg,0.003700000001117587
img_13187.jpg,-0.009399999864399433
img_13188.jpg,-0.0215000007301569
img_13189.jpg,-0.039799999445676804
img_13190.jpg,-0.0560000017285347
img_13191.jpg,-0.05920000001788139
img_13192.jpg,-0.08269999921321869
img_13193.jpg,-0.0885000005364418
img_13194.jpg,-0.08640000224113464
img_13195.jpg,-0.07699999958276749
img_13196.jpg,-0.06279999762773514
img_13197.jpg,-0.05130000039935112
img_13198.jpg,-0.040300000458955765
img_13199.jpg,-0.03189999982714653
img_13200.jpg,-0.03189999982714653
img_13201.jpg,-0.019899999722838402
img_13202.jpg,-0.01679999940097332
img_13203.jpg,-0.010499999858438969
img_13204.jpg,0.00839999970048666
img_13205.jpg,0.00839999970048666
img_13206.jpg,0.027799999341368675
img_13207.jpg,0.05339999869465828
img_13208.jpg,0.094200000166893
img_13209.jpg,0.11659999936819077
img_13210.jpg,0.16429999470710754
img_13211.jpg,0.2168000042438507
img_13212.jpg,0.25699999928474426
img_13213.jpg,0.29319998621940613
img_13214.jpg,0.30000001192092896
img_13215.jpg,0.2858999967575073
img_13216.jpg,0.2549999952316284
img_13217.jpg,0.22200000286102295
img_13218.jpg,0.1800999939441681
img_13219.jpg,0.1445000022649765
img_13220.jpg,0.10679999738931656
img_13221.jpg,0.07800000160932541
img_13222.jpg,0.04349999874830246
img_13223.jpg,-0.0272000003606081
img_13224.jpg,-0.030400000512599945
img_13225.jpg,-0.03720000013709068
img_13226.jpg,-0.03869999945163727
img_13227.jpg,-0.03669999912381172
img_13228.jpg,-0.032999999821186066
img_13229.jpg,-0.0272000003606081
img_13230.jpg,-0.02199999988079071
img_13231.jpg,-0.016200000420212746
img_13232.jpg,-0.012000000104308128
img_13233.jpg,-0.007899999618530273
img_13234.jpg,-0.004699999932199717
img_13235.jpg,-0.0026000000070780516
img_13236.jpg,0.014100000262260437
img_13237.jpg,0.030899999663233757
img_13238.jpg,0.0560000017285347
img_13239.jpg,0.07909999787807465
img_13240.jpg,0.10580000281333923
img_13241.jpg,0.13249999284744263
img_13242.jpg,0.15289999544620514
img_13243.jpg,0.17229999601840973
img_13244.jpg,0.17550000548362732
img_13245.jpg,0.17749999463558197
img_13246.jpg,0.15760000050067902
img_13247.jpg,0.12359999865293503
img_13248.jpg,0.09009999781847
img_13249.jpg,0.05130000039935112
img_13250.jpg,-0.032499998807907104
img_13251.jpg,-0.05389999970793724
img_13252.jpg,-0.0763000026345253
img_13253.jpg,-0.10199999809265137
img_13254.jpg,-0.12099999934434891
img_13255.jpg,-0.13189999759197235
img_13256.jpg,-0.1340000033378601
img_13257.jpg,-0.12780000269412994
img_13258.jpg,-0.11829999834299088
img_13259.jpg,-0.10419999808073044
img_13260.jpg,-0.08739999681711197
img_13261.jpg,-0.06069999933242798
img_13262.jpg,-0.03669999912381172
img_13263.jpg,0.03400000184774399
img_13264.jpg,0.06069999933242798
img_13265.jpg,0.08950000256299973
img_13266.jpg,0.13449999690055847
img_13267.jpg,0.1754000037908554
img_13268.jpg,0.19110000133514404
img_13269.jpg,0.19370000064373016
img_13270.jpg,0.18219999969005585
img_13271.jpg,0.16599999368190765
img_13272.jpg,0.14710000157356262
img_13273.jpg,0.1256999969482422
img_13274.jpg,0.11829999834299088
img_13275.jpg,0.12620000541210175
img_13276.jpg,0.14399999380111694
img_13277.jpg,0.1664000004529953
img_13278.jpg,0.20260000228881836
img_13279.jpg,0.2282000035047531
img_13280.jpg,0.2517000138759613
img_13281.jpg,0.25189998745918274
img_13282.jpg,0.23399999737739563
img_13283.jpg,0.19629999995231628
img_13284.jpg,0.15870000422000885
img_13285.jpg,0.12409999966621399
img_13286.jpg,0.10419999808073044
img_13287.jpg,0.09529999643564224
img_13288.jpg,0.09480000287294388
img_13289.jpg,0.10209999978542328
img_13290.jpg,0.11259999871253967
img_13291.jpg,0.11259999871253967
img_13292.jpg,0.13930000364780426
img_13293.jpg,0.1476999968290329
img_13294.jpg,0.14710000157356262
img_13295.jpg,0.13040000200271606
img_13296.jpg,0.10939999669790268
img_13297.jpg,0.08060000091791153
img_13298.jpg,0.054999999701976776
img_13299.jpg,0.028300000354647636
img_13300.jpg,-0.020400000736117363
img_13301.jpg,-0.023600000888109207
img_13302.jpg,-0.023000000044703484
img_13303.jpg,0.02199999988079071
img_13304.jpg,0.03869999945163727
img_13305.jpg,0.06750000268220901
img_13306.jpg,0.09200000017881393
img_13307.jpg,0.13459999859333038
img_13308.jpg,0.14100000262260437
img_13309.jpg,0.18119999766349792
img_13310.jpg,0.19529999792575836
img_13311.jpg,0.2037000060081482
img_13312.jpg,0.20679999887943268
img_13313.jpg,0.20110000669956207
img_13314.jpg,0.20110000669956207
img_13315.jpg,0.15080000460147858
img_13316.jpg,0.11990000307559967
img_13317.jpg,0.0812000036239624
img_13318.jpg,0.042899999767541885
img_13319.jpg,-0.02930000051856041
img_13320.jpg,-0.032999999821186066
img_13321.jpg,-0.035599999129772186
img_13322.jpg,-0.025100000202655792
img_13323.jpg,0.014100000262260437
img_13324.jpg,0.02199999988079071
img_13325.jpg,0.03869999945163727
img_13326.jpg,0.05339999869465828
img_13327.jpg,0.06960000097751617
img_13328.jpg,0.08269999921321869
img_13329.jpg,0.09529999643564224
img_13330.jpg,0.10419999808073044
img_13331.jpg,0.11209999769926071
img_13332.jpg,0.1152999997138977
img_13333.jpg,0.12039999663829803
img_13334.jpg,0.11410000175237656
img_13335.jpg,0.09629999846220016
img_13336.jpg,0.07800000160932541
img_13337.jpg,0.07800000160932541
img_13338.jpg,0.03350000083446503
img_13339.jpg,-0.020400000736117363
img_13340.jpg,-0.018300000578165054
img_13341.jpg,-0.0215000007301569
img_13342.jpg,-0.020899999886751175
img_13343.jpg,-0.018300000578165054
img_13344.jpg,-0.014700000174343586
img_13345.jpg,-0.014100000262260437
img_13346.jpg,-0.01679999940097332
img_13347.jpg,-0.023600000888109207
img_13348.jpg,-0.030400000512599945
img_13349.jpg,-0.03869999945163727
img_13350.jpg,-0.04560000076889992
img_13351.jpg,-0.05180000141263008
img_13352.jpg,-0.05180000141263008
img_13353.jpg,-0.06019999831914902
img_13354.jpg,-0.06019999831914902
img_13355.jpg,-0.0575999990105629
img_13356.jpg,-0.052400000393390656
img_13357.jpg,-0.0471000000834465
img_13358.jpg,-0.040800001472234726
img_13359.jpg,-0.03460000082850456
img_13360.jpg,-0.02459999918937683
img_13361.jpg,-0.014700000174343586
img_13362.jpg,0.007899999618530273
img_13363.jpg,0.007899999618530273
img_13364.jpg,0.008899999782443047
img_13365.jpg,0.00839999970048666
img_13366.jpg,0.007300000172108412
img_13367.jpg,0.005200000014156103
img_13368.jpg,0.003700000001117587
img_13369.jpg,-0.002099999925121665
img_13370.jpg,0.014100000262260437
img_13371.jpg,0.030899999663233757
img_13372.jpg,0.05649999901652336
img_13373.jpg,0.08219999819993973
img_13374.jpg,0.10729999840259552
img_13375.jpg,0.1282999962568283
img_13376.jpg,0.14110000431537628
img_13377.jpg,0.14869999885559082
img_13378.jpg,0.14710000157356262
img_13379.jpg,0.13819999992847443
img_13380.jpg,0.11940000206232071
img_13381.jpg,0.08640000224113464
img_13382.jpg,-0.04500000178813934
img_13383.jpg,-0.06859999895095825
img_13384.jpg,-0.094200000166893
img_13385.jpg,-0.14100000262260437
img_13386.jpg,-0.17170000076293945
img_13387.jpg,-0.20839999616146088
img_13388.jpg,-0.22509999573230743
img_13389.jpg,-0.2272000014781952
img_13390.jpg,-0.2079000025987625
img_13391.jpg,-0.1826999932527542
img_13392.jpg,-0.1460999995470047
img_13393.jpg,-0.11410000175237656
img_13394.jpg,-0.0812000036239624
img_13395.jpg,-0.05860000103712082
img_13396.jpg,-0.042399998754262924
img_13397.jpg,-0.03400000184774399
img_13398.jpg,-0.02410000003874302
img_13399.jpg,-0.016200000420212746
img_13400.jpg,-0.00989999994635582
img_13401.jpg,-0.005799999926239252
img_13402.jpg,-0.003100000089034438
img_13403.jpg,-0.002099999925121665
img_13404.jpg,-0.002099999925121665
img_13405.jpg,-0.003100000089034438
img_13406.jpg,-0.00419999985024333
img_13407.jpg,-0.006300000008195639
img_13408.jpg,-0.007899999618530273
img_13409.jpg,-0.007899999618530273
img_13410.jpg,-0.007300000172108412
img_13411.jpg,-0.005200000014156103
img_13412.jpg,0.004699999932199717
img_13413.jpg,0.006300000008195639
img_13414.jpg,0.00989999994635582
img_13415.jpg,0.013100000098347664
img_13416.jpg,0.016200000420212746
img_13417.jpg,0.018300000578165054
img_13418.jpg,0.01940000057220459
img_13419.jpg,0.014700000174343586
img_13420.jpg,-0.010499999858438969
img_13421.jpg,-0.020899999886751175
img_13422.jpg,-0.03720000013709068
img_13423.jpg,-0.05290000140666962
img_13424.jpg,-0.07020000368356705
img_13425.jpg,-0.08429999649524689
img_13426.jpg,-0.09790000319480896
img_13427.jpg,-0.1062999963760376
img_13428.jpg,-0.10890000313520432
img_13429.jpg,-0.10840000212192535
img_13430.jpg,-0.10369999706745148
img_13431.jpg,-0.09009999781847
img_13432.jpg,-0.07440000027418137
img_13433.jpg,-0.06019999831914902
img_13434.jpg,-0.04919999837875366
img_13435.jpg,-0.040300000458955765
img_13436.jpg,-0.03400000184774399
img_13437.jpg,-0.02979999966919422
img_13438.jpg,-0.02879999950528145
img_13439.jpg,-0.03139999881386757
img_13440.jpg,-0.03400000184774399
img_13441.jpg,-0.03610000014305115
img_13442.jpg,-0.03819999843835831
img_13443.jpg,-0.039799999445676804
img_13444.jpg,-0.039799999445676804
img_13445.jpg,-0.035100001841783524
img_13446.jpg,-0.026200000196695328
img_13447.jpg,-0.0215000007301569
img_13448.jpg,-0.01940000057220459
img_13449.jpg,-0.01940000057220459
img_13450.jpg,-0.0215000007301569
img_13451.jpg,-0.02459999918937683
img_13452.jpg,-0.027799999341368675
img_13453.jpg,-0.03819999843835831
img_13454.jpg,-0.05739999935030937
img_13455.jpg,-0.08950000256299973
img_13456.jpg,-0.09910000115633011
img_13457.jpg,-0.13689999282360077
img_13458.jpg,-0.17170000076293945
img_13459.jpg,-0.1941000074148178
img_13460.jpg,-0.21729999780654907
img_13461.jpg,-0.2272000014781952
img_13462.jpg,-0.2272000014781952
img_13463.jpg,-0.21570000052452087
img_13464.jpg,-0.2004999965429306
img_13465.jpg,-0.18119999766349792
img_13466.jpg,-0.1655000001192093
img_13467.jpg,-0.15080000460147858
img_13468.jpg,-0.14190000295639038
img_13469.jpg,-0.14190000295639038
img_13470.jpg,-0.1340000033378601
img_13471.jpg,-0.13459999859333038
img_13472.jpg,-0.1371999979019165
img_13473.jpg,-0.13930000364780426
img_13474.jpg,-0.13819999992847443
img_13475.jpg,-0.14190000295639038
img_13476.jpg,-0.14710000157356262
img_13477.jpg,-0.15809999406337738
img_13478.jpg,-0.1680999994277954
img_13479.jpg,-0.17749999463558197
img_13480.jpg,-0.1843000054359436
img_13481.jpg,-0.18799999356269836
img_13482.jpg,-0.1873999983072281
img_13483.jpg,-0.18219999969005585
img_13484.jpg,-0.1728000044822693
img_13485.jpg,-0.16339999437332153
img_13486.jpg,-0.1518000066280365
img_13487.jpg,-0.13819999992847443
img_13488.jpg,-0.12039999663829803
img_13489.jpg,-0.11100000143051147
img_13490.jpg,-0.11309999972581863
img_13491.jpg,-0.12250000238418579
img_13492.jpg,-0.13249999284744263
img_13493.jpg,-0.14190000295639038
img_13494.jpg,-0.1460999995470047
img_13495.jpg,-0.14970000088214874
img_13496.jpg,-0.15600000321865082
img_13497.jpg,-0.16130000352859497
img_13498.jpg,-0.16339999437332153
img_13499.jpg,0.10109999775886536
img_13500.jpg,0.07069999724626541
img_13501.jpg,0.0560000017285347
img_13502.jpg,0.04500000178813934
img_13503.jpg,0.03819999843835831
img_13504.jpg,0.027799999341368675
img_13505.jpg,0.017799999564886093
img_13506.jpg,-0.012600000016391277
img_13507.jpg,-0.01679999940097332
img_13508.jpg,-0.023600000888109207
img_13509.jpg,-0.03669999912381172
img_13510.jpg,-0.0502999983727932
img_13511.jpg,-0.06809999793767929
img_13512.jpg,-0.09109999984502792
img_13513.jpg,-0.1136000007390976
img_13514.jpg,-0.1445000022649765
img_13515.jpg,-0.16050000488758087
img_13516.jpg,-0.195700004696846
img_13517.jpg,-0.2329999953508377
img_13518.jpg,-0.265500009059906
img_13519.jpg,-0.29429998993873596
img_13520.jpg,-0.3142000138759613
img_13521.jpg,-0.3142000138759613
img_13522.jpg,-0.3142000138759613
img_13523.jpg,-0.3142000138759613
img_13524.jpg,-0.3142000138759613
img_13525.jpg,-0.3142000138759613
img_13526.jpg,-0.3142000138759613
img_13527.jpg,-0.3142000138759613
img_13528.jpg,-0.3142000138759613
img_13529.jpg,-0.3142000138759613
img_13530.jpg,-0.3142000138759613
img_13531.jpg,-0.3142000138759613
img_13532.jpg,-0.3142000138759613
img_13533.jpg,-0.3068000078201294
img_13534.jpg,-0.2842999994754791
img_13535.jpg,-0.23720000684261322
img_13536.jpg,-0.19900000095367432
img_13537.jpg,-0.16859999299049377
img_13538.jpg,-0.14869999885559082
img_13539.jpg,-0.14239999651908875
img_13540.jpg,-0.14399999380111694
img_13541.jpg,-0.14820000529289246
img_13542.jpg,-0.14820000529289246
img_13543.jpg,-0.16699999570846558
img_13544.jpg,-0.18690000474452972
img_13545.jpg,-0.18690000474452972
img_13546.jpg,-0.21960000693798065
img_13547.jpg,-0.25029999017715454
img_13548.jpg,-0.2759000062942505
img_13549.jpg,-0.2759000062942505
img_13550.jpg,-0.3142000138759613
img_13551.jpg,-0.3142000138759613
img_13552.jpg,-0.3142000138759613
img_13553.jpg,-0.3142000138759613
img_13554.jpg,-0.3142000138759613
img_13555.jpg,-0.3142000138759613
img_13556.jpg,-0.3142000138759613
img_13557.jpg,-0.3142000138759613
img_13558.jpg,-0.3142000138759613
img_13559.jpg,-0.3142000138759613
img_13560.jpg,-0.28690001368522644
img_13561.jpg,-0.2492000013589859
img_13562.jpg,-0.26840001344680786
img_13563.jpg,-0.3142000138759613
img_13564.jpg,-0.3142000138759613
img_13565.jpg,-0.3142000138759613
img_13566.jpg,-0.3142000138759613
img_13567.jpg,-0.3142000138759613
img_13568.jpg,-0.3142000138759613
img_13569.jpg,-0.3142000138759613
img_13570.jpg,-0.3142000138759613
img_13571.jpg,-0.3052999973297119
img_13572.jpg,-0.28220000863075256
img_13573.jpg,-0.25920000672340393
img_13574.jpg,-0.24089999496936798
img_13575.jpg,-0.2257000058889389
img_13576.jpg,-0.21150000393390656
img_13577.jpg,-0.20419999957084656
img_13578.jpg,-0.20679999887943268
img_13579.jpg,-0.21960000693798065
img_13580.jpg,-0.22460000216960907
img_13581.jpg,-0.2833000123500824
img_13582.jpg,-0.3066999912261963
img_13583.jpg,-0.3142000138759613
img_13584.jpg,-0.3142000138759613
img_13585.jpg,-0.3100000023841858
img_13586.jpg,-0.28850001096725464
img_13587.jpg,-0.27959999442100525
img_13588.jpg,-0.2754000127315521
img_13589.jpg,-0.2712000012397766
img_13590.jpg,-0.2565999925136566
img_13591.jpg,-0.2565999925136566
img_13592.jpg,-0.2257000058889389
img_13593.jpg,-0.16019999980926514
img_13594.jpg,-0.13040000200271606
img_13595.jpg,-0.10890000313520432
img_13596.jpg,-0.10050000250339508
img_13597.jpg,-0.10050000250339508
img_13598.jpg,-0.09319999814033508
img_13599.jpg,-0.08169999718666077
img_13600.jpg,-0.06340000033378601
img_13601.jpg,-0.04560000076889992
img_13602.jpg,-0.02930000051856041
img_13603.jpg,-0.014700000174343586
img_13604.jpg,0.00989999994635582
img_13605.jpg,0.009399999864399433
img_13606.jpg,0.00839999970048666
img_13607.jpg,-0.0012000000569969416
img_13608.jpg,-0.06750000268220901
img_13609.jpg,-0.13030000030994415
img_13610.jpg,-0.18870000541210175
img_13611.jpg,-0.2754000127315521
img_13612.jpg,-0.3142000138759613
img_13613.jpg,-0.3142000138759613
img_13614.jpg,-0.3142000138759613
img_13615.jpg,-0.31209999322891235
img_13616.jpg,-0.3010999858379364
img_13617.jpg,-0.289000004529953
img_13618.jpg,-0.26809999346733093
img_13619.jpg,-0.26809999346733093
img_13620.jpg,-0.19429999589920044
img_13621.jpg,-0.15970000624656677
img_13622.jpg,-0.12099999934434891
img_13623.jpg,-0.08479999750852585
img_13624.jpg,-0.05810000002384186
img_13625.jpg,-0.035100001841783524
img_13626.jpg,0.017799999564886093
img_13627.jpg,-0.007799999788403511
img_13628.jpg,-0.02250000089406967
img_13629.jpg,-0.08330000191926956
img_13630.jpg,-0.09529999643564224
img_13631.jpg,-0.16840000450611115
img_13632.jpg,-0.21400000154972076
img_13633.jpg,-0.26440000534057617
img_13634.jpg,-0.28850001096725464
img_13635.jpg,-0.28119999170303345
img_13636.jpg,-0.25600001215934753
img_13637.jpg,-0.22669999301433563
img_13638.jpg,-0.19580000638961792
img_13639.jpg,-0.15760000050067902
img_13640.jpg,-0.1256999969482422
img_13641.jpg,-0.0885000005364418
img_13642.jpg,-0.05649999901652336
img_13643.jpg,0.03189999982714653
img_13644.jpg,0.0272000003606081
img_13645.jpg,0.03189999982714653
img_13646.jpg,0.03139999881386757
img_13647.jpg,0.02669999934732914
img_13648.jpg,0.020899999886751175
img_13649.jpg,0.013100000098347664
img_13650.jpg,-0.006800000090152025
img_13651.jpg,-0.007300000172108412
img_13652.jpg,-0.009399999864399433
img_13653.jpg,-0.010999999940395355
img_13654.jpg,-0.012000000104308128
img_13655.jpg,-0.012000000104308128
img_13656.jpg,-0.011500000022351742
img_13657.jpg,-0.012600000016391277
img_13658.jpg,-0.015799999237060547
img_13659.jpg,-0.02930000051856041
img_13660.jpg,-0.0723000019788742
img_13661.jpg,-0.09220000356435776
img_13662.jpg,-0.10840000212192535
img_13663.jpg,-0.12150000035762787
img_13664.jpg,-0.12929999828338623
img_13665.jpg,-0.12250000238418579
img_13666.jpg,-0.1046999990940094
img_13667.jpg,-0.08529999852180481
img_13668.jpg,-0.06069999933242798
img_13669.jpg,-0.040300000458955765
img_13670.jpg,0.020899999886751175
img_13671.jpg,0.015699999406933784
img_13672.jpg,0.016200000420212746
img_13673.jpg,0.015200000256299973
img_13674.jpg,0.011500000022351742
img_13675.jpg,0.00839999970048666
img_13676.jpg,0.00839999970048666
img_13677.jpg,-0.00419999985024333
img_13678.jpg,-0.00419999985024333
img_13679.jpg,-0.006800000090152025
img_13680.jpg,-0.007899999618530273
img_13681.jpg,-0.00839999970048666
img_13682.jpg,-0.00839999970048666
img_13683.jpg,0.01360000018030405
img_13684.jpg,0.025100000202655792
img_13685.jpg,0.04450000077486038
img_13686.jpg,0.062300000339746475
img_13687.jpg,0.08150000125169754
img_13688.jpg,0.09790000319480896
img_13689.jpg,0.09790000319480896
img_13690.jpg,0.11940000206232071
img_13691.jpg,0.11940000206232071
img_13692.jpg,0.0957999974489212
img_13693.jpg,0.07280000299215317
img_13694.jpg,0.05079999938607216
img_13695.jpg,0.05079999938607216
img_13696.jpg,-0.018799999728798866
img_13697.jpg,-0.02199999988079071
img_13698.jpg,-0.02879999950528145
img_13699.jpg,-0.030899999663233757
img_13700.jpg,-0.02979999966919422
img_13701.jpg,-0.0272000003606081
img_13702.jpg,-0.023000000044703484
img_13703.jpg,-0.018799999728798866
img_13704.jpg,-0.018799999728798866
img_13705.jpg,0.007300000172108412
img_13706.jpg,0.00839999970048666
img_13707.jpg,0.01360000018030405
img_13708.jpg,0.017799999564886093
img_13709.jpg,0.020899999886751175
img_13710.jpg,0.023600000888109207
img_13711.jpg,0.023600000888109207
img_13712.jpg,0.025100000202655792
img_13713.jpg,0.025100000202655792
img_13714.jpg,0.02459999918937683
img_13715.jpg,0.02459999918937683
img_13716.jpg,0.02199999988079071
img_13717.jpg,0.020899999886751175
img_13718.jpg,0.019899999722838402
img_13719.jpg,0.018300000578165054
img_13720.jpg,0.015200000256299973
img_13721.jpg,0.010499999858438969
img_13722.jpg,0.006300000008195639
img_13723.jpg,0.006300000008195639
img_13724.jpg,-0.005200000014156103
img_13725.jpg,-0.006800000090152025
img_13726.jpg,-0.007899999618530273
img_13727.jpg,-0.007899999618530273
img_13728.jpg,-0.007899999618530273
img_13729.jpg,-0.007300000172108412
img_13730.jpg,-0.006800000090152025
img_13731.jpg,-0.005799999926239252
img_13732.jpg,-0.005799999926239252
img_13733.jpg,-0.004699999932199717
img_13734.jpg,-0.00419999985024333
img_13735.jpg,-0.003700000001117587
img_13736.jpg,-0.003100000089034438
img_13737.jpg,-0.003100000089034438
img_13738.jpg,-0.0026000000070780516
img_13739.jpg,-0.0026000000070780516
img_13740.jpg,-0.0026000000070780516
img_13741.jpg,-0.0026000000070780516
img_13742.jpg,-0.003100000089034438
img_13743.jpg,-0.003100000089034438
img_13744.jpg,-0.003100000089034438
img_13745.jpg,-0.003700000001117587
img_13746.jpg,-0.003700000001117587
img_13747.jpg,-0.003700000001117587
img_13748.jpg,-0.003700000001117587
img_13749.jpg,-0.003700000001117587
img_13750.jpg,-0.003700000001117587
img_13751.jpg,-0.003700000001117587
img_13752.jpg,-0.003100000089034438
img_13753.jpg,-0.003100000089034438
img_13754.jpg,-0.003100000089034438
img_13755.jpg,-0.003100000089034438
img_13756.jpg,-0.003100000089034438
img_13757.jpg,-0.003100000089034438
img_13758.jpg,-0.003100000089034438
img_13759.jpg,-0.003100000089034438
img_13760.jpg,-0.003100000089034438
img_13761.jpg,-0.003100000089034438
img_13762.jpg,-0.003100000089034438
img_13763.jpg,-0.005799999926239252
img_13764.jpg,-0.011500000022351742
img_13765.jpg,-0.02199999988079071
img_13766.jpg,-0.03139999881386757
img_13767.jpg,-0.03139999881386757
img_13768.jpg,-0.04969999939203262
img_13769.jpg,-0.05649999901652336
img_13770.jpg,-0.06069999933242798
img_13771.jpg,-0.06539999693632126
img_13772.jpg,-0.06539999693632126
img_13773.jpg,-0.08969999849796295
img_13774.jpg,-0.10679999738931656
img_13775.jpg,-0.1136000007390976
img_13776.jpg,-0.11410000175237656
img_13777.jpg,-0.1046999990940094
img_13778.jpg,-0.08529999852180481
img_13779.jpg,-0.06019999831914902
img_13780.jpg,-0.037700001150369644
img_13781.jpg,0.023600000888109207
img_13782.jpg,0.023000000044703484
img_13783.jpg,0.023000000044703484
img_13784.jpg,0.05079999938607216
img_13785.jpg,0.05079999938607216
img_13786.jpg,0.08950000256299973
img_13787.jpg,0.10869999974966049
img_13788.jpg,0.11410000175237656
img_13789.jpg,0.10939999669790268
img_13790.jpg,0.09369999915361404
img_13791.jpg,0.07590000331401825
img_13792.jpg,0.05339999869465828
img_13793.jpg,0.03350000083446503
img_13794.jpg,-0.020400000736117363
img_13795.jpg,-0.018300000578165054
img_13796.jpg,-0.020899999886751175
img_13797.jpg,-0.02199999988079071
img_13798.jpg,-0.020899999886751175
img_13799.jpg,-0.018300000578165054
img_13800.jpg,-0.015200000256299973
img_13801.jpg,-0.011500000022351742
img_13802.jpg,-0.007899999618530273
img_13803.jpg,-0.009399999864399433
img_13804.jpg,-0.012600000016391277
img_13805.jpg,-0.018300000578165054
img_13806.jpg,-0.023600000888109207
img_13807.jpg,-0.02979999966919422
img_13808.jpg,-0.03460000082850456
img_13809.jpg,-0.03869999945163727
img_13810.jpg,-0.0414000004529953
img_13811.jpg,-0.042899999767541885
img_13812.jpg,-0.042899999767541885
img_13813.jpg,-0.042399998754262924
img_13814.jpg,-0.040300000458955765
img_13815.jpg,-0.03400000184774399
img_13816.jpg,-0.027799999341368675
img_13817.jpg,-0.030400000512599945
img_13818.jpg,-0.04190000146627426
img_13819.jpg,-0.054499998688697815
img_13820.jpg,-0.06750000268220901
img_13821.jpg,-0.07590000331401825
img_13822.jpg,-0.0812000036239624
img_13823.jpg,-0.08219999819993973
img_13824.jpg,-0.08060000091791153
img_13825.jpg,-0.07590000331401825
img_13826.jpg,-0.07069999724626541
img_13827.jpg,-0.052400000393390656
img_13828.jpg,-0.032999999821186066
img_13829.jpg,0.02669999934732914
img_13830.jpg,0.03629999980330467
img_13831.jpg,0.059700001031160355
img_13832.jpg,0.08529999852180481
img_13833.jpg,0.11209999769926071
img_13834.jpg,0.13770000636577606
img_13835.jpg,0.15919999778270721
img_13836.jpg,0.17910000681877136
img_13837.jpg,0.19429999589920044
img_13838.jpg,0.19750000536441803
img_13839.jpg,0.2053000032901764
img_13840.jpg,0.18119999766349792
img_13841.jpg,0.15289999544620514
img_13842.jpg,0.15289999544620514
img_13843.jpg,0.1136000007390976
img_13844.jpg,0.04659999907016754
img_13845.jpg,-0.042899999767541885
img_13846.jpg,-0.04610000178217888
img_13847.jpg,-0.06960000097751617
img_13848.jpg,-0.08169999718666077
img_13849.jpg,-0.08739999681711197
img_13850.jpg,-0.08799999952316284
img_13851.jpg,-0.08330000191926956
img_13852.jpg,-0.07280000299215317
img_13853.jpg,-0.07280000299215317
img_13854.jpg,-0.05079999938607216
img_13855.jpg,-0.05079999938607216
img_13856.jpg,-0.02979999966919422
img_13857.jpg,-0.023000000044703484
img_13858.jpg,-0.017799999564886093
img_13859.jpg,-0.015200000256299973
img_13860.jpg,-0.008899999782443047
img_13861.jpg,0.005799999926239252
img_13862.jpg,0.007899999618530273
img_13863.jpg,0.010499999858438969
img_13864.jpg,0.013100000098347664
img_13865.jpg,0.012000000104308128
img_13866.jpg,0.007300000172108412
img_13867.jpg,-0.008899999782443047
img_13868.jpg,-0.014100000262260437
img_13869.jpg,-0.020899999886751175
img_13870.jpg,-0.02930000051856041
img_13871.jpg,-0.03669999912381172
img_13872.jpg,-0.042899999767541885
img_13873.jpg,-0.0471000000834465
img_13874.jpg,-0.0502999983727932
img_13875.jpg,-0.0502999983727932
img_13876.jpg,-0.052400000393390656
img_13877.jpg,-0.052400000393390656
img_13878.jpg,-0.05130000039935112
img_13879.jpg,-0.04969999939203262
img_13880.jpg,-0.048700001090765
img_13881.jpg,-0.0471000000834465
img_13882.jpg,-0.040800001472234726
img_13883.jpg,-0.040800001472234726
img_13884.jpg,-0.025100000202655792
img_13885.jpg,-0.025100000202655792
img_13886.jpg,0.007899999618530273
img_13887.jpg,0.005200000014156103
img_13888.jpg,0.003700000001117587
img_13889.jpg,0.003700000001117587
img_13890.jpg,-0.012600000016391277
img_13891.jpg,-0.027799999341368675
img_13892.jpg,-0.04190000146627426
img_13893.jpg,-0.05810000002384186
img_13894.jpg,-0.07020000368356705
img_13895.jpg,-0.07660000026226044
img_13896.jpg,-0.08900000154972076
img_13897.jpg,-0.09369999915361404
img_13898.jpg,-0.0957999974489212
img_13899.jpg,-0.09529999643564224
img_13900.jpg,-0.09269999712705612
img_13901.jpg,-0.0885000005364418
img_13902.jpg,-0.07750000059604645
img_13903.jpg,-0.07750000059604645
img_13904.jpg,-0.04659999907016754
img_13905.jpg,-0.03139999881386757
img_13906.jpg,0.019899999722838402
img_13907.jpg,0.02199999988079071
img_13908.jpg,0.035100001841783524
img_13909.jpg,0.048700001090765
img_13910.jpg,0.06440000236034393
img_13911.jpg,0.08060000091791153
img_13912.jpg,0.09319999814033508
img_13913.jpg,0.1031000018119812
img_13914.jpg,0.11209999769926071
img_13915.jpg,0.11309999972581863
img_13916.jpg,0.10159999877214432
img_13917.jpg,0.07590000331401825
img_13918.jpg,0.04450000077486038
img_13919.jpg,-0.040800001472234726
img_13920.jpg,-0.052400000393390656
img_13921.jpg,-0.06809999793767929
img_13922.jpg,-0.08060000091791153
img_13923.jpg,-0.0885000005364418
img_13924.jpg,-0.0957999974489212
img_13925.jpg,-0.09950000047683716
img_13926.jpg,-0.09950000047683716
img_13927.jpg,-0.10419999808073044
img_13928.jpg,-0.10419999808073044
img_13929.jpg,-0.1031000018119812
img_13930.jpg,-0.10109999775886536
img_13931.jpg,-0.09839999675750732
img_13932.jpg,-0.09109999984502792
img_13933.jpg,-0.09109999984502792
img_13934.jpg,-0.07280000299215317
img_13935.jpg,-0.06390000134706497
img_13936.jpg,-0.05649999901652336
img_13937.jpg,-0.04919999837875366
img_13938.jpg,-0.04450000077486038
img_13939.jpg,-0.04610000178217888
img_13940.jpg,-0.05180000141263008
img_13941.jpg,-0.05180000141263008
img_13942.jpg,-0.07329999655485153
img_13943.jpg,-0.08380000293254852
img_13944.jpg,-0.09269999712705612
img_13945.jpg,-0.10000000149011612
img_13946.jpg,-0.10419999808073044
img_13947.jpg,-0.10419999808073044
img_13948.jpg,-0.10729999840259552
img_13949.jpg,-0.10729999840259552
img_13950.jpg,-0.12250000238418579
img_13951.jpg,-0.12929999828338623
img_13952.jpg,-0.13300000131130219
img_13953.jpg,-0.13819999992847443
img_13954.jpg,-0.14499999582767487
img_13955.jpg,-0.15080000460147858
img_13956.jpg,-0.15080000460147858
img_13957.jpg,-0.15919999778270721
img_13958.jpg,-0.16019999980926514
img_13959.jpg,-0.15919999778270721
img_13960.jpg,-0.1565999984741211
img_13961.jpg,-0.15289999544620514
img_13962.jpg,-0.14920000731945038
img_13963.jpg,-0.14820000529289246
img_13964.jpg,-0.15029999613761902
img_13965.jpg,-0.1534000039100647
img_13966.jpg,-0.1565999984741211
img_13967.jpg,-0.1606999933719635
img_13968.jpg,-0.1606999933719635
img_13969.jpg,-0.15870000422000885
img_13970.jpg,-0.15549999475479126
img_13971.jpg,-0.15809999406337738
img_13972.jpg,-0.16130000352859497
img_13973.jpg,-0.1770000010728836
img_13974.jpg,-0.18950000405311584
img_13975.jpg,-0.15600000321865082
img_13976.jpg,-0.14820000529289246
img_13977.jpg,-0.15919999778270721
img_13978.jpg,-0.1712000072002411
img_13979.jpg,-0.18330000340938568
img_13980.jpg,-0.19740000367164612
img_13981.jpg,-0.19740000367164612
img_13982.jpg,-0.2370000034570694
img_13983.jpg,-0.2632000148296356
img_13984.jpg,-0.2904999852180481
img_13985.jpg,-0.29429998993873596
img_13986.jpg,-0.3142000138759613
img_13987.jpg,-0.3142000138759613
img_13988.jpg,-0.3142000138759613
img_13989.jpg,-0.31049999594688416
img_13990.jpg,-0.30000001192092896
img_13991.jpg,-0.2833000123500824
img_13992.jpg,-0.262800008058548
img_13993.jpg,-0.23559999465942383
img_13994.jpg,-0.21150000393390656
img_13995.jpg,-0.18950000405311584
img_13996.jpg,-0.16130000352859497
img_13997.jpg,-0.13670000433921814
img_13998.jpg,-0.11259999871253967
img_13999.jpg,-0.09839999675750732
img_14000.jpg,-0.09009999781847
img_14001.jpg,-0.08640000224113464
img_14002.jpg,-0.10159999877214432
img_14003.jpg,-0.12720000743865967
img_14004.jpg,-0.16660000383853912
img_14005.jpg,-0.1914999932050705
img_14006.jpg,-0.27090001106262207
img_14007.jpg,-0.3142000138759613
img_14008.jpg,-0.3142000138759613
img_14009.jpg,-0.3142000138759613
img_14010.jpg,-0.3142000138759613
img_14011.jpg,-0.3142000138759613
img_14012.jpg,-0.3142000138759613
img_14013.jpg,-0.3142000138759613
img_14014.jpg,-0.3142000138759613
img_14015.jpg,-0.3142000138759613
img_14016.jpg,-0.3125999867916107
img_14017.jpg,-0.29269999265670776
img_14018.jpg,-0.28119999170303345
img_14019.jpg,-0.26649999618530273
img_14020.jpg,-0.25290000438690186
img_14021.jpg,-0.24560000002384186
img_14022.jpg,-0.23559999465942383
img_14023.jpg,-0.22930000722408295
img_14024.jpg,-0.23250000178813934
img_14025.jpg,-0.27799999713897705
img_14026.jpg,-0.296099990606308
img_14027.jpg,-0.3142000138759613
img_14028.jpg,-0.3142000138759613
img_14029.jpg,-0.3142000138759613
img_14030.jpg,-0.3142000138759613
img_14031.jpg,-0.3142000138759613
img_14032.jpg,-0.3142000138759613
img_14033.jpg,-0.3142000138759613
img_14034.jpg,-0.3142000138759613
img_14035.jpg,-0.3142000138759613
img_14036.jpg,-0.2921999990940094
img_14037.jpg,-0.25760000944137573
img_14038.jpg,-0.2142000049352646
img_14039.jpg,-0.18060000240802765
img_14040.jpg,-0.1550000011920929
img_14041.jpg,-0.13459999859333038
img_14042.jpg,-0.11209999769926071
img_14043.jpg,-0.10580000281333923
img_14044.jpg,-0.1136000007390976
img_14045.jpg,-0.1298999935388565
img_14046.jpg,-0.15760000050067902
img_14047.jpg,-0.18379999697208405
img_14048.jpg,-0.2125999927520752
img_14049.jpg,-0.2565999925136566
img_14050.jpg,-0.2827000021934509
img_14051.jpg,-0.2953000068664551
img_14052.jpg,-0.3142000138759613
img_14053.jpg,-0.3142000138759613
img_14054.jpg,-0.3142000138759613
img_14055.jpg,-0.3142000138759613
img_14056.jpg,-0.3142000138759613
img_14057.jpg,-0.3142000138759613
img_14058.jpg,-0.3142000138759613
img_14059.jpg,-0.3142000138759613
img_14060.jpg,-0.3142000138759613
img_14061.jpg,-0.3142000138759613
img_14062.jpg,-0.31360000371932983
img_14063.jpg,-0.3068000078201294
img_14064.jpg,-0.29739999771118164
img_14065.jpg,-0.28380000591278076
img_14066.jpg,-0.2702000141143799
img_14067.jpg,-0.25870001316070557
img_14068.jpg,-0.24240000545978546
img_14069.jpg,-0.22779999673366547
img_14070.jpg,-0.19740000367164612
img_14071.jpg,-0.1680999994277954
img_14072.jpg,-0.12929999828338623
img_14073.jpg,-0.0957999974489212
img_14074.jpg,-0.06129999831318855
img_14075.jpg,-0.03189999982714653
img_14076.jpg,-0.016200000420212746
img_14077.jpg,-0.009399999864399433
img_14078.jpg,-0.04780000075697899
img_14079.jpg,-0.12409999966621399
img_14080.jpg,-0.2524000108242035
img_14081.jpg,-0.3142000138759613
img_14082.jpg,-0.3142000138759613
img_14083.jpg,-0.3142000138759613
img_14084.jpg,-0.3142000138759613
img_14085.jpg,-0.3142000138759613
img_14086.jpg,-0.3142000138759613
img_14087.jpg,-0.3142000138759613
img_14088.jpg,-0.3142000138759613
img_14089.jpg,-0.3142000138759613
img_14090.jpg,-0.3142000138759613
img_14091.jpg,-0.3142000138759613
img_14092.jpg,-0.3142000138759613
img_14093.jpg,-0.3142000138759613
img_14094.jpg,-0.3142000138759613
img_14095.jpg,-0.3142000138759613
img_14096.jpg,-0.3142000138759613
img_14097.jpg,-0.3142000138759613
img_14098.jpg,-0.3142000138759613
img_14099.jpg,-0.3142000138759613
img_14100.jpg,-0.3142000138759613
img_14101.jpg,-0.3142000138759613
img_14102.jpg,-0.3142000138759613
img_14103.jpg,-0.3142000138759613
img_14104.jpg,-0.3142000138759613
img_14105.jpg,-0.3142000138759613
img_14106.jpg,-0.3142000138759613
img_14107.jpg,-0.3142000138759613
img_14108.jpg,-0.2896000146865845
img_14109.jpg,-0.23980000615119934
img_14110.jpg,-0.19009999930858612
img_14111.jpg,-0.13249999284744263
img_14112.jpg,-0.08739999681711197
img_14113.jpg,-0.0471000000834465
img_14114.jpg,0.026200000196695328
img_14115.jpg,0.023600000888109207
img_14116.jpg,0.02669999934732914
img_14117.jpg,0.0272000003606081
img_14118.jpg,0.02459999918937683
img_14119.jpg,0.0215000007301569
img_14120.jpg,0.01730000041425228
img_14121.jpg,0.012600000016391277
img_14122.jpg,-0.01679999940097332
img_14123.jpg,-0.02930000051856041
img_14124.jpg,-0.048700001090765
img_14125.jpg,-0.06390000134706497
img_14126.jpg,-0.07750000059604645
img_14127.jpg,-0.08739999681711197
img_14128.jpg,-0.08799999952316284
img_14129.jpg,-0.07959999889135361
img_14130.jpg,-0.06909999996423721
img_14131.jpg,-0.05649999901652336
img_14132.jpg,-0.04659999907016754
img_14133.jpg,-0.03669999912381172
img_14134.jpg,-0.02930000051856041
img_14135.jpg,-0.023000000044703484
img_14136.jpg,-0.01940000057220459
img_14137.jpg,-0.01360000018030405
img_14138.jpg,0.00839999970048666
img_14139.jpg,0.015200000256299973
img_14140.jpg,0.02459999918937683
img_14141.jpg,0.050200000405311584
img_14142.jpg,0.08009999990463257
img_14143.jpg,0.10670000314712524
img_14144.jpg,0.13680000603199005
img_14145.jpg,0.21119999885559082
img_14146.jpg,0.24660000205039978
img_14147.jpg,0.2791000008583069
img_14148.jpg,0.29739999771118164
img_14149.jpg,0.2827000021934509
img_14150.jpg,0.26080000400543213
img_14151.jpg,0.22460000216960907
img_14152.jpg,0.19009999930858612
img_14153.jpg,0.15029999613761902
img_14154.jpg,0.11729999631643295
img_14155.jpg,0.08529999852180481
img_14156.jpg,0.0575999990105629
img_14157.jpg,-0.02930000051856041
img_14158.jpg,-0.023000000044703484
img_14159.jpg,-0.02879999950528145
img_14160.jpg,-0.02879999950528145
img_14161.jpg,-0.0272000003606081
img_14162.jpg,-0.023600000888109207
img_14163.jpg,-0.019899999722838402
img_14164.jpg,-0.015699999406933784
img_14165.jpg,-0.012600000016391277
img_14166.jpg,-0.008899999782443047
img_14167.jpg,-0.005799999926239252
img_14168.jpg,-0.003700000001117587
img_14169.jpg,-0.0026000000070780516
img_14170.jpg,-0.0026000000070780516
img_14171.jpg,0.03400000184774399
img_14172.jpg,0.059700001031160355
img_14173.jpg,0.08330000191926956
img_14174.jpg,0.10570000112056732
img_14175.jpg,0.13089999556541443
img_14176.jpg,0.15289999544620514
img_14177.jpg,0.16910000145435333
img_14178.jpg,0.18379999697208405
img_14179.jpg,0.17170000076293945
img_14180.jpg,0.15129999816417694
img_14181.jpg,0.11569999903440475
img_14182.jpg,0.08269999921321869
img_14183.jpg,0.04500000178813934
img_14184.jpg,-0.03400000184774399
img_14185.jpg,-0.05640000104904175
img_14186.jpg,-0.08330000191926956
img_14187.jpg,-0.10679999738931656
img_14188.jpg,-0.12250000238418579
img_14189.jpg,-0.13249999284744263
img_14190.jpg,-0.13189999759197235
img_14191.jpg,-0.12620000541210175
img_14192.jpg,-0.11410000175237656
img_14193.jpg,-0.09690000116825104
img_14194.jpg,-0.07590000331401825
img_14195.jpg,-0.07590000331401825
img_14196.jpg,0.02410000003874302
img_14197.jpg,0.047600001096725464
img_14198.jpg,0.08479999750852585
img_14199.jpg,0.1136000007390976
img_14200.jpg,0.15389999747276306
img_14201.jpg,0.16830000281333923
img_14202.jpg,0.1834000051021576
img_14203.jpg,0.18379999697208405
img_14204.jpg,0.1738000065088272
img_14205.jpg,0.15449999272823334
img_14206.jpg,0.1356000006198883
img_14207.jpg,0.12359999865293503
img_14208.jpg,0.1256999969482422
img_14209.jpg,0.13930000364780426
img_14210.jpg,0.16699999570846558
img_14211.jpg,0.18940000236034393
img_14212.jpg,0.22830000519752502
img_14213.jpg,0.22830000519752502
img_14214.jpg,0.2565999925136566
img_14215.jpg,0.23350000381469727
img_14216.jpg,0.20319999754428864
img_14217.jpg,0.1680999994277954
img_14218.jpg,0.131400004029274
img_14219.jpg,0.10790000110864639
img_14220.jpg,0.09629999846220016
img_14221.jpg,0.094200000166893
img_14222.jpg,0.0989999994635582
img_14223.jpg,0.10999999940395355
img_14224.jpg,0.12460000067949295
img_14225.jpg,0.13770000636577606
img_14226.jpg,0.1445000022649765
img_14227.jpg,0.1445000022649765
img_14228.jpg,0.12460000067949295
img_14229.jpg,0.10369999706745148
img_14230.jpg,0.07490000128746033
img_14231.jpg,0.0502999983727932
img_14232.jpg,-0.025699999183416367
img_14233.jpg,-0.019899999722838402
img_14234.jpg,-0.023000000044703484
img_14235.jpg,-0.023000000044703484
img_14236.jpg,0.01940000057220459
img_14237.jpg,0.04820000007748604
img_14238.jpg,0.0737999975681305
img_14239.jpg,0.1136000007390976
img_14240.jpg,0.14190000295639038
img_14241.jpg,0.16859999299049377
img_14242.jpg,0.1889999955892563
img_14243.jpg,0.20110000669956207
img_14244.jpg,0.20679999887943268
img_14245.jpg,0.20730000734329224
img_14246.jpg,0.19740000367164612
img_14247.jpg,0.17960000038146973
img_14248.jpg,0.14560000598430634
img_14249.jpg,0.11209999769926071
img_14250.jpg,0.0723000019788742
img_14251.jpg,-0.03819999843835831
img_14252.jpg,-0.030899999663233757
img_14253.jpg,-0.035599999129772186
img_14254.jpg,-0.03139999881386757
img_14255.jpg,-0.016200000420212746
img_14256.jpg,0.012600000016391277
img_14257.jpg,0.01679999940097332
img_14258.jpg,0.04500000178813934
img_14259.jpg,0.062300000339746475
img_14260.jpg,0.062300000339746475
img_14261.jpg,0.0885000005364418
img_14262.jpg,0.09950000047683716
img_14263.jpg,0.10790000110864639
img_14264.jpg,0.10790000110864639
img_14265.jpg,0.11779999732971191
img_14266.jpg,0.11779999732971191
img_14267.jpg,0.1151999980211258
img_14268.jpg,0.10260000079870224
img_14269.jpg,0.08169999718666077
img_14270.jpg,0.061799999326467514
img_14271.jpg,0.061799999326467514
img_14272.jpg,0.019899999722838402
img_14273.jpg,-0.017799999564886093
img_14274.jpg,-0.019899999722838402
img_14275.jpg,-0.023600000888109207
img_14276.jpg,-0.023600000888109207
img_14277.jpg,-0.020899999886751175
img_14278.jpg,-0.017799999564886093
img_14279.jpg,-0.020400000736117363
img_14280.jpg,-0.02459999918937683
img_14281.jpg,-0.03139999881386757
img_14282.jpg,-0.037700001150369644
img_14283.jpg,-0.04450000077486038
img_14284.jpg,-0.0502999983727932
img_14285.jpg,-0.054999999701976776
img_14286.jpg,-0.05810000002384186
img_14287.jpg,-0.05920000001788139
img_14288.jpg,-0.05649999901652336
img_14289.jpg,-0.05290000140666962
img_14290.jpg,-0.048700001090765
img_14291.jpg,-0.042899999767541885
img_14292.jpg,-0.03819999843835831
img_14293.jpg,-0.02979999966919422
img_14294.jpg,-0.019899999722838402
img_14295.jpg,-0.012000000104308128
img_14296.jpg,0.007899999618530273
img_14297.jpg,0.007300000172108412
img_14298.jpg,0.008899999782443047
img_14299.jpg,0.008899999782443047
img_14300.jpg,0.007899999618530273
img_14301.jpg,0.006300000008195639
img_14302.jpg,0.004699999932199717
img_14303.jpg,0.003100000089034438
img_14304.jpg,0.018300000578165054
img_14305.jpg,0.03610000014305115
img_14306.jpg,0.0617000013589859
img_14307.jpg,0.0869000032544136
img_14308.jpg,0.0869000032544136
img_14309.jpg,0.1282999962568283
img_14310.jpg,0.14079999923706055
img_14311.jpg,0.1476999968290329
img_14312.jpg,0.14399999380111694
img_14313.jpg,0.13040000200271606
img_14314.jpg,0.11150000244379044
img_14315.jpg,0.11150000244379044
img_14316.jpg,-0.047600001096725464
img_14317.jpg,-0.07639999687671661
img_14318.jpg,-0.10199999809265137
img_14319.jpg,-0.14399999380111694
img_14320.jpg,-0.18639999628067017
img_14321.jpg,-0.2125999927520752
img_14322.jpg,-0.2287999987602234
img_14323.jpg,-0.2272000014781952
img_14324.jpg,-0.20469999313354492
img_14325.jpg,-0.17749999463558197
img_14326.jpg,-0.14030000567436218
img_14327.jpg,-0.10840000212192535
img_14328.jpg,-0.07590000331401825
img_14329.jpg,-0.054499998688697815
img_14330.jpg,-0.03869999945163727
img_14331.jpg,-0.02669999934732914
img_14332.jpg,-0.01679999940097332
img_14333.jpg,-0.00839999970048666
img_14334.jpg,0.005200000014156103
img_14335.jpg,0.004699999932199717
img_14336.jpg,0.004699999932199717
img_14337.jpg,-0.002099999925121665
img_14338.jpg,-0.003100000089034438
img_14339.jpg,-0.005200000014156103
img_14340.jpg,-0.007899999618530273
img_14341.jpg,-0.00989999994635582
img_14342.jpg,-0.010499999858438969
img_14343.jpg,-0.00989999994635582
img_14344.jpg,-0.007300000172108412
img_14345.jpg,-0.003700000001117587
img_14346.jpg,0.005200000014156103
img_14347.jpg,0.009399999864399433
img_14348.jpg,0.013100000098347664
img_14349.jpg,0.01679999940097332
img_14350.jpg,0.018799999728798866
img_14351.jpg,0.020899999886751175
img_14352.jpg,0.01940000057220459
img_14353.jpg,-0.010999999940395355
img_14354.jpg,-0.014700000174343586
img_14355.jpg,-0.014700000174343586
img_14356.jpg,-0.04190000146627426
img_14357.jpg,-0.05920000001788139
img_14358.jpg,-0.0737999975681305
img_14359.jpg,-0.0885000005364418
img_14360.jpg,-0.09950000047683716
img_14361.jpg,-0.10580000281333923
img_14362.jpg,-0.10790000110864639
img_14363.jpg,-0.10520000010728836
img_14364.jpg,-0.10109999775886536
img_14365.jpg,-0.08640000224113464
img_14366.jpg,-0.07169999927282333
img_14367.jpg,-0.0575999990105629
img_14368.jpg,-0.047600001096725464
img_14369.jpg,-0.03869999945163727
img_14370.jpg,-0.032999999821186066
img_14371.jpg,-0.02979999966919422
img_14372.jpg,-0.02979999966919422
img_14373.jpg,-0.032499998807907104
img_14374.jpg,-0.035100001841783524
img_14375.jpg,-0.03720000013709068
img_14376.jpg,-0.03869999945163727
img_14377.jpg,-0.039799999445676804
img_14378.jpg,-0.040800001472234726
img_14379.jpg,-0.03400000184774399
img_14380.jpg,-0.02669999934732914
img_14381.jpg,-0.0215000007301569
img_14382.jpg,-0.01940000057220459
img_14383.jpg,-0.01940000057220459
img_14384.jpg,-0.020899999886751175
img_14385.jpg,-0.02410000003874302
img_14386.jpg,-0.02669999934732914
img_14387.jpg,-0.03400000184774399
img_14388.jpg,-0.05180000141263008
img_14389.jpg,-0.08060000091791153
img_14390.jpg,-0.11150000244379044
img_14391.jpg,-0.13670000433921814
img_14392.jpg,-0.1590999960899353
img_14393.jpg,-0.15970000624656677
img_14394.jpg,-0.2093999981880188
img_14395.jpg,-0.2240999937057495
img_14396.jpg,-0.2287999987602234
img_14397.jpg,-0.22100000083446503
img_14398.jpg,-0.20839999616146088
img_14399.jpg,-0.1889999955892563
img_14400.jpg,-0.1728000044822693
img_14401.jpg,-0.1565999984741211
img_14402.jpg,-0.14399999380111694
img_14403.jpg,-0.13670000433921814
img_14404.jpg,-0.13300000131130219
img_14405.jpg,-0.13249999284744263
img_14406.jpg,-0.13459999859333038
img_14407.jpg,-0.13609999418258667
img_14408.jpg,-0.13670000433921814
img_14409.jpg,-0.14139999449253082
img_14410.jpg,-0.14820000529289246
img_14411.jpg,-0.15970000624656677
img_14412.jpg,-0.16910000145435333
img_14413.jpg,-0.1784999966621399
img_14414.jpg,-0.1843000054359436
img_14415.jpg,-0.1873999983072281
img_14416.jpg,-0.1859000027179718
img_14417.jpg,-0.1800999939441681
img_14418.jpg,-0.1800999939441681
img_14419.jpg,-0.16130000352859497
img_14420.jpg,-0.14920000731945038
img_14421.jpg,-0.1356000006198883
img_14422.jpg,-0.11779999732971191
img_14423.jpg,-0.11209999769926071
img_14424.jpg,-0.11410000175237656
img_14425.jpg,-0.12409999966621399
img_14426.jpg,-0.1340000033378601
img_14427.jpg,-0.1429000049829483
img_14428.jpg,-0.1476999968290329
img_14429.jpg,-0.14920000731945038
img_14430.jpg,-0.15289999544620514
img_14431.jpg,-0.15870000422000885
img_14432.jpg,-0.1623000055551529
img_14433.jpg,0.10109999775886536
img_14434.jpg,0.07020000368356705
img_14435.jpg,0.0560000017285347
img_14436.jpg,0.04450000077486038
img_14437.jpg,0.03720000013709068
img_14438.jpg,0.026200000196695328
img_14439.jpg,0.016200000420212746
img_14440.jpg,-0.012600000016391277
img_14441.jpg,-0.015699999406933784
img_14442.jpg,-0.023600000888109207
img_14443.jpg,-0.03189999982714653
img_14444.jpg,-0.04659999907016754
img_14445.jpg,-0.06440000236034393
img_14446.jpg,-0.0812000036239624
img_14447.jpg,-0.10419999808073044
img_14448.jpg,-0.1282999962568283
img_14449.jpg,-0.16019999980926514
img_14450.jpg,-0.19059999287128448
img_14451.jpg,-0.2214999943971634
img_14452.jpg,-0.24869999289512634
img_14453.jpg,-0.2833000123500824
img_14454.jpg,-0.30570000410079956
img_14455.jpg,-0.3142000138759613
img_14456.jpg,-0.3142000138759613
img_14457.jpg,-0.3142000138759613
img_14458.jpg,-0.3142000138759613
img_14459.jpg,-0.3142000138759613
img_14460.jpg,-0.3142000138759613
img_14461.jpg,-0.3142000138759613
img_14462.jpg,-0.3142000138759613
img_14463.jpg,-0.3142000138759613
img_14464.jpg,-0.3142000138759613
img_14465.jpg,-0.3142000138759613
img_14466.jpg,-0.3142000138759613
img_14467.jpg,-0.3142000138759613
img_14468.jpg,-0.2994999885559082
img_14469.jpg,-0.26910001039505005
img_14470.jpg,-0.2198999971151352
img_14471.jpg,-0.1873999983072281
img_14472.jpg,-0.1639000028371811
img_14473.jpg,-0.14970000088214874
img_14474.jpg,-0.14560000598430634
img_14475.jpg,-0.14820000529289246
img_14476.jpg,-0.1534000039100647
img_14477.jpg,-0.16019999980926514
img_14478.jpg,-0.17489999532699585
img_14479.jpg,-0.1915999948978424
img_14480.jpg,-0.21469999849796295
img_14481.jpg,-0.22750000655651093
img_14482.jpg,-0.2484000027179718
img_14483.jpg,-0.28200000524520874
img_14484.jpg,-0.3142000138759613
img_14485.jpg,-0.3142000138759613
img_14486.jpg,-0.3142000138759613
img_14487.jpg,-0.3142000138759613
img_14488.jpg,-0.3142000138759613
img_14489.jpg,-0.3142000138759613
img_14490.jpg,-0.3142000138759613
img_14491.jpg,-0.3142000138759613
img_14492.jpg,-0.3142000138759613
img_14493.jpg,-0.3142000138759613
img_14494.jpg,-0.29739999771118164
img_14495.jpg,-0.2533999979496002
img_14496.jpg,-0.28540000319480896
img_14497.jpg,-0.3142000138759613
img_14498.jpg,-0.3142000138759613
img_14499.jpg,-0.3142000138759613
img_14500.jpg,-0.3142000138759613
img_14501.jpg,-0.3142000138759613
img_14502.jpg,-0.3142000138759613
img_14503.jpg,-0.3142000138759613
img_14504.jpg,-0.3142000138759613
img_14505.jpg,-0.3052999973297119
img_14506.jpg,-0.2770000100135803
img_14507.jpg,-0.2554999887943268
img_14508.jpg,-0.23350000381469727
img_14509.jpg,-0.21729999780654907
img_14510.jpg,-0.2053000032901764
img_14511.jpg,-0.2053000032901764
img_14512.jpg,-0.2004999965429306
img_14513.jpg,-0.21649999916553497
img_14514.jpg,-0.24140000343322754
img_14515.jpg,-0.2669999897480011
img_14516.jpg,-0.3021000027656555
img_14517.jpg,-0.3052999973297119
img_14518.jpg,-0.3142000138759613
img_14519.jpg,-0.3142000138759613
img_14520.jpg,-0.29159998893737793
img_14521.jpg,-0.29159998893737793
img_14522.jpg,-0.2754000127315521
img_14523.jpg,-0.27230000495910645
img_14524.jpg,-0.26969999074935913
img_14525.jpg,-0.24979999661445618
img_14526.jpg,-0.218299999833107
img_14527.jpg,-0.18799999356269836
img_14528.jpg,-0.15240000188350677
img_14529.jpg,-0.12300000339746475
img_14530.jpg,-0.10580000281333923
img_14531.jpg,-0.10000000149011612
img_14532.jpg,-0.10000000149011612
img_14533.jpg,-0.09009999781847
img_14534.jpg,-0.07639999687671661
img_14535.jpg,-0.05649999901652336
img_14536.jpg,-0.03869999945163727
img_14537.jpg,-0.020899999886751175
img_14538.jpg,0.012600000016391277
img_14539.jpg,0.012000000104308128
img_14540.jpg,0.012000000104308128
img_14541.jpg,-0.014100000262260437
img_14542.jpg,-0.026900000870227814
img_14543.jpg,-0.09040000289678574
img_14544.jpg,-0.1639000028371811
img_14545.jpg,-0.19740000367164612
img_14546.jpg,-0.2687000036239624
img_14547.jpg,-0.3142000138759613
img_14548.jpg,-0.3142000138759613
img_14549.jpg,-0.3142000138759613
img_14550.jpg,-0.3021000027656555
img_14551.jpg,-0.289000004529953
img_14552.jpg,-0.2770000100135803
img_14553.jpg,-0.2538999915122986
img_14554.jpg,-0.21619999408721924
img_14555.jpg,-0.18060000240802765
img_14556.jpg,-0.14030000567436218
img_14557.jpg,-0.10109999775886536
img_14558.jpg,-0.07169999927282333
img_14559.jpg,-0.04610000178217888
img_14560.jpg,-0.02930000051856041
img_14561.jpg,-0.018799999728798866
img_14562.jpg,-0.032499998807907104
img_14563.jpg,-0.0357000008225441
img_14564.jpg,-0.09740000218153
img_14565.jpg,-0.12919999659061432
img_14566.jpg,-0.17010000348091125
img_14567.jpg,-0.22360000014305115
img_14568.jpg,-0.23770000040531158
img_14569.jpg,-0.27070000767707825
img_14570.jpg,-0.26600000262260437
img_14571.jpg,-0.24500000476837158
img_14572.jpg,-0.24500000476837158
img_14573.jpg,-0.18219999969005585
img_14574.jpg,-0.15029999613761902
img_14575.jpg,-0.11209999769926071
img_14576.jpg,-0.07800000160932541
img_14577.jpg,-0.04190000146627426
img_14578.jpg,0.0272000003606081
img_14579.jpg,0.0272000003606081
img_14580.jpg,0.035100001841783524
img_14581.jpg,0.035100001841783524
img_14582.jpg,0.03139999881386757
img_14583.jpg,0.02459999918937683
img_14584.jpg,0.015699999406933784
img_14585.jpg,0.007899999618530273
img_14586.jpg,0.007899999618530273
img_14587.jpg,-0.00989999994635582
img_14588.jpg,-0.013100000098347664
img_14589.jpg,-0.014700000174343586
img_14590.jpg,-0.015200000256299973
img_14591.jpg,-0.020899999886751175
img_14592.jpg,-0.03400000184774399
img_14593.jpg,-0.053199999034404755
img_14594.jpg,-0.07540000230073929
img_14595.jpg,-0.09269999712705612
img_14596.jpg,-0.1023000031709671
img_14597.jpg,-0.12150000035762787
img_14598.jpg,-0.12150000035762787
img_14599.jpg,-0.12250000238418579
img_14600.jpg,-0.10999999940395355
img_14601.jpg,-0.08900000154972076
img_14602.jpg,-0.06859999895095825
img_14603.jpg,-0.04500000178813934
img_14604.jpg,-0.026200000196695328
img_14605.jpg,-0.026200000196695328
img_14606.jpg,0.01679999940097332
img_14607.jpg,0.01940000057220459
img_14608.jpg,0.018799999728798866
img_14609.jpg,0.01679999940097332
img_14610.jpg,0.012600000016391277
img_14611.jpg,0.00839999970048666
img_14612.jpg,-0.005200000014156103
img_14613.jpg,-0.004699999932199717
img_14614.jpg,-0.006800000090152025
img_14615.jpg,-0.007300000172108412
img_14616.jpg,-0.00839999970048666
img_14617.jpg,0.006800000090152025
img_14618.jpg,0.019899999722838402
img_14619.jpg,0.035100001841783524
img_14620.jpg,0.0560000017285347
img_14621.jpg,0.07329999655485153
img_14622.jpg,0.09220000356435776
img_14623.jpg,0.09220000356435776
img_14624.jpg,0.12039999663829803
img_14625.jpg,0.11779999732971191
img_14626.jpg,0.1031000018119812
img_14627.jpg,0.07959999889135361
img_14628.jpg,0.057100001722574234
img_14629.jpg,0.03139999881386757
img_14630.jpg,-0.02410000003874302
img_14631.jpg,-0.025699999183416367
img_14632.jpg,-0.03139999881386757
img_14633.jpg,-0.032999999821186066
img_14634.jpg,-0.03139999881386757
img_14635.jpg,-0.028300000354647636
img_14636.jpg,-0.023000000044703484
img_14637.jpg,-0.018799999728798866
img_14638.jpg,-0.010999999940395355
img_14639.jpg,0.00989999994635582
img_14640.jpg,0.013100000098347664
img_14641.jpg,0.018300000578165054
img_14642.jpg,0.02199999988079071
img_14643.jpg,0.025100000202655792
img_14644.jpg,0.02669999934732914
img_14645.jpg,0.02669999934732914
img_14646.jpg,0.02669999934732914
img_14647.jpg,0.025699999183416367
img_14648.jpg,0.02459999918937683
img_14649.jpg,0.023000000044703484
img_14650.jpg,0.0215000007301569
img_14651.jpg,0.020400000736117363
img_14652.jpg,0.01940000057220459
img_14653.jpg,0.01679999940097332
img_14654.jpg,0.012600000016391277
img_14655.jpg,0.00839999970048666
img_14656.jpg,-0.004699999932199717
img_14657.jpg,-0.004699999932199717
img_14658.jpg,-0.006300000008195639
img_14659.jpg,-0.006800000090152025
img_14660.jpg,-0.007300000172108412
img_14661.jpg,-0.006800000090152025
img_14662.jpg,-0.006800000090152025
img_14663.jpg,-0.006300000008195639
img_14664.jpg,-0.005799999926239252
img_14665.jpg,-0.005200000014156103
img_14666.jpg,-0.004699999932199717
img_14667.jpg,-0.00419999985024333
img_14668.jpg,-0.003700000001117587
img_14669.jpg,-0.003100000089034438
img_14670.jpg,-0.003100000089034438
img_14671.jpg,-0.003100000089034438
img_14672.jpg,-0.003100000089034438
img_14673.jpg,-0.003100000089034438
img_14674.jpg,-0.003100000089034438
img_14675.jpg,-0.003100000089034438
img_14676.jpg,-0.003100000089034438
img_14677.jpg,-0.003100000089034438
img_14678.jpg,-0.003100000089034438
img_14679.jpg,-0.003100000089034438
img_14680.jpg,-0.003100000089034438
img_14681.jpg,-0.003100000089034438
img_14682.jpg,-0.003700000001117587
img_14683.jpg,-0.003700000001117587
img_14684.jpg,-0.003700000001117587
img_14685.jpg,-0.003700000001117587
img_14686.jpg,-0.003100000089034438
img_14687.jpg,-0.003100000089034438
img_14688.jpg,-0.003100000089034438
img_14689.jpg,-0.003100000089034438
img_14690.jpg,-0.003100000089034438
img_14691.jpg,-0.003100000089034438
img_14692.jpg,-0.003100000089034438
img_14693.jpg,-0.003100000089034438
img_14694.jpg,-0.003100000089034438
img_14695.jpg,-0.003100000089034438
img_14696.jpg,-0.003100000089034438
img_14697.jpg,-0.004699999932199717
img_14698.jpg,-0.012600000016391277
img_14699.jpg,-0.0215000007301569
img_14700.jpg,-0.032499998807907104
img_14701.jpg,-0.0414000004529953
img_14702.jpg,-0.0502999983727932
img_14703.jpg,-0.05649999901652336
img_14704.jpg,-0.06069999933242798
img_14705.jpg,-0.06859999895095825
img_14706.jpg,-0.08429999649524689
img_14707.jpg,-0.0989999994635582
img_14708.jpg,-0.10999999940395355
img_14709.jpg,-0.11569999903440475
img_14710.jpg,-0.10840000212192535
img_14711.jpg,-0.09480000287294388
img_14712.jpg,-0.07750000059604645
img_14713.jpg,-0.07750000059604645
img_14714.jpg,-0.03350000083446503
img_14715.jpg,0.018300000578165054
img_14716.jpg,0.020400000736117363
img_14717.jpg,0.030899999663233757
img_14718.jpg,0.04690000042319298
img_14719.jpg,0.0737999975681305
img_14720.jpg,0.09369999915361404
img_14721.jpg,0.11209999769926071
img_14722.jpg,0.11259999871253967
img_14723.jpg,0.1046999990940094
img_14724.jpg,0.0869000032544136
img_14725.jpg,0.06809999793767929
img_14726.jpg,0.04500000178813934
img_14727.jpg,0.04500000178813934
img_14728.jpg,-0.018799999728798866
img_14729.jpg,-0.019899999722838402
img_14730.jpg,-0.02410000003874302
img_14731.jpg,-0.025699999183416367
img_14732.jpg,-0.02410000003874302
img_14733.jpg,-0.020400000736117363
img_14734.jpg,-0.01679999940097332
img_14735.jpg,-0.01679999940097332
img_14736.jpg,-0.012600000016391277
img_14737.jpg,-0.015699999406933784
img_14738.jpg,-0.01940000057220459
img_14739.jpg,-0.02459999918937683
img_14740.jpg,-0.02930000051856041
img_14741.jpg,-0.02930000051856041
img_14742.jpg,-0.03720000013709068
img_14743.jpg,-0.039799999445676804
img_14744.jpg,-0.0414000004529953
img_14745.jpg,-0.04190000146627426
img_14746.jpg,-0.5235999822616577
img_14747.jpg,-0.5235999822616577
img_14748.jpg,-0.5235999822616577
img_14749.jpg,-0.5235999822616577
img_14750.jpg,-0.5235999822616577
img_14751.jpg,-0.5235999822616577
img_14752.jpg,-0.5235999822616577
img_14753.jpg,-0.5235999822616577
img_14754.jpg,-0.5235999822616577
img_14755.jpg,-0.5235999822616577
img_14756.jpg,-0.5235999822616577
img_14757.jpg,-0.5235999822616577
img_14758.jpg,-0.5235999822616577
img_14759.jpg,-0.5235999822616577
img_14760.jpg,-0.5235999822616577
img_14761.jpg,-0.5235999822616577
img_14762.jpg,-0.5235999822616577
img_14763.jpg,-0.5235999822616577
img_14764.jpg,-0.5235999822616577
img_14765.jpg,-0.5235999822616577
img_14766.jpg,-0.5235999822616577
img_14767.jpg,-0.5235999822616577
img_14768.jpg,-0.5235999822616577
img_14769.jpg,-0.5235999822616577
img_14770.jpg,-0.5235999822616577
img_14771.jpg,-0.5235999822616577
img_14772.jpg,-0.5235999822616577
img_14773.jpg,-0.5235999822616577
img_14774.jpg,-0.5235999822616577
img_14775.jpg,-0.5235999822616577
img_14776.jpg,-0.5235999822616577
img_14777.jpg,-0.5235999822616577
img_14778.jpg,-0.5235999822616577
img_14779.jpg,-0.5235999822616577
img_14780.jpg,-0.5235999822616577
img_14781.jpg,-0.5235999822616577
img_14782.jpg,-0.5235999822616577
img_14783.jpg,-0.5235999822616577
img_14784.jpg,-0.5235999822616577
img_14785.jpg,-0.5235999822616577
img_14786.jpg,-0.5235999822616577
img_14787.jpg,-0.5235999822616577
img_14788.jpg,-0.5235999822616577
img_14789.jpg,-0.5235999822616577
img_14790.jpg,-0.5235999822616577
img_14791.jpg,-0.5235999822616577
img_14792.jpg,-0.5235999822616577
img_14793.jpg,-0.5235999822616577
img_14794.jpg,-0.5235999822616577
img_14795.jpg,-0.5235999822616577
img_14796.jpg,-0.5235999822616577
img_14797.jpg,-0.5235999822616577
img_14798.jpg,-0.5235999822616577
img_14799.jpg,-0.5235999822616577
img_14800.jpg,-0.5235999822616577
img_14801.jpg,-0.5235999822616577
img_14802.jpg,-0.5235999822616577
img_14803.jpg,-0.5235999822616577
img_14804.jpg,-0.5235999822616577
img_14805.jpg,-0.5235999822616577
img_14806.jpg,-0.5235999822616577
img_14807.jpg,-0.5235999822616577
img_14808.jpg,-0.5235999822616577
img_14809.jpg,-0.5235999822616577
img_14810.jpg,-0.5235999822616577
img_14811.jpg,-0.5235999822616577
img_14812.jpg,-0.5235999822616577
img_14813.jpg,-0.5235999822616577
img_14814.jpg,-0.5235999822616577
img_14815.jpg,-0.5235999822616577
img_14816.jpg,-0.5235999822616577
img_14817.jpg,-0.5235999822616577
img_14818.jpg,-0.5235999822616577
img_14819.jpg,-0.5235999822616577
img_14820.jpg,-0.5235999822616577
img_14821.jpg,-0.5235999822616577
img_14822.jpg,-0.5235999822616577
img_14823.jpg,-0.5235999822616577
img_14824.jpg,-0.5235999822616577
img_14825.jpg,-0.5235999822616577
img_14826.jpg,-0.5235999822616577
img_14827.jpg,0.0
img_14828.jpg,0.0
img_14829.jpg,0.0
img_14830.jpg,-0.5235999822616577
img_14831.jpg,-0.5235999822616577
img_14832.jpg,-0.5235999822616577
img_14833.jpg,-0.5235999822616577
img_14834.jpg,-0.5235999822616577
img_14835.jpg,-0.5235999822616577
img_14836.jpg,-0.5235999822616577
img_14837.jpg,-0.5235999822616577
img_14838.jpg,-0.5235999822616577
img_14839.jpg,-0.5235999822616577
img_14840.jpg,-0.5235999822616577
img_14841.jpg,-0.5235999822616577
img_14842.jpg,-0.5235999822616577
img_14843.jpg,-0.5235999822616577
img_14844.jpg,-0.5235999822616577
img_14845.jpg,-0.5235999822616577
img_14846.jpg,-0.5235999822616577
img_14847.jpg,-0.5235999822616577
img_14848.jpg,-0.5235999822616577
img_14849.jpg,-0.5235999822616577
img_14850.jpg,-0.5235999822616577
img_14851.jpg,-0.5235999822616577
img_14852.jpg,-0.5235999822616577
img_14853.jpg,-0.5235999822616577
img_14854.jpg,-0.5235999822616577
img_14855.jpg,-0.5235999822616577
img_14856.jpg,-0.5235999822616577
img_14857.jpg,-0.5235999822616577
img_14858.jpg,-0.5235999822616577
img_14859.jpg,-0.5235999822616577
img_14860.jpg,-0.5235999822616577
img_14861.jpg,-0.5235999822616577
img_14862.jpg,-0.5235999822616577
img_14863.jpg,0.0
img_14864.jpg,0.0
img_14865.jpg,0.0
img_14866.jpg,-0.5235999822616577
img_14867.jpg,-0.5235999822616577
img_14868.jpg,-0.5235999822616577
img_14869.jpg,-0.5235999822616577
img_14870.jpg,-0.5235999822616577
img_14871.jpg,-0.5235999822616577
img_14872.jpg,-0.5235999822616577
img_14873.jpg,-0.5235999822616577
img_14874.jpg,-0.5235999822616577
img_14875.jpg,-0.5235999822616577
img_14876.jpg,-0.5235999822616577
img_14877.jpg,-0.5235999822616577
img_14878.jpg,-0.5235999822616577
img_14879.jpg,-0.5235999822616577
img_14880.jpg,-0.5235999822616577
img_14881.jpg,-0.5235999822616577
img_14882.jpg,-0.5235999822616577
img_14883.jpg,-0.5235999822616577
img_14884.jpg,-0.5235999822616577
img_14885.jpg,-0.5235999822616577
img_14886.jpg,-0.5235999822616577
img_14887.jpg,-0.5235999822616577
img_14888.jpg,-0.5235999822616577
img_14889.jpg,-0.5235999822616577
img_14890.jpg,-0.5235999822616577
img_14891.jpg,0.0
img_14892.jpg,0.0
img_14893.jpg,0.0
img_14894.jpg,-0.5235999822616577
img_14895.jpg,-0.5235999822616577
img_14896.jpg,-0.5235999822616577
img_14897.jpg,-0.5235999822616577
img_14898.jpg,-0.5235999822616577
img_14899.jpg,-0.5235999822616577
img_14900.jpg,-0.5235999822616577
img_14901.jpg,-0.5235999822616577
img_14902.jpg,-0.5235999822616577
img_14903.jpg,-0.5235999822616577
img_14904.jpg,-0.5235999822616577
img_14905.jpg,-0.5235999822616577
img_14906.jpg,-0.5235999822616577
img_14907.jpg,-0.5235999822616577
img_14908.jpg,-0.5235999822616577
img_14909.jpg,-0.5235999822616577
img_14910.jpg,-0.5235999822616577
img_14911.jpg,-0.5235999822616577
img_14912.jpg,-0.5235999822616577
img_14913.jpg,-0.5235999822616577
img_14914.jpg,-0.5235999822616577
img_14915.jpg,-0.5235999822616577
img_14916.jpg,-0.5235999822616577
img_14917.jpg,-0.5235999822616577
img_14918.jpg,-0.5235999822616577
img_14919.jpg,-0.5235999822616577
img_14920.jpg,-0.5235999822616577
img_14921.jpg,-0.5235999822616577
img_14922.jpg,-0.5235999822616577
img_14923.jpg,-0.5235999822616577
img_14924.jpg,-0.5235999822616577
img_14925.jpg,-0.5235999822616577
img_14926.jpg,0.0
img_14927.jpg,0.0
img_14928.jpg,0.0
img_14929.jpg,-0.5235999822616577
img_14930.jpg,-0.5235999822616577
img_14931.jpg,-0.5235999822616577
img_14932.jpg,-0.5235999822616577
img_14933.jpg,-0.5235999822616577
img_14934.jpg,-0.5235999822616577
img_14935.jpg,-0.5235999822616577
img_14936.jpg,-0.5235999822616577
img_14937.jpg,-0.5235999822616577
img_14938.jpg,-0.5235999822616577
img_14939.jpg,-0.5235999822616577
img_14940.jpg,-0.5235999822616577
img_14941.jpg,-0.5235999822616577
img_14942.jpg,-0.5235999822616577
img_14943.jpg,-0.5235999822616577
img_14944.jpg,-0.5235999822616577
img_14945.jpg,-0.5235999822616577
img_14946.jpg,-0.5235999822616577
img_14947.jpg,-0.5235999822616577
img_14948.jpg,-0.5235999822616577
img_14949.jpg,-0.5235999822616577
img_14950.jpg,-0.5235999822616577
img_14951.jpg,0.0
img_14952.jpg,0.0
img_14953.jpg,0.0
img_14954.jpg,0.0
img_14955.jpg,0.0
img_14956.jpg,0.0
img_14957.jpg,0.0
img_14958.jpg,0.0
img_14959.jpg,0.0
img_14960.jpg,0.0
img_14961.jpg,0.5235999822616577
img_14962.jpg,0.5235999822616577
img_14963.jpg,0.5235999822616577
img_14964.jpg,0.5235999822616577
img_14965.jpg,0.5235999822616577
img_14966.jpg,0.5235999822616577
img_14967.jpg,0.5235999822616577
img_14968.jpg,0.5235999822616577
img_14969.jpg,0.5235999822616577
img_14970.jpg,0.5235999822616577
img_14971.jpg,0.5235999822616577
img_14972.jpg,0.5235999822616577
img_14973.jpg,0.5235999822616577
img_14974.jpg,0.5235999822616577
img_14975.jpg,0.5235999822616577
img_14976.jpg,0.5235999822616577
img_14977.jpg,0.5235999822616577
img_14978.jpg,0.5235999822616577
img_14979.jpg,0.5235999822616577
img_14980.jpg,0.5235999822616577
img_14981.jpg,0.5235999822616577
img_14982.jpg,0.5235999822616577
img_14983.jpg,0.5235999822616577
img_14984.jpg,0.5235999822616577
img_14985.jpg,0.5235999822616577
img_14986.jpg,0.5235999822616577
img_14987.jpg,0.5235999822616577
img_14988.jpg,0.5235999822616577
img_14989.jpg,0.5235999822616577
img_14990.jpg,0.5235999822616577
img_14991.jpg,0.5235999822616577
img_14992.jpg,0.5235999822616577
img_14993.jpg,0.5235999822616577
img_14994.jpg,0.5235999822616577
img_14995.jpg,0.5235999822616577
img_14996.jpg,0.5235999822616577
img_14997.jpg,0.5235999822616577
img_14998.jpg,0.5235999822616577
img_14999.jpg,0.5235999822616577
img_15000.jpg,0.5235999822616577
img_15001.jpg,0.5235999822616577
img_15002.jpg,0.5235999822616577
img_15003.jpg,0.5235999822616577
img_15004.jpg,0.5235999822616577
img_15005.jpg,0.5235999822616577
img_15006.jpg,0.5235999822616577
img_15007.jpg,0.5235999822616577
img_15008.jpg,0.5235999822616577
img_15009.jpg,0.5235999822616577
img_15010.jpg,0.5235999822616577
img_15011.jpg,0.5235999822616577
img_15012.jpg,0.5235999822616577
img_15013.jpg,0.5235999822616577
img_15014.jpg,0.5235999822616577
img_15015.jpg,0.5235999822616577
img_15016.jpg,0.5235999822616577
img_15017.jpg,0.5235999822616577
img_15018.jpg,0.5235999822616577
img_15019.jpg,0.5235999822616577
img_15020.jpg,0.0
img_15021.jpg,0.0
img_15022.jpg,0.0
img_15023.jpg,0.5235999822616577
img_15024.jpg,0.5235999822616577
img_15025.jpg,0.5235999822616577
img_15026.jpg,0.5235999822616577
img_15027.jpg,0.5235999822616577
img_15028.jpg,0.5235999822616577
img_15029.jpg,0.5235999822616577
img_15030.jpg,0.5235999822616577
img_15031.jpg,0.5235999822616577
img_15032.jpg,0.5235999822616577
img_15033.jpg,0.5235999822616577
img_15034.jpg,0.5235999822616577
img_15035.jpg,0.5235999822616577
img_15036.jpg,0.5235999822616577
img_15037.jpg,0.5235999822616577
img_15038.jpg,0.5235999822616577
img_15039.jpg,0.5235999822616577
img_15040.jpg,0.5235999822616577
img_15041.jpg,0.5235999822616577
img_15042.jpg,0.5235999822616577
img_15043.jpg,0.5235999822616577
img_15044.jpg,0.5235999822616577
img_15045.jpg,0.5235999822616577
img_15046.jpg,0.5235999822616577
img_15047.jpg,0.5235999822616577
img_15048.jpg,0.5235999822616577
img_15049.jpg,0.0
img_15050.jpg,0.0
img_15051.jpg,0.0
img_15052.jpg,0.5235999822616577
img_15053.jpg,0.5235999822616577
img_15054.jpg,0.5235999822616577
img_15055.jpg,0.5235999822616577
img_15056.jpg,0.5235999822616577
img_15057.jpg,0.5235999822616577
img_15058.jpg,0.5235999822616577
img_15059.jpg,0.5235999822616577
img_15060.jpg,0.5235999822616577
img_15061.jpg,0.5235999822616577
img_15062.jpg,0.5235999822616577
img_15063.jpg,0.5235999822616577
img_15064.jpg,0.5235999822616577
img_15065.jpg,0.5235999822616577
img_15066.jpg,0.5235999822616577
img_15067.jpg,0.5235999822616577
img_15068.jpg,0.5235999822616577
img_15069.jpg,0.5235999822616577
img_15070.jpg,0.5235999822616577
img_15071.jpg,0.5235999822616577
img_15072.jpg,0.5235999822616577
img_15073.jpg,0.5235999822616577
img_15074.jpg,0.5235999822616577
img_15075.jpg,0.5235999822616577
img_15076.jpg,0.5235999822616577
img_15077.jpg,0.5235999822616577
img_15078.jpg,0.5235999822616577
img_15079.jpg,0.5235999822616577
img_15080.jpg,0.5235999822616577
img_15081.jpg,0.5235999822616577
img_15082.jpg,0.5235999822616577
img_15083.jpg,0.5235999822616577
img_15084.jpg,0.5235999822616577
img_15085.jpg,0.5235999822616577
img_15086.jpg,0.5235999822616577
img_15087.jpg,0.5235999822616577
img_15088.jpg,0.5235999822616577
img_15089.jpg,0.5235999822616577
img_15090.jpg,0.5235999822616577
img_15091.jpg,0.5235999822616577
img_15092.jpg,0.5235999822616577
img_15093.jpg,0.5235999822616577
img_15094.jpg,0.5235999822616577
img_15095.jpg,0.5235999822616577
img_15096.jpg,0.0
img_15097.jpg,0.0
img_15098.jpg,0.0
img_15099.jpg,0.5235999822616577
img_15100.jpg,0.5235999822616577
img_15101.jpg,0.5235999822616577
img_15102.jpg,0.5235999822616577
img_15103.jpg,0.5235999822616577
img_15104.jpg,0.5235999822616577
img_15105.jpg,0.5235999822616577
img_15106.jpg,0.5235999822616577
img_15107.jpg,0.5235999822616577
img_15108.jpg,0.5235999822616577
img_15109.jpg,0.5235999822616577
img_15110.jpg,0.5235999822616577
img_15111.jpg,0.5235999822616577
img_15112.jpg,0.5235999822616577
img_15113.jpg,0.5235999822616577
img_15114.jpg,0.5235999822616577
img_15115.jpg,0.5235999822616577
img_15116.jpg,0.5235999822616577
img_15117.jpg,0.5235999822616577
img_15118.jpg,0.5235999822616577
img_15119.jpg,0.5235999822616577
img_15120.jpg,0.5235999822616577
img_15121.jpg,0.5235999822616577
img_15122.jpg,0.5235999822616577
img_15123.jpg,0.5235999822616577
img_15124.jpg,0.5235999822616577
img_15125.jpg,0.5235999822616577
img_15126.jpg,0.0
img_15127.jpg,0.0
img_15128.jpg,0.0
img_15129.jpg,0.0
img_15130.jpg,0.5235999822616577
img_15131.jpg,0.5235999822616577
img_15132.jpg,0.5235999822616577
img_15133.jpg,0.5235999822616577
img_15134.jpg,0.5235999822616577
img_15135.jpg,0.5235999822616577
img_15136.jpg,0.5235999822616577
img_15137.jpg,0.5235999822616577
img_15138.jpg,0.5235999822616577
img_15139.jpg,0.5235999822616577
img_15140.jpg,0.5235999822616577
img_15141.jpg,0.5235999822616577
img_15142.jpg,0.5235999822616577
img_15143.jpg,0.5235999822616577
img_15144.jpg,0.5235999822616577
img_15145.jpg,0.5235999822616577
img_15146.jpg,0.5235999822616577
img_15147.jpg,0.5235999822616577
img_15148.jpg,0.5235999822616577
img_15149.jpg,0.5235999822616577
img_15150.jpg,0.5235999822616577
img_15151.jpg,0.5235999822616577
img_15152.jpg,0.5235999822616577
img_15153.jpg,0.5235999822616577
img_15154.jpg,0.5235999822616577
img_15155.jpg,0.5235999822616577
img_15156.jpg,0.5235999822616577
img_15157.jpg,0.5235999822616577
img_15158.jpg,0.5235999822616577
img_15159.jpg,0.5235999822616577
img_15160.jpg,0.0
img_15161.jpg,0.0
img_15162.jpg,0.0
img_15163.jpg,0.5235999822616577
img_15164.jpg,0.5235999822616577
img_15165.jpg,0.5235999822616577
img_15166.jpg,0.5235999822616577
img_15167.jpg,0.5235999822616577
img_15168.jpg,0.5235999822616577
img_15169.jpg,0.5235999822616577
img_15170.jpg,0.5235999822616577
img_15171.jpg,0.5235999822616577
img_15172.jpg,0.5235999822616577
img_15173.jpg,0.5235999822616577
img_15174.jpg,0.0
img_15175.jpg,0.0
img_15176.jpg,0.0
img_15177.jpg,0.0
img_15178.jpg,0.0
img_15179.jpg,0.0
img_15180.jpg,0.0
